1.0,0.5,0.0005685916319058126,0.0003724691362196886,0.0002609868241429947,0.00047242734584540536,0.00030662553026938877,0.00020889049625794076
0.0,0.75,0.30501606741009324,0.2208664193430896,0.16681139523298305,0.29991712515177393,0.21634821325198839,0.1623663637205417
0.75,0.75,0.0829450757225847,0.06620632359668122,0.05402140749952178,0.08106893457411357,0.0648270681752311,0.053038651355618804
0.0,1.0,0.7219349589147234,0.627993863451004,0.5048877288916338,0.7214432715329484,0.6273281042204402,0.5038038089534798
0.75,0.5,4.140739712310548e-05,3.250973631963028e-05,2.5293354611766183e-05,4.400684728933513e-05,3.495852760271312e-05,2.7714915540211216e-05
0.75,0.25,0.08452434726006597,0.06860973743999077,0.06298682660907984,0.07888235397928844,0.06389853480512142,0.05823223892384377
0.0,0.0,0.08681205179486295,0.05981499832354331,0.04661149757275762,0.0884284235005589,0.0609386066900337,0.047594378442710195
0.0,0.25,0.06326961933912278,0.053883185079649065,0.049800209758651515,0.07651632389339014,0.06602122964634294,0.06154044782833257
0.5,0.5,0.03332109712535014,0.022987541869883832,0.02003737940425898,0.029156366267308886,0.020218774297119713,0.01770309416572613
0.25,0.25,0.6183534090154497,0.5203424682222779,0.42084946740531837,0.615424254190814,0.5112421922376236,0.4050444586732226
0.25,0.0,0.001824761421815202,0.0013616992006445505,0.001150182319384685,0.0017234808878634489,0.0012817437675496368,0.0010753824757691044
0.5,0.75,0.29014585328477294,0.26623565269017124,0.24139935290753223,0.3214481875649391,0.2918821603222179,0.2642279565580037
0.75,0.0,0.10191357633235776,0.08994461339066095,0.07786945541500123,0.10097751071724348,0.08932772740222583,0.07722562399112187
1.0,0.25,0.0015844836237615123,0.0009008710918738672,0.0005835326701506549,0.0016878840024611153,0.0009622725354131445,0.0006234931259503362
1.0,1.0,0.3885467878707126,0.3059608555075596,0.24290200654250715,0.38523329289934993,0.30304072108148494,0.23988941978904676
0.5,1.0,0.035515715803076,0.030335918849045296,0.029876114917263275,0.03991731112419217,0.0340788029431951,0.033180176429709496
0.0,0.5,0.5363335812743363,0.4171139390506614,0.33769019756955665,0.5354241520496298,0.416092621400063,0.3366870099297573
1.0,0.75,0.006991981909874823,0.005063242826312875,0.0045793032673424605,0.007322926419044307,0.005282884793908926,0.004740718552905587
1.0,0.5,0.0010941741578474051,0.0008525544760218384,0.0007473289700523633,0.0011395572925705366,0.0008846562867517171,0.0007782423907219949
0.25,0.75,0.031041876884640662,0.0236363051439914,0.01966712740100718,0.028966952192754025,0.022100632959460187,0.01835458429100778
0.25,1.0,0.3362182625499349,0.24218091749443382,0.1772943750436543,0.33565379715377597,0.24154889187264983,0.17661293646205478
0.25,0.5,0.4740344140820745,0.40538927425493765,0.3472028256589146,0.44718394022848884,0.3799040398148815,0.32176350367452633
0.75,0.75,0.0001655639875139947,0.00013455438308884737,0.000108679770372766,0.0001727734634836553,0.00014076811738861217,0.00011338978984642978
0.0,0.25,0.14700114993438707,0.12069017792988923,0.10392659492444889,0.15261827152392593,0.12459596946069063,0.10680431249033151
1.0,0.0,0.04431690736430227,0.03956186520442739,0.03765122200284332,0.05575794745508589,0.05007440774684002,0.04790750466190952
0.75,1.0,0.0016162132912561633,0.0010096043742902072,0.0006329068178533293,0.0015689613324583185,0.0009806933732263712,0.0006128373000008347
0.75,0.5,0.08257607012437329,0.057212232100057436,0.04648085763364129,0.08135065376649542,0.05626624027195193,0.045579404034406745
0.75,0.25,0.030492443900483446,0.02286447968535621,0.018289362503352558,0.03390407291017916,0.02546745713926557,0.020529593802247614
0.0,0.0,0.3776871801832504,0.25609027778470295,0.171806877245406,0.37581336936965504,0.2536905764702363,0.16886884951993408
0.0,1.0,0.29333541724482914,0.21260207566486544,0.15564387151218506,0.29380623792910976,0.2127596909962557,0.15623845738673747
0.0,0.75,0.6796170881759265,0.5705503293855706,0.4886910895874754,0.6845524065758495,0.5748236255496557,0.4925723229485358
0.25,0.0,0.1777179727009962,0.1235329033979341,0.07426718332520754,0.1926174722427303,0.133137398642714,0.0806198602455852
0.25,0.25,0.14325945391824535,0.10538719368615579,0.08326544459656993,0.15714576278633974,0.1167539036439772,0.09372656565454884
0.5,0.75,0.01699043161635294,0.011774909165610525,0.008014989960622998,0.0179258739783974,0.012524111635161317,0.0086462844805556
0.75,0.0,0.10795170326430048,0.09441381590073017,0.08802298755239168,0.10919136046401534,0.09555370333785262,0.08908423392358966
0.5,0.5,0.030051190869668898,0.020734667712562938,0.016083701297674224,0.03335987864994827,0.023431694677279014,0.018331821119236702
1.0,1.0,0.12021598366759367,0.07649778661200568,0.05170666157903425,0.11728534476385466,0.07442681579219079,0.05017947786948995
1.0,0.25,0.0047543180003257746,0.0035069190072284373,0.002163515396751192,0.0046716706159704025,0.003435511143494052,0.002109714928485884
0.5,1.0,0.3736318228923634,0.27386512981888167,0.1907567968792232,0.39145046929840666,0.28786391110962173,0.20102978815257688
1.0,0.5,0.002358385008145003,0.0022783225230919024,0.0017381425267661843,0.0024093126169069112,0.0023270419986669566,0.001783626656248427
0.5,0.0,0.1355126117587735,0.10039685545318733,0.0643712078235148,0.16731578590636242,0.12571400594621895,0.0826511036087978
0.0,0.5,0.3081866471403304,0.2688323128421125,0.2338423942898582,0.2923758971454883,0.2548659194326388,0.22158550016697542
0.0,0.25,0.7185941087473859,0.5935577257295898,0.48604139390236767,0.7255805428123621,0.6005299884830028,0.492149042852253
1.0,0.75,8.272581787238664e-05,6.135928795503176e-05,3.994302875121036e-05,8.05520630915435e-05,5.966213277242005e-05,3.849879918871313e-05
0.5,0.25,0.033136809261013145,0.025084403194521543,0.023718249199472963,0.0324579461584219,0.02461420220349575,0.023309295947159137
0.75,0.75,0.023164701033853152,0.018312396035369938,0.015227125162178501,0.01968128739514552,0.015198151226929468,0.012441042924630219
0.0,0.0,0.5071764763082729,0.39049308819203976,0.3374124273371939,0.5418590286991314,0.42346409835925736,0.3715747943086183
0.75,0.5,0.0015633932317682397,0.001209532455899831,0.0010700429111560883,0.0012460589281206857,0.0009681262332427165,0.000853938770441709
0.75,1.0,0.00568387088883382,0.004504272927970843,0.003996086480573258,0.005393722165134007,0.004276535308793572,0.0037928670864597613
1.0,0.0,0.003692437707444207,0.002860865805599744,0.0026166711649278085,0.0031747956515597586,0.0024984445244894404,0.002309259451263479
0.75,0.25,0.05634959670019324,0.04471607022446955,0.030945131236600254,0.040477392240737764,0.03224814418925892,0.02174351265960217
0.0,0.75,0.7716023394713546,0.6913638997850621,0.5917125747584471,0.7460074478521772,0.6730127540558575,0.5789411181490614
0.0,1.0,0.8177192517168466,0.6993466173132703,0.6148997863689375,0.7778912396920237,0.6616075634199394,0.5833000495489852
1.0,0.5,0.0006617854110131383,0.0004628797486059266,0.00033136784387410856,0.0005950039195552481,0.0004161493043403075,0.00029432381061778035
0.25,0.0,0.19503166066320565,0.1603010267305428,0.1469234314123744,0.19492135761410523,0.15880309978324558,0.14427808171974277
0.25,0.75,0.4914911696398604,0.41427130435728576,0.32602116341664167,0.48607511927170166,0.40918203523682817,0.32116991699558217
0.75,0.0,0.019142231640273066,0.015712498029684885,0.010937053695283083,0.024764353361550473,0.02006819871290455,0.013698044574909973
0.5,0.75,0.04431691018790784,0.048255755184847815,0.0528599366875524,0.044803292915781556,0.04845010934946592,0.05284343519788526
0.25,0.25,0.7128157748216409,0.5958746141118277,0.49497507994823164,0.7256416546025646,0.6133422063103788,0.5178778941888023
0.25,1.0,0.07281118718352875,0.055529843763761466,0.044556901533793325,0.07530842221446576,0.057325462604184585,0.04599359061798158
0.0,0.25,0.19080164319509862,0.16134870516637934,0.1252752333394952,0.17859496666105934,0.15058922845274725,0.11594873786998428
1.0,0.25,0.0030155936528011296,0.0030365177768731932,0.002762284273101434,0.0058749625440311926,0.005831440757271822,0.005443345937619304
0.5,0.5,0.00394422907654457,0.0035283744341787493,0.0025728584837886315,0.004020618478447924,0.0036056244078123134,0.002639812690295451
0.5,1.0,0.018756357288809977,0.014985256533729951,0.013412174029684532,0.0176611679670311,0.014244614727604299,0.01285284578505519
0.75,0.75,0.0007216296745908846,0.0006219494988524144,0.0006442784156923675,0.0005274719502630365,0.0004495129362742656,0.0004569508725756899
1.0,1.0,0.0011384802056919607,0.0010078318745788684,0.0010857478667253284,0.0012766015306311385,0.0011283640607767653,0.0012128779583705507
0.75,1.0,0.09985603456145709,0.09266489414295032,0.06584917657504064,0.09464239487983206,0.088379104389251,0.06247757968287748
1.0,0.0,0.00999320243693691,0.007781202939297183,0.006272041571507181,0.009104370963496367,0.007065213925246061,0.00569337804665615
0.0,0.0,0.9502281273494627,0.9097595118589589,0.8697830386523466,0.9530538166535937,0.9135763775961526,0.8738681517819742
0.0,0.5,0.47366511276253664,0.3825475721545788,0.289401726362008,0.484663653096868,0.3926240142003844,0.29867590678325984
0.75,0.5,0.015805728907887007,0.012532995316345774,0.00981985634898841,0.015039479058487792,0.011933747991856092,0.009341259934380952
0.75,0.25,0.1530573493198416,0.1147410672197855,0.09464806293355166,0.15363714572223974,0.11531029935182924,0.09536067666143544
0.25,0.5,0.17505785999780588,0.1265971681691972,0.09326172138095701,0.252897895109773,0.18206973539035176,0.13565420283880847
0.0,1.0,0.19426353904567684,0.13100739044892906,0.09583571191856122,0.19185524316196312,0.12919954116261567,0.09433895980340545
1.0,0.75,3.719425559767231e-07,1.358178156607437e-07,1.399529361290064e-07,4.850008066270561e-07,1.8190397577111383e-07,1.877301805119913e-07
1.0,0.5,0.0017283908852501195,0.0013330536010418559,0.0010120588948525633,0.0019308963476384333,0.001480841614082129,0.0011178088912841
0.0,0.75,0.7085858887397243,0.6344122837129502,0.5627003322557224,0.7009650037236802,0.6261682875196576,0.5534877738997888
0.25,0.0,0.18375903462578702,0.13487502749763502,0.12697787893541201,0.1801096678800964,0.13199127143971756,0.12341410036378186
0.5,0.75,0.4794953382554984,0.39614078202915826,0.3528690999617964,0.4631872724528765,0.38214939707568174,0.34005100838078484
0.75,0.0,0.0013068594441806303,0.0010254444530239937,0.0008845245794998347,0.0013552253859854257,0.0010652678208518118,0.0009202361392252056
0.0,0.25,0.1690449488300202,0.12042339851908057,0.08009759697097718,0.16344799778319596,0.11571857235364669,0.07595221555728748
1.0,0.25,0.3930595729601397,0.27749480180843866,0.21183008502699774,0.3900664553720977,0.2746662006065257,0.20949546688572984
0.25,0.25,0.028327433035844285,0.018473559736572165,0.009275278518698915,0.0245826961016391,0.0160085520224047,0.007810051315643607
0.75,1.0,0.08638182419332407,0.05389818167691396,0.037345909961945756,0.08574534121185562,0.05339481690392822,0.03684976385340699
0.75,0.75,1.848188060449285e-05,1.3355012219884443e-05,9.985614078389382e-06,1.8514977225381202e-05,1.3359673274315753e-05,9.965523845911761e-06
0.0,0.0,0.3831452298052578,0.2820988201631195,0.19899648078858445,0.34876815876160483,0.25935693774112645,0.18488961973571294
0.5,0.5,0.0001489825051379512,0.00015926178470326846,0.00016434594118475143,0.0001440550281412989,0.0001542507112914926,0.00015873754309048138
1.0,0.0,0.011696794822783962,0.008199190573629389,0.005013629773622519,0.011548002119330047,0.008107843223089217,0.004949271644870912
0.75,0.5,0.0033333663826474735,0.002161260689876432,0.0013224907409481457,0.003243539880269486,0.0020970767349954844,0.0012744892857916579
0.75,0.25,0.057540324181147184,0.04887465757335818,0.04544047226364434,0.05602896712373773,0.04752938155267794,0.04398884192169339
0.5,1.0,0.00539805191984144,0.003973120450529111,0.002921022175415122,0.007885555044467862,0.006014083574103157,0.004634994171169304
1.0,1.0,0.0019598771249861313,0.0014269160353805876,0.0011818749005487739,0.0016208529078444167,0.0011601435536512383,0.0009335371296143036
0.5,0.0,0.06197690765422237,0.04641551687243117,0.03548084548083208,0.06355839535016938,0.047147056342504046,0.03512042403936122
0.25,0.75,0.15249768727889323,0.1048812989953134,0.0738175758406503,0.15115182547697736,0.10381828647180935,0.07289747791919765
1.0,0.5,0.001271935030585758,0.00081041334941645,0.0005920973717772338,0.0011686216114705772,0.0007413374193815381,0.0005356037584505202
0.0,1.0,0.8815758887691055,0.8014791325276248,0.7295899819291001,0.8825683740952454,0.803155943583673,0.7318807982179387
0.0,0.5,0.2687007529542663,0.19764795137744362,0.1679849854172577,0.26752111201273077,0.196681963427646,0.16710744542335498
0.0,0.25,0.3560048998437888,0.29045105045379827,0.255403142748316,0.3566697521252101,0.2898716969277715,0.2534298914960562
0.25,1.0,0.3385044517277511,0.2574546628187291,0.19662310759404455,0.3289793945641426,0.2518269792845622,0.19419091284456735
0.0,0.75,0.7422704987260427,0.6396734423907463,0.4923387573270621,0.7529544495946512,0.6492880231910829,0.49932419668012296
0.5,0.75,0.04084321569169558,0.01694511967201051,0.0064428188724025,0.04206220421315243,0.01817887034862764,0.007224907947511072
0.5,0.25,0.011951007151469129,0.009097049438359206,0.008769497695742867,0.009545491090098501,0.007440371829412484,0.007277619526498413
0.25,0.0,0.7011561045497989,0.5820110481293534,0.49516866290539885,0.7017153558821236,0.5819174257274724,0.49439984797563385
1.0,0.75,0.0028263453323901233,0.002111582709610982,0.001680011770873624,0.002726592851726495,0.0020315644895858576,0.0016093574995679205
0.75,0.0,0.0014435019828895612,0.0011267777933205991,0.0009533483236061624,0.0014421964139585963,0.00113571674643409,0.0009639515573300894
0.75,1.0,0.022687084055205364,0.008595708965406401,0.002378874564499589,0.022479230409107487,0.008667194485420637,0.002459003756474898
0.0,0.0,0.08381671525381407,0.070512727896348,0.06050966786678247,0.0743812840781064,0.062483336392731736,0.05335868079822015
0.75,0.75,0.06290527171499316,0.044817801702722204,0.037288424141221466,0.06548361462777574,0.047293121264573745,0.039667158508775446
0.25,0.25,0.18608700883698903,0.12634668729293053,0.10233248950911111,0.17911756927931388,0.12122157438329761,0.09818444278363314
1.0,0.25,2.1085455877312143e-05,1.8216302362761283e-05,1.816045754532425e-05,2.8333732503549314e-05,2.424524386279714e-05,2.3992352606083678e-05
0.25,0.5,0.1497757003293898,0.13665762465635045,0.1272532772689764,0.1488286623821946,0.13578366991039614,0.12715066384847074
0.75,0.5,0.02097125510629505,0.016901886638619246,0.012432492566733955,0.02160746081217524,0.01739692736188747,0.01282362071178178
1.0,0.0,0.0007225029217673429,0.000504617560503906,0.00032512966912001673,0.0006758060996387982,0.00046920775591785535,0.00029694050680739714
0.75,0.25,0.00018448322908026782,0.00014228492235179857,8.038373752516925e-05,0.00019060925528080475,0.0001470659501793259,8.300586426979173e-05
1.0,0.5,0.00018370869400241574,0.00023891872693060368,0.00023963579899510812,0.00018935042570267235,0.0002452305488087614,0.00024597400515513623
0.5,1.0,0.128141981436396,0.08727078550402179,0.058272645068651596,0.1270103600414152,0.08634226866903649,0.057472449715444185
0.5,0.5,0.02857484294574486,0.019971090500559785,0.01544160259947469,0.021673898194356944,0.015245903572630448,0.011733361153281718
0.0,1.0,0.44850849910930624,0.38319162519641914,0.3608036778123038,0.45023481788926956,0.38471657132193526,0.3620442245775599
0.0,0.25,0.856996257201508,0.7608685134359653,0.6632553384198965,0.8521924294650638,0.7570632533378557,0.6611978998986947
1.0,1.0,0.03461728488206717,0.021672907653561335,0.020502996003559315,0.037708778540200494,0.02366900940739869,0.022389163050522076
0.0,0.0,0.9392040915912028,0.8501647634816393,0.7758101704672503,0.92764067941631,0.8344309018436704,0.7606988554432002
0.0,0.75,0.10787432040787148,0.08613205914834521,0.08073221545037246,0.10552272181583533,0.08410988804801811,0.07834243101414817
0.5,0.75,0.05768753953769257,0.04131674820106235,0.03247058010287285,0.05566811935663507,0.03968345315793864,0.03094746325942732
0.75,0.0,0.1941860710102543,0.17260944477728835,0.1648859945203901,0.19402951923214318,0.17248770565325766,0.16489203584529122
0.0,0.5,0.8775902920700083,0.8056778809715707,0.735705606098532,0.8806658395284479,0.8089214221291812,0.7379021748907983
0.75,1.0,0.0014735675704444784,0.0011301244690558043,0.0008419778536690181,0.0018738722856039836,0.0014472248827210876,0.0010899565175253034
0.25,0.0,0.09416127312471256,0.08180154490322544,0.0664153733367665,0.09172052660314223,0.07974472643908648,0.06441711887254042
0.75,0.75,0.02306316655584628,0.013669595271577517,0.006815355347891794,0.02360684372747568,0.013976203294004619,0.006955814594043486
1.0,0.0,0.01353208284177665,0.010301741774362938,0.009375928969067138,0.013946950668112468,0.010621940213425218,0.009671859657607973
1.0,0.5,0.00022597144395697377,0.0001788450886152093,0.00013246589804605247,0.00023338610890577538,0.00018561853743115364,0.00013734103777873763
0.25,0.75,0.0010743700964093161,0.0007369240422659962,0.0006593963700012306,0.0007077836869334719,0.00048694737219689976,0.00043360715003548655
0.25,1.0,0.8295064286769787,0.7396118799888554,0.6284850419334991,0.8390763579587559,0.7512785795591539,0.6424073518130252
1.0,0.75,0.07328041651934336,0.051005244882437295,0.03735488904788964,0.07357405127856897,0.05129510629954326,0.03767175483173779
0.75,0.5,0.00029825000923944245,0.00023612542494011457,0.00019506591618012603,0.00031041755194938236,0.0002462268836680437,0.000205191230821411
0.75,0.25,0.003404701888763184,0.0022517859339949986,0.0014969242973537078,0.0032204498064458686,0.0021178805426639302,0.0013914157530063864
0.25,0.25,0.6582248751611273,0.5353763279244952,0.4298317438345425,0.6407252955922245,0.5178550866054676,0.4129520886080744
1.0,0.25,0.0450997745772761,0.03306683764286622,0.025411345267976948,0.045522359305009696,0.03352974999100833,0.025726129414982868
0.5,0.5,0.0675503754137955,0.049728474454741156,0.033444585426493534,0.0687905295718394,0.05051727929798466,0.03384803971078587
0.0,1.0,0.12679964737633154,0.11497681519614655,0.10747381788972687,0.1245796665519644,0.113057920392031,0.10551074338825517
0.5,1.0,0.6225452506915867,0.4067534785628938,0.23964161234010128,0.6434427162652568,0.43144015349694276,0.26223781956603864
0.0,0.25,0.04665637777720599,0.032568358594986524,0.020183260175560713,0.04521441350341249,0.03134875984103891,0.01913684704646046
0.5,0.0,0.01434419991676017,0.008654628969896994,0.006343014420889137,0.014497425982959777,0.008641506676355104,0.006237561114937229
0.0,0.0,0.2528237284144198,0.21202788396204852,0.17452331401197496,0.2559992914473326,0.21548979012685843,0.17806903855943657
0.0,0.75,0.20222437300037566,0.15862592513923468,0.12684902514826946,0.20339485648775502,0.15901513581492865,0.12639532656031705
1.0,0.0,0.003065293702301908,0.002110424314824444,0.0016067555413399326,0.0036180314799112434,0.0024515765317260074,0.0018393199905997193
0.25,0.5,0.14281883593943212,0.12038508421408967,0.08366403054940064,0.1464846590088551,0.12197736718755325,0.08371809938776442
0.75,1.0,0.011173540427648843,0.006216279360076626,0.004398252023936289,0.011037998494655477,0.006135052091670534,0.004330107129344007
0.75,0.75,0.003429881153244052,0.002499116167248072,0.0018904136733445265,0.003184170504156869,0.0023081978213409515,0.0017253643473535973
1.0,0.5,4.0230808573404886e-08,4.2903268049343524e-08,4.826479260700012e-08,2.673349785986545e-08,2.768286844201384e-08,2.9906835230519846e-08
0.75,0.0,0.018631420395530895,0.014972650778135033,0.016088217092222634,0.01857699413404834,0.014906160118936418,0.015984817357046932
1.0,1.0,0.02469679921603929,0.018418861883819915,0.01208584286391079,0.02315658555025024,0.01724974770488852,0.011277813027743888
0.5,0.75,0.122820955634942,0.0995362593126572,0.08394968436237249,0.17382598414209938,0.13926455058841747,0.11622539175857538
0.25,0.0,0.2802897908777018,0.2371402462165908,0.20742940886500683,0.27866956060158454,0.23518936892624165,0.20512360432085797
0.25,0.25,0.3616073832461266,0.3030132662759708,0.2808425743672014,0.38054219624685004,0.3198385124970007,0.297213556501591
0.75,0.5,0.052136544826276165,0.04347891667929327,0.034861257438590254,0.04271400642866685,0.03567902103471865,0.02839696602028008
0.75,0.25,0.1518439422268123,0.10837336918695728,0.051510721958295536,0.13697430163517332,0.09741366154398834,0.044717486489003644
0.0,0.5,0.7725610749131421,0.6646810849777275,0.5614409241128298,0.7666472886966313,0.6583068941782475,0.5549723785460274
0.5,0.25,0.19324156748710475,0.12417601338250983,0.08645457173619409,0.18801793575339798,0.12102350055677413,0.08427747988141288
0.0,1.0,0.11559407615090356,0.07783447226968077,0.05958390414535919,0.10936423929083339,0.07369688956764642,0.0563106352501499
0.0,0.25,0.48506903849755534,0.38447427614186647,0.3200229367708033,0.4902385438563037,0.3903626010219138,0.32981002418710426
1.0,0.75,0.0003141052355062346,0.00030907170559690833,0.00026178155364786626,0.0003172950403035335,0.00031216454665627946,0.0002647904450928662
1.0,0.25,0.011470398422511185,0.011364069738805105,0.011507215760643064,0.011285241163738302,0.011170072449043111,0.011286673633965183
0.5,0.5,0.6076829219298312,0.5084618023748142,0.42373273311504156,0.6198645491228088,0.517612934948808,0.4314389402772464
0.25,1.0,0.3997957987067199,0.30335927760925996,0.2531735552347143,0.48026992538053714,0.3645561447357355,0.30090525047364036
0.5,1.0,0.1261513060005126,0.12070018475491451,0.11238188118895376,0.1248956065257768,0.11950987239849276,0.11117191487707134
0.25,0.75,0.013445520557782698,0.012954095502511587,0.01116364672924508,0.014355497258145111,0.013701245285289598,0.011865601984228702
1.0,0.5,0.002785357267351074,0.0015862579966388068,0.0010468682210843516,0.0026698285305413183,0.0015173283609202226,0.000997857111449174
0.0,0.0,0.3673734836208713,0.3042799463427003,0.2876114065322659,0.3574698258541321,0.29512324204540774,0.2786176090334178
0.75,0.75,0.00010155017161483926,7.578028559773742e-05,5.972401142528838e-05,9.182029986121165e-05,6.870909084732979e-05,5.410175133069295e-05
1.0,0.0,0.0010510822089766503,0.0006678409222126147,0.0004394857967757737,0.0011032176020644435,0.0006934747185436407,0.0004504099062390132
0.75,1.0,0.24365256421637305,0.19152531035293296,0.1436610305152337,0.24952585714937103,0.1968872676240454,0.14856119984663652
0.0,0.75,0.21522409806548382,0.12670737966506163,0.07056420372437588,0.21343921351395267,0.1253156660523993,0.06947050174062575
0.75,0.0,0.047320910319302634,0.03167064758842186,0.025025739038842088,0.04762334236797283,0.031841376307779834,0.02511824149690467
0.75,0.5,0.020821738858861627,0.017293666404250563,0.014199728501032571,0.020332575796361163,0.01679586787686993,0.01359610148544621
0.5,0.75,0.005353193051023997,0.004941558738611684,0.004481044006133805,0.005215143535559408,0.00481127788089164,0.004328192020472521
0.75,0.25,0.00038652983897380366,0.0002899138684455682,0.0002649099510002584,0.0003443760814778596,0.00026478317872014046,0.0002503314254539424
0.25,0.0,0.29043995429946556,0.2308386535805953,0.19228363059836528,0.29657795771897033,0.23540682752239284,0.19574192291065595
0.25,0.25,0.63399684608224,0.4804826028291387,0.3953248775263294,0.6449656830260955,0.49370563398757816,0.41009099666829985
0.0,0.5,0.8204513579016952,0.7477239194447929,0.6269805360728768,0.8193250857465039,0.745356920340039,0.622936682873841
1.0,1.0,0.00035326733947460554,0.00028682085038578276,0.00025182967765469133,0.00030147012605852286,0.00024825331368738546,0.0002193603791467158
1.0,0.25,3.8359990155445445e-06,3.3517970901009164e-06,3.2644297383033205e-06,6.569884965945683e-06,5.578774910031115e-06,5.4063280311433815e-06
0.0,1.0,0.6853853523518502,0.587674077489919,0.5059471406919485,0.6549783995973273,0.5580272204520781,0.47854183343557044
0.0,0.25,0.45423915270615367,0.3825404864180342,0.3334465752638016,0.4628122691766843,0.3900003837480319,0.34108817232123734
0.5,0.5,0.019278411171622212,0.01032071646608701,0.007215482901566372,0.018734576271278724,0.010025342465554976,0.006996428334437144
1.0,0.5,0.010850071476731005,0.008325823282402611,0.007152423895317894,0.01106940293276204,0.008469984920106644,0.0072302932091852234
0.5,1.0,0.2943828071682262,0.2347637792948818,0.22143696847737737,0.2949015666598014,0.23543646803046592,0.22215057650795111
0.5,0.0,0.1539749696166557,0.11929436565707552,0.0952167875484089,0.1472931475756264,0.11290732657751501,0.08845567113788999
0.75,0.75,0.06323871636848821,0.04473510126539515,0.03449802473049801,0.06544498173955848,0.046182461521276474,0.03547177887293762
1.0,0.75,6.437362937816715e-06,3.2573643423683407e-06,2.265898709774561e-06,5.86210943209764e-06,2.9581266856038013e-06,2.033516138588709e-06
0.0,0.0,0.41754469770896285,0.3986534644543258,0.38075017316550175,0.425511703612398,0.4056385640499166,0.38706744165537865
1.0,0.0,0.003274624321497832,0.0029330598942607367,0.002617114795788411,0.003054277834089847,0.002721468316123965,0.0024022300089439064
0.75,1.0,0.0031580434948081937,0.0020551546085478822,0.0016886382933498645,0.0031039332031811417,0.0020032680376868006,0.0016253896830907832
0.75,0.25,0.0026741954507953913,0.0018222091238347948,0.0013024635798724038,0.002921488131590433,0.002015191605261535,0.0014662683602005844
0.25,0.5,0.10422499797806661,0.08095771783643935,0.06075312045576153,0.09895604796467872,0.07695637765320962,0.05786685415795623
0.0,0.75,0.6031724235318559,0.4717293811213208,0.3777705595156968,0.5943882391760306,0.46220937870860856,0.3677946020904138
0.75,0.5,0.00044074815258876576,0.00042300642661918797,0.0004771293174390401,0.0004587981267519803,0.00043946089601554217,0.0004949027467440192
0.25,0.75,0.08016546439161631,0.05823178581545896,0.039377819863807506,0.08079856064510316,0.05826223993150936,0.03863323479468306
0.75,0.0,0.005379292749562059,0.003456248975617582,0.003689347849627267,0.004941817086943967,0.0031042900117930206,0.0031899284604859357
0.25,0.0,0.21677868072681217,0.15534553375844484,0.12387033502403444,0.21446870504548365,0.15337339316512255,0.12197764847177506
0.5,0.75,0.3234245966459086,0.23308395127981862,0.19527990360550396,0.2739418319217941,0.19623315586535794,0.16397800346772384
0.25,1.0,0.07550466682180601,0.04827495757230038,0.022913851054097267,0.07381696486401645,0.04702011832216124,0.02213023030096284
0.25,0.25,0.08690172164835108,0.06714887465241026,0.054567164715268346,0.08789272621626965,0.06806642001764251,0.05538404458530233
1.0,0.5,0.029876424995025852,0.023441065926347315,0.01732377405321317,0.029450623995402325,0.023072716703712248,0.017005117029281203
0.0,1.0,0.8614028891492844,0.8140344241546142,0.7600780595365422,0.8609984777626631,0.813373827107158,0.7590296016194592
0.0,0.25,0.36793897601137515,0.30060882100620545,0.2949005600964345,0.34556990509467,0.27966903947816846,0.2719538541823241
0.0,0.5,0.8894031338327009,0.8331467222903705,0.7752584890860852,0.8884602860647535,0.8320631601760978,0.7737115927949431
1.0,0.25,0.0003601208437604697,0.00042539981338340915,0.0005393879464302698,0.00034054024806795535,0.0004032169199481572,0.0005106780247958742
1.0,1.0,0.2630068751982546,0.1735738875700783,0.11838179658070391,0.29006537132923826,0.19962072139131104,0.14339078889729606
0.75,0.75,0.02121536578831007,0.013967617383742414,0.011074526084258074,0.02099038134298059,0.01380006686853208,0.010915467093580045
1.0,0.0,0.004581601036059313,0.003245112599203792,0.0021466674871483127,0.004630148392195554,0.003268825299982625,0.0021500423858600293
0.75,1.0,0.0482066431668674,0.032006504432947946,0.019228236965716294,0.04731708444048188,0.0313674078203221,0.018785877750933322
0.5,0.5,0.056008581880838126,0.032100892755230315,0.023328508044945462,0.05588563990327766,0.0315250502573059,0.022651552844207723
0.5,1.0,0.009320265641882597,0.0057491554811178736,0.004622608422770513,0.00926496456556869,0.005740332519910796,0.004645410736304534
0.75,0.25,0.00048817813010426647,0.00038367602733724304,0.0002825010883800161,0.0004941474703954452,0.0003877235278831881,0.0002855094867471042
1.0,0.75,0.003777872083584821,0.0020062654410004654,0.0011468386844724066,0.003840234385737995,0.002026481997451146,0.0011421691263355793
0.0,0.0,0.1901231414109973,0.1265180923482786,0.08920711561516304,0.1871675293372892,0.12429880839055996,0.08725518701247081
0.0,0.75,0.31648740486367066,0.25450196522549495,0.20313698358456755,0.2851298195646038,0.2281298821430554,0.18018304889176073
0.75,0.5,0.006204262559845963,0.0035759340534369244,0.0020001514030570933,0.005803280946574785,0.003311847574450577,0.0018234049484435744
0.5,0.25,0.12238070167118886,0.0770435542703084,0.05846528992463729,0.1163663188096834,0.07353872966501362,0.056379067855315546
0.5,0.75,0.0033441309168760203,0.0030348820664722886,0.002719286625863848,0.003095071103293545,0.002813574828997023,0.002516175587555791
0.25,0.25,0.6660747040689274,0.5791489079331993,0.49419292966123407,0.6553236036844736,0.570077171698639,0.4854849068014183
1.0,0.5,0.002203979819654922,0.0015657170025150657,0.0014080887283023369,0.0025006512467301567,0.0017577263152743772,0.001570021709435876
0.75,0.0,0.09667290702232145,0.08327673404912006,0.06850002821098788,0.09712854069389443,0.08369339329433645,0.06887187295160557
0.25,0.0,0.7272523297734993,0.6308321388041752,0.4795714004669587,0.7263447448913385,0.6294694374834231,0.48020508719098765
0.0,0.25,0.6251645155364015,0.49161406800636076,0.3493955284985144,0.6274828830180837,0.49267541070115717,0.3492651035320504
0.75,0.25,0.4895718678472857,0.4476847956067801,0.35009292592925934,0.4916098461548051,0.449112835326565,0.35112162463322116
0.0,1.0,0.8228921886717353,0.6818776243865973,0.5204730050718518,0.8236389112940516,0.6835829430268758,0.5227892056893627
0.75,0.75,0.1893309590591281,0.11234282013389962,0.054281526880900155,0.20869951705434886,0.12866060658179457,0.06596492988430525
0.25,0.75,0.020567773525485333,0.017173003974325085,0.016086736211488706,0.021002045442147232,0.01752022184396096,0.01641616614807928
0.0,0.5,0.11183156818450068,0.09533959708156847,0.0831994297596248,0.12003273729713748,0.10225532777095225,0.0895459389192893
1.0,0.0,0.02991621893266716,0.0303094538608365,0.030294330422917737,0.02722416370578673,0.02766278165295677,0.02763119436719419
0.75,1.0,0.03393005463476473,0.02315116827357322,0.01790710901381054,0.03088709310366844,0.02095267378521215,0.01604505819066726
0.25,1.0,0.01527339219618018,0.010164626473434413,0.00790968436546069,0.014662874317911023,0.00979703138159127,0.007664819215682295
1.0,0.25,0.0010199075311947414,0.0005779584223850609,0.0003078128256908119,0.0009891591339010741,0.0005596462981629635,0.0002969130738532666
0.0,0.75,0.025479026970388396,0.02169608973601167,0.01931225234663425,0.034346370677355686,0.028728462376575115,0.0253437487673025
0.5,0.5,0.18260338257129838,0.12581775695622244,0.08341286557155525,0.17718108332245364,0.1212520257386499,0.07964928316318698
0.75,0.5,0.05622577562447484,0.04920830479152938,0.03318555572497017,0.06705518974817326,0.05826581548068366,0.04003569709405741
0.0,0.0,0.6885131627617619,0.5499399255470908,0.40024555432947506,0.6938571049079635,0.5521781995987385,0.3992775270492771
0.25,0.5,0.3308913823309191,0.2891140271297885,0.26232450017619346,0.3352265044314524,0.29527217535922423,0.27059510958785427
1.0,1.0,0.03526667948257178,0.027516788953372062,0.022891406885548582,0.03505099882095675,0.027343830386016288,0.02264551922888547
0.5,1.0,0.020543582957160855,0.016726504626475402,0.012503455875978564,0.023308176769779365,0.019236146851893787,0.014562169052657614
1.0,0.5,0.0006405708820361733,0.0004556130899298072,0.0003224725154510333,0.0006294607114339934,0.00044799827871300213,0.000316661759486081
0.5,0.0,0.016837604542911944,0.011052942748489447,0.008232833017339125,0.014700833802279045,0.00970510736313046,0.007245765361636458
0.5,0.75,0.01753871673043028,0.012066956702856402,0.007946592983839484,0.0176163716298815,0.012099819857617433,0.007950997673355165
1.0,0.75,0.02277001729665229,0.015780993235804175,0.01177972771615765,0.023966699840302086,0.016421150390380057,0.012011139589433117
0.25,0.25,0.23794276930618197,0.15250687492070902,0.1156413026712877,0.2618759627092273,0.16943083121281644,0.1292096217344868
0.75,0.0,0.20131648457606066,0.1710656687122375,0.14324740660136215,0.2057528769649708,0.17565084160716882,0.14750183486950597
0.25,0.0,0.1855120317175014,0.1539476091002625,0.13520400968125834,0.20692751564590894,0.1751870293939265,0.15755468968721997
0.0,0.25,0.24483347589969673,0.20892580112949066,0.1791310048686714,0.23038729415582704,0.19801996778945963,0.1713158468537691
0.75,0.75,0.008281524104988836,0.005824065783304411,0.005297974224108604,0.00843197164211118,0.005969037336475025,0.005418011034197812
0.75,0.25,0.0001655715121889889,0.0001186680556242159,7.476732602729186e-05,0.0001739317385007766,0.00012447709860907707,7.828062826376048e-05
1.0,0.0,0.12288515566635327,0.07609261586115978,0.04780566941914277,0.12307524071435416,0.07599575684411297,0.047549084344826076
0.0,1.0,0.5203284973974136,0.37248017737043426,0.2572119419730752,0.5190005949273224,0.37138844768166823,0.2560971433474444
0.75,1.0,0.011727894046999476,0.005600362393950564,0.0034053552072411675,0.011308455985529209,0.005388649926774569,0.003266554336722516
1.0,0.5,0.001768407072906153,0.0015563007542440666,0.0014778455274798707,0.0014940164081529428,0.001319162768426252,0.0012456184134395087
0.75,0.5,0.0004437858458817834,0.0004328700434317323,0.0004443600386559998,0.00043971148758226164,0.00043064481337451443,0.00044576726688672075
1.0,0.25,6.14338733307962e-05,4.5884851034627694e-05,3.3197140377971834e-05,6.222942001943288e-05,4.6425500473734616e-05,3.355820758410566e-05
0.0,0.5,0.7726159392425789,0.6685950030617616,0.5795024700016329,0.7629553116189713,0.6582191704557887,0.5697770370600169
0.0,0.75,0.7923692574587489,0.7257077140919642,0.6691431215476693,0.7854522818184992,0.717928122099728,0.6603272857432849
0.5,0.75,0.26358514411065515,0.22434861306603937,0.17830468961370727,0.22890201782266528,0.19279421153720822,0.14953046493283817
0.0,0.0,0.3873058937042919,0.32349380550494267,0.2990846763208972,0.3521267594345888,0.2972279770946309,0.28100103941673016
1.0,1.0,0.010812388821059615,0.009878078495686893,0.007368881511039538,0.010353196911684681,0.009509492093687233,0.0070852808570220915
0.25,0.25,0.00965933557278209,0.005953282789633585,0.003981733987225011,0.00959796845978056,0.005909600520249025,0.003941930951131933
0.5,0.5,0.28992113379407525,0.23453515138831904,0.21751175241482734,0.2930887032344257,0.2364702456456087,0.2180094594878761
0.5,1.0,0.0013873799920665064,0.0007970329232616091,0.000558542019828745,0.0011079675766718644,0.0006385299875922845,0.00044415365782735083
0.25,0.75,0.39399973877978667,0.28987662154879845,0.22788712014226575,0.49157300847581487,0.37789669641982804,0.3135210804631976
0.25,1.0,0.26800809608446285,0.23515653979702833,0.19462376066230247,0.2668893724233645,0.23405396645630416,0.19345621819548886
0.75,0.0,0.023708839919267977,0.018032579308023378,0.012676905885222745,0.022570675796627748,0.01727125505812832,0.012078440488524578
0.75,0.75,0.031963304408802795,0.02538506419973874,0.023143857288084213,0.030956643741397394,0.024564938092345945,0.022369758926278682
0.75,0.25,0.00221862984101584,0.002121521053445319,0.0021243902359948663,0.0022009404943741373,0.0021050276252769784,0.0021050524369843338
1.0,0.0,0.0041776563777200515,0.003439449962443497,0.0033020152022895655,0.004100234322471974,0.0033728194014577273,0.0032208397663844313
0.25,0.0,0.15045513371229102,0.11677159105514501,0.0818992431266713,0.16102335667879397,0.12775640757146556,0.09296432861037607
1.0,0.75,0.13272182860385362,0.09131437446492086,0.06573905671379876,0.13174939703841915,0.09050865144093845,0.06500081332074537
1.0,0.5,0.04189978300534292,0.04165096378893818,0.042044068533554024,0.0422118372375726,0.0419079070877848,0.0421030361687762
0.5,0.25,0.27147664028341834,0.2166384735879624,0.18720310066978363,0.2759560108500827,0.22046059475434454,0.1908826387356537
0.0,0.25,0.33805330157087543,0.29606170001351906,0.2566901065529852,0.35165281874320464,0.30831073172480583,0.26813779909899194
0.75,1.0,0.13363405509862436,0.08750164099752089,0.06464031801643755,0.1368107193848236,0.08990771972294964,0.06639020448148925
0.25,0.5,0.12911620008325375,0.09674333008844016,0.07067318387462873,0.12799434727622194,0.0957780880728587,0.06981206158178144
0.75,0.5,0.0038170040302043517,0.002781965221398508,0.001816619544632525,0.004613630638129029,0.003429831612178025,0.0023234064218227157
0.0,1.0,0.4473434442291301,0.29268583037414964,0.18324105752096942,0.43846792300236115,0.28332201203859864,0.17474297205864853
0.5,0.75,0.006714346780706704,0.005559581599700825,0.004231222280958624,0.007140222508712157,0.005908415667126521,0.004522579278262384
0.0,0.75,0.4854424683551092,0.4078464453368642,0.3754088801290547,0.48338989353739104,0.40565822043666633,0.3729807373524885
1.0,0.25,0.003548799456914109,0.0025453725772756064,0.0020308186580173526,0.003544144760857293,0.002535548524606246,0.002015096317481091
0.0,0.0,0.8988640049135386,0.826419399382982,0.7117347843171373,0.9019842143169619,0.8287584451932308,0.7123094542566175
0.25,0.25,0.4319715415659511,0.3241730325832153,0.2515946708769701,0.37088286123796765,0.2782318942527766,0.2149870650999729
0.0,0.5,0.7509370396809167,0.6405373618832185,0.4927185263317331,0.7739854434999996,0.6687765480488574,0.525947229116129
0.5,0.0,0.08759502815450138,0.06116701003900993,0.04411915764560437,0.08248300297359656,0.05699719843936801,0.04058441578327643
0.75,0.75,0.0006406383647050706,0.0004317286071586768,0.00027956454773125916,0.000535672253493491,0.00035732770067486985,0.0002242430189187683
0.5,1.0,0.18948943579253563,0.14719548580809894,0.09922451683730782,0.21912225605806634,0.17192465501202492,0.11832692406510736
0.5,0.5,0.00010425500433919321,8.983695596032071e-05,6.588840219079461e-05,0.00010102966089697851,8.693110967827877e-05,6.34512296058265e-05
1.0,0.5,9.10392739077448e-05,5.678217696569732e-05,4.937592579290495e-05,8.724671653204119e-05,5.503580339161207e-05,4.816439588650745e-05
1.0,1.0,0.04195852464734717,0.03655270279280187,0.03271378721145424,0.04134354958954456,0.03599028935177717,0.03214482033618282
0.75,0.25,0.06276565935180389,0.04781341442451037,0.032710263850705745,0.06812879293952567,0.051850146492044336,0.03559504131299418
1.0,0.0,0.0015666366951413435,0.0009397828537652808,0.0006919987439517605,0.0015767143436049569,0.0009425136178781157,0.0006885495339129521
0.75,0.0,0.3222656341789776,0.2540148436076829,0.17071295803774278,0.3159370756482336,0.24773996464755754,0.16449404328938455
0.25,0.0,0.3514459116675016,0.242143954628946,0.17468752073550553,0.332207161399259,0.2256479191266959,0.15948072434391736
0.75,1.0,0.2964817685816077,0.18956802412327967,0.09563907907154845,0.3058246391360303,0.19296714654781155,0.09516573327426037
0.0,0.25,0.5857824758393971,0.4523588754067558,0.3204192631573355,0.6064153971014407,0.47399214695657743,0.34292990947126945
0.75,0.5,0.06492760846426915,0.04294524811727485,0.03293880538830374,0.06388633568589697,0.04208448149803834,0.03213761793691239
1.0,0.75,0.012596721657205379,0.010092852379128936,0.008286626367729588,0.011975619174843688,0.009564110268603043,0.007829749298916555
0.0,1.0,0.8661721017536885,0.7373850087171007,0.6103466157851121,0.8572675669200891,0.7247829895734126,0.593288449739594
0.25,0.75,0.4845061029763792,0.30370433833386523,0.20225824443312224,0.480575760408831,0.30099977788033805,0.2003901395750607
0.5,0.75,0.20000727779851923,0.1499586773162611,0.10223578187444937,0.21124143902178405,0.1591750104150219,0.10749636864050038
0.25,1.0,0.5679188409225157,0.42554715101529295,0.2722906515549346,0.5606054099022599,0.4203817322609458,0.2686263303143315
1.0,0.5,0.04179930889003469,0.025290106080608887,0.014026622384181953,0.044901727252104284,0.02686883138315843,0.0146706388327289
0.0,0.75,0.26888063651670446,0.19801534854843394,0.13320813690200806,0.283073076111538,0.2099362700115015,0.14253710772998418
0.0,0.0,0.23156464346376304,0.21127476583235416,0.20719883771571612,0.21824694358210994,0.19957983287471648,0.19597095016836286
0.75,0.75,0.06741654854638979,0.05662505227749692,0.04783427559456166,0.07259035959732107,0.06065292377199938,0.05118344537167874
0.25,0.25,0.0018233223976862334,0.002010000677070356,0.00216630653953076,0.0018466489307396028,0.002036012002904819,0.0021925001324998306
1.0,0.25,0.022730276664770566,0.016541778528596174,0.01227839245620288,0.02171519390136789,0.015678284976889723,0.011512485100458436
0.5,0.5,0.41603864515096434,0.32235475566050864,0.26391242544465165,0.42051489753498106,0.32520867641707807,0.2656893592274592
0.75,0.25,0.17784388256016326,0.14857151943416902,0.1298391102418216,0.1563573946787512,0.13161171221374102,0.1155852255965667
1.0,0.0,3.430943915283535e-05,3.2690697330250984e-05,2.7761878136023377e-05,6.197159857701529e-05,5.970486711381895e-05,5.290096381926901e-05
0.25,0.0,0.7065127817577805,0.6567801841698993,0.5941749801838245,0.7127861033091984,0.664205469687914,0.6025554915233831
0.5,1.0,0.03532491233054236,0.022342468877323718,0.020080700230075577,0.03747071080272035,0.023872072388488208,0.02179853404251242
0.0,0.5,0.4252815240172333,0.3156561226671446,0.20683666278098145,0.41649838636084424,0.3071932076534404,0.19880622484086763
0.25,0.5,0.23009860454882047,0.18453416787711796,0.14644798634141476,0.23398205277834117,0.1900786649570141,0.1540761485742268
1.0,1.0,0.00022635163124629099,0.00016590477714073515,0.00013438700183376895,0.00026604153063258806,0.00019520424609575926,0.00015847027958959536
0.0,0.25,0.6067286458894102,0.4390120229210418,0.3522765592128819,0.6111110365539172,0.4434998895398805,0.35327481353546664
0.75,0.0,0.002328038432893087,0.002316561203219103,0.0021712289643263105,0.0022272373829488323,0.002216971287283598,0.0020693462138847707
0.75,1.0,0.10993342305344278,0.07750597579713137,0.05404345681285805,0.10322197221559404,0.07210781688502244,0.049350054944091615
0.75,0.5,0.29657412753360535,0.20364350336570858,0.15006532121712912,0.30218294547930924,0.2082719272787248,0.1542419742135881
1.0,0.5,0.0005995543207648613,0.0003858533221663407,0.00024210680331293588,0.0006109190022381972,0.00039386601294322254,0.0002466753348984163
0.0,1.0,0.5521403319562828,0.4607096552072235,0.38777218321633655,0.4837911898252708,0.3961359423243973,0.32492636986013157
0.5,0.75,0.0031216795797286423,0.00205376062146001,0.0016927783714285605,0.0026844943774760877,0.001784243151020104,0.00147565057415866
0.0,0.75,0.6787051941364016,0.5311726685801832,0.4062488947125683,0.6856035033811393,0.5390429321578382,0.4153317244993697
0.0,0.0,0.04185955067997704,0.03423872877368728,0.030551792712836923,0.04528289342083669,0.03741611339047912,0.03359748998942769
0.5,0.25,0.1468307345587826,0.11020685423176335,0.07568437004380435,0.1569119619343312,0.11899514324545557,0.08295062563864875
0.75,0.75,0.014348548843879816,0.013674525725799636,0.013521349398366689,0.013038812408580513,0.012405052650136916,0.012205665232215224
0.75,0.25,0.0035714908531359058,0.0021484517483948418,0.0012455796464678759,0.0035814313951512133,0.0021411786786400544,0.0012268120659530979
0.5,0.0,0.009963881148113307,0.00804311769982835,0.00652166913037433,0.009885152610610515,0.007959867863928327,0.006415763225954718
1.0,0.75,0.14678183018162605,0.1012795219929552,0.07873234907323001,0.16524192820968286,0.1185283973122202,0.09619314219016051
1.0,0.25,0.0005771956882276719,0.00042171802084955967,0.0002926301911846396,0.0006499971449326347,0.00047620850774077184,0.00033361953295896196
0.25,0.25,0.07219345493046714,0.047249210297963695,0.03772956706872521,0.06481221720966801,0.042528071850175486,0.033569036524101925
1.0,0.0,0.0001537959914998943,0.00010945186716804223,7.113629508737063e-05,0.00015897943344289622,0.0001128825695401181,7.318777840292778e-05
0.5,1.0,0.17381721231025515,0.1379731378900343,0.1131457044713664,0.1723688774067671,0.13692724763450137,0.11244057285172326
0.75,1.0,0.007525803641897699,0.005366181839390305,0.0034721864456630502,0.007345053388752021,0.00522136318880384,0.003355391742937197
0.5,0.5,0.009519143374274286,0.007766780997138234,0.006056014044645286,0.009543317969975096,0.00786365085499896,0.006186863796665554
0.0,0.25,0.2951171730124791,0.18623886923195654,0.13050363202018023,0.29265194486745183,0.1840840333483149,0.1285086079262121
0.25,0.75,0.5187820627199654,0.45561441417650594,0.3968792958071943,0.4882625360181869,0.42557285334244155,0.36635258250155023
0.25,0.0,0.254029596901549,0.2238291420198495,0.19666438541708642,0.23596762223280288,0.2073989504239142,0.18119638094295865
0.75,0.5,0.013992000066741617,0.010997746751138626,0.009920589891323384,0.016239958678786026,0.012779518848235472,0.011601308135154365
0.25,1.0,0.01091424170119304,0.00808841469624988,0.005493653493724215,0.010643443489615212,0.007880213873753816,0.005326246424516623
1.0,0.5,0.010525056154033319,0.008765580313028098,0.007292691725222733,0.010419943106348306,0.008677309928971866,0.007212748609721875
0.75,0.0,0.10676549721728157,0.08207034335946606,0.07208086534722224,0.11315819841017627,0.08732023496892682,0.07678337805495983
0.0,0.5,0.9570869480401359,0.9130908559305493,0.8411188253676669,0.9509003399910266,0.9052173729775898,0.8331866372447463
1.0,1.0,5.8718088573161964e-05,5.269706311772371e-05,5.873278516799196e-05,2.522317010167363e-05,2.3358646022542118e-05,2.6019893405671013e-05
0.0,0.75,0.06038100403046531,0.04417841735738803,0.02952823289383777,0.07018179820475301,0.051547320555046294,0.03483338384625878
0.75,0.75,0.004189046862232537,0.003840110673412056,0.0037578405506966117,0.004065840368182361,0.0037221637789648376,0.0036279045379368213
0.0,1.0,0.6333291607624001,0.5345988950232667,0.4431812247795234,0.6322748377824402,0.5334246746567362,0.44183090180963824
0.75,0.25,0.03266342594614713,0.02549268386597381,0.019563001080367792,0.039544416543790484,0.030723614351810924,0.023850807954175046
0.5,0.75,0.5269823883302958,0.41591500325298303,0.3610502334130752,0.5162578148190882,0.4062374686336039,0.3517711200083944
0.0,0.0,0.7083600607819092,0.571224807006328,0.46545974673749324,0.713083011973022,0.5771368421554905,0.47159188059580515
1.0,0.25,1.8151347056516443e-06,1.9635306014453846e-06,2.551406048212357e-06,1.6539416405336738e-06,1.7920312502806013e-06,2.3181960779883326e-06
1.0,0.75,0.00015306537368042772,9.213740980384966e-05,7.970472225049541e-05,0.00021597571812448368,0.00012456200245092308,0.0001050427542333976
1.0,0.0,7.1787137678747115e-06,5.871072185748005e-06,5.293727779465129e-06,9.394663952777549e-06,7.68074941004393e-06,7.025235326474366e-06
0.5,1.0,0.0007557061191374448,0.0006212981403265205,0.0004908861444261614,0.0007165507920805503,0.000588106994178883,0.00046248218602262803
0.75,1.0,0.06036382098702198,0.04064850629550132,0.030795166788603168,0.06124127963211401,0.041005922431329056,0.030646720859567878
0.25,0.25,0.3809972275960567,0.2779297507344821,0.20653163601918123,0.3783246433645966,0.27566882758053857,0.2044998196640715
0.25,0.5,0.24376182534816926,0.19575976971243159,0.16347153226675448,0.24812576720127388,0.19955247912201735,0.1668786522669301
0.0,0.25,0.9515245840917098,0.8820865128843871,0.7893676123581574,0.9493758984891699,0.8780175295799327,0.7830720437222021
1.0,0.5,0.008995885934379944,0.004804355187114195,0.0029753954271574123,0.013053577703442176,0.007220661477822299,0.0047181722374620705
0.75,0.5,0.004058128304866626,0.0029210381169024746,0.002110144317581719,0.003572507536399927,0.0025084765318587054,0.0017456459458273788
0.25,0.0,0.012850951960734158,0.011377551454796464,0.007929734774405395,0.01316203259305082,0.011642211618704712,0.008104590761589314
0.75,0.0,0.332081180908373,0.2684080546540253,0.21157569384690889,0.32808091268662487,0.2646598982681665,0.2077792889438803
0.5,0.5,0.00021334553975038695,0.00018069648727347953,0.00014916060828518152,0.00026378391612325025,0.00022640159530995518,0.00019031776334044181
0.75,0.75,0.19078741880154448,0.14115614838776158,0.10889805265763797,0.19826897596442683,0.1473283586925097,0.11448707614974185
0.25,0.75,0.008014270542196833,0.005203378650219248,0.0035556654519717235,0.007289549988036992,0.004805882182600252,0.0033155166220297794
0.0,0.75,0.4241331933197904,0.36242022976677923,0.31896364556008794,0.3940704594273038,0.3335580082324934,0.2911258322460034
0.75,0.25,0.0013187577234963221,0.0007981994933490277,0.0006196370456565958,0.001171702333412794,0.000710856345988442,0.0005485475522859495
0.0,1.0,0.5320285539603788,0.44673945176750196,0.3831805712992884,0.5329368798614695,0.44895627757655865,0.38701416261013866
0.0,0.5,0.15512717751848282,0.12539488417477507,0.09499615188067068,0.1537054682071365,0.12408695646621559,0.09390902752968755
1.0,1.0,0.024636546531489723,0.019303612730906083,0.015297812806572386,0.023403943613993228,0.01827653702540366,0.014462322499489533
1.0,0.25,0.00016591326561632425,9.938831997591269e-05,6.523515915834999e-05,0.00019921536767086856,0.00011996889207321892,7.806993089676251e-05
0.5,0.75,0.006001516848775479,0.0036129101650078654,0.0030357907631410885,0.0061454668140327184,0.003686899682886602,0.0030870417610699974
0.0,0.0,0.9907727392940722,0.9776897623872107,0.9567885152459787,0.9902692012885177,0.97643544521684,0.9543483402036241
1.0,0.0,0.019462984449979293,0.015488386643327079,0.015551219124108728,0.01959496498925295,0.015390652363492574,0.015314659571804556
1.0,0.5,0.008081291300818583,0.006595627213667576,0.005491575486412881,0.009719983629035922,0.007916358155759307,0.006544155522276274
0.75,0.5,0.002558611668771138,0.0017838371143394927,0.0012197956734785187,0.002525102045722649,0.0017576212923621215,0.0011972967409962232
0.25,1.0,0.5646781213534793,0.4456037829331736,0.3262375540438398,0.5628956924206707,0.4441212724526722,0.32481796630726234
0.5,0.0,0.052153489997068925,0.037085446490865315,0.024668441466513147,0.06564827509991145,0.04683854107138241,0.031938893041678296
0.75,1.0,0.24782862644922599,0.17642611729636393,0.13575120531550555,0.28087196433400385,0.2024541229988145,0.15800721122001948
0.0,0.25,0.11460003055755741,0.07353753928646856,0.042635755497075434,0.11382657268385943,0.07294553183114805,0.04218920542226201
0.25,0.25,0.44678089411903543,0.34543501872457205,0.23374691546894755,0.4481749231778003,0.3452550870276416,0.23197202300275166
0.5,1.0,0.18008659752807743,0.13156768728812596,0.10182826499035191,0.17555787977799087,0.12850858850854163,0.09930047066622816
0.75,0.0,0.0321475211863238,0.02158949357433193,0.017356155353259517,0.031926517062005444,0.02142228284093406,0.017185843060605555
1.0,0.75,0.22133035427056735,0.1230204555990444,0.054392134779656764,0.20429062545170584,0.11272271906348807,0.04926086602127866
0.5,0.25,0.0006280320581668608,0.0005209904091343365,0.0005172003795965718,0.0007692448091359827,0.0006281337545609444,0.0006148669275778396
0.25,0.0,0.3188144867967757,0.26435661726197845,0.19688743632532368,0.3177295618803303,0.26355441323530915,0.196204450752671
0.75,0.75,0.0016231543601270548,0.0012882135930387673,0.0010352495034596787,0.0015073929924929175,0.0012050783694583789,0.0009943393125859679
0.5,0.5,0.0834187822136917,0.05505637161764976,0.034275487354635814,0.07874248738728384,0.0521863271857228,0.03269020109107745
0.75,0.25,0.012415004727631462,0.0098446997920143,0.00803935407098133,0.012316067385046536,0.009762701332670876,0.00795652046541373
0.0,1.0,0.7586699125376026,0.6755174351858024,0.6028699568051574,0.7571529288079673,0.6718888205510688,0.5971032932648231
0.0,0.75,0.5522452146639745,0.38489904187291313,0.25901829383214814,0.5698910723434468,0.4023420402750397,0.2756353719656571
1.0,0.0,0.004432926627864431,0.003882883624228173,0.003625539766289987,0.00452574299117936,0.003955495433315415,0.0036883853419518164
1.0,0.5,0.07158014000318835,0.06284128531287214,0.05366515622800705,0.07860678063197657,0.06851660458563946,0.05819131340898931
0.5,0.75,0.5332275187281661,0.4813681468633878,0.4469541691286384,0.517778078773155,0.45556756284655775,0.4107550636398757
0.0,0.5,0.0008920405255319341,0.0007399988951910519,0.0006181870726678085,0.0008666817957408979,0.0007237803085815564,0.0005994477411161991
0.0,0.0,0.27578045242525984,0.20326660087062498,0.17942171904082227,0.2985120965519005,0.21869175756776027,0.191075128959722
0.75,0.5,0.07189829612373577,0.04758923343993404,0.029628761500940293,0.06689261706275307,0.043994087849622,0.027074768313254394
1.0,0.25,0.06432106575529328,0.05301233181660281,0.043576730940616426,0.06994997844852768,0.057762451926468894,0.04762975563524652
0.0,0.25,0.8103588055640253,0.7350056029815502,0.6982240562980204,0.82376197791754,0.7449094313783057,0.7040055381566688
1.0,1.0,2.529213839352895e-05,2.50741308190916e-05,2.4821081168302506e-05,2.1762295943861254e-05,2.170294559444841e-05,2.1424387589230598e-05
0.75,1.0,0.15933636874620793,0.11880932670462419,0.08581983579810948,0.155110996795768,0.11554908794001295,0.08334949777835132
0.25,0.75,3.169367532518397e-05,3.50830324765683e-05,4.1157918372003444e-05,3.411657499063914e-05,3.7809296545732174e-05,4.447396564721817e-05
0.25,0.5,0.5794612553523633,0.4945298596430714,0.3986756111764176,0.5728186960428572,0.48772536278859324,0.3914723948723211
0.25,0.25,0.25180590403346526,0.18562977729595187,0.14791440770341702,0.2544855568426755,0.18746711895748136,0.14930402555554612
0.75,0.75,0.005234412247757447,0.003866761111474326,0.0028738284205538367,0.005335568479883479,0.003946382071830401,0.0029388369411911253
0.75,0.0,7.552487751971704e-05,6.182264094967138e-05,5.060285994551439e-05,6.80281442704267e-05,5.580414067019035e-05,4.5703302078203834e-05
1.0,0.75,0.00015964207399021824,7.427933790216112e-05,3.2439599490396986e-05,0.00015816578087424205,7.362073522143575e-05,3.208921048813984e-05
0.5,1.0,0.13267614599120514,0.09091958812451706,0.07134363901007701,0.12067132681306592,0.08277288782564451,0.06491909998551204
0.25,0.0,0.03489434113276013,0.029455063969827888,0.02274943824756981,0.02979520369365818,0.0251262722075003,0.019310397093796894
1.0,0.5,5.213111899049494e-06,3.818921510800877e-06,3.769185354385307e-06,4.171606137193251e-06,3.0651490579014506e-06,2.993517237981358e-06
0.75,0.25,0.42356899528877434,0.33743227108169105,0.2521742903057669,0.44129178289613946,0.3524517690481579,0.26388482306453487
1.0,0.0,5.208516649135575e-05,3.6753827350466395e-05,2.852171700828965e-05,4.24121182078796e-05,3.0190041296229708e-05,2.3536147164548993e-05
0.5,0.5,0.030202096853961802,0.02548903122141244,0.019848222132619053,0.028566775166873004,0.023978058451923245,0.01840279847214521
0.0,1.0,0.22899394130237627,0.15536862570811116,0.12042248720104454,0.20468496482417686,0.13757744720012222,0.10570536525776197
0.0,0.75,0.6121848447367206,0.532412915623578,0.4250467781557702,0.6068345541894439,0.5267180643487308,0.41900802580390395
0.25,1.0,0.0712051942274905,0.05262979763273834,0.033334675372673206,0.06999529955830619,0.05142613611106017,0.03250893751081774
0.5,0.75,0.015031590313989152,0.012298148243952589,0.008729873865398252,0.015429498245482676,0.012632189183662934,0.008960937654892143
0.0,0.5,0.7665122817506898,0.6596872073276981,0.515257942019032,0.7780636020331195,0.671166028657284,0.5259727126847495
0.75,0.5,0.03078457563993031,0.0251871048137301,0.01906184414698009,0.030610140527897345,0.02503845413753991,0.01893319993861864
0.75,1.0,0.015751459815620095,0.010893652480508775,0.008462913398061156,0.01595702666170906,0.010971005069225548,0.008489416551634488
0.0,0.0,0.4896666613467071,0.3954672410093997,0.3506816552872446,0.49237511099767384,0.3989562684021726,0.35489606235818727
0.0,0.25,0.9583183431972959,0.8941560626064585,0.7848762934794735,0.9570634226034334,0.8918937126043798,0.7804181567263367
0.5,0.0,0.18928029376501654,0.11999596988355132,0.080872638385722,0.1927047952495904,0.1235126652423002,0.08471896163718995
1.0,0.25,0.008108449748438717,0.004847124667406777,0.004056900631168592,0.007870792399535143,0.004700682671330725,0.003916552290338715
1.0,1.0,0.00013305878515423863,0.00011498799113895952,9.528327826613392e-05,0.00012841509647032456,0.00011090723783091505,9.164028367569799e-05
0.75,0.75,0.1133322491772284,0.08216746137867947,0.06551499631933777,0.11405738071879812,0.08260634666463917,0.06564883330708926
1.0,0.5,0.00012055631777108111,8.179917129158554e-05,5.1594932074738864e-05,0.00011930281281591348,8.051089160265867e-05,5.0385473174374695e-05
0.25,0.25,0.8559468639663567,0.7370342428805254,0.6358990508348329,0.8551807598573103,0.7364684224186122,0.6355272903740541
0.25,0.0,0.14523741402926793,0.10052571853129211,0.06960816428933914,0.1612825890484697,0.1118329908351785,0.07814252223608542
0.75,0.0,0.00015152010293906226,0.0001262119351974622,0.00012814564054752786,0.0002390246556049913,0.00019647137976464002,0.00019981427530302298
0.75,0.25,0.04562954406270481,0.024451610799563595,0.016116417368299496,0.03917610603945432,0.020784252929267333,0.013418229111349711
0.5,1.0,0.24872524940665475,0.2175943247513037,0.14946134171725056,0.2523954616799782,0.22083938347440946,0.1522283720372294
1.0,0.75,0.0008187146892205677,0.0006286793036174299,0.00047924227969797784,0.0008058482769529585,0.0006193008493351471,0.00047190983698230937
1.0,0.0,0.028245601545803356,0.02169227738615853,0.015432459487062511,0.027969010810572792,0.021470292088427323,0.015240838424840142
0.25,0.75,0.04432743417212803,0.03503031959389524,0.03169398163017445,0.0443067780551184,0.03503341046173847,0.03170415708635821
0.0,1.0,0.2240940470970949,0.14163487506752304,0.10813289063417109,0.21865024379168974,0.13836263583775166,0.10683865709974383
0.0,0.75,0.7128555975745308,0.559902196016995,0.4425578478374026,0.7307232632056802,0.5808516771235379,0.4643376805419571
0.75,0.5,0.026176686878676136,0.016271909078696134,0.010731576222747674,0.024747434777791066,0.01576244681702632,0.01075784008957692
0.5,0.5,0.0008792686944831818,0.0006975629385241877,0.0005603354061977095,0.0007749949479178841,0.0006115073622834366,0.0004903103769351436
0.5,0.75,0.0031727284941247547,0.0022997630925021273,0.002148633399851052,0.003005213928853223,0.0021647982086762108,0.0019723431366829303
0.5,0.25,0.14192946684284502,0.09295353324144873,0.06756651089022137,0.13670974462043328,0.08851131962021153,0.06358783376717603
0.75,1.0,5.516125611171319e-06,8.371683798857887e-06,9.484360235401113e-06,5.492717732868968e-06,8.343340867189575e-06,9.423993479140691e-06
0.0,0.25,0.20974727012890715,0.15351927251969333,0.10767622153640488,0.22455648011194196,0.1647312284583532,0.11656768585862753
0.0,0.0,0.32703183118692314,0.2719428723816315,0.2275922502679073,0.3189422633671072,0.2641200986875186,0.2189020555925778
0.25,0.5,0.06681936016799206,0.04125956006536047,0.025019215889573232,0.0661029280647123,0.04088353906243569,0.024849740951206734
0.0,0.5,0.5848749668872318,0.4469370192974428,0.34792082153279713,0.5875415846931452,0.4490340722368563,0.35011313183762516
1.0,0.5,0.0069204957084830765,0.004391940327829413,0.0031867117862398597,0.007193171499976336,0.004563819716509321,0.0033110502385147456
0.75,0.75,0.01632927791013894,0.011702170635501052,0.009240773175908323,0.014530611903409651,0.010366792335286146,0.008093042051762867
1.0,0.25,0.02799866561351938,0.022011251546244948,0.017094628261482225,0.028834964195494917,0.022570651775473682,0.017457501864689307
0.75,0.25,0.0010474939043159104,0.0008613121118832279,0.000748954347872588,0.0009314337007977347,0.0007715937408686591,0.000675871402784356
0.25,1.0,0.05091951169910125,0.036813469157896295,0.036208672387452956,0.05257571484067647,0.03796175574538818,0.03718177605664197
0.25,0.0,0.7986708588188507,0.6926885438375672,0.5560825450402108,0.8046610587177727,0.6987695579973676,0.5632689041111651
0.25,0.25,0.40756878855779854,0.3202943194109231,0.25164525238498725,0.39618915607909566,0.31065413400963204,0.24323236525837688
1.0,1.0,2.996458567161575e-06,2.8236393995184628e-06,3.456582928551555e-06,3.921888732549839e-06,3.681408581868162e-06,4.50558495257436e-06
0.75,0.0,0.01014444271463777,0.00806626508035746,0.006533439085158355,0.011265091792963644,0.008941019557810348,0.007229831560141009
1.0,0.0,0.000175722442931181,0.00012973159911333632,9.687959960968939e-05,0.0001982616359149647,0.000145660297275918,0.00010807690612102405
0.5,1.0,0.00039279995132379675,0.00013737745341413365,6.54553711680883e-05,0.0003911110795855599,0.00013684431627036808,6.509456369885314e-05
0.0,0.75,0.0996871511431685,0.07432627034710748,0.05155930879807602,0.104512824861824,0.07811356838344174,0.05460100914598842
0.75,0.5,0.005027352782697947,0.003971880688806273,0.003950053868052472,0.004796859002918374,0.003778848430217474,0.0036965564824638086
0.0,1.0,0.9278825840461595,0.8608293022164859,0.7701229216060098,0.9290322075863551,0.862982586459123,0.7736609740790577
0.75,1.0,0.06829098875901729,0.04324800085974834,0.027597247752734977,0.06284337330360246,0.03934584009205122,0.024639073443095016
1.0,0.5,0.0013650064726555833,0.0005525220356834559,0.0002211133883409655,0.0013356748001268626,0.0005304131031833581,0.00020707320399848683
0.5,0.75,0.21830325939148532,0.1648638191035533,0.11345962420671385,0.22072415465631345,0.16716838939524825,0.11560407249182736
1.0,0.75,1.1955420608722456e-05,1.3030580295669836e-05,1.4179331425112629e-05,1.4221259817537302e-05,1.5455930851171473e-05,1.6692415417463025e-05
0.5,0.5,0.20365321174449336,0.16761624100468087,0.13708550226636562,0.2135801061125132,0.17608872750227766,0.14483198908318018
0.75,0.75,0.02004167710360205,0.015247792379836755,0.009638782332336282,0.02542868921890773,0.01932467793051218,0.012215898646966816
0.0,0.25,0.04118711860396829,0.033931641363587506,0.026092111873640245,0.042211259255673705,0.034726520846609876,0.026735057465256062
0.0,0.0,0.5355714413988,0.4334800609541185,0.34498234861882826,0.5258685960228568,0.4235129591724369,0.3345979661836742
0.0,0.5,0.83648425801886,0.7299728898226407,0.6304083111934109,0.835718845897489,0.7286085701727246,0.6284364109226226
0.5,0.0,0.25983445451020626,0.19018392127131856,0.1472924955560101,0.2554927987449107,0.18520041890624706,0.1412932651073282
0.75,0.25,0.00020684957275807214,0.00015551850205230977,0.00011042849965858803,0.00018926431057897375,0.0001425630523267385,0.00010107469500697519
0.25,0.75,0.6742991562070907,0.5534119704420402,0.46260464801549295,0.6103881729840659,0.48922918855088793,0.39993505489601344
0.25,0.25,0.24187768681666744,0.1672510847928158,0.11073786394778706,0.2414376549791608,0.16762177749913088,0.11136289655046694
1.0,0.25,0.07125365946199136,0.05314401780919109,0.03838312366092622,0.0651477902549834,0.0490181352184198,0.03499767931892406
0.75,0.0,0.14596073709026802,0.11320407443460212,0.08676280570450046,0.14318797254492388,0.1113912815490129,0.08548270125860158
0.25,0.0,0.5178465174158583,0.4110336346236204,0.33001389958792116,0.5567091620267529,0.44826108378181984,0.3631671153757332
0.75,0.5,0.02406811848603896,0.020080101776890014,0.01812924804310656,0.023949483620735013,0.019962505321865276,0.017979368339018253
1.0,0.0,0.0006967819501384476,0.00048777685959067174,0.00031376971329666326,0.0006923790432881161,0.000491456468411755,0.0003231098611163885
1.0,0.5,0.036853044301416116,0.029325886873396767,0.024852554670104277,0.0395902361133913,0.03163685177921671,0.0270132394692032
0.75,1.0,0.0057301779050578094,0.003598106723089467,0.0023739701785956413,0.005435756261366054,0.003395453177890584,0.0022202633128076688
1.0,1.0,0.014596253014162563,0.008253779168891806,0.00682200703179392,0.014567705902459593,0.008225428509850863,0.0067855861935477435
0.5,1.0,0.00446631004020781,0.0034473163055273037,0.0027156556637439877,0.004825441566439714,0.0037071226623441866,0.002925458479918319
0.0,0.75,0.45548574059993907,0.3759257705930057,0.2882552256035813,0.4976620958446847,0.41961046141518654,0.3334878954438838
0.0,1.0,0.3360388779121801,0.2699574259323849,0.21279449318420163,0.3456509710100729,0.2781293521218807,0.21969219830489617
0.25,0.5,0.019908608241865577,0.015490093094620683,0.012514221121129987,0.023295304282010765,0.01784861989771569,0.014226224230867945
0.5,0.75,0.3754813338109324,0.31230977006992144,0.24205347304547065,0.37224835155726055,0.31179138457791367,0.24432924665190558
0.25,1.0,0.0012148733149894841,0.0011274218227104171,0.0010797191908226145,0.0013187632925284465,0.0012223477021706675,0.0011708585699635732
0.75,0.75,0.015478842515417535,0.011950717588365412,0.008989378608684873,0.011212798804935087,0.00853258624548947,0.006023793969909708
0.75,0.25,0.03492041227957021,0.02040409878472549,0.013420116989704911,0.031034805520170128,0.018076768300403945,0.01182062013569296
0.0,0.5,0.28916529875496266,0.22083565882227862,0.17182566472611793,0.28895243548206895,0.22076708216390406,0.17113565373503803
0.25,0.25,0.7047589773596405,0.5769831600967205,0.46270522815410553,0.7060772411055495,0.5785899096392089,0.46424376496263964
0.0,0.0,0.3107482247634651,0.25870065265640196,0.21849437390600257,0.30994481682407893,0.25520585277192054,0.21277370450433075
0.0,0.25,0.5432111818113422,0.4545158862764027,0.3763833316577826,0.5492703985913465,0.45965052633228876,0.3804576491599372
1.0,0.75,0.4075847762677204,0.3653021245501271,0.3147249124376277,0.4044211766430458,0.36182452297091927,0.3106170467670303
0.5,0.5,0.0307973747878596,0.025033371720077024,0.019423963163917257,0.03522882225953061,0.028589889274110103,0.022234057511949845
1.0,0.5,9.264971620237539e-06,8.56932477844019e-06,8.626673513312255e-06,8.712552120537786e-06,8.074274454261676e-06,8.104423660171278e-06
0.75,0.5,0.008972919119077938,0.005275815159566655,0.003278659693664032,0.008688099269857918,0.0051034425148224205,0.0031639165684191894
0.5,0.25,0.05217549239067554,0.04770603325164058,0.03517688720796519,0.04517189979588099,0.04115715609740256,0.029973695659800126
0.75,0.0,0.08767470963572221,0.07324126378448736,0.05705276573230256,0.08742069814816888,0.07293005385800488,0.05665119387138828
0.75,1.0,0.0004412945908064403,0.00032648980618377177,0.00020777969548535502,0.0006652722731498306,0.0004971797128106026,0.0003295434942469644
1.0,0.0,0.00033881126941248674,0.00021008250821097363,0.00015466125443630574,0.0003333218591956566,0.00020675696591587744,0.00015195921646271593
1.0,0.25,0.000552887125705559,0.00036495625348864635,0.00020840144122991067,0.000578642199349666,0.0003827840450105757,0.0002195439668590815
0.25,0.0,0.9983021949279223,0.9909864253673635,0.9756926554161368,0.9979139290095195,0.9893567731605935,0.9717329954728148
0.25,0.75,0.48638472361020857,0.3877565073597501,0.3215026816524673,0.529802008202551,0.4265272749867548,0.3580400469944991
0.0,0.75,0.6785791528208045,0.5303066083811923,0.3764579049417798,0.74226146639736,0.6056187727518112,0.45514630790291033
0.0,1.0,0.6860026050027747,0.5798187950763167,0.4589319524132316,0.6799769646239966,0.5726524888513875,0.45112518126536294
0.5,1.0,0.0007651447585600435,0.0005152427127148584,0.00037608336817018806,0.0007479445223567138,0.0004888891364844827,0.00033938848338521677
0.75,0.75,0.00341682321807224,0.0026893621407351187,0.0022172969794658215,0.003872419320272824,0.0030906162295398776,0.0025976894665088457
0.75,0.25,0.0022221940315205746,0.0017287040120892438,0.0013714774705579913,0.0021940808822975555,0.001709664131563704,0.0013542176142958828
1.0,1.0,0.0018844216862662355,0.0011740937801163476,0.0008622166723135649,0.0018405196113111533,0.001147252125921483,0.0008363477535008323
0.5,0.75,0.0463186121121586,0.039930597644303845,0.03311547185537933,0.06077972095380302,0.05234719099524576,0.04393644916265138
0.75,0.5,0.02860066966755348,0.023487878506729398,0.017175009481334325,0.028839889068721924,0.023684888311272134,0.017271850544131606
1.0,0.5,0.31165156137207217,0.24312973372352398,0.19022785403850284,0.31062167729176093,0.24183092876453982,0.1887015445652125
0.0,0.5,0.327560621807921,0.24296691208369547,0.19388259265876595,0.3152210885614828,0.2325298967808762,0.18353105046388896
0.5,0.5,0.005390800962905784,0.0032095594269888617,0.0027081594646916063,0.006825658413338154,0.0041466045737639234,0.0035516255257499463
0.25,0.25,0.0034928678389828383,0.0029271219159813233,0.0025106143536396397,0.003527467474865542,0.002951304475661276,0.002525131169843431
0.0,0.0,0.13929578817047616,0.10373203483208449,0.08144597298782885,0.13159068355806958,0.09782951744740376,0.07652167667409493
0.0,0.25,0.9327279077367101,0.8674454219252198,0.7826139310138963,0.9318911289958753,0.8659097859463312,0.7796499816503806
0.5,0.0,0.2419561705773755,0.18692267559426567,0.15309737129112744,0.25191092804618154,0.1965416622755115,0.1628290228657423
1.0,0.0,6.553236661188677e-05,5.721787568169212e-05,4.364874630935489e-05,7.378142826097722e-05,6.506715519516426e-05,5.036789956047727e-05
0.75,1.0,0.006189164335531405,0.0039754099408058075,0.0021499781371756566,0.0062614889389969175,0.00401623514667071,0.002164708657403369
0.75,0.0,0.00038372967744970676,0.00025821175690521336,0.0001558289083622988,0.00039694820846380985,0.0002653940407980615,0.00015886421095667735
1.0,0.75,0.008117673116620261,0.004596491803718461,0.002476928375525933,0.006980137546615639,0.003963889435397494,0.0021252795631749866
0.25,0.0,0.0014977327243916871,0.001181136648239045,0.0006820166525012272,0.0015491670267661073,0.0012213893632671002,0.0007056737010706637
0.25,1.0,0.19161456945069077,0.13504969760992647,0.08918352749861613,0.19532523209519703,0.13811440794752539,0.09249663408174846
1.0,0.25,8.080927308640184e-05,5.414593583230598e-05,4.257224671844195e-05,0.00015832660730930037,0.00010277904083022538,7.962917174342277e-05
0.75,0.75,0.0039042190388904885,0.0033820493235872107,0.00313580903513222,0.003750523909149095,0.003251873171115083,0.0030108003758777535
0.75,0.25,0.14906706549533588,0.12144188381746845,0.08936643547256651,0.171756988914061,0.137611698646393,0.09891106647376557
0.0,0.75,0.1025200379983694,0.0721613466500104,0.05357261935398283,0.07373042201971125,0.05059081403078469,0.03633067614485874
0.25,0.5,0.12829249622928696,0.09536447781907964,0.07175643945018018,0.1280496244787016,0.09511716891381705,0.07135135682164051
0.0,1.0,0.09360925528678155,0.06296044602340656,0.04090895877714984,0.08226623650570497,0.055644967099085174,0.036192857920116395
1.0,0.5,0.0002585319102799133,0.00019465962346743027,0.00013514120262858587,0.0002613349616991112,0.00019864175948369756,0.0001388053043576143
0.5,1.0,0.0966558970464303,0.06953427593895967,0.05263384086476175,0.10033331981573457,0.07266638993195529,0.055456403106083685
0.75,0.5,0.30885926890350435,0.22186315710537785,0.14522369904091348,0.28340789075849293,0.19971994981207153,0.12537388616105494
0.5,0.75,0.018453314815037314,0.01332055826675771,0.010446397418971465,0.020058612941737386,0.014642185531285712,0.011648357193541181
0.5,0.5,0.46780946491493713,0.3753456854938726,0.31250710914367286,0.48338661446349085,0.3862854917549604,0.32165973116258506
0.25,0.75,0.004730356317909079,0.0030940711906345397,0.001851791587648366,0.0044379359860806655,0.0029303457732113847,0.0017417337311012027
0.25,0.25,0.19041810818851246,0.15738270345804484,0.12211384833443195,0.18688877232527312,0.15535883897242486,0.12193562052264917
1.0,1.0,7.120584843756106e-06,5.128928050601722e-06,4.431175898655937e-06,8.155035168821989e-06,5.89891261781883e-06,5.143682861641352e-06
0.25,0.0,0.17916440876680184,0.13478079500884332,0.1076224413245307,0.17141993245591824,0.12823296510914195,0.10163370359353496
0.0,0.0,0.14898285395982003,0.11642189656514201,0.104154207765079,0.15903197329855157,0.12519925904361817,0.11282832332783321
1.0,0.0,5.4613937000791424e-05,3.692028245616541e-05,2.7039886152158132e-05,5.514526923655616e-05,3.731743929091813e-05,2.7345635743358798e-05
0.75,1.0,0.0065394097008164564,0.005161621593295362,0.004978834904481255,0.006133786574778366,0.004857433717077919,0.004683948787340686
0.0,0.5,0.44846289925492466,0.31814510509852245,0.2368814600336956,0.4247388347129186,0.298137391310345,0.22155153946510409
0.0,0.25,0.04518943751037241,0.02857892734052414,0.0175617966156858,0.050119449629213,0.031719679110948196,0.019524390033746286
0.75,0.0,0.008338570608874885,0.0060635282353801445,0.004899683569318913,0.010759683547390875,0.007842712234625848,0.006431875171498014
0.75,0.25,0.0012084108971814889,0.0010619343432206607,0.0012859683749634199,0.0012047850603060795,0.001057196536963012,0.0012797999807500071
0.75,0.75,0.013502825423260534,0.012437311503132209,0.009676069305774027,0.014593356731303797,0.013502530672296453,0.010808435214835876
1.0,0.25,0.017263001514148835,0.012859792726350183,0.009470131111612545,0.015536242469147199,0.011615835227194005,0.008544644431889403
1.0,0.75,0.004082178555530724,0.003292281560630661,0.0027290776849184795,0.0038353664069066262,0.003090762075927067,0.0025431888860902863
1.0,0.5,0.0052212891578241605,0.003975833172732091,0.0035445837489632703,0.005065364206558343,0.0038508214887238434,0.003417951161603705
0.0,0.75,0.5925584097984362,0.4961880928533742,0.40670166842492594,0.5920998849612705,0.49569610311165224,0.40614089539173615
0.5,0.25,0.11231256816994106,0.11339929955026873,0.10903827964498625,0.11258041991759038,0.1137246418174871,0.1093465602910546
0.75,0.5,0.001739258025378554,0.001297474882441918,0.0009306146993364184,0.0022605303324787496,0.0016862542408173642,0.0012221595150765374
0.0,1.0,0.37118755372503465,0.2756348739745218,0.21420760811269912,0.37955860411666387,0.28075457903988443,0.2160961351823707
0.5,1.0,0.0032815717560485957,0.002345491208197825,0.0022688306654377044,0.0028614975373093543,0.0020446963848355093,0.001971139303069469
0.25,1.0,0.00865960935938448,0.004075622106072707,0.0025348667822557847,0.008489167952776433,0.0039872246756560425,0.002473586153200369
0.5,0.75,0.03573372962087262,0.028871625898197806,0.0240615055369251,0.04867007924545663,0.0389913888082829,0.03285513447975008
1.0,0.0,0.003497342492826072,0.0022686810337939622,0.0013042692342818407,0.003498298879952122,0.002248352490502925,0.0012817728228672332
0.25,0.25,0.02263168089290324,0.01836569699759938,0.01465360710308694,0.022541195490208388,0.01823920061506712,0.014518688306939254
0.5,0.5,0.2712989523436369,0.22575886881634633,0.1936249582878372,0.2702403785430876,0.22473660068689472,0.19270866781878193
0.5,0.0,0.14999342198997057,0.12481559717474233,0.10362079193025509,0.1389191386408728,0.11549813889719385,0.09528166884417522
0.75,1.0,0.007039327978132004,0.004011740977975298,0.0022432617128568255,0.006927579876652823,0.003942149753046964,0.0021957223430759676
0.75,0.25,0.0409515148211399,0.03155866059454904,0.022534474997388365,0.047438163407704126,0.036646930412602585,0.02647518650657832
0.25,0.0,0.7779936236145011,0.6720799946236206,0.5597922883442286,0.7630328335065018,0.6548299005113274,0.5400570861289162
0.0,0.0,0.17742377517962793,0.14068907527197683,0.10384795264524893,0.17709559350220094,0.1403524604023888,0.10347432755997088
0.0,0.25,0.7516897916110639,0.6793359484320103,0.5821600218525202,0.7918942959910282,0.7213042919270718,0.6245911319660361
1.0,1.0,3.0061785474266856e-06,2.783095587099993e-06,2.9437640616247762e-06,3.0758240219252997e-06,2.8442953136087468e-06,2.988481823118505e-06
1.0,0.5,0.0009198104652154981,0.0006734573077974426,0.0005826756755724638,0.0009007815526136387,0.0006588922843969724,0.0005684883877791203
0.75,0.75,0.18837184681944663,0.1729941061155188,0.14268171436191346,0.18871448330732288,0.17269960395788986,0.14168675028973587
0.75,0.0,0.12649017335967705,0.10415674582304169,0.08996219066070954,0.11894306936994714,0.09742303418872966,0.08348203424521128
0.0,0.5,0.6525538030751561,0.538448231082063,0.4242262872452527,0.6552052701756839,0.5409254560483994,0.4263248010113879
0.25,0.5,0.008021447840967366,0.006111366859580247,0.0037346138863769696,0.007838925158747845,0.0059749465500474885,0.0036494718386900216
0.25,0.75,0.7322422185602544,0.6669659166531416,0.6060203171085684,0.7325421502217881,0.6668221054771735,0.6047900139801456
0.75,0.5,0.17703961344883234,0.11690127201779865,0.10930031293113407,0.17719192865892297,0.11691318879079704,0.10917021302970809
0.0,0.75,0.7577625601322711,0.5964677941329748,0.4925504304745607,0.7567609903616708,0.5951115169729433,0.4909140399814219
1.0,0.25,0.0004069211557692354,0.00022513958033809622,0.00011259794980422733,0.0004306897162905665,0.00024312401725423705,0.00012419164813937122
0.0,1.0,0.9500459385192406,0.885148730914451,0.7634348917215683,0.9438879446221762,0.8729695710086709,0.7407854540600289
1.0,0.75,0.07653255975104245,0.05135505386229866,0.036354715216770805,0.07359954703179983,0.04934499214928667,0.03477839597975341
1.0,0.0,9.612379219925415e-05,9.903860987137136e-05,0.00010123817759988274,0.0001051978564623468,0.00010842785066689231,0.00011101267977031704
0.5,1.0,0.004620419866605108,0.0033534534891268564,0.0028191467723767127,0.003430381569138663,0.0024864068273418027,0.0020373236780327764
1.0,0.5,7.18618873352117e-05,5.3530939428392266e-05,4.158801702724979e-05,8.118513889443513e-05,6.0881915209809456e-05,4.766001219747018e-05
0.5,0.75,0.0033420554355441112,0.002661224077071811,0.002044994563929148,0.003892060722058943,0.0030471700660508194,0.002320870663553798
0.75,0.25,0.0028497598374223054,0.0019647881984015125,0.00134159000105738,0.0032561370327596206,0.002250623804164187,0.0015397784583786045
0.75,0.75,0.025589313553532,0.019493754434415367,0.016683332896126113,0.025326687822417093,0.019283568103251048,0.01647121878174984
0.75,1.0,0.0001866655440558862,0.00014602471229352432,9.521639535836623e-05,0.00020402119224227633,0.00015939784394713996,0.00010425248591217073
0.25,0.25,0.014251796204363676,0.012213591733222007,0.0097309424632388,0.012816304129303124,0.011009140179089716,0.00874490113574744
0.25,0.0,0.0016178076233428484,0.0017010093143909888,0.0019088233213429007,0.001367895863828128,0.0014299269883569776,0.0015631745686561782
0.5,0.5,0.002495232962792193,0.0013317271858863666,0.0011454067412424163,0.0026358231745633454,0.0014183562973341113,0.0012351576513398577
0.0,0.0,0.6489969772704298,0.4136410690690878,0.20633805986862308,0.6655705547236852,0.4236042225626331,0.20891491268655138
0.0,0.25,0.08714576604711177,0.06240934923121144,0.042793813167331995,0.0989921032503831,0.07060870101823868,0.04846128694071816
0.25,1.0,0.05026732215076335,0.03925286487692292,0.030363228747328774,0.056606370685325924,0.044912389102762296,0.035536846950112944
0.75,0.5,0.011412277458960451,0.008468982914783263,0.005659450867776861,0.010470959740446761,0.007736645092447425,0.005112736148723762
0.75,0.0,7.234778890130578e-05,5.1138755299717786e-05,4.168621668754202e-05,5.2742690201501574e-05,3.73706122570594e-05,2.9762842742808715e-05
1.0,1.0,0.0004450456491595922,0.0004067975507382471,0.0003319448187356633,0.00040411458003331013,0.0003689635028101268,0.00029867363666158386
0.0,0.5,0.07867275385550454,0.06775348937670445,0.06123357615918379,0.07901140833690135,0.06797551353607412,0.06140118312343601
0.0,0.75,0.9590916610367228,0.8930079533457371,0.8371449111815533,0.962187486416189,0.8959137418206095,0.8363592029393021
0.0,1.0,0.2701697622902186,0.21374293041751047,0.1971575428430583,0.26870998089743947,0.21347881855305573,0.19744354724041802
1.0,0.25,0.0001431145585903959,0.00011039197539730594,8.248400079591267e-05,0.00013278069506705847,0.00010202603632292195,7.490631648199297e-05
1.0,0.5,0.0005121274080210902,0.00046198373784944735,0.0003883516046682134,0.0005982877521810703,0.0005392554754712897,0.00045404521802938635
0.25,0.75,0.6069021134340709,0.5308117067919184,0.4610205017722968,0.6041951087756721,0.528012213120008,0.45803322390536483
1.0,0.0,0.0031656943698705753,0.002082257164586876,0.0015066353716856051,0.0034759247860491893,0.002232340999295368,0.0016108015380972285
0.75,0.75,0.17613268876785493,0.14472261017951593,0.10644965411649987,0.16821969378968127,0.13824845712436706,0.10185001420606388
0.75,0.25,0.004229834854286629,0.003548967199417885,0.002451464788853941,0.004199406914998871,0.003520037453331626,0.002422367944338699
0.5,0.0,0.0008693584455981007,0.0005896091609240983,0.000678408997438984,0.0009731827679442251,0.0006472257697451855,0.0007367710984682585
0.75,1.0,0.08356792196725449,0.07116093194460305,0.05975857928000983,0.09126934347675908,0.07787848377441298,0.06522114903081833
0.5,0.75,0.18046906651802985,0.12883746075154645,0.06613177806723014,0.2167225008902658,0.15603569786146942,0.08528146549547433
1.0,0.75,0.0319557032457205,0.022298883875911613,0.01798444355452755,0.030812636399547122,0.02142097077398286,0.017153655452974648
0.5,1.0,0.1481878424384674,0.10656656935139597,0.0849735243540074,0.15311674580021972,0.11212167263079831,0.09111499565818404
0.0,0.0,0.5635597650528865,0.46701947185420845,0.4022792710842581,0.5962901183547707,0.49948012273573905,0.43458452110132506
0.5,0.25,0.15614389955924968,0.06892066107683725,0.02283854718989997,0.15312788676060018,0.06714944213023699,0.022013603628263656
0.25,0.25,0.8431626501940223,0.758969008301856,0.650953229357177,0.8510511112951006,0.7638769700124748,0.651293059578397
0.25,0.0,0.2554741839523038,0.17622290194878643,0.12952440549370736,0.24965162925422701,0.17213834643692572,0.1264726420581379
0.0,0.25,0.25630884377260754,0.20505084551256703,0.16747267027598456,0.24283972989475222,0.19326348285967843,0.15668536238401898
0.75,0.5,0.0004707413704402308,0.00038270758041469843,0.00031838956042773425,0.0004708133987044727,0.0003825304845124222,0.00031648560423436223
0.5,0.5,0.000630227385903126,0.0005060348019623184,0.0003792218015818971,0.0005035706874956247,0.0004070637698316837,0.000305906517568566
1.0,0.5,0.06218762187638738,0.04897577947629794,0.041681489984190745,0.061539102516338096,0.04835490289676214,0.0409176957869255
0.75,0.0,0.15827136089489913,0.13322330785950232,0.10743351785852084,0.1575162076305151,0.13284797332030784,0.10735378940163987
1.0,0.0,0.0005553761163551441,0.00026018141615913315,0.0001835850793791005,0.0005847837451764537,0.0002713194755576964,0.00018931254579857004
1.0,1.0,0.004558990352925396,0.003300403837681931,0.0020792930798647635,0.004548340345265078,0.0032962910051630434,0.0020749579848253763
0.0,0.75,0.7581969869350004,0.6670889869357274,0.5981431876586,0.7130771898722512,0.6193202802913071,0.5498622569886114
0.0,1.0,0.1999034026600479,0.1391399766286323,0.10278627282618436,0.20879122650943138,0.14657624343380382,0.10991765065627768
0.0,0.5,0.6784184871710923,0.6198981909888144,0.5402220947239409,0.6720815074293304,0.6129311334114249,0.5323820332744993
0.75,0.75,0.013794274261771489,0.011418345615939463,0.010182253927066731,0.01433587298772887,0.011859227734371869,0.010591657477777794
0.75,0.25,0.0007226621166994684,0.0005362034436835472,0.0004480784229889956,0.0007028127384134386,0.0005209377199099086,0.0004341973395567411
1.0,0.25,0.0005880951845537163,0.00048628952765294997,0.0004244720454883444,0.0005787667338442715,0.0004730293721968426,0.00040906638454463184
0.75,1.0,0.0012902748561616217,0.0010804071046642827,0.0008443181935220423,0.0014279163557857633,0.0012000614363920636,0.0009491354425842369
0.25,1.0,0.11304934846334269,0.07622776259415631,0.05755656234210149,0.11793796440511906,0.0799131580166389,0.06069628666055116
0.5,0.75,0.06678697525124355,0.030831868240290605,0.018247884708441853,0.06293588344933809,0.02874438879836194,0.01688465054071009
0.0,0.0,0.0022029855256315845,0.0014312941009456681,0.0010327649342838363,0.001731904812422247,0.0011138314682395123,0.0007908160922519558
1.0,0.75,0.06274013734915274,0.03487808926640201,0.019570916653944614,0.0548264471444464,0.029861303561320884,0.016197910621030265
0.5,1.0,0.004919673000380098,0.0038937265407881227,0.003240919206859205,0.004964709355441244,0.003920992295868064,0.0032631330485610732
1.0,0.5,0.032081701152500974,0.018022366373892984,0.009614630239292321,0.03182860319892822,0.017858388891280885,0.009498496294586212
0.25,0.25,0.08725767062705281,0.06622427818994825,0.0516836706174999,0.08676593429110269,0.06581810393585796,0.05130664767258253
0.75,0.5,0.00033587590977579573,0.00021927624544004765,0.00015132795401506804,0.00036559731863639033,0.00024130110902387258,0.000169837833523534
0.25,0.0,0.10085401251145121,0.06225726052630964,0.03731865068026763,0.09357238982325355,0.05690896442439741,0.03336865862131644
0.0,0.25,0.7590529879067428,0.6431713575301199,0.5425036970484445,0.7482011224927574,0.6353208704088317,0.5386407511463243
0.25,0.75,0.29433504124176224,0.245407520830344,0.17610537171519858,0.2796675931662367,0.23229976126769425,0.16508344385602491
0.0,0.75,0.6452620869706897,0.5567876524649409,0.47274015992751606,0.6408868901234299,0.5527285652895038,0.4686083094772834
0.5,0.5,0.019169681341940747,0.016237401788817163,0.016025007711630623,0.020507209483837663,0.017349592296194816,0.017104049483682715
1.0,0.0,0.007080324028057805,0.004599629408999051,0.003294584183799021,0.006473869213936445,0.004172599750697392,0.0029181884730986596
0.75,0.25,0.0056237533065464085,0.004197200182280425,0.0035195354711514693,0.005148359881771869,0.00381650629992647,0.0031551946618484372
0.75,0.0,8.67354018735389e-05,6.079357757338144e-05,4.660614397988816e-05,0.00011909371520191225,8.309559175190273e-05,6.358964819375146e-05
0.75,0.75,0.2301861151052469,0.17261837187676488,0.13393706141295236,0.2305294661501146,0.17278956257475175,0.13401661317518776
0.0,1.0,0.2254779321946505,0.18309894173211538,0.1387306739051003,0.22346096460625642,0.18119070484197608,0.1368525004552409
1.0,1.0,0.00045512440619366323,0.0003953464195430856,0.0004108852280282349,0.00043561945948566994,0.0003777320190494482,0.0003906346405134764
0.75,1.0,0.01588053250161936,0.013704749608565603,0.010231046441912861,0.0168808632177484,0.014436489974793076,0.010668318583877734
1.0,0.25,0.011993316123837472,0.009650473991514752,0.007069200920628349,0.011250220980600245,0.008943929630097158,0.006447543520818777
0.5,0.0,0.3731988353800608,0.3149915890966818,0.2500339673737606,0.3648123062301971,0.30481960069850556,0.23840966813175835
0.0,0.5,0.628479825867635,0.4925594184187416,0.3950329330460032,0.6321276958030713,0.4995095988177276,0.4060090783443002
1.0,0.5,0.001650604600153649,0.0013633741543627176,0.0009225874198364181,0.001628189186150153,0.0013454447103693479,0.000913679125590261
0.75,0.5,0.008648077125906983,0.005318548650109389,0.0022991276259290983,0.009501863817585887,0.005890963479823208,0.0025843056539085474
0.0,0.0,0.9401733363890933,0.9096377162915932,0.8561705649092509,0.9546157855709488,0.925926871045633,0.874200848137717
0.5,0.75,0.04353781200411211,0.03252255922228653,0.0221658615723761,0.048094375905956555,0.03603181266520994,0.024735248144182487
0.5,1.0,0.01345836960677671,0.01083549725091737,0.008495831150547861,0.012363654131616553,0.009921301646110825,0.007724034532495816
0.25,0.25,0.42321932427510234,0.3308037264497493,0.27595638151689517,0.4479423109891467,0.35220074361482845,0.29693205233792386
0.75,0.25,0.0015477110611532563,0.0013026103020250535,0.0012924127667081065,0.0014956553627738511,0.0012788022614678152,0.001288785742258991
0.0,0.25,0.3317494967495018,0.26342446984415613,0.22908512683104343,0.32832138231178076,0.2602834234572071,0.2256603097012736
0.25,0.0,0.19740704787077623,0.1711852062591881,0.14297899249246493,0.22038141847573034,0.19226653736422705,0.1621196782504083
0.25,0.5,0.5188647768320889,0.40598125703248333,0.3320012444680478,0.5147641239387497,0.4028543402622151,0.3293122641219429
0.0,0.75,0.3551929414082913,0.33636903971650534,0.2858162375342048,0.37338626407355724,0.35381502279610544,0.30278904624350167
0.75,0.75,0.01844503347996851,0.015181464058574234,0.011091935708386957,0.01438425171242419,0.011702824098711151,0.008343468977569879
1.0,0.0,0.00022904745361995715,0.00024121711256952505,0.0002792158924425081,0.00021661310529741407,0.0002285339751613158,0.0002644949991457146
1.0,0.75,0.0006421363208840569,0.0005021615179124916,0.00041162367018476864,0.0010771924980406133,0.0008517320211797186,0.0007189492529735553
0.25,1.0,0.24235850507752021,0.17113213151447115,0.13970079607384323,0.2521062658111578,0.1766334057996366,0.14082794412885802
1.0,0.5,0.022668434717837416,0.01722781219787395,0.014858174775774113,0.02273523673871325,0.017267232095599105,0.014864875102321706
0.5,0.5,0.1200138691889926,0.094729006791485,0.07547425489719739,0.10742503885914512,0.08477189840451627,0.06644292689024778
0.75,0.0,0.02144811795069146,0.01641647004554081,0.012233830447914706,0.024439737862466226,0.01860330411289235,0.013767536799500046
0.5,0.25,0.0044010185670182445,0.003917864003019189,0.0030921598279947116,0.004054371596805106,0.0035948676919355105,0.002825924196661944
0.0,1.0,0.9817192820648719,0.9316480401740771,0.828637697613529,0.980360525035349,0.9278532125662735,0.8217591356228935
0.75,0.5,0.18268689007332084,0.12470793038875827,0.08375614702159251,0.18349130200156683,0.12615128955942223,0.08611702485944339
0.75,1.0,0.011858072669548303,0.008479883606612448,0.00677618744132491,0.010534970047323733,0.007402561496171245,0.005768706117418865
0.25,0.75,0.08830456477168469,0.07330532047157279,0.0593342287182429,0.08288378014587061,0.06823450977297107,0.054500296394973
0.75,0.25,0.004838474172545126,0.003106082308266589,0.0021896534691170366,0.004108349313629134,0.002658475870000121,0.0018755704656839844
1.0,0.25,0.005401356202901386,0.004146001476647232,0.003995726265800803,0.005122901984567663,0.003915170555292891,0.0037528295384972044
1.0,1.0,3.135174517776562e-07,3.006794726534423e-07,3.429361177254009e-07,3.5821171351368974e-07,3.404960855490913e-07,3.87831128101368e-07
0.0,0.0,0.06504271329385092,0.05571184122121586,0.04758827874199845,0.06911159607557316,0.05909507046429929,0.05042837329172101
0.5,0.75,0.10752839440554707,0.0882104975030289,0.07380622377499058,0.10417224214018739,0.0852245184501983,0.07087769510319131
0.0,0.5,0.436070304666366,0.3558267044564052,0.2527418892529415,0.4707973708772226,0.38549658957034594,0.2762172174406754
0.0,0.25,0.6164293944357988,0.5279108133507471,0.4479795213624641,0.5877318476075545,0.5023715758008094,0.42624410461295825
0.75,0.75,1.131460531578199e-05,9.088438108317831e-06,8.254392457218707e-06,8.49047797357727e-06,6.885023083880171e-06,6.2538731946393256e-06
0.5,1.0,0.0011049291803401085,0.0009901508314681395,0.0009665075672351531,0.0012753183270466373,0.0011422032201724441,0.001119674766407175
0.25,0.25,0.13162609009583448,0.10001605225742038,0.07764943094881427,0.13901838634882613,0.10560062112549073,0.08278323712954216
1.0,0.0,8.479938781968954e-05,7.711435952528767e-05,5.625919723240003e-05,8.385654494991179e-05,7.626878821820338e-05,5.5485401328159156e-05
1.0,0.5,0.012169500022613855,0.007746040213640559,0.005713102927013658,0.011483320727193269,0.00731265814916382,0.005382069538866774
0.0,0.75,0.42408841190989566,0.3645981122248677,0.2997426822264917,0.42318391235083375,0.3639111245236938,0.29932925440110314
0.25,0.0,0.6272280710183791,0.47176266710953985,0.3087541840610295,0.5947806952376853,0.4414071408358997,0.28395318983007134
0.75,0.0,0.04129667405275739,0.030399695460361142,0.026152611865703612,0.04614915597051472,0.034295212783405304,0.029670076315447824
0.5,0.5,0.08864786838499161,0.07861474899063581,0.06538832907377423,0.08692029688740044,0.07699560605988753,0.06379991404345664
0.75,0.5,0.003201543770786519,0.0023466275575765305,0.0015678993406663677,0.0028050491456954596,0.0020271333568474548,0.0013345305634846483
0.0,1.0,0.21989065739322577,0.18018304673641217,0.1456116462685232,0.2557869409370157,0.210449611761926,0.17145096969169504
1.0,0.75,0.14382709114031322,0.10905087817054282,0.07556932967454688,0.1533108733233527,0.11639077404525866,0.0812940255211605
0.75,1.0,1.91299899621189e-05,1.2824644983311373e-05,9.590942419479553e-06,1.7286967860408176e-05,1.1382455715969186e-05,8.291125640491614e-06
0.75,0.25,0.0036659400326164437,0.002585889445195888,0.002297537769228919,0.0043498197990756715,0.0031301864915057598,0.002831762382186964
0.0,0.25,0.11332257268858048,0.0868714743956085,0.06733795217082905,0.11459411750397541,0.08781128692220519,0.06803365224149127
0.25,0.5,0.23994201276774674,0.20901555079072198,0.17520391746003172,0.2280133276438503,0.198152033610679,0.16498035782080245
0.75,0.75,0.004493046223570829,0.003105781559238352,0.002200036555235152,0.005109084941633979,0.00354913671750845,0.002544475502619714
0.0,0.0,0.7847307181501664,0.6283929087709224,0.5016965507207879,0.776833875084432,0.6196057113839373,0.49482494973977786
0.25,1.0,0.07434581069685708,0.044277257554336424,0.02728843525101421,0.07499941395429055,0.044601420200162556,0.027378103864066916
0.5,0.0,0.0022059623866772515,0.0015165460443459233,0.0008418854724643321,0.002147025432869598,0.0014731267794780845,0.0008128976584821368
1.0,0.25,0.0004533460770661524,0.00037664741178411454,0.00034829068294583987,0.00043320756942355487,0.00035748744994446024,0.0003277066554736585
0.5,0.75,0.24095070490622228,0.17265844293826893,0.11680997877202581,0.23831628252007886,0.17046298780458535,0.11503386625026324
1.0,0.5,0.000526985964710569,0.0004100168185033892,0.00033582191366010594,0.0005636415492555891,0.00043829512179893726,0.00035811576443034454
0.5,1.0,0.0007632073578568432,0.0006826668526798141,0.0005217706249199816,0.0007541428705302167,0.0006730769961951211,0.0005112292473060664
0.0,0.5,0.058034769679676246,0.039988670516160285,0.023407873186695682,0.05883526819826712,0.04056445978302203,0.023762763243590612
1.0,0.0,0.0005482065858074536,0.0003697630953316544,0.00033080752482272935,0.00047383330335049045,0.0003234287651185941,0.00029110443032509536
1.0,1.0,9.666327335677849e-06,5.718116040553944e-06,3.4328418310192177e-06,9.332804764561331e-06,5.547045713871768e-06,3.347001492404189e-06
0.0,0.75,0.6327626650816174,0.5286831124237552,0.4309240887472191,0.6311256874313766,0.5239727602790523,0.4217117109441859
0.25,0.25,0.7844563221174209,0.6947773676007245,0.6083671191106027,0.7706792567324975,0.6771669978807041,0.5856931749024068
0.25,0.75,0.01410492231131577,0.009221964169447872,0.006290312928678876,0.013442117005914911,0.0087819523341377,0.005962303481500508
0.75,0.5,3.3693709037385666e-05,1.8025841099111872e-05,1.206587108026902e-05,3.397643268288064e-05,1.8158906239129635e-05,1.2144443978012731e-05
0.25,0.0,0.04225592960028035,0.02876502032397177,0.023922722263212903,0.044245343333120246,0.03005079770346286,0.02492729984204578
0.75,0.25,0.0003742148979257731,0.0002884304282864125,0.00020826036229759648,0.0003659725585857254,0.00028205102024259077,0.00020294846299484526
0.75,1.0,0.11126467981905175,0.07841394484184128,0.055123118955381134,0.1154786801722224,0.08210008647317668,0.058653385434198624
0.75,0.0,6.451265283047292e-05,4.958997401405263e-05,5.1559902000786195e-05,5.588634300235373e-05,4.282162757718311e-05,4.4071286382729724e-05
0.5,0.5,0.0325777633983273,0.0217801660922885,0.01509924339982649,0.025292062888121247,0.016805439513541742,0.011299124442604502
0.0,1.0,0.5908036918884528,0.548689957149414,0.4571854944302649,0.5864807666862435,0.545173814231597,0.4537306050215604
1.0,0.5,0.21043340799496357,0.1548687914642316,0.10710319698222603,0.1819672407331976,0.13121721297093847,0.08792650715904504
0.75,0.75,0.0016029896586948755,0.0009859869811807975,0.0006803721442197874,0.0016250715777346159,0.0009990705337085126,0.0006878236838960827
0.5,0.75,0.032564894832488256,0.02432501523098285,0.019293548040367314,0.030804034027579474,0.02306218384428571,0.018232043399141196
1.0,0.75,0.008621858191102616,0.006675895908823781,0.0062235175420464195,0.009810604325126704,0.007483970648739957,0.006902721557692448
0.0,0.25,0.9634948604340392,0.9270845512461954,0.8747959937053413,0.9658674419189414,0.9313288150234242,0.8822113988050502
0.0,0.0,0.8152883599044707,0.7771872160014508,0.745615276372058,0.815081241472423,0.7770235812961739,0.7453691699013641
0.5,0.25,0.08012283696306122,0.0625868348400449,0.05562184497372136,0.07103619234645442,0.05502285101717419,0.048097762613846684
0.5,1.0,0.048318855847930275,0.041715348580192546,0.031992503144365525,0.04904591571994654,0.04239902502723236,0.032610071256159445
1.0,0.0,0.00033491855593881237,0.0002695262703586998,0.0002267519195977563,0.0005313661801531477,0.00043571057337077335,0.0003842238251103858
1.0,0.25,0.008086924384252514,0.0038656868178594816,0.0017008739916073434,0.00803012133914971,0.0038253306786260044,0.0016728698595847025
0.75,0.25,0.01532000703073566,0.01154963009869614,0.008919365520741684,0.014736883378946186,0.01120756349297114,0.008765335242064243
0.0,0.5,0.8379213153545387,0.746908513089766,0.675915943135276,0.832231682172264,0.738340692578922,0.6646602300534177
0.75,0.5,0.19385609267828519,0.13726689719607998,0.09164257162406675,0.1797634430198638,0.12725264311020712,0.0845349729324395
0.0,0.75,0.8215091872236976,0.6827303954963624,0.5272575306680929,0.8226174643502924,0.6836471117436891,0.5275615721903086
0.25,0.25,0.06966889169228052,0.04469090090170724,0.028357926498475905,0.06111012606146127,0.03971628065875765,0.025476028884542146
0.75,1.0,0.0003640834343672239,0.0002559621468525286,0.00020382882339875508,0.0003463444316820219,0.00024330653300896898,0.0001924389728433784
1.0,1.0,5.38142014883114e-06,4.454623045879735e-06,3.89091496266758e-06,4.444828486049879e-06,3.7091361457797234e-06,3.2416371764654173e-06
1.0,0.5,0.08089704676309983,0.05768745151888599,0.041655985324852374,0.07676122769161475,0.05491378159072147,0.03966229500009599
0.25,0.0,0.21428762991689743,0.17210266778433303,0.14456686712494904,0.18399915676061318,0.14369563213240477,0.11560107781015472
0.25,1.0,0.3845156860316221,0.2755286468679512,0.19896668027613273,0.35323394629006555,0.24997690956118657,0.1773897803426978
0.75,0.0,0.08372419417971078,0.06080903547513783,0.03901031787167053,0.07567299288297802,0.054727684465629145,0.03442819334251612
0.0,1.0,0.7649027825412759,0.5685179643517112,0.3655078263936473,0.7541428555477113,0.5537663338397956,0.35054768073281317
0.75,0.75,0.0020645259658748083,0.0015120657189793274,0.0010871474843879847,0.00168028078330007,0.001209555283283148,0.000842035909417449
0.5,0.5,0.09333243043321982,0.066917893533741,0.04291471668625235,0.10070733783344155,0.07296069720082587,0.047981421081313425
0.25,0.5,0.7791663109866906,0.6694034149757829,0.5887585818320723,0.7795398041989599,0.6700130227700496,0.58943537208337
0.0,0.25,0.9356858586160437,0.8665879348085807,0.8090315024185549,0.9342913115488913,0.8639977623918511,0.8056568306806383
0.25,0.75,0.16592198792830914,0.11785119604608307,0.0805131843710365,0.15451568834988294,0.10952274964653341,0.07441898834984417
0.5,0.75,0.00018319469694061397,0.00012482539478875232,8.818841935909205e-05,0.00023591249012255844,0.00015853950255284577,0.00011034453861202831
0.0,0.0,0.04628305540020661,0.035621468295280234,0.0281169220795765,0.04406042771896401,0.0338271160023631,0.026875053794394477
1.0,0.0,0.009506778543637573,0.005167950981580183,0.0037343208225779634,0.009071612820055086,0.004924537774842808,0.0035386758440136834
0.75,0.25,0.05214943433768371,0.04309667426941388,0.03595239782103854,0.05307506607011536,0.04366779932564335,0.03628578374863567
0.0,0.75,0.43432976928904843,0.3072636853528189,0.24174718681364205,0.4360285889270653,0.30941171540110335,0.24395562007401206
0.75,1.0,0.022450068126691036,0.01701935977044422,0.017264526748658526,0.022465287696175507,0.017008216556897993,0.017238920991464735
0.75,0.5,0.056126129577913075,0.03649153551233608,0.029542236241148045,0.054715762276463575,0.035449441196619746,0.02856669355130903
1.0,0.75,0.0011590175932827407,0.0007171224782266394,0.0004460460452526682,0.0012617730638790903,0.0007787749795180599,0.0004844409014269635
0.5,1.0,0.3100186114177028,0.2363351523349424,0.17527509082530612,0.3093543951544051,0.23633715951416723,0.1758607263017914
0.0,0.5,0.4489007899776932,0.3599911906025288,0.2791661276019972,0.4466817188748544,0.357536754223988,0.2767579624202803
0.5,0.0,0.08447219018567853,0.0706199262535292,0.05435776212542476,0.08351382760856685,0.06964243391454039,0.05336618131682158
1.0,0.25,0.03900465192598679,0.030635001810781937,0.025636832981119184,0.03947464716492044,0.030982348668543436,0.025854370310982033
1.0,0.5,0.0038081929964364214,0.0019760203478917937,0.0010193868495201874,0.003737001500988324,0.001946490647677157,0.00100810662615336
0.25,0.25,0.17222483302799785,0.13878635783002002,0.12168864720499195,0.17479593990048126,0.14118354062500182,0.12431540296758326
0.75,0.75,5.431269781697168e-06,4.491668739281529e-06,4.914933686261946e-06,6.464921533666512e-06,5.154334040247122e-06,5.500439268057988e-06
1.0,1.0,1.6503703138104342e-05,1.0903255661109945e-05,8.431767572147919e-06,1.5738878607396423e-05,1.0369078289107492e-05,7.98403639890033e-06
0.25,0.0,0.32356440863926594,0.2618643866151944,0.1976011070285082,0.32132089195714664,0.25978385171128227,0.19562112979160662
0.0,1.0,0.9619535351581224,0.9022296676447125,0.8089161759606045,0.9621603484889988,0.9020576179422417,0.8076434844899782
0.75,0.0,0.032955953489905765,0.027347262376055448,0.024701700960005457,0.03441306640013542,0.028104443522303235,0.024872417803107227
0.0,0.25,0.4457312297776185,0.33677106492834363,0.23412855760642115,0.4199789854532553,0.311331429028726,0.21141886034439916
0.5,0.5,4.8742700150539164e-06,4.023078478687658e-06,3.790420300076036e-06,4.858808835495054e-06,4.003360926319033e-06,3.7642208595700666e-06
0.75,0.25,7.93741566609274e-05,6.269934647051834e-05,5.2235887514351376e-05,7.229262744279374e-05,5.659909430755228e-05,4.636382623179891e-05
1.0,0.0,0.0011058015155342993,0.001027595957679428,0.0008836239238135812,0.001672118124350308,0.0014816878577644799,0.001202332016255303
0.5,0.75,0.09555548828592175,0.0880364979679591,0.07525455889261246,0.10496579035242815,0.09685676267111332,0.08313885854963188
0.0,0.0,0.41546578281734803,0.29079224543183135,0.18153375567323593,0.40532803572019593,0.282709579309819,0.17524968048824474
0.75,0.5,0.004324563196430153,0.0037706118707772074,0.003705519574439542,0.004235608294548054,0.003694512598738431,0.003653907082466157
0.25,1.0,0.10886273915253342,0.06930713288112789,0.029648740089402548,0.10985539370146558,0.07002475561784216,0.030019333946829874
1.0,0.5,0.006101371883257434,0.0034458110661128583,0.0018864420256502479,0.010563463896796854,0.0060900952211833115,0.0034779834276498223
0.75,1.0,0.03507326233921915,0.02096441418886752,0.015220631705391119,0.04281235182205545,0.025592777104241127,0.018582148894560224
0.0,0.75,0.6174150266102016,0.4607271939475698,0.2678928719362238,0.6046526803984806,0.44677454050940457,0.2552409754850484
0.5,1.0,0.006637956766267994,0.006052337734433477,0.005786121200891947,0.00649688714372787,0.0059702948032591685,0.005759598113264652
0.75,0.75,0.016705804619634224,0.013037471939157386,0.011992584896817982,0.016649394901012027,0.012993810114445892,0.011943563715807404
1.0,0.25,0.0002829409568732011,0.00023117184324572548,0.0002462754427806635,0.00025629418881967236,0.00020881361259050824,0.00022118330455578317
0.5,0.25,0.14507498124012863,0.11019129953389695,0.0833135134562899,0.14329879638363607,0.1097719016636165,0.08512403829988702
0.25,0.5,0.28960500209847473,0.2101611894554689,0.1315474099028372,0.3288050254783885,0.240118343706759,0.1513627745392333
1.0,0.75,0.0012181568065154913,0.0008141778745597295,0.0006099080002757162,0.0009219253731934662,0.0006127470177359484,0.0004487522547514944
0.0,0.5,0.16617817029185056,0.11295866397734489,0.07631940129342074,0.16704074130026947,0.11375789233997169,0.07710403658716991
0.25,0.25,0.053147887231981716,0.04123300988116574,0.03734912798476775,0.054464143039920865,0.04181014172641062,0.037640520427519086
0.25,0.75,0.004408199194689377,0.0032112536930986035,0.002748096628669261,0.0039054458110019397,0.002861835700414983,0.0024494731782753743
0.0,1.0,0.6006515490687856,0.4977576706549065,0.39744654198187845,0.6115242839172368,0.5029569507639221,0.3925429004106842
1.0,1.0,0.0019718403558326436,0.0016346601104045844,0.0015880954345475207,0.0019592500966922888,0.001624175469022937,0.0015767798953412182
0.25,0.0,0.20282482465486884,0.16351813518981018,0.1340602999859264,0.20076937555081786,0.16165341004539835,0.1322041934186532
0.75,0.0,0.14712457926781086,0.13217441772381566,0.11860843336197324,0.14948802876788236,0.13347463922798852,0.11876963228675841
0.0,0.25,0.10280744165628686,0.08161365225323225,0.0682704725154335,0.11963786086606976,0.09577696609665598,0.08091565557448566
0.75,0.25,0.0018610893633633774,0.0015191732071356823,0.0012101247391934633,0.0019603440013618023,0.0015966139967813486,0.0012684624464344152
1.0,0.5,0.0023588120443513994,0.0013211175703949918,0.0009871159574386112,0.0023264392737694095,0.0013018874279675519,0.0009694076160977616
1.0,0.0,0.14456367681845883,0.11933882872170143,0.09389644758342586,0.14438278390343573,0.11906221686266738,0.09354782617074164
0.0,0.75,0.3968290948875327,0.23742500979518033,0.14689015864560384,0.3823216592098676,0.22369416867258218,0.13472656339103573
0.75,0.5,0.04013600201343015,0.020778354819670275,0.0074871046769018346,0.04767632117737841,0.02486501185040313,0.009226862443109551
0.5,0.5,0.0007836479772704852,0.0005786165674646071,0.00048703325244314755,0.0007291931476633984,0.0005347535644103507,0.0004445535552928259
0.75,1.0,0.0002593205908634211,0.00021674380444269836,0.00018519996084831458,0.0002968258818698555,0.00024831695908933415,0.00021391072338194927
0.5,0.75,0.15562353929961525,0.11803345397827192,0.07986446617605936,0.15535722230678095,0.11776042466036885,0.07956229945035875
0.0,0.0,0.5521022120464245,0.43646277874429107,0.35401482130448336,0.5502652534716066,0.4346205131793929,0.35203067192427484
0.5,0.0,0.0010256063459876952,0.0010787731512915677,0.0011374407530690966,0.0009477367824103355,0.000999270675803965,0.0010507958538605866
0.75,0.75,0.021574437423374615,0.012061941235299356,0.007083535447942824,0.021387279660309066,0.012125598062082688,0.007233891429934025
0.5,1.0,0.2595347565135603,0.19872733712158985,0.15545876751643695,0.2555134511460009,0.1951437667844298,0.15196128990964008
1.0,0.25,0.00010446627349913751,8.470851703723525e-05,9.333807871503286e-05,8.077274609563645e-05,6.545315898742743e-05,7.128384505450391e-05
0.0,1.0,0.7913172066152473,0.6765897132679727,0.5442063084257578,0.7845841052755276,0.6695701789378283,0.5408103777827775
0.0,0.5,0.8092257030546655,0.7043039672716458,0.5712197945028977,0.786395849439214,0.6712903672386817,0.5273026691938874
0.25,0.25,0.31492849680612944,0.26200580191026257,0.20068885749260468,0.30546928285069497,0.253764141061245,0.19368305389739615
0.75,0.25,0.09751012246552537,0.08647340449758967,0.07646047926500965,0.09974108308431351,0.0879856651437958,0.07712886765281679
0.25,1.0,0.19072998714668243,0.15394107890533593,0.15395382738576824,0.1886215174457262,0.15202677469959447,0.1518452800251726
0.25,0.0,0.2841586390818718,0.2170942758262916,0.2037200147712388,0.28898398899749445,0.2209993471640158,0.20738462312796724
0.75,0.0,0.0036045779325313276,0.003565084298103427,0.0030839307229812984,0.0035435406524085833,0.003509623141125129,0.003031163319093144
1.0,0.75,0.05876214631595145,0.03509998481548271,0.01822232941499069,0.057055700616441496,0.034114677413005556,0.01774151042354355
1.0,0.5,4.623448896079463e-05,3.3495259850635506e-05,2.4686956758501744e-05,3.590012048670932e-05,2.5448687828832917e-05,1.7485575396047892e-05
0.75,0.5,0.02216754553057898,0.016257899360572314,0.01205605204809368,0.019732760492626955,0.014303970314662573,0.010420724363306322
1.0,0.0,0.0005799885080559619,0.0005451134157488102,0.00048538591458191505,0.00045649997142227505,0.00042883832863005455,0.0003817098225039617
0.0,0.25,0.4123991458907764,0.3215630988141178,0.2614305580992293,0.39669107020590133,0.30667837095743955,0.24545827755254757
1.0,1.0,0.0006002592385039307,0.0006478806945271476,0.0007521910159969947,0.0005861357982963611,0.0006331009812666766,0.0007338679956281347
0.5,0.5,0.055969852337905746,0.038844509069595023,0.027232449927014013,0.05499665713898616,0.0380615308995601,0.026568426758972974
0.75,0.75,0.004466486603991626,0.0034504598880276127,0.0022455467056110567,0.004414130112168846,0.003408792514359993,0.0022155752122441363
0.0,0.75,0.6337422271425468,0.5409179114558271,0.4707110768120705,0.6263771081483219,0.5342788470307447,0.46407046604423596
0.75,1.0,5.1056595951060046e-08,6.188543566487681e-08,9.892140939715688e-08,4.846883294717941e-08,5.866106056462428e-08,9.32452197677236e-08
0.25,0.75,0.595215210390345,0.49135871830321576,0.4083147950894004,0.5937061335998749,0.49156438263661617,0.4099401016753388
0.5,0.75,0.006409426539147445,0.004788994478513331,0.003768904967327291,0.0059168536171697594,0.0044663735535195315,0.003539325732784482
0.0,0.0,0.3515180760875929,0.2609815280884502,0.19657094914231887,0.3704658990571723,0.2755704976640392,0.20825554384069944
0.5,1.0,0.05273594388803404,0.04565614545810415,0.03929545658916411,0.05405228363234815,0.04708366318266688,0.040823404684017794
1.0,0.25,0.002924527332421878,0.001838571828585378,0.0009826411442503957,0.0032125354627905445,0.0020363245986301237,0.0011253788507825657
0.0,1.0,0.7213016393573108,0.6130484557016331,0.5050207736769412,0.7115017848186495,0.6029573649318851,0.49493207531133865
0.25,0.5,0.07863953835320991,0.05278407889841774,0.03386414808217553,0.10157765003489705,0.06904946131157141,0.0459715995247999
0.75,0.5,0.01330794981457406,0.012672338163169483,0.011266683312149972,0.012929791236602872,0.012309723153907992,0.010892777331745762
0.75,0.25,0.012709943274401114,0.008587934272802134,0.005153280413655148,0.01210255192002263,0.008112518756107745,0.004729158822182278
1.0,0.5,0.04683300720183137,0.038065107857176095,0.028198482141246872,0.06857984365755487,0.056654649903114085,0.04463424566223362
0.0,0.25,0.17628545014772534,0.15534285135043335,0.13856779815106524,0.16807625133310722,0.1473028440979799,0.13036174945529688
0.25,0.25,0.1773599271572852,0.1374038924862515,0.10727846109167538,0.17634965716675466,0.1365315152391091,0.10649371382766071
1.0,0.0,0.0014351232165213945,0.0010574480656870833,0.0008604569687168384,0.001332651399123863,0.0009813964155590549,0.0007928873620441923
0.75,0.75,0.0002150836245699006,0.0001593660933154606,9.635423086828965e-05,0.00019547283383469782,0.00014449088880486016,8.60989277098323e-05
0.25,0.0,0.004091389288412017,0.0034121375526838804,0.0032141344111069614,0.0044971881225450705,0.0037556801481175572,0.003543409889867566
0.75,0.0,3.784046062493829e-06,3.6866502164389914e-06,3.0181913619475864e-06,3.7500188740935414e-06,3.652622912464487e-06,2.986713925290374e-06
0.0,0.5,0.22510523040790342,0.17913119457133697,0.15104168605576984,0.22289353691412694,0.17510412784005047,0.14541463475195804
0.5,0.25,0.0002865909966558444,0.00022319963504857654,0.0001686762470858305,0.0002540990641139995,0.00019889028266417696,0.00014989083917704704
1.0,1.0,4.9344962777087e-05,4.057947670088602e-05,2.9338958208002808e-05,4.983382862278063e-05,4.0990735798551725e-05,2.9657852567033238e-05
0.75,1.0,0.020379527285979027,0.014494892905128065,0.011202092266920705,0.01975274730058496,0.014055144058742197,0.010849369046328383
1.0,0.75,0.001372131972608548,0.000962476044668148,0.0006612260266651848,0.001416342823309158,0.0009849176208589494,0.0006726852416305551
0.0,0.75,0.947216419457357,0.8902852043349876,0.8312944308517609,0.933073198371802,0.87332563452957,0.8153915658204256
0.5,0.5,0.5987106685118749,0.5109692920926797,0.4257823364153499,0.5701625856621646,0.48011659652996364,0.39365908185364473
0.0,0.0,0.6536150196919148,0.5142048113291815,0.4032022629843184,0.6734228093666651,0.5339174790553467,0.4226681234550844
0.5,0.75,0.02457326041849439,0.013645704179844453,0.00935130560263131,0.022601264789315234,0.012420495980262736,0.008388233574116333
1.0,0.5,0.020903821745808848,0.01526312803002794,0.011177330056306722,0.026656240667791486,0.019815401061693882,0.014978264641959838
0.5,0.0,0.09749680892035117,0.06709342620532477,0.052451348428677935,0.09515278313967668,0.06546348730031426,0.05113236057352011
0.25,1.0,0.5073401896218164,0.3975732055819906,0.31807184679353717,0.5278849269517748,0.4208743265832118,0.3445739860066187
1.0,0.25,0.0024279700701175244,0.001508022272588616,0.000974545242022562,0.0021095051449782076,0.0013033326375828658,0.0008275095517825681
0.75,0.5,0.3794479570252054,0.29845707228938545,0.21671232781790706,0.37939991145795326,0.2987778292572022,0.21720468667734494
0.75,0.25,0.006524523218151113,0.0052163066738839525,0.004053543073820665,0.00445719686524404,0.003638790982464446,0.002812297337099201
0.5,1.0,0.7049130400054017,0.5939756828696816,0.5181065925364068,0.6966989487670114,0.5855224796815263,0.5091638370208318
0.0,1.0,0.5419617520064555,0.4516226302556132,0.3665295776220421,0.565300210457469,0.47752685443529785,0.3960804035734311
0.25,0.25,0.009783276511142747,0.008184318801093493,0.006747389426245309,0.009789149010198006,0.008241515204091998,0.0068319931772593545
0.75,0.75,0.23070356094418876,0.16486154741943926,0.12332239259433575,0.19489768154694664,0.13883955943395754,0.10302892228939842
0.25,0.75,0.049050484862219745,0.03418119619105919,0.021107630315439274,0.04788619907386105,0.03340025890760878,0.020624974776412897
1.0,0.0,7.356545540626591e-05,4.106909921697266e-05,3.116645707423871e-05,9.69720931898177e-05,5.4335979049580097e-05,4.195773773152389e-05
0.0,0.25,0.669716788667081,0.5782034284326999,0.4792043921746775,0.6686341792718631,0.5768912554843626,0.47746854497269886
0.25,0.0,0.3305394666740812,0.2360305777659677,0.16954451109108415,0.3332770482807681,0.23823710904704387,0.171352319072005
0.75,0.0,0.11287336793229275,0.09138404983131299,0.07583203544643613,0.10726783842931198,0.08675498745812238,0.07180198299557561
0.75,1.0,0.02178259851106379,0.01755050651503276,0.014225507024479445,0.021324599165743585,0.01712898504908511,0.013908086203254233
1.0,0.5,0.0018233629015314001,0.0013519499872665097,0.0008337584296134182,0.002073296537156377,0.0015593107061837586,0.000985442226134614
0.0,0.75,0.6279069556288884,0.5546182709836281,0.47265413317520955,0.62215819391073,0.5499632664683431,0.47446850925071715
0.0,0.5,0.07332742911298062,0.04932171241242245,0.03165098210177275,0.07180896766372269,0.04704429361351037,0.028906653539863547
0.0,0.0,0.5322016356950913,0.4518037103268029,0.3782607046963691,0.5355235460108567,0.4540360217409316,0.3794629318867282
0.5,0.75,0.011683825361310296,0.00976073543685485,0.007324435801988383,0.01243917233177294,0.010552454022747626,0.008046974304711796
0.5,0.5,0.2076290326307184,0.15260876359539488,0.10927206827398639,0.20542520219781868,0.14900297013170172,0.10540282090049091
0.75,0.25,0.007167166782543255,0.00623292120087815,0.005413097687364088,0.005045957894158404,0.004528884561397106,0.003900101709589654
1.0,0.75,0.00016446002599601606,9.745771153923943e-05,6.220572802506652e-05,0.00020272640757412752,0.00011950751895639655,7.71741471830012e-05
1.0,1.0,0.011802580010942032,0.008122601211994152,0.005088850784413457,0.015408398259029621,0.010716199375255808,0.006926102855168925
0.75,0.5,0.027977325833911548,0.02303152776452655,0.01703792720303232,0.026598773317430657,0.02169934084695202,0.015855758217613425
0.75,0.75,0.03226071471825109,0.020217201059961276,0.00991928976627754,0.0338886214851033,0.02086182803655312,0.010062636554212578
0.0,1.0,0.6934737369384589,0.5546486646987574,0.44974525140531907,0.682779697563298,0.5418841394151364,0.4357140941809653
1.0,0.0,0.05743018305303105,0.036587655306728806,0.024657050974871142,0.06574044692404268,0.043096584131717686,0.03017378603708254
0.25,0.5,0.008113492845987835,0.005490819256154578,0.004391664049464783,0.007699894933331897,0.005252450649766316,0.004228335393778426
1.0,0.25,0.00033789996790256627,0.0002966458841499042,0.00021251041670866666,0.000479403727181027,0.00041692260147141447,0.0003043742779120784
0.5,1.0,0.00997440339645983,0.006760125939671013,0.005138732014004055,0.010473043005970961,0.007086328595465208,0.005381252190771013
0.25,0.25,0.135194083912473,0.09588119718221311,0.0839037278956184,0.13415117744022553,0.0950105073909937,0.08299439163206535
1.0,0.5,0.0023428281190059908,0.0015283765933050697,0.0010874035894352652,0.00251781031606102,0.0016235460479510078,0.0011405730626322663
0.0,0.25,0.035010984067969764,0.022944591379760793,0.012871439271175733,0.03476060630242661,0.022758164223852573,0.012732948923612764
0.75,1.0,0.0010337933011761447,0.0008165772622323875,0.0006592074879532284,0.0011035648423840527,0.000865719621909955,0.0006970892614628355
0.25,0.0,0.03295825019789056,0.024722298817523303,0.018057019057366452,0.034519330000329695,0.02580890844818562,0.018734141612258837
0.75,0.0,0.09114292452757589,0.06786733948029589,0.04716195792263855,0.08703546720177191,0.06451567743028441,0.044460240959651065
0.0,0.75,0.810231670738051,0.6352558746063781,0.4172771397424888,0.8107277963805954,0.635488271484572,0.4170081138413346
0.75,0.25,0.11492124654651614,0.10294508762920795,0.09506641791407344,0.10439640658756444,0.09309920286055884,0.08470215400316061
0.25,1.0,0.04037813877328045,0.02626287064446342,0.01719353687192715,0.037648671944241374,0.02369002289363098,0.015113662312622456
0.5,0.75,1.641306676125609e-07,1.807918602603209e-07,1.9566902542678122e-07,1.3849796387521707e-07,1.533989349988829e-07,1.6459713170213774e-07
0.25,0.75,0.7746392061925078,0.6222765637038619,0.4897603169098692,0.7730228031919678,0.6190264488279339,0.4839528576966793
0.75,0.5,0.1177166357963475,0.10327290319880555,0.09969366147260317,0.1188379859937354,0.10424377366737181,0.10059420815742692
0.75,0.75,0.0022818645159561335,0.0015780405911582918,0.0011977696525395931,0.0029171043172149247,0.0020285650721907356,0.0015654386526875452
1.0,0.0,0.2007843330395832,0.1538848868308056,0.11031475007948033,0.14493518396905647,0.10739386781505311,0.07221783919926139
0.5,0.0,0.0009238426128388433,0.000717781801423345,0.0004965052722042396,0.0009884418794339211,0.000761325822286274,0.0005259616241737319
0.0,0.5,0.5497101159800717,0.4351198351322144,0.36429173651166735,0.5678671383412206,0.4496743752249591,0.37625304219115163
0.0,0.0,0.9857657729160921,0.9517209240615448,0.8890753720229002,0.9855431414294058,0.9511692894109626,0.8879306324418216
0.5,0.25,0.02228411006211739,0.017453248857393855,0.013713281315464121,0.023465555195016474,0.018408384660974164,0.01451359514916073
0.0,1.0,0.06050670520954271,0.04353240666026614,0.028564695151580444,0.06151229892930954,0.04441917865389544,0.029307928238468284
0.5,0.5,0.15577175069007354,0.13075788984180625,0.11114923149379374,0.15622496336369607,0.13136834703145173,0.11182006659203436
1.0,0.5,9.79108130239048e-06,1.0141020535092693e-05,7.437501645224387e-06,8.439517792169227e-06,8.794115716970197e-06,6.367643991866956e-06
1.0,0.75,0.02970671204649422,0.021475128690416123,0.0194204308427377,0.023625692457566072,0.017479596927041263,0.015970090900261358
1.0,1.0,0.0016456443545080912,0.001416999586517198,0.001091069035791703,0.0017817266686317446,0.0015313602159809925,0.0011690903317980172
1.0,0.25,0.026911809545897225,0.019348018428420932,0.015877909786050304,0.027258730681278265,0.01962899038416599,0.016156527336047333
0.75,1.0,9.656107094413446e-05,7.744033262968575e-05,6.059827441207144e-05,8.764538227978846e-05,6.986074799009145e-05,5.4100950431235084e-05
0.25,0.25,0.34592270350448706,0.275251496324993,0.20689106004034308,0.3464969387355482,0.2739626322056843,0.2040523788820776
0.5,1.0,0.03161663426910366,0.02383040826048588,0.018117444094899238,0.032235606415029094,0.024286877965902343,0.01845773721697752
0.0,0.25,0.8972789456344452,0.8270495991836893,0.7245185810589289,0.8989821340374468,0.8286655458174257,0.7254136532618154
0.75,0.25,0.15663282807890533,0.1254573652920189,0.11057902577570022,0.15028225548282292,0.11966565098338289,0.10445107387650321
0.75,0.75,0.005578263421303298,0.005457006789091445,0.005238955865161876,0.005396829800116576,0.005254682613807127,0.005005846948302972
0.75,0.0,0.023045118470876536,0.018243281401806755,0.015092906736608458,0.022336719445273046,0.01786854637827806,0.014999384984072162
0.0,0.75,0.4302289571834782,0.37923956557384053,0.3275688358996074,0.4252206808278103,0.37380060038569385,0.32150203789529264
0.25,0.0,0.1900262901237446,0.14936235722434543,0.12020696315904345,0.19466146904329706,0.15135210480732797,0.1217961062303301
0.75,0.5,0.11443338881767862,0.0892673883884727,0.05949508344371657,0.1040722498414206,0.08152960694354827,0.054129021162165114
0.5,0.75,0.2367641128737894,0.17942750752018322,0.14560667939072724,0.2350756284063702,0.17787226989222926,0.1440103088094149
0.0,0.0,0.9830042549683801,0.9417815695342617,0.8881937804509628,0.9830754662993024,0.9415141355809065,0.8870180745042818
1.0,0.0,0.003972374026182557,0.0030482559807480936,0.0022237757126091218,0.004012150482182397,0.0030783745939217955,0.002242557726616634
1.0,0.5,0.3746529863478234,0.27720099528803266,0.2169697878317367,0.3614801363792153,0.2651288393502962,0.20561643267456264
0.5,0.5,0.4135636662609503,0.32239385613856597,0.2686574797768566,0.4103978343665632,0.3176459194210517,0.2631866148532138
0.0,1.0,0.7084147983716004,0.624767431915603,0.5479522473660786,0.7048535596854684,0.6206482762914218,0.5431149876661847
0.25,0.5,0.24801787119529106,0.2142465069014453,0.1874098387183042,0.2418894996581067,0.20766836326312132,0.17996572186670456
0.0,0.5,0.8810244555145318,0.8038229339183525,0.7303376654211468,0.8682014780794984,0.7881691051535248,0.7110052737073393
0.75,1.0,0.0002155070217446653,0.00012542113026303703,8.645448544430945e-05,0.00018522462658843164,0.00010743668346280266,7.296055161676307e-05
1.0,1.0,0.049374284916779754,0.028167686769130174,0.015179078217583353,0.052132620278353636,0.02965549009442503,0.015888669684685164
0.25,1.0,0.08246527584811914,0.06002345641642681,0.042630915537037906,0.08793327032169052,0.0645263353786234,0.04675917877014757
1.0,0.25,0.07720969048406023,0.06655370403810323,0.05554117389158186,0.07757974023591574,0.06684145240858164,0.055763141339195244
0.25,0.25,0.04965405894639563,0.03739017413776424,0.03002138977201696,0.05184029358080111,0.039068431720627794,0.03144856095089332
0.25,0.75,0.07557240761978035,0.06131551033469207,0.04766601376080293,0.08588867193158944,0.06957117250765643,0.055281959214235954
1.0,0.75,0.00023172333920062904,0.0002061194013665002,0.0001897697579891222,0.000160210591927612,0.00014268079147727875,0.00012941117308429284
0.75,0.25,0.00035226438531954507,0.0002556316457891228,0.00019263616240194903,0.00044659296460569653,0.0003234771251134916,0.00024726422412457705
0.5,1.0,0.3868730481234387,0.28777112531281324,0.22619405358829414,0.3800230286002473,0.28028514137590943,0.218383679137087
0.0,0.25,0.11317450269864149,0.06948076671759118,0.04335683312906291,0.11311286283811117,0.0695831486752454,0.04360991890894017
0.75,0.75,0.008386639087028858,0.008177831993698148,0.007098166587921728,0.008612120003902213,0.008395187807113569,0.007278431269705732
0.75,0.5,0.09541366870008472,0.06719612571578748,0.04280461012713577,0.1042782020900892,0.07357285339498032,0.047097605187085945
0.0,0.75,0.38999996012465965,0.31972825347578926,0.24643174513571786,0.39475517654198133,0.32455075374299946,0.25145941116450543
1.0,0.5,0.00035790755854125944,0.00037413197499458484,0.00036557889956867484,0.0003014950771674796,0.0003163943306315753,0.0003049247561798252
0.75,0.0,0.00855079514269197,0.005059110029005165,0.003789058670151446,0.010769205151353045,0.006423828973724177,0.004866469306080257
0.25,0.0,0.20100370529553757,0.13479974118727056,0.07799643272472712,0.19382132470797464,0.1280878018437036,0.0716849992026718
1.0,0.0,0.00047573535224776364,0.00034701786533586354,0.00026648651214034036,0.0004918161491749284,0.0003625545505907546,0.0002740561123129037
0.5,0.75,0.015607902817032393,0.011571788780935788,0.009509752551335238,0.015475826045760033,0.011458573920729243,0.009381887393044908
0.0,0.0,0.9614935361791089,0.8931345758015785,0.8116336868421076,0.9605064798490872,0.8910679864042067,0.8087277000054365
0.0,1.0,0.7874825972588047,0.6753553129888584,0.49772740640321556,0.814857905106209,0.7134356477694513,0.5475505292385121
0.5,0.0,0.008904072406588082,0.007285476550762837,0.006695765826888911,0.009318549577905455,0.0076676182103756485,0.007070813598829329
0.0,0.5,0.18958513365397955,0.15815395512603114,0.12850769872621182,0.18352686681480002,0.153492487224137,0.1250581814045909
0.75,1.0,0.0003831099261671911,0.00039874890843327737,0.00045308894329298965,0.00039434216513689613,0.0004124746170176552,0.0004706481854437339
0.5,0.5,0.05508513344842003,0.03873628844420263,0.030567381495485213,0.06349880522455176,0.04507437986099716,0.03592651744559605
1.0,1.0,0.0001867350679634061,9.953197589940288e-05,4.3625646985234745e-05,0.00018485071989859936,9.75137043650598e-05,4.201580473672806e-05
0.75,0.25,0.3997107168260694,0.3495210654285732,0.3073603990115997,0.41301021815925754,0.359572202264582,0.3154791358976361
0.75,0.75,0.02602538171133051,0.01854106809515421,0.015832545824064126,0.029534723626837178,0.02105376587420249,0.01797609170535508
1.0,0.25,0.007814549153605022,0.00729734634554835,0.006083639929996387,0.007709685459349469,0.007197116033984763,0.005987460410634027
0.25,0.25,0.8727307020846388,0.812472576592386,0.7638226697553008,0.8677846142749506,0.8067664977443476,0.7589056901883006
1.0,0.5,0.009718433443010377,0.00641155815432648,0.005688581772009593,0.009551645426788768,0.006289472918079575,0.0055580896367593
0.5,0.25,0.08783833205993052,0.06916578069511292,0.05083215083591164,0.08531394303790374,0.06719761600275598,0.04928162260074609
0.75,0.5,0.24026998422973622,0.17505397852257842,0.13087443726789516,0.23467631790080834,0.17089636423956467,0.1280923761045626
0.0,0.25,0.730434515930694,0.6240053536620298,0.536501607726735,0.7286604702036628,0.6218042781481609,0.5338369588382176
0.75,0.0,0.002303697517862413,0.0013744625422009715,0.0010036559891402064,0.0019295020292449117,0.001138407838797928,0.0008158497976231693
0.5,1.0,0.03259865742312418,0.024670278052818073,0.020034350203910534,0.03045256077010494,0.02298604585366726,0.018624136378313394
0.0,0.75,0.5446267429683787,0.41958111316616364,0.36289331031926,0.5452426002177229,0.4221379129214451,0.3675994661510693
1.0,0.75,0.000838074083830076,0.0004608454518113536,0.0002303359008961614,0.0008764166530950135,0.00048198967096835243,0.00024157552607240174
1.0,0.0,9.676128657210015e-05,8.106013125841471e-05,8.05195199784503e-05,9.151571501075928e-05,7.632873605256663e-05,7.534907948725245e-05
0.0,0.0,0.5882848879076654,0.4797974448875463,0.40389337920093327,0.5899965975400476,0.4806261146573998,0.403186903980172
0.25,0.0,0.42672393303783307,0.33569618951091107,0.26539378777205513,0.49439868942760057,0.3982181149676176,0.32664501003339463
0.5,0.75,0.0001326917302435504,0.00011370684466238679,9.18983342932389e-05,0.00014537255901070356,0.00012393908518215646,0.00010014839273475573
0.25,0.75,0.07211960332453293,0.05494934026820297,0.03752123061624335,0.06495844126977735,0.04903977976231444,0.0331427982048752
0.25,1.0,0.10246685507335418,0.07169485343648008,0.057642545508010734,0.10582977009211214,0.07241629991775311,0.05675794065322315
0.25,0.5,0.03653119580188191,0.0316144135401375,0.028590823097943363,0.03765042468611768,0.03260022619795211,0.02948596385487745
0.0,1.0,0.9394715928405242,0.8943752748340561,0.8430817730167729,0.9363364145790396,0.8901862752098173,0.8377974624418816
0.75,1.0,0.01741805959471221,0.009365887195891376,0.00515888507646467,0.014473103442608215,0.007917199908598183,0.004461659141519414
1.0,0.5,3.85198053454161e-08,3.142025750690891e-08,3.1495264174452586e-08,3.613869348217946e-08,2.9562719605635834e-08,2.956272160403728e-08
0.75,0.25,0.012686540164515758,0.010194673039963686,0.007543563295289379,0.012860580757594553,0.010299080417536244,0.00757347655701468
0.75,0.75,0.000648589354778184,0.0004698570201442376,0.00036848159829361293,0.000651129277472573,0.000468177120547697,0.00035953353689466283
0.5,0.5,0.022698246058266203,0.018588686860460446,0.015209371299632846,0.02274617074726415,0.018597465913439803,0.015173136346879001
0.0,0.5,0.2906993165764242,0.22979380490701673,0.20120354641541938,0.2815776636396584,0.22233226027450081,0.19406547604032298
0.0,0.25,0.7660546286483936,0.5950661662209922,0.40368573059193713,0.7826134862191021,0.6167582960579339,0.42669773507858244
0.75,0.5,0.06242975980853083,0.04927156468104976,0.043167539640308394,0.05731184391320654,0.04507259132142882,0.03921767115549324
0.25,0.25,0.08259850470682839,0.0555825725539868,0.037553586896755586,0.08389141115580967,0.05744766403761026,0.03908158698028985
1.0,0.25,0.004683061258400567,0.0035351829083101194,0.0028510372932393224,0.005990185905275225,0.004510148826102789,0.0036512101645432837
1.0,1.0,0.00022699229425371392,0.0001822180091771708,0.0001661192635562525,0.00019559860851003918,0.00015633197235476182,0.00014172295977465943
0.75,0.0,0.036605089595785345,0.026362938303343242,0.024120639997915916,0.03864479196112769,0.027782488254524562,0.02531701297309341
1.0,0.0,9.752302970733595e-07,7.993405266581988e-07,9.019115450037418e-07,7.45926385992135e-07,6.140050607950087e-07,6.878149254596622e-07
0.0,0.75,0.41272451238552166,0.3507496347197494,0.2738767377836204,0.38395865149621033,0.322482240366716,0.24739190632044517
0.5,1.0,0.05802935327587888,0.0357459453304223,0.022734421712908626,0.05805600715539794,0.03559093803488933,0.02247853717020154
1.0,0.75,0.0009288080562223078,0.0006555394040677065,0.0005538066716368473,0.0009759011310361831,0.0006906114547881037,0.0005832980368899454
0.0,0.0,0.171465379379379,0.14649474678621577,0.120488405940822,0.1680747465689878,0.14349701778807833,0.11794798635812143
0.25,0.0,0.08058764798750717,0.05347604204470224,0.04197942200095495,0.07753797460128042,0.051335463998805064,0.04010646024928688
0.5,0.0,0.007851682735612098,0.006993601327859311,0.006748624338931086,0.008135991979400736,0.007230914067674732,0.006969434571695521
0.5,0.75,0.00027094842966346455,0.0001920471608640728,0.00014238043043701687,0.0002640411536858345,0.00018692021241506485,0.00013798671815690167
1.0,0.5,0.004657718393392241,0.0033212212390961726,0.002486368210114831,0.004450799023052676,0.0031818636792796395,0.0023757900257106446
0.75,0.25,0.00029024405865962777,0.00014021102347749892,8.566918694130621e-05,0.00029090226944350484,0.0001352675068992948,7.849777910240441e-05
0.0,1.0,0.18306720987240332,0.1324600867712975,0.09793549839479265,0.19315149792109576,0.13999135674650653,0.10384869201250269
0.75,1.0,0.1953430348998506,0.12166457975264977,0.0831781482173195,0.19655907231602665,0.12212850338559822,0.0830192793010951
0.75,0.75,0.0001193517937811972,8.690053096116479e-05,7.736088261278695e-05,0.00011041024958013956,7.988632608468826e-05,7.020609173014059e-05
0.0,0.25,0.27376319392409476,0.24563864465282348,0.219733338876396,0.2809357924543272,0.25118509527363175,0.2237515236004648
0.75,0.5,0.10905592402620301,0.08673836326964679,0.06519810481939103,0.10352580687893709,0.08222798327150582,0.061824531473610556
0.0,0.5,0.6120443779494968,0.43820144109904635,0.362164512252092,0.6128337194657049,0.4402583570323554,0.36449976196310985
1.0,0.0,0.0015454336812541491,0.001108384471973367,0.0010039799504706348,0.0015151858081654535,0.001084275619859576,0.0009769709874763999
0.5,0.5,0.06036152764839331,0.05050271427465802,0.04018780320210524,0.061832075313537516,0.051068877942002544,0.04015360409880542
0.25,1.0,0.48735935913987893,0.38909096451228287,0.33139157404429187,0.4772658928053277,0.37965128696332395,0.32195072588987894
0.25,0.75,0.7203706982302247,0.5944717356214759,0.4692557436942777,0.7150398735197477,0.5891281592854561,0.4645805554889151
0.75,0.0,0.6453979327387643,0.5409310499268827,0.3988433082646019,0.6168812682705191,0.5123668066467316,0.3722998961138546
0.25,0.25,0.19416926733144224,0.16285403118129316,0.12294695855208981,0.19363091851956382,0.16235879306765788,0.12241032475041302
1.0,0.25,0.0006695440426712773,0.0005299501600594114,0.0004471245666628487,0.0008127344862148833,0.0006395207686441529,0.0005399876949532256
0.0,0.75,0.6425003614934047,0.5204575035619388,0.4428692828061863,0.6380157181476855,0.5170743170289611,0.44120910846801953
0.25,0.5,0.07974051965288198,0.05858235764506692,0.03983541229537413,0.07544107779322906,0.05518917579359783,0.03734301182127697
0.5,1.0,0.3757852395771314,0.2999097425685957,0.19226563266819052,0.3726697510813909,0.2973121688356384,0.19010165369590015
1.0,0.5,1.8247894034928436e-05,1.9216759611362377e-05,1.646449507264336e-05,2.3331400318626905e-05,2.4155682223025998e-05,2.0785743134021928e-05
0.0,0.0,0.6144106383320356,0.5503920747327617,0.5066001495488586,0.6143060517604337,0.5501540045039524,0.5061635677391723
0.75,1.0,0.030859811805879822,0.01994898150144442,0.01310299746867738,0.02996802703388024,0.019199553198351538,0.012460746800136424
1.0,1.0,0.000488974112344831,0.00031398771096546874,0.0002351873915475977,0.0005430744539214327,0.0003472800438033552,0.000259184377870314
0.25,0.0,0.8361605832562444,0.7549414642699088,0.7073440640444595,0.8392093755423333,0.758970770879697,0.7120555044746948
0.75,0.25,0.012228043961929225,0.008902734271917234,0.007653003675781367,0.011764026504839764,0.008553615567799988,0.007328968232306443
0.5,0.25,0.03485071090691827,0.02676864808798518,0.019037414928968488,0.0396801586989004,0.03052104560181379,0.02202655120369512
0.5,0.75,0.015694561496840898,0.012495062258754186,0.010489533822851005,0.01677168556183295,0.012985474643513628,0.010524928584413451
1.0,0.75,0.03832105163917632,0.024002466755073115,0.017456219431063458,0.037879010656490575,0.023692215207976375,0.017180040532098872
0.75,0.75,0.001800214675744649,0.001428131642361885,0.0010295886416662459,0.0019111304433363507,0.0015113355889622149,0.0010845205966233396
0.0,1.0,0.6193631106458356,0.4611579287271317,0.3055210946462421,0.5698724125573349,0.41818182169588514,0.27195611693263955
0.75,0.5,0.16069907040095188,0.12187635690042176,0.08706464759372157,0.17617551892622096,0.13278498299595842,0.09448730021196972
0.0,0.25,0.5109216084942971,0.38878045549302354,0.2783083364822283,0.517402864504033,0.39292005821836784,0.28028825379063216
1.0,0.0,0.004187723869616855,0.0026063517465623187,0.001796835799376062,0.0038454253045832054,0.00238337042739567,0.0016261418762171242
0.0,0.75,0.018986101751856665,0.011879360428451724,0.007999327354853425,0.01905971089794034,0.011937606246258392,0.008046555556786128
1.0,0.25,0.0013501468895114055,0.0011420302066206256,0.000963027867298405,0.0011984138244462983,0.0010062814179205848,0.0008478441317469887
0.25,0.25,0.0001019797148524848,7.816990129572154e-05,5.7346013358605674e-05,0.00010380639471807562,8.093975572620593e-05,6.016523476504165e-05
0.5,0.5,0.16716970474315984,0.12607411433763116,0.10003274720525734,0.16768825614212202,0.12616360114782632,0.0996490395323002
0.75,0.0,0.002289594003707429,0.0014399693707087824,0.0009453411542017509,0.0022888030861973885,0.001439632056428053,0.0009397185357140625
0.0,0.5,0.14839934833962687,0.0880503411433079,0.048808370011616864,0.15157437417102593,0.08990600330304921,0.04987120829678715
1.0,0.5,0.03973920806473319,0.028662676960773403,0.021026228105901046,0.026592090955918968,0.019155617518459067,0.013669556224183643
0.75,0.25,0.05082504482750838,0.039708828550130804,0.032605969744256336,0.04861003322448321,0.03787204149048495,0.030795662694752535
0.75,1.0,1.8088484729172905e-05,1.5263619138949913e-05,1.3973415763479657e-05,1.920518253273329e-05,1.6169068470572867e-05,1.4777233787843791e-05
0.25,1.0,0.08917810042032437,0.0703245997333497,0.05368474089375863,0.09015553114800468,0.07115518334724935,0.05435046118810605
0.0,0.0,0.8584521861294129,0.7500861108395787,0.6416847222796899,0.8603048880586935,0.7525361625575131,0.6441442507716089
0.5,1.0,0.14351851068824362,0.10356145090004121,0.07620418213210989,0.1388973879727512,0.10002717303142872,0.07327331303424056
0.75,0.75,0.002845079365648484,0.002535593385931678,0.002277932418682016,0.0029391892859306212,0.0026014697551393073,0.0023133141497586607
0.25,0.0,0.40683982087068304,0.3401414306119569,0.27163237185037215,0.3721154586045393,0.30637803282331066,0.2379349953794625
0.0,1.0,0.2602532779647915,0.20773108965407316,0.16210279031107477,0.2605309950948891,0.20783265525948846,0.16196747242786713
0.75,0.5,0.0872793057790342,0.062266747403588174,0.04796010666192896,0.08692273908202741,0.06196019414407661,0.04760273687845451
0.5,0.0,0.000514273400258336,0.0004656908818658767,0.0004549765822877694,0.0005158022044888799,0.00046397993868341203,0.00044819440534549226
0.5,0.75,0.01235786235697578,0.007645210726706209,0.004360723467095484,0.01751250221620715,0.011006198044737348,0.0065232794528714555
1.0,0.75,0.059798609379259515,0.041842809815081816,0.024830697352474118,0.05533349535682108,0.0389364703656192,0.023126782008418223
1.0,1.0,0.0022716719179216582,0.0014170744095938215,0.0011134448691632048,0.002729021667574494,0.0016836444109440407,0.0013157078929859622
1.0,0.0,0.006450852177510513,0.004946266726499227,0.003579200734454391,0.006414725801836996,0.004916946416785861,0.0035539999772764563
0.25,0.75,0.030779722058529413,0.021150212073011154,0.015092447498854189,0.03350822370718676,0.022985194770833828,0.016406379501822554
0.0,0.25,0.23785380952480217,0.1935912973819618,0.18671582917312946,0.22179722124956835,0.1807400450683726,0.17510693352087459
1.0,0.5,0.0002948763084423822,0.0002650321408669276,0.00027734825118974626,0.0003200355162493729,0.0002864558143493845,0.00029924994870100807
0.75,0.0,0.0015809000631892278,0.0011592791519654533,0.001544084539654822,0.0015413409049913618,0.001144206980064011,0.0015257586817357671
0.5,0.5,0.3432139092241506,0.2860994563368495,0.24675208264828785,0.3447986859114891,0.2871584906357296,0.24739772313094388
0.25,0.25,0.45013302534637534,0.3741186868150327,0.29984205942127884,0.47346845094792256,0.3965991184318156,0.3219406681574031
0.75,0.25,0.028885226996725244,0.02112715438861268,0.01573141818727497,0.02837076549303108,0.020726615149951222,0.015403204660924374
0.0,0.75,0.5867954147164247,0.49318610952277464,0.44792793590027047,0.5878465514208416,0.49596825599210437,0.4533136063500045
1.0,0.25,0.065995280827571,0.05164931119828142,0.045243699135689486,0.06330238217334827,0.04923284565075592,0.04291352461105813
0.75,0.75,0.005692002599557822,0.005253885001565095,0.004927153833379161,0.005480574385521075,0.005014195347368466,0.004656968192012778
0.25,0.5,0.7288153462475392,0.5880734189701589,0.44745608857326546,0.74899307090175,0.611669671876981,0.4717890350449466
0.75,1.0,0.03248893052650459,0.02508150527484232,0.01993610728245232,0.03132536740913561,0.0243216723212214,0.01941415018525494
0.0,0.5,0.07753951657378466,0.06985092909747792,0.04950640367317782,0.11095590063218297,0.10082000100797917,0.07632662354303221
0.0,0.0,0.5797549228996395,0.44363563925706406,0.32400386501286826,0.5800567583489792,0.4435062995646951,0.3234476352672435
0.75,0.5,0.009163165833866782,0.006644062410287699,0.0050622822021852976,0.008111278368319375,0.005871376104213066,0.004418641405505963
0.25,0.0,0.23107042042206216,0.15691595628223065,0.11477957596572053,0.2079415854907336,0.1353698330713644,0.09443700003769973
0.0,1.0,0.14438250606902914,0.121252460275183,0.10040751073234122,0.1438962503708765,0.12051650158231553,0.09967127351365068
0.5,1.0,7.686120245042893e-06,5.67300121412373e-06,5.842335085493033e-06,8.062727522517577e-06,5.964435443539529e-06,6.029774092142226e-06
1.0,0.5,3.2776497430275775e-05,1.7762466039572544e-05,1.0321054944695263e-05,4.0923653058633214e-05,2.229252594676545e-05,1.3124209288672972e-05
1.0,0.0,0.1828331196798838,0.15393455310347504,0.12427363252947832,0.18246584472489447,0.15352047779487488,0.12373872647766682
0.5,0.75,0.04407185016270643,0.029368894562750825,0.018940905984701106,0.044622607967901184,0.03005097710196536,0.019568507871789098
1.0,0.75,0.0036857439118224145,0.003429072510743314,0.0032495660988167696,0.003684632900549767,0.0034114880347376753,0.003208862691540748
0.25,1.0,0.44417792610692663,0.32675385000547263,0.2453310975703421,0.4391755485759139,0.3247850838652053,0.24538561098497624
1.0,1.0,0.002655430206482734,0.0018076566489452217,0.001423836057401151,0.0029713334753107556,0.0020194055307041214,0.0015946048510433464
0.0,0.25,0.2481517040403286,0.17922401317035086,0.14130065633330724,0.2504632168481642,0.18107501815477256,0.1430562225674994
0.75,0.25,0.0002671523767588946,0.00022423176715713478,0.00020610464934800454,0.00029914666827335346,0.00024879578724346096,0.00022810092741565313
0.5,0.25,0.16573785412898268,0.1290176295635279,0.10973218156886899,0.14788089862741394,0.11543946245201608,0.09846570865522497
0.75,0.0,0.08225238493805209,0.06899937647222198,0.05319132227598644,0.07780573649192957,0.0656476495345123,0.050133115156383745
0.5,0.5,0.23203333945701266,0.22074330258364394,0.24008941872740142,0.23473659456916685,0.223514443832473,0.24246529081403767
0.75,0.75,0.000452346996754005,0.0004557835610272676,0.00040834717519011576,0.00045477330188270493,0.00045790559469449654,0.0004093292918070368
0.0,0.75,0.3817886763307198,0.2914886926223419,0.26586242285672146,0.40393058714506014,0.30928926137518686,0.28238346556514526
0.25,0.25,0.005090277278355759,0.004584092577575194,0.004202937587157618,0.005677586088792541,0.005114757989801322,0.004769536764896665
0.75,1.0,1.84754615539795e-06,9.872691780765663e-07,7.030303240673774e-07,1.8363012082023289e-06,9.801855264113257e-07,6.942861723313598e-07
1.0,0.25,0.00803267580980127,0.004622064329778186,0.0023313542762767314,0.008412416460404915,0.004907848028907313,0.002571720905457764
0.25,0.75,0.03994528771777284,0.029375786465750342,0.02559308934351434,0.039770360644338254,0.029192696435496157,0.025371499268583286
0.75,0.5,0.00017507514289194503,0.0001657851605758598,0.00019106940711155485,0.00021442170426211327,0.0002029925560257384,0.00023602520690757522
0.0,1.0,0.8617066510517069,0.7796418331435191,0.6663035433653955,0.8651073446594784,0.7833156032047308,0.6694106705392475
1.0,0.5,0.0031016463458657384,0.0020224461756308543,0.0011479376959881993,0.0028083742034226145,0.001867306425026527,0.0010891576002258763
0.0,0.0,0.5538975971038405,0.45582877858380555,0.38199123318263817,0.5749392883547327,0.47653710476326616,0.4032161306070937
0.25,0.0,0.556819715095487,0.4155509032314607,0.2920248286308107,0.5551460559944084,0.4143127550672142,0.29139466327175634
1.0,0.0,0.05478769803526007,0.04220609827604571,0.032938338180757976,0.0559154641437456,0.04306715979878839,0.0336239041207943
0.0,0.5,0.5528661333553619,0.4295965473475687,0.3220373762930242,0.5875557520050708,0.4618384224296225,0.3502794326566484
0.5,1.0,0.028663218768189003,0.023491524386309193,0.016547108820878842,0.03135722203694968,0.025771325632518938,0.018289347704161685
0.5,0.0,0.01953926054392552,0.013769536901092394,0.0070713249923730626,0.019800388192070306,0.013898780544345346,0.007097724604786637
0.5,0.75,0.00786595031267534,0.00717984913348757,0.0063394592220265,0.00857106366462812,0.007823460865241882,0.006924472672974913
0.25,0.5,0.08818045031677058,0.0644915812778355,0.03674116177436337,0.10005328487345011,0.07420804691114369,0.04375285653085448
0.75,0.25,0.0011151205927049102,0.0008621297304119979,0.0007395351260044425,0.0011927006573551058,0.0009274911625443139,0.0008006176408503762
0.75,0.0,0.14129472780320929,0.1013116737353571,0.06943631820268292,0.15594477351596003,0.11259703411812738,0.07822698418161733
0.75,0.75,0.000461947778145011,0.0003142987788273821,0.0002375778238457027,0.00045733159435557,0.000309138245408902,0.00023158278027235468
0.0,0.25,0.5800589241098073,0.49133639078999036,0.3930773027413873,0.5774723121436242,0.4879333643511552,0.3890728749488299
1.0,0.75,0.005639456611277627,0.005577114105854042,0.004588605161397252,0.0052045115067549386,0.005185308479114692,0.0042236638663906145
1.0,0.5,0.05890075760787594,0.055125884813763126,0.0518089242462364,0.05746293887667264,0.05345324901434201,0.0498877125160776
0.75,0.5,0.09976013232138092,0.08389709701990467,0.0777713539081677,0.09922680638480563,0.08302402758873773,0.07657451058160203
0.75,1.0,0.11664238926244397,0.07249068734726116,0.04549056047703792,0.1204137369735736,0.07535494237812812,0.047736989645076444
1.0,1.0,0.0013372980942901735,0.0009120917679485974,0.0006658012461064899,0.0011784390421853974,0.0008035328734965486,0.0005753229916827252
0.5,0.5,0.08717487816186453,0.06304006153298913,0.051197118827369104,0.09143287780325082,0.06617364908062606,0.053958975811513654
0.25,0.25,0.7124945931568861,0.6240837002834152,0.5530578923476457,0.7206585532330989,0.6334746634257724,0.5637247966282517
0.0,0.75,0.6495888178400538,0.45847242960154055,0.2865339426500022,0.5996218189319417,0.4221175144152657,0.2680272158411109
1.0,0.0,0.004312443098948293,0.003980937964161546,0.0032519062688030065,0.004099040101108065,0.003772804083797765,0.0030650376827532355
1.0,0.25,0.0006276363467199175,0.00039363699732231083,0.00017177782658062135,0.0006720189303452972,0.00041202726837319403,0.0001800259946351801
0.0,1.0,0.6290314339327581,0.47658658950805544,0.3074588223132344,0.6180276199215243,0.4637358983833132,0.2941208889809519
0.25,1.0,0.00533732393872921,0.004766918765295447,0.005364633856318801,0.005211552582265022,0.004651436889647087,0.0052219420191830235
0.0,0.0,0.9647758572844292,0.908304973871471,0.813408771142592,0.9669402182732849,0.9131582911932783,0.8234139867464456
0.25,0.0,0.0071815149630124475,0.006148475274151521,0.00547410635529999,0.006795196582296992,0.00582065299723733,0.005184322315111456
0.75,0.25,0.024399187569868808,0.022576288214605222,0.022204384050123815,0.02150101773353197,0.019876766325956252,0.01931677894248196
0.75,0.75,0.00022314115298072146,0.00018438952802457553,0.00016766583957905645,0.00023222049810378564,0.0001912553423381036,0.0001731735463892381
0.5,0.75,0.26336158988316094,0.19082653158595209,0.1429208702985848,0.2781757903081882,0.19841941918246686,0.14702778397355376
0.5,1.0,0.0185688061164897,0.01049235663893533,0.006741075098185778,0.018012662641742394,0.010172403198235092,0.006530762729159201
0.0,0.5,0.31274191983227206,0.2116566682486527,0.13155846499660417,0.299311524087978,0.20133263905434218,0.12321257333926583
1.0,0.5,0.004568872454466133,0.0039881408194859524,0.003206811349367511,0.0044772302962565735,0.00390385739103305,0.003143074271977575
0.25,0.75,0.24171820531535493,0.15654284805005148,0.0933689182081302,0.21928862091889179,0.14384746482278898,0.08644003100402564
0.75,0.0,0.00037111741046869096,0.0002641651982301374,0.00019814149080921162,0.0008090577918087316,0.0005645406016450139,0.00041892869810955524
0.75,0.5,0.11855117355426481,0.09601840548503227,0.08534636619082825,0.11661124302075221,0.09418743169113708,0.08327622623229736
0.0,0.25,0.8942725715289781,0.7973993251273379,0.6694281134408727,0.8966044884219814,0.7985368778797551,0.668206644149819
0.75,1.0,0.02022777779485363,0.015172912452813714,0.012165424228737232,0.015821652702082245,0.011683013728671865,0.009059131019694466
1.0,0.0,0.011138513734991529,0.00810479115655105,0.005253124917246499,0.009954796035236524,0.00724085806429331,0.004631865203505892
0.5,0.5,0.0411687928908,0.028291315402426798,0.018933579435231218,0.03334345849207487,0.022581826452273468,0.014611614649136295
0.25,0.25,0.3095597825928993,0.24336483999902248,0.19184233243399484,0.30788300331351603,0.24174732343762595,0.1901385794234689
0.0,0.75,0.9577270959375868,0.9197034137145297,0.8738480720175821,0.9570257704795488,0.9186831546061813,0.8721729954254456
1.0,1.0,0.0010373450534989503,0.0009184759742604243,0.0006032911746858272,0.0009333137572379302,0.0008114078024773486,0.000516035226723055
0.0,1.0,0.015503869986492003,0.01049781737922717,0.00811917757612668,0.014440002104698535,0.009781289576773045,0.007535599923209069
1.0,0.75,0.0005695007914776617,0.0004641499854605158,0.00034275448469323067,0.0005486276599082629,0.0004452154223508753,0.00032446495567883815
0.25,0.0,0.3384404149009099,0.254607603448207,0.18296434873617629,0.3373597197537971,0.25452510300822684,0.1834789573233523
1.0,0.25,0.018563240184093388,0.013245386357777389,0.008298622477880713,0.02591477977749901,0.018766958223578656,0.012155805861502111
0.5,0.0,0.0014344595174513586,0.0007594475906969045,0.0005185041463664497,0.001399990971464149,0.0007383920003658506,0.0004975279505189389
0.5,0.25,0.010512459297513432,0.010733092089408425,0.011905985983575729,0.011468363227293499,0.011622976554243936,0.012736235320990441
0.75,0.25,0.02621840720631341,0.019158456688057823,0.014493370742659661,0.02605669967983726,0.019014379932928982,0.014303811626557583
0.0,0.0,0.47290053669119714,0.40639518503917516,0.3199320884559551,0.48112903847138555,0.41291730882187216,0.3253831635115151
0.75,0.75,0.004932948890626232,0.004390907700758451,0.003060855533901674,0.005073555514747197,0.004535107628742541,0.0032067239096518207
1.0,0.5,0.010921870700925651,0.00762986426712664,0.005571057700472171,0.01099108775647828,0.0076500040052017715,0.005564299764257763
0.25,1.0,0.2457254139383751,0.1901968383056123,0.1492468969245282,0.25942694740881467,0.20236276604729564,0.1606105874772571
0.75,0.5,0.00045404845421814777,0.00029340974721270285,0.00022118543018878611,0.0005171331911634214,0.00033884938424311173,0.0002602773228697064
0.25,0.5,0.03474575460173546,0.023915473189529024,0.01883942442598907,0.034180330804198134,0.02344329345478635,0.018376144235842107
0.5,0.75,0.7397974724590008,0.6572097965180312,0.5934603279289198,0.7336957072077438,0.6519164518146613,0.5892370628350251
0.5,1.0,0.24287238048008608,0.21915361456953175,0.20565313410258934,0.22934283667833844,0.20922668878723083,0.1980728170835251
0.75,1.0,0.004206785757429499,0.0033746077737610847,0.0029694659031664905,0.0039168924052482845,0.0031408173892095714,0.002762786852750221
0.75,0.0,0.023212056302092332,0.014264826964719646,0.00853077192668561,0.02152785417723302,0.013231487982161894,0.007891989741112715
1.0,0.0,0.00023783779764585677,0.0002131788611394736,0.00020408087702694644,0.00022882140345614754,0.00020196146824336125,0.000186143465490618
0.0,0.5,0.12189255336196159,0.10680431247240207,0.093832854295257,0.12283888296780199,0.10835512947212445,0.09677120285189056
0.0,0.25,0.6550755105457882,0.5680190735426417,0.4533146678724046,0.6301175821235897,0.5441247210826825,0.42941910902732705
0.25,0.25,0.002534613550863596,0.002233908139202656,0.0019235643105701694,0.00229537805629787,0.0020093520806696574,0.001704379069005224
0.5,0.5,0.03257295675949112,0.029342824456023875,0.032698626107568685,0.032191763439530785,0.028994589522393976,0.0322903069199687
0.0,0.75,0.49444360438885093,0.40627425230592373,0.34385313345875734,0.49256093375560195,0.4036700286347743,0.3413395249067315
0.0,1.0,0.5113232536149757,0.4672483712524974,0.4240700967526364,0.5189003334957989,0.47185760687495615,0.4260379459797201
1.0,1.0,0.00023591154610658194,0.00021457386386258825,0.000196290488579276,0.0002457954193590961,0.00022223461258685795,0.0002004404824609285
0.25,0.75,0.019127019758311326,0.012625754410221512,0.008299137758802866,0.021738804400752598,0.01437095921050957,0.00948837942350389
0.0,0.0,0.24957953333834137,0.19252405128564498,0.15107274245230906,0.24221325326884824,0.1862451464379249,0.14633109295657476
0.75,0.75,0.49242914863547327,0.3411590915222119,0.24444207289373154,0.47763387468841,0.32809581812648203,0.2329769715797344
1.0,0.5,5.171739492049188e-05,4.547858239523084e-05,3.6046825460767096e-05,5.198447189402877e-05,4.554444531612578e-05,3.5871343700644154e-05
0.75,0.25,0.0006626470150121744,0.0005989556466556856,0.0004784582328443143,0.0006459474994965353,0.00058362787085664,0.0004617954030481375
0.25,0.0,0.40795713166411784,0.26366607190158364,0.21037683692420228,0.4074695227551818,0.2618940144715276,0.20702569713335328
1.0,0.75,0.0472626451978162,0.03320001222896107,0.025501752253784815,0.04690736471717494,0.032946957200772564,0.02534067887025615
1.0,0.25,8.660847927477455e-05,6.866311640985057e-05,4.897892922783864e-05,8.81049883325602e-05,6.974385812075212e-05,4.9610940077826626e-05
0.75,0.5,0.018973573248871833,0.014403542022377591,0.013329286508677374,0.018719170543906705,0.014209838712211376,0.013118830564369466
0.5,1.0,3.9494033458264965e-05,2.6735161380297967e-05,2.2544755309494846e-05,5.268805065994364e-05,3.5542065584870386e-05,3.0153002870458856e-05
0.5,0.75,0.012340531431098256,0.008700140134266565,0.005858025354282259,0.012433930360236656,0.008771916073638142,0.005911951689669737
0.75,1.0,0.00199802171532526,0.001756044570035753,0.0014333229417289317,0.0019856675197122975,0.0017567447574069472,0.0014504537756071523
1.0,0.0,0.0023271328538163605,0.002076173365043621,0.0018207993452582505,0.002299196121334779,0.0020478706552726766,0.0017893955554183494
0.75,0.0,0.00035440008013731816,0.00033783637142703604,0.00037532425415309767,0.0005055529096926747,0.0004706341445589457,0.0005192717794618718
0.25,0.25,0.3629140484529084,0.2809983800667095,0.22366293516299418,0.35933771655280244,0.2790116546504373,0.22306695558344836
0.0,1.0,0.28460367428364175,0.213765633572647,0.15932707928611622,0.27537330379896474,0.2052435731366511,0.1525032233742588
0.75,0.75,0.0017256150968809614,0.0012451944884648292,0.0010659564250570241,0.0016843444180565381,0.0012121246552223575,0.0010303169957914804
0.0,0.25,0.9300631772719171,0.8818536762098326,0.8290693558258215,0.9601376274647088,0.9259732154678653,0.8879836459855938
1.0,0.5,0.005596740733563532,0.004161062572441865,0.002951907161699907,0.005263817239306912,0.003869666295304386,0.002722837151412749
0.25,1.0,0.7306572518758203,0.6047372899395342,0.4716998729296492,0.7205093879653492,0.591480626899413,0.4553301268186446
0.0,0.75,0.5900075070505882,0.44687030458360244,0.31324216347419,0.5851413484914093,0.44055432670795514,0.30582079817257235
0.0,0.5,0.4302176499353523,0.3664412493983289,0.3283012820753979,0.40029433652077806,0.3387951980001226,0.30155908926436004
0.75,0.25,0.19786773766799493,0.1590166940917792,0.12039135930170941,0.19729194514298465,0.1584338046076479,0.11976967469620514
0.5,0.5,0.24337567703151097,0.17164584849017173,0.1098400836798703,0.2149851721718763,0.14944929429332654,0.09265373125623255
0.0,0.0,0.7501791138957903,0.6068264372110128,0.4797854830570857,0.750742538556229,0.6083177956979434,0.4825267779741147
0.5,0.0,0.029232965326178473,0.02130165515780824,0.01057446910897919,0.03400219378008651,0.024960836761007132,0.012828204038177304
0.25,0.5,0.13272477735045662,0.10352033426216689,0.08177803987415588,0.13427229851524536,0.10463928163452219,0.08248850718334311
0.75,0.5,0.0014127214837882374,0.0010737420056479152,0.0007747260523559563,0.0013592660438364046,0.0010313743533569841,0.0007404454332159416
0.25,0.0,0.004876102774727387,0.0030688897608601717,0.0022708136116382782,0.003930121332081704,0.002519956405387491,0.0018662996124303444
1.0,1.0,7.024058875071404e-05,4.777704068548161e-05,2.9453487951580648e-05,0.00012756172208849836,8.646134702372521e-05,5.4471028434477375e-05
1.0,0.25,0.0015030702983809263,0.0009349358477492853,0.0005064438724473597,0.0017342302369685036,0.0010944767078058248,0.0006118446039882208
0.5,0.75,0.004901883607112634,0.0036767279719592816,0.0032437821450620463,0.006011098799859282,0.004539218967841263,0.004068641039091991
1.0,0.75,0.0014515047518495194,0.0008059922917125206,0.0004903310506417791,0.0014138286784888265,0.0007839931878453887,0.0004754762742136265
0.5,0.25,0.014196968621511985,0.00961780978775062,0.008886296428932794,0.020658910493988714,0.014388666871321343,0.013841017770640951
1.0,0.5,0.000609490184334982,0.0004492008718264273,0.00035136435062843585,0.0005685039659971691,0.00041915576601891935,0.00032703918391829845
0.75,1.0,0.003824647803857051,0.003151594213747333,0.001748425091389394,0.003548057464007437,0.002909286176245973,0.0015801328921892788
1.0,0.0,3.894946699878332e-05,2.4476969376796553e-05,1.4583344879026683e-05,3.97595706793652e-05,2.4892463219350347e-05,1.4688100615001254e-05
0.5,1.0,0.046578998946401606,0.03692679004990529,0.0312647729354425,0.04196999593441053,0.033159044518244696,0.027761664883324322
0.25,0.75,0.018942204564022402,0.015893313178881652,0.01206591596979778,0.016989516792813686,0.014279842746592442,0.010799865248517282
0.0,1.0,0.20781324019726566,0.15905635083281155,0.10930217917504603,0.22704785057681331,0.1752231021640791,0.12204913876183499
0.75,0.75,0.09997012128713623,0.07350516311474842,0.04568902067985814,0.09946871609536578,0.07310638281766957,0.045426432251036486
0.75,0.0,0.006764513864825017,0.00464179624103056,0.002960710862202398,0.007841379160088424,0.005412312440798317,0.003494968972191481
0.25,0.25,0.2566384748942673,0.1262678538742048,0.06083462256536987,0.24489845015137823,0.11719536163271682,0.054487543463405896
0.75,0.25,0.023670528862248852,0.019441537009604604,0.01973071028922746,0.023469887344180096,0.019322027178293233,0.0196135917679231
0.0,0.25,0.5659506989984784,0.4602139324712484,0.38560121732983943,0.5571703613675603,0.45221470632917815,0.3764077699933088
0.0,0.75,0.6602755886496684,0.5591248419086143,0.4740405297929351,0.6469939085309871,0.5470227881253747,0.4651221944216861
0.0,0.0,0.4943509166691963,0.42569004811644817,0.3685719426969396,0.48393470873980304,0.4182146714407987,0.3638970893639111
0.0,0.5,0.6420915561732552,0.49404245092107246,0.4029819907108009,0.6235883746127477,0.47705513353874973,0.3875961813188368
0.75,0.5,0.18472721606285114,0.14727040673897474,0.13690336406599735,0.17782583814860198,0.14175250842953935,0.13122769493817987
0.5,0.5,0.03272159833871824,0.0285957840773855,0.024219071725873342,0.03414744551123938,0.029800466353599564,0.025164483052698583
1.0,0.5,9.016415856699656e-05,6.107509006980649e-05,3.8302432942782794e-05,8.279506440356244e-05,5.639431075876722e-05,3.5294226733872947e-05
0.25,1.0,0.13082913895734294,0.07726910642338147,0.04422879714788441,0.12400890848435431,0.07222889842569424,0.040656967300626845
0.25,0.0,0.204410444280261,0.16769566178629125,0.14652068657450934,0.1976153956058696,0.16147378382542998,0.14038401232572517
0.5,0.75,0.4687061706804798,0.34759487986105086,0.2752545533015368,0.4446430553905628,0.3273036391865092,0.2567874755654449
0.75,0.75,0.009686228901175986,0.005580505123784718,0.0031015047048104094,0.009722889319701777,0.005621131545552438,0.0031390789095304683
1.0,0.25,0.0048547153278680755,0.0036908781591227235,0.002310622059838785,0.004819899787895876,0.003690886643193947,0.0023870439636850538
1.0,1.0,0.00019227949473732409,0.00018376921508900246,0.00018238416860449913,0.0001986579190398352,0.00018898185665039424,0.000186723500308017
0.75,1.0,0.015130421137413808,0.01153200041748259,0.010007313853621302,0.01706163181185838,0.012922655788205839,0.010874373112939706
0.0,1.0,0.54470310329235,0.4507494603509873,0.3627817914804261,0.5414568143888852,0.4475217570242812,0.3598939440846848
0.75,0.25,0.0008589028113670238,0.0005183841751723595,0.0003250172635194115,0.0008530259557537612,0.0005097813012950869,0.00031565340869477154
1.0,0.75,0.0005161773101796108,0.0005478277765125217,0.0006037103212701567,0.0004915703930357118,0.0005230442717618633,0.0005758873925451047
0.75,0.0,0.011108602388183897,0.007522474393082845,0.004991476277283136,0.010750345438723219,0.0072811897014825044,0.0048206790484846
0.5,1.0,0.0584599156975486,0.04468540206818061,0.034232783254718235,0.06684896097150173,0.05139996760444465,0.040032738523839484
0.25,0.25,0.027682574980016472,0.0203177288051839,0.01676039312790434,0.022664829056517233,0.016481430472263248,0.01334115544096337
0.25,0.75,0.5435612557376663,0.4754345432681282,0.4318910735486129,0.5115053750882086,0.44334012307691717,0.39789110566651154
0.0,0.75,0.36259913195346416,0.31877962219444,0.28524421947685796,0.35293528199637825,0.31006396520011126,0.2764406670953967
0.0,0.25,0.9289441190841785,0.8363081428518301,0.7363437731637659,0.9282787644558401,0.8349563372815952,0.734340402106012
1.0,0.5,0.0013817801579296685,0.0009594358406967984,0.000630113332451665,0.0013988350194544807,0.0009795293315493225,0.0006469010562653033
0.0,0.0,0.3562686211225643,0.2905420000101083,0.2369191289471304,0.3149522999888532,0.25840211459700135,0.21237919793437565
0.75,0.5,0.10731704841256784,0.06644840770225113,0.04327993097497729,0.10197097438101799,0.06335292188068453,0.04126797011048078
0.25,0.5,0.30376119978339344,0.2592813492049768,0.23313356861389345,0.31056156543327207,0.26569441152063233,0.2409777558264552
0.0,0.5,0.08340071367347668,0.05268113524760465,0.036714132619888984,0.07984960424026977,0.05026968838744861,0.0347620732079752
0.5,0.0,0.027657139834900812,0.018483940407433952,0.013129498830149355,0.029795046741866282,0.02038023267045208,0.01475099459495055
0.5,0.5,0.023438580833251454,0.015547839620472459,0.013169594038622279,0.023867473238671777,0.015592462572044274,0.013066366733082369
0.75,0.75,0.15162871559739444,0.11975993942137553,0.09176307693878749,0.14119287230110333,0.11025701518448927,0.0820727263455876
0.25,0.0,0.5463491963044691,0.47446926586132254,0.409796259713872,0.5497406729888327,0.4770144665456385,0.4123687824056166
1.0,0.0,0.00026101603810646523,0.00021442255544568134,0.00021673770037200502,0.0002630992053129777,0.0002152978895524349,0.00021560994902181108
0.5,0.75,0.08577582604610967,0.057843451010039626,0.03985077250581537,0.08020387661803985,0.05449495230566148,0.03758694389676831
0.75,1.0,0.002688584677045469,0.0014109876661352327,0.0006644493627143699,0.0026749115898567766,0.001400834876733259,0.0006562902238076429
0.75,0.25,0.33755548607138186,0.28024513308406085,0.2378291452424125,0.3588740129702519,0.2986819291623275,0.2555891360525686
0.0,1.0,0.4838150219214249,0.4054160347899147,0.36343899211632835,0.4716048579578258,0.39532710887601863,0.35482721202434875
1.0,0.25,0.00010953786917788921,9.351589092254642e-05,9.299581081811947e-05,0.00011231584371962366,9.542777974069772e-05,9.455750887132908e-05
0.75,0.0,0.17025404737459504,0.14407272151180117,0.1253769154846225,0.172814331667821,0.14695498030156728,0.12868667022861635
1.0,0.5,0.05179461746398428,0.03735935288943548,0.02568445504382333,0.05099657897589127,0.03669658424607647,0.02512638324367167
0.25,1.0,0.10381722286905282,0.07565029270891188,0.055234765742399716,0.1283399102510162,0.09368333746273527,0.06859265073625953
1.0,1.0,0.043693110867877194,0.03184498946055636,0.026398726892477242,0.0442095819772057,0.03225329629326201,0.02678757372648488
0.0,0.0,0.2677148801780188,0.21250181748566044,0.15682342960484608,0.2684574813779269,0.2128763615098488,0.15679929384256197
0.5,1.0,0.1327255303959881,0.07219737551322813,0.045760170988537685,0.1257912339029328,0.06966330723903891,0.04509437524603155
0.25,0.25,0.45620337926584564,0.3291093752088071,0.22028509959676934,0.46740977387112415,0.33751447619707964,0.22649489790307986
1.0,0.75,0.05885575691871581,0.045268554746264345,0.041886422079662755,0.05687550394481522,0.04356025204584668,0.0398955045417273
0.0,0.75,0.7668007207191536,0.6394570911200367,0.5263356762485183,0.7656435124227545,0.6386586783019824,0.5262898970667735
0.5,0.25,0.014977047614303074,0.006714455667224284,0.0035676658873255995,0.013357409253837771,0.00610565213002745,0.0032982885622041547
0.0,0.25,0.7870382148514241,0.6961843011898017,0.6037671578854089,0.7773544133083136,0.6860596010776865,0.5937961962841609
0.75,0.5,0.0005495107567482505,0.0004629704927812117,0.00040328981006965137,0.0006009548765048001,0.0005079293524223871,0.0004458657760241236
0.75,0.75,0.00039859000208475326,0.00022334575351190544,0.00016152999923357836,0.0003948836065860162,0.0002209122777608874,0.00015920298558524948
0.25,0.0,0.06605126913945147,0.036279335014362424,0.027069685713138836,0.06356156086265075,0.03496851060831285,0.026146802614726683
0.0,0.5,0.1543290094971107,0.12536732170120723,0.11743684053311598,0.1444904000390218,0.11749376389339439,0.10971193413455904
0.5,0.5,0.030037807825607832,0.022262902107221372,0.01676602718915965,0.025205661720194894,0.018968439581945162,0.014114606466673063
1.0,0.0,0.012389668759832384,0.01171680985687118,0.012906047580150126,0.012197851281958827,0.011530513080209914,0.012662695412670288
0.25,0.75,0.4851814213713591,0.3899724109387914,0.3213435737222152,0.4829825097473971,0.38752093876782234,0.31848677451222773
0.75,0.25,0.5615498183064807,0.4549221399320026,0.3586850722597843,0.5635770983065911,0.4577967315976862,0.3607061295183531
0.75,1.0,4.3015747727137565e-06,4.003350593695387e-06,3.1891344358658813e-06,6.5289512083399615e-06,5.827064058605558e-06,4.663610878363755e-06
0.5,0.75,0.11077071496006696,0.0805276469379661,0.05213327672546453,0.10597294286685899,0.07763030417444239,0.05027543977970783
1.0,0.5,0.00016864278676398392,0.0001196149017359538,7.807993967234861e-05,0.0001645929384364031,0.00011522750033665652,7.39889515009029e-05
0.0,1.0,0.5063767048437476,0.40668470212203667,0.34197100864722607,0.5045805209098453,0.4048236064957168,0.33989851756837974
1.0,0.25,0.05901797509817042,0.04282441251613878,0.03467696431579381,0.05694501424176934,0.041424918016779166,0.033482665897158204
0.75,0.0,0.024492070636355057,0.019816940387618054,0.016004450934439363,0.024934876038800513,0.020080647487271452,0.016202615869932102
0.0,0.25,0.294440959416012,0.19012797141864013,0.14470435728347875,0.24735158159017379,0.15750229261960136,0.11904343409802531
0.0,0.0,0.4313995275835305,0.3069645093135459,0.24489378577355891,0.42699058036507875,0.3036183953570968,0.24254895973095691
0.75,0.5,0.0008865369042597715,0.0007044820172339428,0.0006209038239155529,0.0009373248110038368,0.0007449252179636545,0.0006633382583197678
0.0,0.75,0.011582527704559253,0.008345796526972649,0.006347282246665253,0.011169607524263658,0.008021782276562694,0.006063920145175761
0.25,0.25,0.5488154695371857,0.4687501747404591,0.4027816288234497,0.5455173771632422,0.46541751488378635,0.3993536724697634
0.75,0.75,0.0031232689012492543,0.0021849113937778553,0.0017636372452132232,0.0033387808818678977,0.002341815948368575,0.0018863655402652224
0.5,1.0,0.2666707149875184,0.17234496027824364,0.1259267706926619,0.24310087991851792,0.1577308969726059,0.11663643533016665
0.25,0.5,0.10905861040808973,0.09452453139204509,0.0835687729959973,0.10666882363623498,0.09252493206839474,0.0817824940629076
1.0,1.0,0.00033132310061378956,0.00018305184313760492,0.00011999144580132626,0.0002090032622943383,0.00011322239930544598,7.431174360439385e-05
1.0,0.75,0.011290790032838616,0.00894485876505402,0.007797846972761313,0.010745850485025077,0.008543285980205817,0.007440558723768698
1.0,0.5,0.014177073952138741,0.012499823100029728,0.012546357572299383,0.013456391791670685,0.011867100629476934,0.011893545770004121
0.25,0.0,0.0641127039261431,0.05011665312479985,0.03768659262957952,0.04185163623028565,0.03211272924550845,0.023138381089497395
1.0,0.0,0.0002677965005337679,0.0001530223890819915,8.012002761914605e-05,0.0002973196464503003,0.00017079012671339378,8.96999052324432e-05
0.75,0.25,0.00035955680742749685,0.00024719657779082027,0.00019989571842948806,0.00029603258408905653,0.0002030486919506469,0.00016215017446663538
0.5,0.0,0.22208705215325641,0.1602777154496392,0.1088588867306578,0.22372890986683824,0.16159747080687037,0.10984718557399509
0.25,1.0,0.030494152312308564,0.020923341929348527,0.01701994805415641,0.029845074090711465,0.020388103122491952,0.016522335920282516
0.5,0.5,0.2721232656664858,0.2033268160922188,0.15519080002579433,0.2950159208224168,0.2222598536557029,0.1717300311319765
0.75,1.0,0.06808341151832509,0.04647626024573881,0.03387743625839579,0.0766723100461133,0.051612076115919336,0.036689925147681324
0.0,0.5,0.9308802077574958,0.8663481325773146,0.7655803250273601,0.932045461214202,0.8679419563226816,0.7675886571836352
0.5,0.75,0.08981806079812582,0.07543809522918687,0.06584516163500143,0.09457166516231208,0.07954550772420899,0.06997783880605957
0.0,1.0,0.8000045835093132,0.7023300765906251,0.6065953907882877,0.8043711176391977,0.7101964490556842,0.6213148897790016
1.0,0.25,0.0010378562252560952,0.0009890595136972102,0.0009489778131629434,0.0010093198709749673,0.0009638786961632118,0.0009158487967851903
0.75,0.75,0.1426013131334144,0.10099721148521978,0.07952785272303398,0.14171752209125987,0.10024340565403023,0.0787809690383503
0.0,0.0,0.7787392375204205,0.6324932265446317,0.5050947974758808,0.7124940460833977,0.562023539193077,0.4372591864047788
0.75,0.5,0.02838370897355702,0.02050393428063224,0.017196700193282122,0.0254575386670004,0.018409554297623254,0.015342177287670289
0.75,0.0,0.21988419169527784,0.16179571749848964,0.11369420544403375,0.22283157371669682,0.1634046955944375,0.11443711380599786
0.25,0.25,0.16946064350576218,0.1370565604963403,0.09482821705972744,0.15199995365114916,0.12079518703270709,0.08115861787284828
0.0,0.25,0.25188809724857664,0.21923753326705575,0.1834515146043657,0.2554560264393376,0.22217929706553208,0.185879761197143
0.0,0.75,0.3425774741063885,0.2345930474483494,0.16808217671170422,0.3448408207658631,0.23431718256507206,0.16618626113599688
0.25,0.75,0.03807254920504266,0.023734276971610124,0.01321139258745263,0.03452455948242694,0.021244401615732822,0.011507609287466192
1.0,0.5,0.055559048675219436,0.032063629909066194,0.01714873366740588,0.053212247520641465,0.03100605047483551,0.01675791154092554
0.5,1.0,0.007712112523849068,0.00475098765771631,0.0031283468821239335,0.00874099652006688,0.005361927814843681,0.003502190889370982
0.5,0.25,0.06610805039283174,0.06319318667388085,0.06351941086137125,0.050549204599526054,0.04821136837992568,0.047902441238355076
0.25,0.0,0.6611009307671171,0.5270893570534226,0.46967338167338146,0.6714605983344125,0.5363280834672812,0.4766658940941124
0.75,0.25,0.052228152987911614,0.04090181068355414,0.03582787711818525,0.0446004104547888,0.03480576311020711,0.03018795862129453
1.0,1.0,4.354951555818332e-06,2.612677951541187e-06,1.581435260189501e-06,4.467865461044163e-06,2.663494969468161e-06,1.5974061045032073e-06
1.0,0.0,0.0009587392215204549,0.0007707892260595539,0.0006600985334723752,0.0011951056319534636,0.0009536712165608696,0.0008138926078984365
1.0,0.75,2.198095532579547e-05,1.5699186836304335e-05,1.2886075980267364e-05,2.4862271198911046e-05,1.756938292629684e-05,1.4347009166471025e-05
0.75,1.0,0.0021721397670508846,0.0015966782910141752,0.001055347925444261,0.001484445307418758,0.0010854532098293346,0.0006937385425250797
0.5,0.5,0.09177671568723467,0.06585888497659764,0.06285446102673009,0.09126624164637365,0.0653557088593204,0.06215289501687549
0.75,0.75,0.006447156193279957,0.003119681743728009,0.001786359189249409,0.00640424809220419,0.00308853822962718,0.0017601010128751593
0.5,0.75,0.12826078833505994,0.10541531096726386,0.08575748601665012,0.12714826992905415,0.10433650042081599,0.08461972762511949
0.75,0.5,0.03108463727694133,0.026952904571831082,0.023901619732787482,0.030354043880671977,0.0262910377872565,0.023221157246614554
0.0,1.0,0.1501684269308835,0.1118572994550594,0.0878665981998148,0.13579418642297092,0.09930881448882323,0.07593032205706729
0.0,0.5,0.4718011928442145,0.3429406065799674,0.2457121076879546,0.44013553454367527,0.31541582329228934,0.22183814349092468
1.0,0.5,0.007220981310254837,0.004504810196744202,0.0025874211140404224,0.007267538621937741,0.004540375873042235,0.002614122989634926
0.75,0.0,4.975589240552303e-05,4.372824021103838e-05,3.6979027642436435e-05,3.189469177999893e-05,2.774447368181221e-05,2.295488360148923e-05
1.0,0.25,0.0007913174518736632,0.0008088984914182973,0.0007979333796442889,0.0007676851572826493,0.000786521770447357,0.0007789178888985004
0.25,1.0,0.3491886134189004,0.2669332284143804,0.18901292387904367,0.33175827567118943,0.2506915559492702,0.1746146805214175
0.0,0.0,0.3610943330391161,0.25363145644372076,0.18696937136318603,0.3456894046957606,0.24474895304982958,0.1822200316528444
0.0,0.25,0.9376644206013272,0.8794069498713061,0.7997862118954382,0.9366497777838096,0.8777599608831725,0.7974776959969437
0.0,0.75,0.5816123452824083,0.5113145655750029,0.4327986000265701,0.5777707952408658,0.510984625763357,0.4363516547424987
0.25,0.25,0.42529667797421855,0.3034351075821162,0.22743606504524605,0.42278195514358363,0.3013539751823102,0.22524395737905067
0.25,0.5,0.3996211482113885,0.2777187196057187,0.16956491208947455,0.418591606294921,0.29081445231227654,0.17637772719936895
0.75,0.25,0.00010839795237682637,8.339014835390124e-05,7.564738254095538e-05,9.05164416624693e-05,7.12773832145519e-05,6.567582703520536e-05
1.0,0.0,0.0012115605068785396,0.000915060179425331,0.0007284455757397001,0.0012737663563613388,0.0009614541313326397,0.0007701757859930325
0.25,0.0,0.08531635591216946,0.06249254651211855,0.043830761250030825,0.09484081233794184,0.06991671855455173,0.050038518453465075
0.5,1.0,0.0406199519813607,0.029461835950013393,0.019961819322951935,0.04811262652764425,0.035234073876614036,0.02432404264810839
1.0,1.0,1.266651115328088e-05,9.4141742276177e-06,1.0205252668704645e-05,1.2384252080277491e-05,9.202571531474746e-06,9.944650149806833e-06
0.75,1.0,3.572243330174363e-05,2.4106877693386153e-05,1.592671354866404e-05,3.953352938301791e-05,2.6875667319847807e-05,1.749024891017914e-05
0.5,0.0,0.08898727861181455,0.059526437779327535,0.04102881335739883,0.10502321329057229,0.070891896771072,0.049486994754638136
0.75,0.75,0.02466742156917001,0.015375648809198728,0.012165157389109726,0.026566071146786774,0.016610658419087487,0.01314130806081193
0.5,0.75,0.002518689153832465,0.0018347961221225617,0.0012309060246140646,0.001605111611406751,0.0011822735156810094,0.0007866368038773608
0.5,0.5,0.004336081764809374,0.0033314777241519877,0.0032120958325260185,0.0045295194425897245,0.003462278587658796,0.0033275448834292343
0.75,0.5,0.141710446929316,0.10245178897771501,0.08020793788110359,0.13719412065318448,0.09870570662052813,0.07670879907133465
1.0,0.5,2.0124772073026875e-05,1.2794951042338631e-05,8.049901221607314e-06,2.120107810288374e-05,1.3771690448693974e-05,8.913425590506563e-06
0.25,0.75,0.7374562734651198,0.6344742196007324,0.5614563434369122,0.7347649752463903,0.63345394041299,0.5627360858191086
0.0,0.0,0.39500244384895467,0.3258124761054244,0.2891201496324298,0.3863205591127036,0.31800063365898235,0.2807559327784619
0.0,1.0,0.06743925467759548,0.05226493963525358,0.03796595618297538,0.07022437686145289,0.054471506703824946,0.03953727587416056
1.0,0.75,0.0002279002173497524,0.00011949601370409013,7.614899647623297e-05,0.0002580905555873425,0.0001345910705778941,8.567436667861195e-05
0.0,0.5,0.9967882693653018,0.9885438547597478,0.9708538705334879,0.9965425289691562,0.9878824267460956,0.9695353186055018
0.75,0.0,0.00028199587193245,0.00019053868855301026,0.00015046358543413518,0.00042535667161114343,0.00028636874711174265,0.00022021362135205003
1.0,0.25,0.10359899739515077,0.08121388425569376,0.0678582997001913,0.09603594634176715,0.07481759126561305,0.06197676232783467
0.0,0.75,0.34419352416930793,0.26885395148856617,0.2262924487806004,0.34503584728462944,0.27019336676529504,0.22798957164118305
0.75,0.25,0.01750557190971791,0.012908660277930917,0.010824540244893988,0.017285323435435207,0.012714673216126515,0.010640193365584083
0.0,0.25,0.530050712700584,0.41939718140679105,0.3474531178300606,0.5265500936686398,0.4167358728967556,0.3457180680539139
0.25,0.25,0.14631634012629113,0.08917417300829,0.05643666989441132,0.14790118195050983,0.09103264485167561,0.058525924775909566
1.0,0.0,2.2355282897734696e-05,1.818425678201674e-05,1.5548512378060764e-05,2.5603443639776735e-05,2.0760426758581474e-05,1.7714352397391053e-05
0.25,1.0,0.27510237276960425,0.21914472541302055,0.18374114175522427,0.2649030382070885,0.21021995561589513,0.17571335917298903
0.25,0.0,0.8196623381179383,0.6869234927290324,0.514892178675924,0.7844079904530512,0.6424575048177759,0.4666718617511325
0.75,1.0,0.008984143155736701,0.007618057064486927,0.007348560769668722,0.008854287944127348,0.007504381873924881,0.007222461338006303
0.5,1.0,5.433936276844076e-05,5.5635889542049455e-05,5.9178729461151214e-05,4.9831197904692814e-05,5.099590672907883e-05,5.413281224964095e-05
1.0,0.5,0.0034849998851580466,0.0035420319989358795,0.0033228619764469336,0.00306374264560505,0.003094248540860711,0.002913051602991601
0.75,0.75,0.0012423989705224736,0.0010986893021187605,0.0008286427764051529,0.0011256787717058847,0.0009917555845584403,0.0007366181860800625
1.0,1.0,0.005263952007198425,0.0036455310044111178,0.0027307395536821932,0.004873418849382083,0.003417623336374853,0.0025840836842395687
0.5,0.5,0.12098566056813631,0.08288524040498657,0.05679454894479685,0.12816744989526496,0.08853649291394305,0.06227684232298847
0.75,0.5,0.009383236911410409,0.006183174989391471,0.0038921211465958727,0.00927369098971853,0.006097966101797914,0.0038224314665668002
0.0,0.0,0.36627946038399073,0.30322894649648746,0.25983971969879205,0.3519529774234633,0.2898491425824079,0.2471658479851071
0.5,0.75,0.402094264675222,0.2596494376842683,0.21396366856836524,0.40124203392996605,0.2587451815198649,0.2129706794629891
0.5,0.25,0.0856401235549733,0.06315554849727789,0.04304003081362684,0.08713703112748639,0.06423146430348514,0.04375988723051205
0.0,1.0,0.5690133560291304,0.4553361332319201,0.3368414560171472,0.5500318625792965,0.437442845569901,0.32170282447988174
1.0,0.75,0.000800513067983788,0.0007688379064338946,0.0006952206769087477,0.0009861593069987462,0.00094338422320428,0.0008511233926328243
0.0,0.25,0.5540080507752901,0.4666561060286727,0.39064849458971584,0.5589733572511648,0.4703891056163899,0.39322293438184386
0.0,0.5,0.9236257227750961,0.844348268699735,0.7282767968631656,0.9221409932700664,0.8417771960191078,0.7244171193169705
0.75,0.25,0.0011569166492714222,0.0008640199634434298,0.0006141717668211033,0.0010146166215596608,0.0007656371994430033,0.0005400022103870805
0.25,0.75,0.007002606311169224,0.005123868154902511,0.004118379423397434,0.006874522677402184,0.005027566252392424,0.004024376975969801
0.75,0.0,0.011006124314030585,0.008399501183559255,0.0068831092477121825,0.012061259625603782,0.009146808427195063,0.007465926926614963
0.0,0.75,0.40236608418527386,0.3277193832320495,0.3152153954326147,0.39405301623614264,0.3214092856676636,0.3103675886243398
1.0,0.0,0.0024800461950009733,0.0018778308360262175,0.0013754472875903145,0.0023729716946130353,0.0018040578402135354,0.001320589483470358
0.25,0.5,0.5470307364925375,0.4234316821677846,0.3437633924125353,0.5459170317295786,0.4221901417302485,0.3422550839565226
1.0,0.25,4.6012938550221705e-05,4.6751830462876676e-05,4.795909539145882e-05,4.931326782542378e-05,5.043242510949231e-05,5.3104075774967896e-05
0.25,0.25,0.05463967139543302,0.053345530662222584,0.04301650030772808,0.05261284867044613,0.05162679914474544,0.0418497384593679
0.75,0.75,2.12344694141553e-05,1.5194761068482165e-05,1.542380268548804e-05,2.366985177948422e-05,1.676340570866408e-05,1.68071941238912e-05
1.0,0.5,3.7741607579189207e-06,3.4513276396808124e-06,3.863585126717695e-06,3.942274926505007e-06,3.6132250924580944e-06,4.050616988937605e-06
0.5,0.0,0.0007251427239395314,0.0005402761399564415,0.00044182072902376746,0.0009324239027614922,0.0006988107301098001,0.0005748734234355402
0.75,1.0,0.04706377224768188,0.028556202982002787,0.018968410254152523,0.04961965856240802,0.030125786647380415,0.019925030994133563
0.75,0.5,0.015395481894516339,0.010215493869308645,0.007953078775738254,0.014783704702462486,0.009770306735686018,0.007542465333834736
0.25,0.0,0.4100217155131948,0.3248907515350441,0.2523350544824079,0.41424118135204957,0.3287699207278525,0.25423787008804144
0.5,1.0,0.029814541773346193,0.021031695922832716,0.016445316117059905,0.026983206719592534,0.019198262620764628,0.015076949065080836
0.0,0.0,0.11691941246357818,0.10446742127403685,0.08321180930676475,0.11262514836657389,0.09805469094647234,0.07552012862827384
1.0,1.0,0.0038615125802927697,0.0025364660391056226,0.001880431306553243,0.004074016039254058,0.002647269601560698,0.001950997562538026
0.5,0.75,0.0028249643456403906,0.0017634891492929183,0.0009074924467011858,0.0024061211334784893,0.0014974248580398308,0.000757170218083747
0.5,0.5,3.207740832078532e-05,3.017206782418569e-05,2.6215811479990414e-05,2.3596366980238592e-05,2.2428407795649363e-05,1.9317083865155737e-05
0.75,0.25,0.0006006842579910909,0.0004362831162456615,0.00039188027255387947,0.0005896664851035016,0.00042743512935605743,0.00038251867814775853
0.0,1.0,0.315744036068909,0.2490334775318237,0.20641616197335477,0.35013938544963163,0.2787414744084682,0.2331682530542879
1.0,0.0,0.0010654943881487355,0.0007933309947686373,0.0005750391851225833,0.0011021870973635384,0.0008171020278320285,0.0005910465217757732
0.25,1.0,0.07199908711998648,0.05517748761904828,0.04594685475155402,0.07104396212433839,0.0544030516031726,0.045163376671542355
0.0,0.25,0.4656240753337786,0.3582913055126038,0.2427781503718972,0.5281113720399868,0.4141224818198155,0.2894500997322885
0.0,0.75,0.9156137631901161,0.8681265186991445,0.7802861409779529,0.9214117030735884,0.873794706079174,0.7854799064479563
0.75,0.0,0.010948444340608487,0.010677649748808915,0.010304542863177057,0.012268672843010253,0.012081968849682934,0.01195747381675838
0.75,0.75,0.036043811354135924,0.02808324481506408,0.026454431815777335,0.03488596555657941,0.027058696478058475,0.02550677130617207
1.0,0.5,3.1402964408622225e-05,1.905542293401119e-05,1.0687952478272145e-05,5.873763991115499e-05,3.589455758534754e-05,2.0817939834882893e-05
1.0,0.75,0.002839139173696159,0.0019566766853627016,0.0018567233697606156,0.0027795815591029616,0.0019134075728332034,0.0018101459987243107
0.0,0.5,0.156956229417887,0.12359167685831873,0.08682691315318547,0.1553614833184659,0.1222208680334913,0.08562787624702872
0.75,1.0,6.0164009997309975e-05,4.4130300287603674e-05,3.321860225669049e-05,7.424311676995643e-05,5.473398392974449e-05,4.19707534387026e-05
0.25,0.25,0.04761168968181917,0.031022031128435046,0.02185877575815376,0.05581744558448576,0.0371000836127775,0.0265011793309069
1.0,0.25,0.15901911047953576,0.1470062148718435,0.13159172911266304,0.15345468306000543,0.14185619012034478,0.12661501873310776
0.75,0.5,0.04522807279677876,0.03160991897516818,0.02192307656517556,0.044319959050493685,0.03120698018577328,0.021917804370944705
0.25,0.75,0.6597321683880444,0.610223559289698,0.5783128495026231,0.6978182463355548,0.6455828327166542,0.612461717131537
0.5,0.75,0.009227073339362901,0.007467246338545008,0.004554974301599457,0.009080203204308357,0.007341962115413603,0.004462099657021046
0.25,0.0,0.4731165674609167,0.3201329570320405,0.22924605852167923,0.48804522492588454,0.333512392422588,0.24065431679484928
0.0,1.0,0.5825539769513886,0.45586747748727363,0.35758303371431477,0.5833597290183847,0.4564520980834297,0.3582171984199347
0.75,0.25,0.00393417890541814,0.0026268968951136396,0.0015739268635019954,0.004295140295790478,0.0028947446094533813,0.0017542267594630179
0.5,1.0,0.7478148162384233,0.6547505208137625,0.5635075744145472,0.7233642198254352,0.6251085690538545,0.5285211729847323
0.0,0.0,0.8117419220939319,0.7328464042644833,0.6313842358402457,0.8018627379062518,0.7206581574379047,0.6167326819458712
1.0,0.5,0.009824890059062286,0.005975547541690385,0.004146136405015266,0.009977692185225262,0.006065679224435461,0.004203094982074607
1.0,0.0,0.0024090457200740545,0.0018420295518801755,0.0013679049972850077,0.0028673511810428653,0.0021690518437104123,0.0015966935638669355
0.0,0.25,0.1120619298396004,0.07985887795722557,0.06841937244000862,0.11711810154956037,0.08424001782333568,0.0728829372586236
0.5,0.5,0.02657959881889793,0.01866094586851108,0.013439273765974091,0.027194272912462347,0.019181494703375934,0.013877700625142597
0.0,0.75,0.295904673725526,0.20965713375033368,0.15452795620544124,0.31029042406537233,0.21830740345981492,0.15971384522872756
1.0,1.0,0.00033459372805377807,0.0002741137733364152,0.0002813564942989455,0.0003259315487588177,0.00026696128272241104,0.00027322416983899256
0.75,0.75,0.013293141681837817,0.009538241252434077,0.00786949202781706,0.011416503510335518,0.00807409061661446,0.0064883725692378436
0.5,0.25,0.010777698102048983,0.007765718451848924,0.005452384986215142,0.010722550021897703,0.0076819391007156845,0.005328921070722137
0.75,0.0,0.003799628420433354,0.002677957095912231,0.002212435853494177,0.004879191714121545,0.0034283605353599977,0.002842957577680272
0.25,0.5,0.3151877711782126,0.2481240761874819,0.20098431753393986,0.32384418416884186,0.2556863238698919,0.20694986552095695
0.75,1.0,0.00175789507187174,0.0015529286625046712,0.001147364949362517,0.0015295703019937434,0.0013391790789217817,0.0009745551653754791
0.25,0.25,0.05622570179829223,0.05332222452666735,0.05465430690697959,0.05369601608837693,0.05119215026089796,0.05250113147643343
0.75,0.5,0.22593677958175107,0.17363292088637405,0.13590782538400936,0.22085573978861106,0.16964568868313235,0.1324077627899115
1.0,0.25,0.0045125513550691165,0.0036390351794637343,0.002757907527034198,0.0045810451662793295,0.003686773205336835,0.0027896063951591277
0.0,0.5,0.4478492502279795,0.37106356152737063,0.29401076670290194,0.44215723267712004,0.36596973658741083,0.28949889416389685
1.0,0.75,0.002811370256853074,0.0017767975319900042,0.001184060975537582,0.00330695208843379,0.0020661617328040505,0.0013863709217885045
0.5,0.0,0.010660164840906261,0.008705250628095018,0.007292306609146593,0.010488695790402791,0.008552284722655568,0.007140541228398467
0.75,0.25,0.0012861024374806185,0.0011317092009638374,0.0010806078503478034,0.0012684692996615121,0.0011081396290747447,0.0010698264201751684
1.0,0.5,0.13557944823582813,0.09214628103997946,0.07097460071327,0.12011805459733538,0.08258939370328211,0.06480667383701333
0.25,1.0,0.0067761801201001726,0.004530141333676796,0.0030705790583178683,0.008704140925094417,0.005765949988902341,0.0038929517249288725
0.0,1.0,0.6576162358321511,0.5239095971773163,0.4068774180838446,0.6531026720348513,0.5181432526671683,0.3995603906256867
0.25,0.0,0.4969795153030764,0.40129397012177337,0.31324146230845173,0.5009713386595513,0.4050276568910618,0.31611405930722103
0.5,0.75,0.04073008695943647,0.04404406931593985,0.04583513624453439,0.03960443630822774,0.04300538425099132,0.04490716084112678
0.0,0.0,0.5554783887620358,0.42969915606264153,0.3366873388699735,0.5588885809723458,0.43302490002916827,0.339627136288833
1.0,0.0,0.00165139892343924,0.001424612518527546,0.0016770410184883122,0.001593508437836899,0.0013748176326906503,0.0016150647356202308
0.5,1.0,0.13878133034966766,0.09597860315916251,0.07323711161299107,0.13758365620021407,0.09501239875593204,0.07235222140409048
0.0,0.25,0.07671013730628096,0.059055125584994816,0.04978955300983856,0.07643919695240209,0.05879412651068483,0.049470778207515664
0.75,0.75,0.29539339153822963,0.19492223548699084,0.10680346890400283,0.29816062185526326,0.19632719805745225,0.1077075265583437
0.0,0.75,0.41858925568448757,0.36818135405197305,0.33759393918645886,0.40809556399272795,0.357589509303224,0.3255668614250201
0.5,0.5,0.16023455192780567,0.11496643880775981,0.07239627785748026,0.16072079605111467,0.11528895240935388,0.07247655721602453
0.75,0.0,0.00262579161950105,0.002416496885876751,0.0022223267345082842,0.002601322895182001,0.00238915465127143,0.002190283432924822
0.25,0.75,0.3202825718520339,0.23401964279820098,0.19512684864760987,0.3082922784814671,0.2260481291337011,0.18966619169479237
0.75,1.0,0.00716340438662022,0.00428940202353556,0.004104557654055152,0.007080754018099156,0.004223667534761666,0.0040006020630727335
1.0,1.0,0.00329556884055493,0.0014833963682392426,0.0006667139654807919,0.0035431749576821936,0.0015744346146739918,0.0007016271339153057
0.75,0.5,0.018729380804948792,0.012903336237386043,0.007723297051709155,0.015977655362101162,0.010833856666847996,0.006314139788254902
1.0,0.5,0.004459408099123818,0.0035417498711111106,0.0033927197366760975,0.004507302332062313,0.0036064576941348125,0.0034777873767137812
0.0,0.5,0.07647273446959035,0.0666784872586571,0.0683646768171915,0.06668877692445252,0.05844833843470987,0.06017229170615168
0.25,0.25,0.45047670485946134,0.3132277550664706,0.1956285977133101,0.39094102975450895,0.27102909134703423,0.1686051165904512
0.0,1.0,0.36273964073383325,0.22300139293204646,0.11623440138746988,0.3076897676889321,0.18329303685303766,0.08972046731988814
1.0,0.25,0.026437132992573442,0.02670121504968359,0.03207494124910082,0.025422500430431372,0.025689097211363032,0.03083346923331931
1.0,0.0,0.0548135865679128,0.049579178075185415,0.04686705810217129,0.05257366359049054,0.04757537660274813,0.04506730995200958
0.75,0.25,0.014094879780148561,0.011448019082279659,0.009708712698471844,0.012096525023433835,0.009592567644798322,0.00786550161972488
1.0,0.75,0.034735619932413586,0.029863456779130715,0.025390447086761303,0.02483078799089722,0.021585746230100566,0.018443819512454773
0.25,0.0,0.029171230623223687,0.020367591907409777,0.01917106349812503,0.029321046236800652,0.02036084515686154,0.01905916135263286
0.5,0.75,0.5157163889335012,0.38586369817479504,0.32641744774690973,0.5312521434733835,0.3984184377957838,0.3365531914695651
0.0,0.0,0.21914916181385324,0.19588962847892022,0.17852935218148647,0.2121951541466922,0.1897423224841529,0.17255406802778628
0.75,0.75,0.03485187940232304,0.018544379769964148,0.011695434714447006,0.030261053976851193,0.016278394148036335,0.010314435435083702
0.0,0.25,0.21415861554664317,0.1510169441953898,0.10920163289909746,0.22778460038588821,0.16148007513736118,0.11753798845134522
0.5,1.0,0.005309506388022633,0.003475070359436283,0.002311846212261992,0.005408113157278738,0.0035977603678574166,0.0024481672121889897
0.5,0.5,0.01715332912487222,0.009526154541247056,0.005180414081067286,0.009761246106124166,0.0052282329656139215,0.002575785769145189
0.0,0.75,0.9659771940759203,0.9154636098892182,0.8307871823464097,0.9701631388825706,0.9234679917282774,0.8445831270630051
1.0,0.5,0.0037340317383003363,0.003928919368280548,0.0036603583803345163,0.003300326687611932,0.0034835158011443657,0.0032273252601342506
0.75,1.0,0.0013453322514428434,0.0013235398600295323,0.001462454817920955,0.0013435956348351041,0.001320550221915684,0.0014557488134754326
0.75,0.0,0.0012649568220350904,0.0010485324593894063,0.0007879927952914034,0.0012932206318231332,0.0010796406397172165,0.0008167647989709703
0.25,0.5,0.7400207605250538,0.6666934018155322,0.5957737571393864,0.7542448202554255,0.6830244446486919,0.6142907564974623
0.25,1.0,0.02955570391770035,0.018900050122924505,0.012358348272753727,0.03012689403896196,0.019222324201343177,0.012477454002414401
0.75,0.5,0.022944669068845958,0.014816027423624867,0.013508727140552845,0.022486071739182267,0.014512124623808909,0.013202782241446553
1.0,1.0,0.006970294919358189,0.004685318973814523,0.004505404080187958,0.007194582181014875,0.0048289724318220095,0.004645186486481712
0.75,0.25,0.0033413661961716468,0.0024973411389777045,0.0019396541798337719,0.0032383641866452484,0.002378686575237987,0.0018008674641423195
1.0,0.0,0.004703371853871596,0.004143723644124742,0.004014364939540549,0.004562531306700368,0.00401278967994112,0.0038732338414592116
0.0,1.0,0.13139862470341845,0.09728432666328457,0.06381208784165338,0.13054307262598364,0.09677235726073563,0.0635805738440679
0.25,0.25,0.16430721250305336,0.11197011681561775,0.0663497062960563,0.2068433911430545,0.14687846731272658,0.09265687693889046
0.25,0.0,0.6020515875225461,0.5078204732395931,0.44329039297719686,0.6069276103431068,0.5121282289861342,0.44679183888964535
1.0,0.25,0.11567343212001358,0.08401637400587414,0.07014637529018086,0.11327466300504263,0.0823349675078403,0.06889956119536156
0.5,0.25,0.02509956628682919,0.015906443850557395,0.012755816761348848,0.025177458277329645,0.015956660032425685,0.012781457792643725
0.0,0.5,0.5560546627533582,0.44052783483400204,0.3338934574934278,0.5541922164379909,0.43861071949498154,0.33167505644025264
0.5,0.0,0.006216861989058575,0.00412990682847314,0.003615869605081201,0.006682433439808788,0.004389771691267752,0.003779626182406126
0.25,0.75,0.03679823301664098,0.02596973606020858,0.019054299515872453,0.032273126912513384,0.022842415309608954,0.016716374295765668
0.75,0.75,0.20748396779635037,0.14352515592739212,0.11442918478413588,0.22283324627445633,0.15371273827996546,0.12200839252004037
0.0,0.75,0.020157644891993787,0.018188207591052885,0.01592779096753949,0.01916712726393288,0.017419585224035528,0.01518673233386858
0.5,0.75,0.031907496159222726,0.024769909200791584,0.01666182122484794,0.031402616616139634,0.024295061328063916,0.016198642835823396
1.0,0.5,0.0006406991230445414,0.0004080785581002111,0.00023588534005258843,0.0005224147239355492,0.00033350445083546454,0.00019316287503090557
0.0,0.0,0.5014917760164672,0.3918785796141375,0.3230000595276419,0.5549954028697566,0.4379859600310523,0.3667017430014613
0.0,0.25,0.1010773732778254,0.09057840205992684,0.07600817022756856,0.1041291468747435,0.09342222715337445,0.07866336600819179
1.0,0.75,0.00035506368964632884,0.0003023546375706676,0.000287553446830735,0.00045549227299090944,0.00038937589193155375,0.00037303605142291474
0.5,1.0,0.45532404891449385,0.36271991710003904,0.30436626731244254,0.4340361010794799,0.3439095951498218,0.2877437141930077
0.75,1.0,0.0010292271651028972,0.0008575833801753863,0.0008909275962258878,0.0010859182987328353,0.0009095119937044815,0.0009518271589425975
0.5,0.5,0.09879230282416285,0.08449082712763101,0.08417612037455613,0.09142943693707006,0.07863762300896993,0.0786413343784006
0.75,0.5,0.4130056309157947,0.35774708562127155,0.33240463570195367,0.3996308667693652,0.34657484897411783,0.3219225876921563
0.75,0.0,0.38296096632947274,0.28885631266630307,0.2154415561903964,0.38632257872244935,0.29258656281904116,0.2190591071749184
0.75,0.25,0.03364815969755808,0.025596956024705575,0.016241437719145768,0.032410932537687565,0.02466492041549051,0.01559033365866469
1.0,0.0,0.0003381676653642085,0.0002639807318216558,0.00021042593339171134,0.00031633252214635643,0.0002464512270390351,0.00019473309929496363
1.0,1.0,0.0014995166127991233,0.0009268500350975151,0.0005986857102950882,0.0016898525577180301,0.0010439978533829386,0.0006670793869210101
0.75,0.75,0.022106914684591028,0.020465849507288136,0.021979183413398884,0.02168478481773395,0.02010301334274034,0.021574357854981407
0.0,1.0,0.7402122355011758,0.6371180758612652,0.5765678771361046,0.7729402979639912,0.6771311967645365,0.620502450088963
1.0,0.5,0.0007266167716537542,0.0005863053240958704,0.0004266743131655648,0.0007953989134779071,0.000621616657186963,0.0004350014087991516
0.25,0.25,0.3481485114299334,0.2584931657065376,0.19982622898304947,0.3397579093705827,0.25307049749659627,0.19621560392153026
0.25,0.0,0.2815127822312653,0.2342441403648441,0.21246099702720822,0.28096597009350543,0.23529587076029912,0.21454847095191965
1.0,0.25,0.0001317478089994939,9.915770058621654e-05,7.482308319195496e-05,0.00012366758909188036,9.20072781684933e-05,6.839879341680177e-05
0.0,0.75,0.8688852978174342,0.7975712633086053,0.7532974191579972,0.8659535658071644,0.792812309846864,0.7471024353068041
0.0,0.0,0.5999474591593608,0.5134163624775621,0.4586329629254161,0.6110386161269963,0.5214664693104742,0.4627686144713631
0.25,1.0,0.12917958255030948,0.09633089105495873,0.07443166558210457,0.1363193139743244,0.10194576267941813,0.07933985558718692
0.5,0.75,0.018402448340361977,0.0150125945333216,0.012169585709872921,0.01801346944692428,0.014623204434600967,0.011756451053852368
0.0,0.5,0.449079776217444,0.3645757377778097,0.2807572999073469,0.44730751083240816,0.3633230259608514,0.28040627072466495
0.0,0.25,0.8151365169964361,0.7408051024373339,0.6547580646542465,0.8386582293963165,0.7654076787078647,0.6800425817924487
0.75,0.5,0.019666754432027256,0.010237854055940576,0.004893911661686956,0.02309489771336115,0.01191488424920839,0.005655185296778553
0.25,0.5,0.359775206821352,0.3180835358569909,0.27346203608397557,0.3608638548465626,0.3176002388999053,0.2722541834735671
0.75,0.0,0.005449232401657511,0.004159368656060813,0.0035401151015307386,0.005525563891207286,0.004204801340705777,0.0035584059696821546
0.75,1.0,7.792621859570303e-06,6.36415717925054e-06,7.027169630857699e-06,5.842667425426384e-06,4.70655319029234e-06,5.041638132086135e-06
0.75,0.25,0.003755279029152847,0.0030054900060756395,0.002790640392539956,0.0038069414435786264,0.00303072757597167,0.0027955768834745376
0.5,1.0,0.021502120326381435,0.011541728492196368,0.006753525088740608,0.02152539856061253,0.0115293190078255,0.006726884996579363
1.0,0.0,0.000950441446621042,0.0008932296332071488,0.0008540255948932263,0.001027190803356337,0.0009502626769328781,0.0008907107974933659
1.0,0.75,0.000736316476175114,0.000629431840621586,0.0006009726086333433,0.0006672167721391009,0.0005667470581445233,0.0005373217208525238
0.5,0.5,0.004922503408802514,0.003936085857326077,0.003290604096726879,0.00446730931883943,0.003541153089075433,0.0029351958141895507
0.25,0.75,0.15292349282250406,0.10541035957267764,0.07005439945900149,0.17855740652344432,0.12277539649510838,0.082378766797777
1.0,0.5,0.15448043312199422,0.12625576579804376,0.10232612115819428,0.16680727397150696,0.13657446637274884,0.11107695138774465
0.75,0.75,0.20619299606174724,0.16025890547466304,0.12828652708705035,0.20458352367684507,0.15864051534480628,0.1265606722850634
0.0,1.0,0.7109717687307708,0.612603595783921,0.5110877427071172,0.720978860211541,0.6223010846688162,0.5197808009847429
1.0,1.0,5.625990925661739e-05,4.4519834450529316e-05,3.35342538255734e-05,5.840094821263353e-05,4.6257449069164736e-05,3.4829831382587884e-05
0.0,0.75,0.3703653691207731,0.29030750194551147,0.2728472539598885,0.35236159378437415,0.2763622899838447,0.26062978233526213
0.25,0.25,0.17153326331608976,0.12997839042338621,0.09980177021162595,0.15482080953326383,0.11729606205595744,0.08998569072856921
0.25,0.0,0.18854402082538047,0.16106437095305937,0.13432327337437966,0.19478694776036376,0.16553482832063726,0.13755114989267192
0.5,0.0,0.1906218897265507,0.1418369239829551,0.09332237677035515,0.18799150007556675,0.13967588960871502,0.09157895718331166
1.0,0.25,0.09678019986250885,0.07976453751480472,0.06386180481140702,0.09637107284248658,0.07980627152271835,0.06445712816667903
0.0,0.0,0.4416926495377279,0.3375315470615905,0.2611625452369726,0.438172701924851,0.33176665460566923,0.2533920560967481
0.75,0.5,0.00359606724828343,0.0031462181663045596,0.00233095854922194,0.0039897485314781544,0.0034899605856062443,0.0026190565539347954
0.0,0.25,0.4193194515756553,0.29719782716704657,0.19027071383690486,0.4166150379925553,0.2961650067014143,0.19010060888642488
0.5,0.75,0.16554426564048808,0.13030870906489533,0.11050272297381603,0.16561900852283207,0.13060533812123698,0.11092154403768717
0.75,1.0,0.08466625708589692,0.06281612096059808,0.04936440286627808,0.0837231422150273,0.062120748087021505,0.0487991983351056
0.75,0.25,0.00010691637287396638,8.598342734256192e-05,9.114167706913978e-05,0.00012430318211142932,9.931447821576178e-05,0.00010502500910480883
1.0,0.5,0.0026238856449991577,0.00222559253588972,0.002090571065243907,0.002799801884248665,0.0023734585193955215,0.002229013059348084
0.5,1.0,0.0012653944051854715,0.0010125298682368555,0.0010674517964401886,0.0012055280252664113,0.0009662439279143342,0.001017234052129945
0.0,0.5,0.1104693869943919,0.09263085990509057,0.07497122348079877,0.10072271503037766,0.08500935198015025,0.06888188215384805
0.75,0.0,0.023250541042116768,0.016136616283479066,0.01369775058424294,0.022781728439904336,0.01593461498187465,0.013702727172497986
0.5,0.25,0.0007073243632012005,0.0006428920252411485,0.0006261046425696248,0.0007841502175770509,0.0007184013391924315,0.0007044005315894886
0.5,0.5,0.03974201050036119,0.03267130325302858,0.025991779749457544,0.040462632976274504,0.03329550459723851,0.026584715038272755
1.0,0.0,2.4519229805619602e-05,2.2565036788213533e-05,1.955476474369e-05,1.514517549183747e-05,1.3927488738296745e-05,1.2022340204920212e-05
0.75,0.75,9.778891773626341e-05,8.561776296400758e-05,6.782918478287492e-05,0.00011198650242261188,9.92515145424866e-05,8.06193928835075e-05
0.25,1.0,0.3988890741563976,0.3263140300916796,0.2970799886557792,0.40485975996554857,0.33456940994113626,0.30763731270539085
0.0,1.0,0.7535319919255091,0.6562319350246162,0.5934997522422021,0.7504268883343453,0.6548247394384596,0.5945805190621785
1.0,0.75,0.01637098192730657,0.013390206246720826,0.009939539687356058,0.016166664875044146,0.01321301073558645,0.009785804621164296
0.25,0.75,0.31365879153344667,0.23024819696328458,0.1787047192512612,0.32449221661137817,0.2384635684151355,0.18518671681822763
0.0,0.75,0.800254057198521,0.7024303862479987,0.6525119683662629,0.7976219975728536,0.6974250333124071,0.6457191085262975
0.25,0.5,0.26350471512896023,0.2139161790116213,0.1828193182146709,0.2663204543646184,0.21641616436284017,0.1854244990073879
0.75,1.0,0.0004228845980009943,0.00023250931393981045,0.00014698684141856155,0.0003877019016361727,0.00021264252276620432,0.0001330730380662004
0.25,0.0,0.045639397467302834,0.03692817387513647,0.03271754426452855,0.045730525920961274,0.03699994603314405,0.032748745921813094
0.25,0.25,0.5585915326772288,0.42001891677976666,0.3161588514340421,0.5582820387572175,0.4198744368457513,0.3156062897460017
1.0,0.5,0.16697070323819252,0.1237610510877789,0.1094117086079821,0.17016028179456522,0.1259388542042693,0.11093718787158346
0.75,0.5,0.01201338856800116,0.009468971598755926,0.007922744017190397,0.012037606275612345,0.00943541921086899,0.00783093994896733
0.0,0.0,0.48888996401949947,0.38429942364667113,0.30507420192107926,0.48221487347751757,0.3780240301784651,0.2988291964485217
0.75,0.25,0.0010851429644482824,0.0007155103794247442,0.0005006617861544882,0.0011389608485476987,0.0007416554664906316,0.0005031357778408907
1.0,1.0,0.0002613445969606998,0.0002351636668702639,0.00022893164869719484,0.00028112261764601243,0.0002509477226706469,0.0002418208425642998
1.0,0.0,0.0003312484107550473,0.0002316917045332989,0.00025034868211748496,0.0003339181406820657,0.00023184117366370494,0.00024883911263806624
1.0,0.25,0.0034852894069936635,0.0018734811645735316,0.0011151505369921821,0.00261042590413485,0.001387603583990038,0.000814603463012209
0.5,0.75,0.056759036343118074,0.049640641343056124,0.04063368440615678,0.05635034806432726,0.04926234854583644,0.040239075386107825
0.0,0.25,0.0021117720324898004,0.0015803256859339143,0.0012599116326525994,0.0021423861054531423,0.001618085712545403,0.0012847453491675598
0.75,0.75,0.42161372273044995,0.35151514257301253,0.26571611939240114,0.4301797048937932,0.3599584169177529,0.2738532742214965
0.5,1.0,0.04269347024219339,0.03387497846823351,0.03184634416491727,0.038233032578222526,0.030542668187955924,0.028926299441408565
0.75,0.0,0.09912907676394078,0.06698285440642071,0.04587809282618993,0.11678333053039958,0.07868358845161882,0.05362038983363315
0.5,0.5,0.412413489602936,0.3293638755877888,0.2674416825292988,0.4036539341165053,0.32289475158147474,0.26289954581412955
0.0,0.5,0.04988915359721635,0.04419557346385594,0.03645335339984501,0.04988700118811196,0.044044237355956195,0.03626837417839657
0.0,1.0,0.2176838915235496,0.16122301418727958,0.13728797912928115,0.23369487636551,0.17348319361616826,0.14776584576777052
1.0,0.5,0.05871738463527487,0.042753732844116765,0.03209736222275361,0.05641422258711837,0.04113513022480353,0.030906517277348167
0.0,0.75,0.5868583121639679,0.48878416799279667,0.412375191014439,0.5924678948956007,0.49434125373291316,0.4186554828845066
0.75,0.25,0.01911682902438827,0.013292342005369662,0.010228612281856675,0.020903153724023404,0.01447046490488546,0.011094747552579665
1.0,0.75,3.219287361133638e-05,2.5575674889810607e-05,2.0431712097535026e-05,2.7920960716798504e-05,2.206415790417804e-05,1.7500177639129255e-05
0.75,1.0,6.013227501122653e-05,4.495403900861561e-05,3.0025367758979016e-05,6.203819290551138e-05,4.6281257581659574e-05,3.0847972871228535e-05
0.75,0.5,0.30303370170092603,0.22328008077840666,0.17093551262398188,0.3083875330629545,0.22710643324079416,0.17421023798831736
1.0,0.0,2.8040823774055923e-07,2.1188299381691422e-07,1.641003071206626e-07,3.2656424764354597e-07,2.4542659815551815e-07,1.8588337957758938e-07
0.25,1.0,0.1268488496824055,0.09504250748395493,0.07509953954668913,0.12250052234197706,0.09127748263522417,0.07135626432615316
0.75,0.75,0.056239190522115456,0.039207238399327826,0.022017147941359227,0.05609468105798965,0.039195491136658434,0.022128103089132378
0.25,0.0,0.9149484807728058,0.8435399915677437,0.7719946412116112,0.9179975713103706,0.8483571383893294,0.7788719703060825
0.25,0.25,0.00371505175620912,0.002761616609822548,0.0025993115130074074,0.003651038967553921,0.002708660798424356,0.0025406500803875076
0.0,0.0,0.2297531015780152,0.14838437753974432,0.10247430009259817,0.2506922293876648,0.16739885192260517,0.1214044182485925
1.0,1.0,0.001415020692117519,0.0007762109572617693,0.0006881886087563016,0.001420402311645641,0.0007712740224937731,0.0006817297998820138
0.5,0.75,0.06383650676641206,0.04569547436624777,0.03783857938082891,0.06587532001467722,0.04714855712640598,0.03935081986171651
0.25,0.75,0.07724493862732507,0.06064857616916042,0.05255570632989137,0.07339180057264161,0.05762514578991451,0.04976638892608842
0.5,0.0,0.06960804296258372,0.04932249906273922,0.03945455607259696,0.07018303030112516,0.04990368963648306,0.04001368764896629
0.0,0.25,0.1562479756915186,0.08192113546684998,0.051208763446525474,0.1485569242204947,0.0793396324670268,0.05026797756412871
1.0,0.25,0.009359125018847503,0.008105145243962442,0.0055365041606927345,0.008775964720542317,0.007605897970813791,0.005192199446686807
0.75,0.0,0.0030326382378069727,0.0025078318112065068,0.0019232180571894242,0.003545653828791351,0.0029321528252115314,0.0022625561353415424
0.5,1.0,0.004133996535098383,0.0030037455240601307,0.0023517219670639022,0.00283153966842542,0.002040888304942312,0.0015542756031901028
0.0,1.0,0.18222958691100644,0.14168109650692773,0.10752201562959718,0.18039340193010744,0.13921691939827308,0.10454035011521023
1.0,0.5,0.059737136637172616,0.04646793004297467,0.04312341723138302,0.053268802455721964,0.04151429644044857,0.03852667254488118
0.5,0.25,0.021830876389915765,0.01778735108158802,0.015653303132706853,0.022242199660862383,0.018120728470152003,0.015939162264453466
0.5,0.5,0.003967328147234106,0.002214303134612461,0.0012906482656982465,0.004356969612060446,0.0024463917673146485,0.0014275677450518165
0.25,0.5,0.3665265325680498,0.28197016882245973,0.22475446862398618,0.36548367578456364,0.28133570786477247,0.22437806882645694
0.75,0.25,0.020854407947892284,0.012689259638190231,0.008238143078178384,0.014271542124276948,0.008454659480067406,0.0052690453638980506
0.75,0.5,0.07655225343774053,0.04998624205611879,0.03108056567608286,0.08768456726592144,0.05730205321906601,0.03588939747087516
0.0,0.75,0.9698755751848471,0.8979733183748189,0.796012277006842,0.9697001439376145,0.8974123337278442,0.7948031078034843
0.0,0.5,0.9307223022909361,0.863592449058782,0.7838849160536103,0.9334829139102423,0.8707749148524322,0.7966165843376896
0.75,1.0,0.06066343197514179,0.04400964189860479,0.03217007520701087,0.062300939860282734,0.04502873802910068,0.03288673870171188
1.0,0.0,0.01171857327492476,0.006718914233000528,0.004378701962833853,0.012608566202180982,0.007270060160489034,0.004814392600867579
0.75,0.75,0.02596237400253787,0.02031551240867191,0.017077221353298144,0.02681782767880403,0.020953558745718026,0.017643113897333196
0.0,0.0,0.6872757455201532,0.5734182925987434,0.4539551657369293,0.6768173678539995,0.560598635526919,0.4391132909876989
0.25,0.0,0.13799223762962431,0.11632421333135268,0.08331715834990239,0.15124869189323908,0.12822719274567917,0.09250124021542783
0.25,0.25,0.5222874191491429,0.44306570756929375,0.3731602468502666,0.52419409019406,0.4449448945106589,0.37488299329587704
1.0,0.75,1.271868495078543e-06,1.3353229333379346e-06,1.6597102076021386e-06,1.1011700735696905e-06,1.1576844108907025e-06,1.4294459005359528e-06
1.0,0.5,0.0004903551666366468,0.0003893335620347438,0.0002773446796056067,0.0006451982124320299,0.0005130261162584748,0.00037210185345459834
1.0,0.25,7.934833467126978e-05,6.63435049720329e-05,4.738254927583174e-05,7.688040634135085e-05,6.418025968935037e-05,4.549921424379377e-05
0.0,1.0,0.43180500021805246,0.3861603609242529,0.3544955190604475,0.4325356451097675,0.3864636140703268,0.354164909056081
0.5,0.75,0.03991134000353802,0.025972017748038256,0.017941268165486912,0.03891707249632237,0.02527844271303814,0.017402251212105813
0.0,0.25,0.3073199383572113,0.24945198538844648,0.20105918039479498,0.3063964646625723,0.24916255682879385,0.20120948801423344
0.75,0.0,0.003126117432790565,0.0022670955512197333,0.0019250965531254494,0.0027301854701959893,0.0019657241594360775,0.0016349753802256117
1.0,1.0,0.0028433642053400376,0.0017204332465884375,0.001680899140417802,0.00290330387756077,0.0017484702307495326,0.001701591370169897
0.5,1.0,0.004095410407305877,0.003742129182033649,0.0034337836765513385,0.0033947840027521714,0.0031070702444307985,0.002837227321835001
0.25,1.0,0.030945158527656003,0.02467792181851336,0.020650339325758993,0.025127825115324742,0.02072001204278362,0.018013814131211836
0.75,0.5,0.25967324499334865,0.1738290355154648,0.12630127900351606,0.27693752758516377,0.18536938728901586,0.13460226014148058
0.5,0.5,0.06505641353416214,0.04459085889092185,0.02839545057745596,0.0654845554330401,0.044799909701762286,0.02845502230344865
0.75,0.25,0.0039885557402838945,0.003290779861233495,0.002926428459338881,0.0032342856276503795,0.0027186623169330737,0.002454715010549169
0.25,0.75,0.10909943944287182,0.0755792915653305,0.04811930999514502,0.1075377606207113,0.07415056326277158,0.047018847827698496
0.0,0.75,0.547222682970128,0.38936964879181,0.2546110902858837,0.5423824700804866,0.38487890511663125,0.2510765415614665
0.75,1.0,0.04546127553655177,0.03097623278435735,0.021112994274404606,0.04547129679627837,0.030984001782875525,0.02110624645624548
1.0,0.0,0.0010617009579341197,0.0009770488543954237,0.000858615581630473,0.0010375316379234167,0.0009552015492746424,0.0008400578496364774
0.75,0.75,0.0020603035807992276,0.0011182745108142544,0.0006915515988181742,0.0018514038533193888,0.000984548759042747,0.0005879394235712709
0.0,0.0,0.8008954373927948,0.7018945771212293,0.6073742564914625,0.7961477078104278,0.6961945912869358,0.6010461192500878
1.0,0.5,0.01322850701471967,0.012197368750203053,0.01150447264117671,0.013749327212714602,0.012600536905891913,0.01187953869922831
0.0,0.5,0.316334836759797,0.24811594905370327,0.20143356940810997,0.3068640408071115,0.24105991215410805,0.19552169537189135
0.0,1.0,0.626149262900473,0.49402953965431284,0.37502293193848246,0.6245978068803602,0.49265213991938916,0.3737401966349365
0.25,0.0,0.08952200462784365,0.05583524146892038,0.04524566493279081,0.09821044802459844,0.060785714239252275,0.04883837859789664
0.25,0.25,0.47337468370728386,0.3656725687776631,0.28102781884228767,0.4970808228227436,0.38784627898293933,0.30308810884940884
0.5,0.75,0.005431532876374545,0.004670367796790087,0.004007634069754795,0.0059996495641111425,0.005132751881525066,0.004409561900249659
0.0,0.25,0.3848247747262794,0.30735693507197637,0.24735298774389602,0.3749165359196953,0.29732476275306596,0.2373140244806482
1.0,0.25,0.01997905678867562,0.015020786337471281,0.010986988787170304,0.020019676455389712,0.01502555007774975,0.010961757316562348
1.0,0.75,0.022842350970236125,0.01848190292702956,0.01523518725585371,0.02023031736160119,0.016306117943515774,0.013238582285474254
0.25,0.5,0.4323015431286853,0.3184500649887212,0.28902309740450494,0.41378759876143756,0.302737156820174,0.2739489571211481
0.75,0.0,0.005087492172903274,0.0037545493509014705,0.0020989377197628833,0.005074103611244607,0.0037459197524694066,0.002085529549392673
0.5,0.0,0.132343413459465,0.10729454397520988,0.08549603041906095,0.12749268575192674,0.1029503784287098,0.08139639579535507
0.5,1.0,0.0021509993560285823,0.0011754382120525708,0.0008318118293164645,0.0015969884569755344,0.0008650222949182496,0.0006029190977241417
0.5,0.25,0.08011581371160414,0.06607938538384817,0.05312840860414836,0.08107835104323269,0.06638036736814557,0.052759657321180486
0.75,0.5,0.009538165186943726,0.008320798850235511,0.007650106466281281,0.010653831605309638,0.009296120532229502,0.008624149602467157
0.75,0.25,0.01986112134074336,0.017178920392700858,0.013431484957587503,0.019409634009414867,0.01676345405331603,0.013053984874068725
1.0,0.5,4.4838397223800897e-05,4.154981872184216e-05,4.541604856123094e-05,4.569118592201438e-05,4.214415117897996e-05,4.5845265423727355e-05
1.0,1.0,2.612089208264834e-06,1.7554514505357943e-06,1.537955614638875e-06,1.9306689849063474e-06,1.3039641033607552e-06,1.1288965899858283e-06
0.75,0.75,0.0027849437432516666,0.0016773981695579199,0.0013241922783995275,0.0028532406018066947,0.0017323036737422193,0.0013812418364391732
0.75,1.0,0.0031907188134293607,0.002487409581030109,0.002229240012060929,0.0031595668685222567,0.0024579859160216433,0.0021946605434693955
1.0,0.0,0.00016946954854224483,0.0001625149679658211,0.0001552205110595395,0.0001752925925065929,0.0001683184271514815,0.0001600595612887279
0.0,0.75,0.4847181351813533,0.38065874575699,0.29727094339356186,0.4689208039290884,0.36518430049239214,0.2819882541613803
0.5,0.5,0.3034371022100477,0.2311175483246699,0.1787338359042593,0.3094632318898308,0.23603580178091632,0.18394114877494805
0.0,0.0,0.6782229658663422,0.5871424918425673,0.5246839116094232,0.6773543480140121,0.5861086955736098,0.5235014038644881
0.25,0.75,0.11941484532036306,0.09119674778830456,0.06062457750014805,0.13829388646290852,0.10614261953584925,0.07207694793265629
0.0,1.0,0.08892949151390561,0.0461007391208319,0.029719392845376724,0.09565505982322842,0.04917408333821549,0.03141721044260759
0.25,1.0,0.028507860432863574,0.014046460860709153,0.009477313587075709,0.02823446325775769,0.013890715034624024,0.009346732195403495
0.0,0.25,0.5060828974252,0.42936637219728435,0.3689173596152826,0.5021088753764607,0.4261522201164295,0.3646795777797466
0.25,0.0,0.3096585280380927,0.20911106102892885,0.16012872177256243,0.3413479392450546,0.2259174019305441,0.16824794102191498
0.25,0.25,0.3601334272479977,0.2798034882705528,0.23859404266525142,0.3575300639320388,0.27715608743539166,0.23569626537268573
1.0,0.5,0.0011071519613162772,0.0008449563072930877,0.0004533618245793347,0.0009014394123376679,0.0006828342807101428,0.00035365959523236956
0.0,0.5,0.6168720614193893,0.4426434862883123,0.3013474848896103,0.6255970265780761,0.44882200929605,0.3032988425008445
0.5,0.75,0.0021969682025926307,0.00206976664521219,0.0022437641354747795,0.002161701279636774,0.002034366930461884,0.0021881706395060485
1.0,0.25,0.05499423224620692,0.046662004548369995,0.040688202594470035,0.062420941720766066,0.05335496092092773,0.04690730329698556
0.75,0.75,0.16295204487735093,0.13591186894901364,0.1277508467543741,0.1570804623906098,0.12964178010866745,0.11988011567659573
0.75,0.0,0.07445990789848145,0.06191358966394489,0.062133531629483985,0.07250944179303853,0.06050799827718245,0.06067584440857787
0.75,0.5,0.006289027625089316,0.003891804495832818,0.003102329422186245,0.006073760199258649,0.0037581723454449545,0.0029910380546780413
0.75,0.25,0.8097236887624957,0.6710278280975175,0.5122509907326186,0.7776862877443239,0.6321689872117452,0.47168678612635306
0.5,1.0,0.00023886996766886437,0.00014453372438283374,0.00010346035280361932,0.0002649149987954402,0.0001612423336943003,0.00011636488351096652
1.0,0.75,0.008906595675326923,0.006449566571059995,0.0040147357766495695,0.008592627524492968,0.0060961267720474055,0.003675010280629998
0.75,1.0,0.010533475862967823,0.005933921542859988,0.0035363551825587924,0.010677498631254112,0.00602070127242138,0.0035844387847201453
1.0,0.0,1.6149088079453477e-05,1.380243878235099e-05,1.0688842954853506e-05,1.546348063619085e-05,1.3258598588805626e-05,1.0264011667593387e-05
0.0,0.75,0.5956373672917262,0.5275203370983177,0.4942689995266427,0.5910136650984297,0.5294691281381326,0.5034560830506751
1.0,1.0,0.01754604289129602,0.010660156167189738,0.006398432321817471,0.02157778814114919,0.012880196676452793,0.007788128767572511
0.0,1.0,0.7400888656107392,0.6669061641603593,0.5775680959330715,0.7118485520930657,0.6407273993701381,0.5509154747681727
0.0,0.0,0.0075142733907916925,0.007048062310431313,0.006889487319008847,0.007367107436091258,0.006928339377940684,0.00681472868776023
0.5,0.5,0.08774149240824991,0.0609019602996248,0.043882643865098325,0.0883935390241597,0.061322820821053003,0.044332272203505774
1.0,0.5,0.002322114006476861,0.001720087650529667,0.0016540031287510804,0.0019095391507685244,0.0014244043713882437,0.0013695980097341298
0.0,0.25,0.451831469148938,0.3682073397758504,0.3015114987381994,0.46093895983488997,0.37390087690739426,0.30641466392761463
0.25,0.0,0.055143084238288065,0.03770140968744462,0.026859309132754694,0.06122824422545581,0.04186557810167302,0.029922002108289547
0.25,0.25,0.7196142809221081,0.6414309579437101,0.5647813396355603,0.7188145059502234,0.640428815720856,0.5634725785413585
0.75,0.25,0.010238427468016953,0.010629907387357695,0.011550740199545606,0.011057730300056745,0.011488104176437641,0.01254933622472465
0.75,0.75,3.35995539502143e-07,3.267225818781583e-07,2.7574001615349175e-07,2.6716973489104845e-07,2.5895110200568894e-07,2.1419461049276833e-07
0.0,0.5,0.23249466821976705,0.14806407341074546,0.10229877797292541,0.22024052613364753,0.13886114651011894,0.09505633870830887
0.5,0.75,2.3766032671068693e-05,2.051006775272146e-05,1.8359761975839106e-05,2.8928059023991537e-05,2.474441403821359e-05,2.1929294846345648e-05
0.25,0.5,0.023751882222775134,0.019594725165342997,0.01748458398806585,0.023155621843340857,0.018996434511883598,0.016705010410176246
0.75,0.5,0.0009517150469451341,0.0008700046949607909,0.0007039747360071402,0.0008382720063264681,0.0007622382255776383,0.0006176049406079187
0.25,0.75,0.012857851323273772,0.008492670059935814,0.006829025963506541,0.016345565434632947,0.01070545432495651,0.0086074292406626
1.0,0.25,0.01442110250082096,0.011200893813258506,0.010014466067867378,0.014020971259413817,0.01090728044824485,0.00984205751813938
0.75,0.0,0.01602948030480822,0.014640709741623015,0.013741811629617184,0.016577135645871266,0.015243840847154688,0.014328085882224895
0.25,1.0,0.38349265044309777,0.33799960405593177,0.30202739083063723,0.3858153098886542,0.3395826065716778,0.30259774360693414
0.75,1.0,0.0005412548126013661,0.00041498652626925647,0.0002436744136760094,0.0005063301533312359,0.0003884896890091749,0.00022630883919583233
1.0,0.0,0.00046215567326801654,0.0002863187753877616,0.00024591213780011945,0.0004405974426167081,0.00027347427688284576,0.00023468544627425203
0.5,1.0,0.45005885135249346,0.38715774967742167,0.2802640875725283,0.46388914897726485,0.3974904573953377,0.29055845463070296
0.5,0.0,0.2762898386633703,0.2057164351738736,0.15090428866596317,0.2813364506772259,0.2100611379401045,0.15477334269320908
0.0,0.0,0.9387750915227213,0.806651912450998,0.6264868000281402,0.9390682780727586,0.8070751495286055,0.6268536774894315
0.0,0.75,0.22533541672711688,0.17303672415780091,0.12051140354240097,0.2542920411254015,0.1970545654277085,0.14204429033143717
1.0,0.5,0.0049290743493914935,0.004879119855264236,0.004908174979520341,0.004784845258580028,0.004736956442261797,0.004755513566521041
1.0,0.75,0.06654407657099437,0.0475537670276196,0.03465765864209169,0.06944105216759211,0.04958302921710622,0.036199084463198083
0.0,1.0,0.7085338207325862,0.5417204474542263,0.4064336027814883,0.7084234023275966,0.5410360143808829,0.40514366511469824
0.75,0.25,0.0006363022139621588,0.0006089176125314566,0.0005492567076429422,0.0006716422795635113,0.0006397533508493147,0.0005736316955178289
1.0,1.0,9.409545695948651e-06,5.207736479495573e-06,3.278086243119205e-06,9.771544792203102e-06,5.390201735178124e-06,3.3677373429963353e-06
0.25,0.0,0.1832443760070539,0.12685650520467218,0.10546985165146994,0.17493944566317332,0.12101346189383944,0.10049918852387885
0.5,0.5,0.19184688041793707,0.15152812336565857,0.10951007537050172,0.20394967801791963,0.16048545107793222,0.11676142275605284
0.0,0.25,0.46129384862981215,0.41612291323864115,0.37843798146793306,0.4972653575911725,0.44721928721813287,0.4055832079003281
0.75,0.75,0.01196323783040476,0.009358880380811452,0.006927004053963737,0.012562707900659165,0.009787898314449262,0.007238140334923759
0.5,0.25,0.0030612172825621453,0.0024304381545006137,0.0019043916668354255,0.0028932990363467193,0.0022924874537051387,0.0018721922705252636
0.75,0.5,0.7003036419340234,0.5527276292271621,0.42779879105240837,0.7005952381268911,0.5527851234408678,0.427582689456503
0.25,0.25,0.2221339037673361,0.17373589679761892,0.1462361445641709,0.2400189799026693,0.18767347321883943,0.15771137556417347
0.5,0.75,0.21583112020577055,0.15140953532121115,0.10378421593848519,0.2202501138617683,0.15372616504103698,0.10486203558720386
0.75,0.0,0.02968216620493158,0.022603456194194127,0.016920632592273166,0.024214203136432744,0.01838366031878591,0.013580517538840486
0.0,0.5,0.9187540963003606,0.8270057701049864,0.7106282658572088,0.9166549219432607,0.8233383698186796,0.7052997100752836
1.0,0.25,0.0139084480427355,0.010997276506121145,0.0068896055275995405,0.007781947356872765,0.006394236576849455,0.003967722117942718
1.0,0.0,0.0008931313922535544,0.0006175207017609097,0.00047608476676130884,0.0010354625838715492,0.0007219136732770082,0.0005603309104099674
1.0,0.5,0.00071381834112616,0.000410778832970915,0.00031191601612978737,0.0006776876567247125,0.0003874056952672955,0.00029080199023923115
0.75,1.0,0.025836367991167397,0.017458771476920765,0.012462776236662143,0.028822511120019434,0.019826536906249803,0.014427154089562633
0.25,0.75,0.01903498948212845,0.01447284475484012,0.013446509950191476,0.021007940136256287,0.015821689937479233,0.014591199072883976
0.75,0.25,0.0005163061847119899,0.000321849306322175,0.00018317119512711866,0.000468129843281595,0.0002918194437919741,0.0001651589022603206
0.0,0.75,0.5940065540597843,0.5133316647034598,0.47196019542589795,0.5939274335396413,0.5128456318078715,0.4709460945431426
0.5,1.0,0.0021886016223960914,0.0015534754799075845,0.0012920563523604045,0.0026247658453385503,0.0018665101031195563,0.0015607963876549391
0.0,0.0,0.6820706399621457,0.5796350209069316,0.4640556042352122,0.6808198172521562,0.5787094860000938,0.46329532365580484
0.0,1.0,0.5915836815093808,0.5340100699317669,0.48045801720232006,0.6487536250562151,0.5850489009406116,0.5273269729840415
0.75,0.75,0.09148435620779005,0.07135748137919695,0.05109153260646826,0.11151080032170357,0.08785622383104807,0.06453714003579858
1.0,0.75,0.4746868551512733,0.3437531452022782,0.2349033559264544,0.4559273356966923,0.32692456023820804,0.22067371002023717
0.25,1.0,0.21263616106288286,0.14219118213820892,0.11466864492907536,0.20682986228718925,0.1384697526699753,0.1114515275422111
0.0,0.25,0.4659883917496366,0.40040854791094993,0.34849864627172544,0.45040752358861436,0.38717039546877086,0.33658309832066036
0.75,0.5,0.11721710962878107,0.07567632690606096,0.04644809877232581,0.11846712802682546,0.07670331410619402,0.04717377803502121
0.25,0.0,0.009878984569567706,0.005693871904480341,0.0033499443916907845,0.006901222208471669,0.003906577750841356,0.002207017573038317
0.5,0.5,0.041158863035043125,0.0317458094897326,0.02149281978731732,0.04276566219928779,0.033278972853679534,0.02280559165034135
0.25,0.5,0.17985106482204105,0.12838658376515233,0.10201491046018352,0.17812716204447832,0.12780809704196672,0.10058511335406184
0.75,0.0,0.0010693218684365569,0.0010949034632181665,0.0011319534927094477,0.0010787234763021125,0.0011044220306446473,0.0011403925463531195
1.0,1.0,0.00011307156257556183,9.383041787658364e-05,8.665258212003923e-05,8.856175778471087e-05,7.451358101062677e-05,6.910452001140932e-05
0.25,0.25,0.38254789529033195,0.3364925444045206,0.2544908879517699,0.4085017899608635,0.360945850640909,0.27511857365070314
1.0,0.5,0.00012192682004674715,8.83617763461908e-05,6.134467397433951e-05,7.436310150765735e-05,5.392370991752493e-05,3.6383761068847775e-05
0.5,0.75,0.0315587177827632,0.025587590598585397,0.021058256813457632,0.043171052316935854,0.03498329374750253,0.028550103242697467
1.0,0.25,0.0035727723838954173,0.002192761958441869,0.0019340168743582353,0.0033764158888549556,0.002070102147239794,0.0018178698920282566
0.5,0.0,0.04004881758935441,0.0350213575864986,0.032724689011830566,0.037386676218032155,0.032176944247464645,0.029439596755273523
0.75,1.0,0.0019093915113189697,0.0015933850973810504,0.0012862725301752143,0.0019360963726360314,0.0016426101958494366,0.0013611958110906208
1.0,0.0,0.017755612273060883,0.014894630568593747,0.013313498963784642,0.015863715996254912,0.013352790080701449,0.011974125709391714
0.75,0.25,0.24011425735338798,0.19499041441351073,0.15357534838603704,0.2390601574160518,0.19402547178999952,0.15254588174874095
0.0,0.75,0.23261357825466944,0.1799146404868256,0.12137233689547422,0.2209410752338854,0.16978691582600502,0.11305967366672731
0.0,0.5,0.33907255263272973,0.30303869002261097,0.2559471928095425,0.35308609130254065,0.31555814669352267,0.266590875707417
0.0,0.0,0.6951920763217598,0.5957732050790023,0.5118200724424873,0.6985451754047148,0.5986072118330532,0.514289403965971
0.75,0.75,0.021359969747079544,0.01851513021999085,0.017051247414647253,0.021171269302895146,0.018241209349054266,0.016752549728674238
0.0,1.0,0.34813897800223825,0.30842979472923715,0.2608915446331086,0.37399477865170594,0.332171642312859,0.28213627513355855
0.5,1.0,0.01843862102725302,0.016869644931740257,0.013305086676563938,0.018818729666511214,0.017365343351910534,0.01380795416928593
0.75,0.5,3.581152634790641e-05,2.2908928391740524e-05,1.4510582760474122e-05,3.2406794058359445e-05,2.1134045424697767e-05,1.3481813675775278e-05
1.0,0.5,0.0008824072521799176,0.0008728611431751965,0.0008277298581232939,0.0008603310911546869,0.0008518519948008674,0.0008037165237424482
0.25,0.0,0.0036435335794368084,0.002678115556915883,0.0020228885207381753,0.0029891153170505946,0.002119085934661591,0.0015261663429773087
0.0,0.25,0.32524260203179434,0.2703965958467818,0.24959955079194784,0.2869562874618887,0.23734416382803802,0.2174483833153652
0.75,0.0,0.02073908338430641,0.015300408986009817,0.011802194040088088,0.018036050577557194,0.013498977883718233,0.010628306969982404
0.25,0.75,0.007537675758464313,0.007259916440005232,0.006956982920990784,0.00745028571613271,0.007176827424733245,0.0068650311593418945
0.75,1.0,0.0011030686954777158,0.0008445573954480867,0.0006936500189732575,0.001116463181981664,0.0008541811030986501,0.0007002838503896713
1.0,0.75,0.0015695133571702602,0.0011804978576290814,0.0008552048243760657,0.001548488952391791,0.001162369323569834,0.0008380756467374351
1.0,1.0,0.001308350370374134,0.0008206633231810923,0.000497383892710368,0.0010302288602748177,0.0006647716961967198,0.00041475585766048706
0.75,0.25,0.014786050437231912,0.010748593133298678,0.007157993005733609,0.016839173210241087,0.01218970962664745,0.008095677535060464
0.25,0.25,0.49259138634390265,0.42490219974469046,0.3847530637227151,0.48776748191396946,0.4205534798212023,0.3804164180610453
1.0,0.25,0.003998946293851335,0.003220375119761032,0.002043466184070808,0.003234827112927663,0.0026361298260761945,0.0016646754977270861
1.0,0.0,0.00041263931016510824,0.00034538302249731423,0.0003065276133344952,0.0004052893196235807,0.00033741078310522976,0.00029587045115864186
0.5,0.5,0.019458709563645926,0.015366811691102544,0.011114816724397292,0.018409089861191275,0.014524454564970868,0.010355204459651657
0.5,0.75,0.07728331689859314,0.05581005229345304,0.04476881531314125,0.0764955997667186,0.05517113962632547,0.04409926028430189
0.5,0.25,0.006528446288546985,0.004521940628900989,0.0031630889580701593,0.006383403347093308,0.0043837696570177,0.0030115605460214745
0.0,0.0,0.40205483163579414,0.29238745454156945,0.22886399108771016,0.40225087952622707,0.29264674742881447,0.22931718903354925
1.0,0.5,0.06447948015744076,0.056205357301228,0.051498238868054935,0.06498510680048997,0.056645912332979664,0.05187798519412157
0.25,1.0,0.09520674900007542,0.06356040720935985,0.05070816965996361,0.0809409018690378,0.05415530930642276,0.043424852829746174
0.75,0.5,0.03137464841791249,0.021857884851073983,0.01541535724199794,0.036794900003955355,0.026360377220983944,0.01950966269717802
0.75,0.75,0.01100183649629849,0.009957465127519383,0.010576372059225347,0.011486012793578526,0.010412320867836833,0.011125699190757676
0.0,0.75,0.3613080323341953,0.2878634835163074,0.2358179378090406,0.3584059825319579,0.2857814032576189,0.2343920555483161
0.5,1.0,0.08511270646779123,0.05737766743286299,0.03582325047327084,0.08484263896960587,0.05726652908408869,0.03570043973565662
0.0,1.0,0.0019867424476396334,0.001186052871135157,0.0007603423093234252,0.0019410422402262872,0.0011567034086593653,0.0007384679523374515
0.25,0.5,0.02907234021817051,0.01905000597954909,0.012864147791225689,0.02919969273687939,0.01910356683926595,0.012858766582611203
0.0,0.5,0.5882064689174558,0.4803001697345629,0.4129314705935456,0.5843896849808217,0.4768141471609969,0.40961857704075955
0.25,0.0,0.09954189321352358,0.08446326879983646,0.06114053627138116,0.0824161667451967,0.07020576706231041,0.0496887301908453
0.0,0.25,0.13154014498933986,0.1087067623699125,0.10400434208615372,0.11168241501859266,0.0920159853382092,0.08786442963755547
0.75,1.0,0.005256503972155935,0.003365567213688636,0.002136225161997296,0.005712490914209223,0.0036508573415048318,0.0023198311801462257
0.75,0.0,0.014737887838504271,0.012773328712881171,0.011971881299947529,0.014384025401676936,0.012431888961748183,0.011563348134774554
0.25,0.25,0.10250480950165963,0.06710396735193325,0.045525542306844136,0.11333809536845851,0.07409542528825996,0.05031151218799235
0.75,0.25,0.010185632792269361,0.00804786296493154,0.006048652157031098,0.010041368761540825,0.00794129075344352,0.0059526332080417355
1.0,0.5,0.0038793353348035575,0.0024363297826429653,0.0014797880970076616,0.0038639347665008206,0.0024192530861313344,0.0014586874839601638
1.0,0.25,0.04312740325046549,0.0285243050276609,0.021432313915867973,0.04049948637105549,0.02673046107375232,0.019921709750873373
1.0,0.0,0.017393156599859516,0.011354456000795876,0.00905174181859758,0.01788494055086698,0.011685078594525944,0.00929504756372257
0.0,0.0,0.3735346708546039,0.3164238645008942,0.28401895697564783,0.37865807260311524,0.3204988418300183,0.2872921910558527
0.0,0.75,0.400629476357402,0.3404139196027032,0.2892989088635005,0.4017097432723742,0.3405129277877168,0.28745742591884305
0.5,0.0,0.030069246857444942,0.01864248260620538,0.012429303724039165,0.026624800323373443,0.016585761557213585,0.011056267513314122
0.75,0.75,0.014465442454498878,0.01032690818853621,0.008121716623596509,0.011585627063834592,0.008274409852499942,0.006459138058394931
0.75,0.5,0.22709279167324214,0.1711035043740139,0.1512319225519344,0.22710911042555293,0.17099072771027368,0.1509542690765573
1.0,1.0,0.0036981440816267197,0.0016325427265095893,0.0008841608264974488,0.003635516679523776,0.0016008909588076659,0.0008624872224167746
0.5,1.0,0.25930442978549606,0.2081375961477261,0.15758599063977363,0.2640885922099633,0.2119810897434966,0.16005861732176785
0.5,0.75,0.003259960514589988,0.0021011378935494873,0.0012591052137549408,0.0036213301947025656,0.002380512097801879,0.0014856575886055268
1.0,0.75,0.008288328422614066,0.007250869719259034,0.0072878619099681075,0.007882303670364688,0.007035857674583923,0.007196123726403547
0.5,0.5,0.02447773964315325,0.01797185121160605,0.013488942893895683,0.02101532262834327,0.015527294048473084,0.011572788659336641
0.0,1.0,0.9565201386858656,0.9191505470079809,0.8589648947902204,0.9583738736541293,0.9216067064170299,0.8618445075311645
0.25,0.75,0.3953677230003101,0.3442394694774874,0.2976389574508693,0.39974113438208636,0.3484662257364898,0.3015368405420844
0.0,0.5,0.3083497989843026,0.22065160228360603,0.1785631406003041,0.32098109130041363,0.2317164786175836,0.18556940984045012
1.0,0.5,0.0006345250285275661,0.00039262565623232604,0.00024553024214890584,0.0006448518278092674,0.0003972126987777935,0.0002464419783098082
0.0,0.25,0.49274375218461663,0.36237239462734205,0.25844024467637106,0.4948752183112499,0.36371602691492244,0.2590830828178583
0.25,0.0,0.02315307408977796,0.015955756995148285,0.012880030257493291,0.026363782923038204,0.018202044319968302,0.014717886648130452
1.0,0.0,0.027212615275394536,0.017676323506056413,0.012868874899043092,0.0274148489979672,0.0178000594418809,0.012945248747298521
0.75,0.0,0.0012887622103210372,0.0008819595128424229,0.0004979313171405986,0.001104834663319676,0.0007686909950630483,0.0004384788703475362
0.75,1.0,0.013122541850425273,0.00922967611399117,0.006712588514962814,0.013367437091138079,0.009404311636713736,0.006844483418176783
0.75,0.25,0.07518036293583352,0.06081533224923796,0.05399488389519036,0.07712660566538021,0.06242291553802404,0.05533387577262583
0.25,1.0,0.8653171905210894,0.7934640808800077,0.7196104957042817,0.879239977121457,0.8102000074793211,0.73875134319159
1.0,0.25,0.0016919707111275883,0.0011992439355541507,0.0008687664224176217,0.0015774981134858423,0.0011285428347631576,0.0008209926646530752
0.75,0.5,0.01825310501206512,0.014314702414320868,0.010130358093998093,0.01976432047486587,0.015589390885531795,0.011085446098798912
0.25,0.25,0.020585675708326923,0.01711758165070454,0.015014626027979538,0.018496504580012507,0.015471191120929095,0.013602554255564114
0.0,0.75,0.2779466604393308,0.22230797854458295,0.17874376566422723,0.2528249064780711,0.19963453480867577,0.15861849402234518
0.75,0.75,0.003700563751681596,0.0023283253501221735,0.0023483312513614685,0.0037328652013164376,0.0023222480090745456,0.0023114321119110937
0.0,0.0,0.41959736380507684,0.40139456077856583,0.3814987943189876,0.4156079138510562,0.3961613663721628,0.3740336409114684
0.5,1.0,0.03632699822274088,0.027592068422365168,0.024159063004419057,0.03677700412688134,0.02798672806278346,0.024525351980894783
0.5,0.75,0.17245053805790267,0.12634020947227853,0.10756577946740897,0.17534149881122318,0.12884427610035987,0.1103023300075372
0.25,0.5,0.1425201596062653,0.10857480558276766,0.07792915934661693,0.14178865686841347,0.10792811880936248,0.07733535841718553
0.0,1.0,0.19399579190394112,0.14407363272292883,0.1124686607698,0.19469904542699956,0.1444605116424762,0.11261973239365597
1.0,1.0,0.0028372254073180114,0.0015809117022181907,0.0010777024118296952,0.002640586534770728,0.0014716226982528502,0.0009979333495014897
1.0,0.5,0.0016227822069980746,0.0013064093520223086,0.0010585006940492248,0.0012509209748525763,0.0010222721875003948,0.0008340330166742849
0.5,0.5,0.16017304196535465,0.1274231101302329,0.1021152005718039,0.19785673713546414,0.15828485062043274,0.1275113316849208
1.0,0.75,3.3320560363314655e-05,2.369247042122158e-05,2.3675963264913058e-05,3.5348128250123345e-05,2.5167637159317913e-05,2.5192384215944053e-05
1.0,0.0,0.004101267923732221,0.003154986616768274,0.0032276641711401766,0.004120386595055425,0.003173700588562589,0.0032435830646686536
0.5,0.25,0.022155395241200804,0.013718545756476797,0.012219442180437023,0.02346269549317448,0.013973549908496086,0.012025722017324658
0.75,0.0,0.003791684719664179,0.00300837475004867,0.0025528671110902623,0.003452309892514549,0.0027458717513128006,0.002327445432098285
0.0,0.5,0.19693903144808378,0.1558911697545714,0.13984862062518166,0.1854923894530487,0.14787239166379917,0.1339034693201291
0.75,0.25,0.04978082907939485,0.04931737340189901,0.045019781461091535,0.0498923692916482,0.04939680038337291,0.04498029015049043
0.75,1.0,0.02176544130107716,0.018001787119790502,0.014449549910728665,0.022414862486437426,0.018509093781492347,0.014864807781956757
0.25,0.25,0.9847371108460783,0.9602513195449485,0.928899051867746,0.9847460595388173,0.9601585583583839,0.9286100009630363
0.0,0.25,0.08433957076140008,0.06538836369889345,0.05192999510310492,0.08581791819041873,0.06683659471214354,0.05345808001720487
0.25,0.0,0.14850630151109923,0.11744565824917008,0.08716491216756717,0.1468393176701306,0.1160089532317965,0.08574606161597997
0.75,0.5,1.2087923896841879e-05,1.1540998875458897e-05,1.1981778855418845e-05,8.376505631346731e-06,8.034052398464553e-06,8.147315442075254e-06
0.25,0.75,0.019345512881038918,0.014097428516432586,0.010120519511721437,0.02114738640739311,0.015358701618853887,0.01102829854735643
0.75,0.75,0.38359007480415164,0.2911019711777596,0.2279929702443605,0.3907713033428394,0.29691802848393833,0.23255771936038427
1.0,0.25,0.014051227902434293,0.010895431327117344,0.008991902761195325,0.013109251902800323,0.010196609235126664,0.008432231819688218
0.0,0.75,0.05695418032462374,0.04309315918217982,0.03864176017576626,0.05149684947394095,0.039288203639853414,0.03522656019867132
0.0,0.0,0.703944474079915,0.533955595317638,0.39048726191935224,0.6482689657328721,0.4871945046684625,0.3591315772335958
0.5,0.75,0.012083220442646203,0.007747162847236311,0.0056122685015518314,0.011421154733814998,0.00734869157778717,0.005344610815167794
0.5,0.0,0.11550207151667369,0.08517140691457681,0.05929447862415016,0.11189476655690545,0.08458379956212858,0.05989406302070843
0.0,1.0,0.2595978768101337,0.20129721740778672,0.16650222661806868,0.2580273863632744,0.19983823193913985,0.16498036875343858
0.5,1.0,0.02818975184085004,0.023342863502022082,0.018195727509524362,0.029385341022063027,0.02490070121646082,0.01996060435271696
1.0,0.5,0.03869832528893391,0.030804218020396235,0.022127212235603322,0.03949300729769778,0.031399951218123,0.02253500286207255
0.25,1.0,0.33927224466932393,0.29778504418351637,0.26285917418146154,0.34294643649563405,0.299575243155376,0.2639261385500895
1.0,0.0,0.009518792633721573,0.007761553171217184,0.00636669372287102,0.009482667548887047,0.007718276899374099,0.006318290193331744
0.75,0.0,0.0007617679559376311,0.0006136664075744314,0.000593944871180363,0.0008503712632864646,0.0007031380933740783,0.0006787762933365693
0.75,0.5,0.005697201274677877,0.0038396596816792083,0.0029628480728602913,0.007174320208039653,0.0049033379774749974,0.003860305384487228
0.75,0.25,4.679204246715862e-05,3.324886855660125e-05,2.332598467802427e-05,4.029856511478247e-05,2.873737131481313e-05,1.9974526321631103e-05
0.5,0.5,0.0015299932655888915,0.0011396707702662212,0.0008814473953300261,0.0016753779191315266,0.0012934331475527028,0.0010555656985546946
0.75,1.0,0.009552208495257286,0.007611074510892157,0.006206385899099276,0.00988474879455381,0.007872385738880938,0.006427950015097661
0.0,0.25,0.4001672515631971,0.33217122085727124,0.28450166032730306,0.43161185940635327,0.35969963630203183,0.3091249351857107
1.0,1.0,0.00011167750981733171,0.00010605121541540363,0.0001077541265293025,0.00010168917677300104,9.653504881801389e-05,9.773408500679537e-05
1.0,0.75,0.018752990428949068,0.010132825018429714,0.005630563839552183,0.016571064176490125,0.008680964996595208,0.004536656738294953
0.75,0.75,0.020819721441573846,0.012684792178686566,0.00989986513405483,0.0209133598413227,0.012661067921546865,0.009815270791925124
0.0,0.0,0.10049252845448753,0.06974571612794167,0.05092531000472522,0.10085887573783825,0.06994942507806878,0.05088269799801992
0.25,0.25,0.009618620208721174,0.008550198492195071,0.00743222597511195,0.009135871784485716,0.008144393947980388,0.007073353313069797
0.25,0.0,0.16321869863662097,0.11673133570762384,0.08580861189227018,0.16337047772080893,0.11635053333299306,0.0848457501875467
0.0,0.5,0.27031637429028055,0.21213114296926183,0.16319430666532608,0.2966496690099589,0.23604299939832474,0.18535831275240122
0.5,0.75,0.24249811409933186,0.15922696979553608,0.12134229962500731,0.24136466823933855,0.15727629320580805,0.11864505442820517
0.0,0.75,0.3635437700649792,0.24229196249176566,0.14135788090174584,0.36871938362681633,0.24659008677018868,0.14428925700290907
0.0,1.0,0.373711858773199,0.2664566651321987,0.22732774971698544,0.37206521049236785,0.264103542904484,0.22393853091018356
1.0,0.5,0.0013522248877251286,0.0009521947386323948,0.0009658906636450526,0.0013401616580648312,0.0009432159118805128,0.0009547909641600683
1.0,0.25,0.012742631440758934,0.010574133252898354,0.008522175515803365,0.014042036012193337,0.011708118882310159,0.009556646995893425
0.25,0.5,0.7669308273821047,0.6495465023669083,0.5770925443951507,0.7629852952777672,0.6470773848539471,0.5743940128928493
0.5,1.0,0.08240559949549287,0.06729646759598085,0.06203075906368505,0.07534074111692268,0.06137759216026972,0.056277166366052844
1.0,0.0,0.07003657811810371,0.05879204912045022,0.042407980739903595,0.07545588135243442,0.06397519057480339,0.04686550480989793
0.75,0.5,0.0005679270289158378,0.0005398104728480124,0.0005071980450568336,0.0007078869116029507,0.0006650917153119273,0.0006205641034793263
0.25,0.75,0.24672674903682656,0.1855252008507009,0.13141065291673548,0.24671070183200539,0.18520052548819765,0.13086027571747272
0.75,0.75,0.0007901557419986993,0.0005414248205664052,0.0004227286919084028,0.0007721856161653218,0.0005282764921432648,0.0004107981349835699
0.75,0.25,0.00014600067840864206,0.00011960137370370383,9.303968228013826e-05,0.00017451305314675203,0.0001439542611658684,0.00011303452669275682
0.75,0.0,0.021575702194747692,0.01835635839065597,0.016249936680906685,0.020693539112225823,0.017611237726126827,0.015535282547037066
0.75,1.0,0.048366395208257806,0.03832413418381797,0.02825140526084835,0.047745965394248024,0.03798407910071,0.028043444200777756
0.5,0.25,0.012669813646597028,0.010182397493386341,0.009200366826040862,0.012503639627036822,0.010041629931176743,0.009051140828814752
0.0,0.25,0.5083362403291993,0.4219568511254681,0.31511490122634633,0.49916590379008663,0.4101760379118595,0.30041828171577145
1.0,0.5,0.02308218151740493,0.014303524236910503,0.009593735738518294,0.02208228755393482,0.013612658152878154,0.009013706015207124
0.5,0.5,0.03248054586457738,0.02601024004763186,0.022563195340997044,0.030675158263009927,0.024440307204244394,0.020970996837151756
0.0,0.0,0.47429765519205047,0.40402183425422955,0.3158758539283728,0.4783300860206262,0.40799086217893166,0.31951137506701766
0.25,1.0,0.4561304136161378,0.35888313736897315,0.26663971538590836,0.4774183653027745,0.37753772357047977,0.28258558233074493
0.25,0.25,0.5319888217234092,0.4528853836339938,0.4060863329468962,0.5631137121618965,0.48146470709508593,0.4362803981375135
0.25,0.0,0.3027649847332621,0.23776979010611132,0.18568437354681644,0.2958792724379723,0.23117127045272,0.17952751766447295
1.0,1.0,0.001643834440129499,0.0011054114302793128,0.0006343595995412787,0.0013234833552451253,0.0009213541400606706,0.00053515822244532
0.0,0.75,0.25263032766979276,0.2069015489862236,0.16418829526001888,0.2397716560566976,0.19552977264875837,0.15362799153751483
1.0,0.25,0.0014336841238130615,0.0007384993195314049,0.00032167179679865043,0.001438049143074327,0.0007380594558189513,0.00031937240332446937
0.5,0.75,0.08752776066891688,0.06558905174553398,0.054297039193396346,0.09186236230804978,0.06882705879022111,0.056874457075663964
1.0,0.75,0.0693580399300262,0.049357790730990336,0.03273891247401739,0.06854335962221203,0.048724114123065876,0.03223298496118154
0.0,1.0,0.1132035467046888,0.07174583129827294,0.054886594712011516,0.10912187319090871,0.06964822384445524,0.053599129067872786
0.0,0.5,0.1157858771156528,0.08156655829618076,0.06259218243278375,0.1204280953739496,0.0851703597333543,0.06546662758367794
0.5,0.0,0.5081565666995749,0.4218500286078397,0.35046794909319745,0.515701286064994,0.42868779828437764,0.3566745522069392
0.5,1.0,0.002457990415928313,0.0020262124028954664,0.0016443452149206284,0.0026127193906916313,0.0021412797814222007,0.0017226138624117926
0.75,0.5,0.0031118181109233145,0.002305652755244081,0.001851711324275529,0.0034470404445263725,0.002554859907728968,0.0020440263278971305
1.0,0.0,0.0035247538948011137,0.0024057134255076607,0.001360314603645607,0.0035165614568675174,0.0024058527614065905,0.001363701022070396
0.75,0.25,0.4016864426861395,0.34745621948238514,0.34116532847478853,0.401362420606745,0.34689337017459054,0.3402444483860443
0.75,0.75,0.014898322478410497,0.010596272432489284,0.009891495584326782,0.01795109320301469,0.013130958967484396,0.012290317539178863
0.75,1.0,0.0014926269534804026,0.0011906681331266267,0.0009892116418430685,0.0012852007581605207,0.0010313437139035653,0.0008442899165537199
1.0,0.5,3.539846577860217e-05,3.2848270807850355e-05,3.0199854183621255e-05,4.316430066264587e-05,3.9753234007067206e-05,3.6488477431095845e-05
0.75,0.0,0.030197499294245866,0.02129222471554104,0.01601280901633728,0.03239057858221317,0.02279586156940061,0.017111040496315955
0.0,0.25,0.9342016119729388,0.8732871154940278,0.7721265349870504,0.9304701749319522,0.8701698458587204,0.7717667307369978
0.25,0.5,0.906029806521583,0.8427086349200861,0.7556115854131171,0.9120884626037782,0.8487622119970124,0.7599647159462039
0.0,1.0,0.7760047471854603,0.655890524009535,0.49007537886070895,0.7839008246363959,0.6648283171679263,0.49949125287202445
1.0,0.25,0.02569381196167242,0.020592880117323298,0.016949079242798426,0.02755303822221311,0.0218332791650393,0.01778964939746086
0.0,0.75,0.3333952552257623,0.26145806560867846,0.21634121339430856,0.31540486659433775,0.24644931347011334,0.20344023526626587
0.0,0.0,0.3801901153735675,0.2696695354753169,0.20506068050801063,0.3451189982799373,0.24741083058935875,0.19287750290861627
0.5,0.5,0.0004290846285806005,0.0003715643439280436,0.0003166123047677605,0.00046785167457885635,0.00040847162468637954,0.00035252921367312506
0.25,0.75,0.7504949458042656,0.6561995334807643,0.5953618858653403,0.7520045900465085,0.6566867464632179,0.5941317673422974
0.25,0.25,0.10954663412307264,0.08251895196115533,0.063983712998543,0.10869404100546609,0.08177098789815296,0.06326646675418879
0.25,0.0,0.8180383547077006,0.6880140681262188,0.5350800370376896,0.7938293217715837,0.6585463128219204,0.5033027167276185
0.5,0.75,0.01762053833767896,0.013197018830110485,0.010981612339524105,0.017758760213469893,0.01334598942938392,0.01110798782028799
0.75,0.75,0.013846656499542531,0.012859336790204567,0.011614316075285736,0.014262913717957515,0.013215703153832248,0.011889574044075979
1.0,1.0,0.2331782190957793,0.15075497744950783,0.09822662537014126,0.21580243494733264,0.13906003950616896,0.09014294305860071
0.75,0.5,0.026672223694227504,0.019062063811378427,0.01453328185315983,0.024424961368649134,0.017444103957017676,0.013269031526158992
1.0,0.75,0.0019672048608549986,0.001611868662394489,0.0010393533778325637,0.0019196487876899093,0.0015731372807304966,0.0010123207612167118
0.75,0.25,0.11699977793666905,0.08963168297199875,0.06724303573044765,0.12123342933841008,0.09418291735706585,0.07216752058597842
0.0,0.5,0.9031657239045133,0.8219769167897366,0.7265427203406205,0.903339255464142,0.8213942216115103,0.724737525880553
0.5,1.0,0.15589789254841824,0.13576134721106714,0.1241367802140878,0.16019267853660124,0.13901004411664508,0.12692355946718425
1.0,0.0,0.20463983405301067,0.13678641971066474,0.10700974848739564,0.19210080251190143,0.12905037877364078,0.10163700200901837
1.0,0.5,3.802711448108731e-05,3.073134578868153e-05,2.127137844343263e-05,3.877950861252977e-05,3.129567334214656e-05,2.1609320135063115e-05
0.25,1.0,0.005189560882642441,0.003997231381651201,0.003117702582376647,0.005442701675208217,0.0041897986732718495,0.0032786016232022597
0.75,0.0,0.12146969107482031,0.11943964154127007,0.1234753382787257,0.11990518553076812,0.11744978520481131,0.12040879014329486
0.75,1.0,0.2549686091023251,0.17876084814536775,0.11723517937735073,0.26100846482067586,0.1825311819053287,0.11911102079254687
0.0,0.25,0.8802435550471311,0.8348002850049012,0.8149598664607285,0.8772876789155614,0.8317625126699902,0.8119161107953541
0.0,1.0,0.3391750983272297,0.26821373740709953,0.2248437407982553,0.3327423005034187,0.26635150064120894,0.22611869427017273
1.0,0.25,0.022373921669032404,0.0206194191908996,0.01828939476478908,0.021986131166155554,0.020253875095429863,0.01791884619164852
0.0,0.75,0.19166284351469853,0.15433523775592062,0.1151401348192519,0.18835038788552005,0.1510827651200345,0.11207396549140458
1.0,0.5,0.03160684119733115,0.02765311445649865,0.02054321099057277,0.03067759041793805,0.02683361820459751,0.01986582710386786
0.0,0.0,0.12789077319903142,0.09085425652260215,0.07320622318729919,0.11015645575190303,0.07784796323268517,0.06229494904504673
0.5,0.25,0.015991374546385773,0.011475305694844007,0.008874214731505736,0.019895024495709124,0.014262858512609666,0.011072954973131988
0.75,0.75,0.008679819707888115,0.005544027923899408,0.0034968185551437214,0.008510089338849558,0.005427669443062388,0.0034029260975955156
0.25,0.25,0.1883339657123393,0.14166027253002245,0.10977386452015958,0.18294706309721553,0.13712801501623761,0.10594034371775951
0.25,0.0,0.6050432293656609,0.5526597453662995,0.5253901875648092,0.611052101011937,0.5578232881280112,0.5286471476746644
0.75,0.5,0.040894247679094664,0.03282302759082101,0.029869695156012344,0.04387529903455967,0.035213979531345974,0.03206262874317212
0.5,0.75,0.32517447069025873,0.242636646189073,0.18547492503170937,0.31906247316904135,0.23612253875598366,0.17803064690531933
0.5,0.5,0.005669888512789489,0.004055706827085004,0.0032586831506447034,0.0057391624598985835,0.004101940089761724,0.0032882524261823587
0.75,0.25,8.935285952249572e-05,9.377573637880943e-05,0.00010418681920154604,8.25897656184793e-05,8.678239134907173e-05,9.649955604396077e-05
0.5,1.0,0.17479658040619728,0.0964953028898069,0.05294421772768765,0.18538232139235888,0.10313987683888182,0.057450322446070956
1.0,0.0,0.0008530520465166447,0.0005319636048752852,0.0003132712197991827,0.000870188572197117,0.0005361780632094915,0.00031136898747163855
1.0,1.0,3.272845538426772e-05,3.194503053483011e-05,2.933231229385047e-05,3.31470351238039e-05,3.243741243796894e-05,2.9764097880802254e-05
0.5,0.0,0.0010670504247500823,0.0008076525892879438,0.0007423082843330819,0.0010209418717483931,0.0007692451124627908,0.0007018414819749408
0.75,1.0,0.0010377436911558346,0.0006823721611691758,0.0004664479022171708,0.0014686788190800826,0.0009575836264426041,0.0006620987800131095
1.0,0.75,6.256402075077716e-06,3.96334866969994e-06,3.5580452427685927e-06,7.7648580185663e-06,4.88041889690205e-06,4.3813775401080335e-06
0.0,0.5,0.5968396697150445,0.43530432928533913,0.2786992250103604,0.6038865755305214,0.44196912926249576,0.2832598507355244
0.75,0.0,0.02889695227514233,0.01725883722065702,0.009851826705869704,0.030168745632704663,0.017928848970753086,0.01018916392632796
0.25,0.75,0.2385590225376849,0.20159859092689492,0.16857063018034812,0.24465587475644357,0.2066821963645351,0.17309897728196222
0.0,1.0,0.5530891077336947,0.4829990401074685,0.4451225715339454,0.5503959562298579,0.47937431554756604,0.44138312288401604
1.0,0.5,0.015090270426731944,0.012997997068142864,0.011586728699393367,0.01419945369997233,0.012232082955071055,0.01076132663663032
0.0,0.25,0.9681487082609984,0.9439777249062091,0.9036343029595428,0.97657776815503,0.9567543174013655,0.9229411441460305
0.25,0.5,0.1678834464969029,0.14075628700281495,0.11201036804514697,0.15826168108716687,0.13103791325796887,0.1023653167773757
0.0,0.0,0.8334900510348635,0.8004756584889853,0.7570994297531725,0.8312016858467337,0.7981477877918103,0.7543623662970957
1.0,0.25,0.000774619929082565,0.00052491901976226,0.00043955032485654133,0.0010371539957901854,0.0007089857718599601,0.0005914388862279241
0.0,0.75,0.3604229110122996,0.2936220698035631,0.26198932747551174,0.3430624781030821,0.27848437710048723,0.2476345881272639
0.75,0.75,0.018966032996741822,0.013603232078870486,0.008418490508533272,0.017841643651794525,0.012647170319369017,0.007653084943006094
0.25,1.0,0.1002211881940076,0.06661198606727836,0.0412589552388819,0.10094958154802192,0.06706019798326657,0.04153177787111462
0.75,0.5,0.000492898689283594,0.00032002338158210186,0.00020339743559383283,0.0005369215407799999,0.0003503859791997854,0.00022483457768063264
0.75,0.25,0.0014548553093054473,0.0009073683882845351,0.00055627942519898,0.0014272343954595534,0.000886374135407042,0.0005395639423296794
0.25,0.25,0.35624850172897093,0.24283755875001622,0.18254378839309726,0.35941983575212644,0.24520021510190837,0.18408466316609085
1.0,0.0,0.00010227162339870866,7.954290292366828e-05,5.7869563533041735e-05,9.713181819848149e-05,7.505644312866266e-05,5.386171454868638e-05
0.5,0.75,0.14030548257783915,0.11957354485104865,0.09823234084413057,0.14220269098794458,0.12097871095565926,0.09905693587955589
0.25,0.0,0.4206698279866803,0.28013551458105046,0.15742841353796555,0.40843017556514116,0.27209901916846335,0.1525302206032264
0.5,1.0,0.5012063605350908,0.39677809624432525,0.3368434403684898,0.4892420561843065,0.38388561320034287,0.3200834326078108
0.5,0.5,0.3420129118664975,0.2545202661815138,0.18802345371735352,0.3725299535099438,0.2789335348790276,0.20852940757948824
0.75,1.0,0.19552699295603526,0.1633257046879918,0.12815515473347427,0.19828538670078122,0.16497975062470516,0.12850157308327703
1.0,0.5,0.0007843540244429903,0.0005483784654103374,0.0004240320052820712,0.000653069266062789,0.00045379407433787655,0.00034560925672488807
0.0,1.0,0.9491106231575184,0.9043669752549994,0.8692972984409936,0.9491294167234318,0.9038172850703728,0.8681052333334276
1.0,1.0,0.15927046874502104,0.11937154854695153,0.10672055886542609,0.14381933708067973,0.10745226691812693,0.09587077518929221
0.75,0.0,0.000595615246007597,0.0005033088253582063,0.0005116588252318532,0.0007755836617250322,0.0006526049606783157,0.0006627261822487185
1.0,0.75,4.504315320730257e-06,3.289681405060918e-06,3.5838086522854695e-06,4.816908001248343e-06,3.5195547729571786e-06,3.8666381294572005e-06
0.0,0.75,0.39251781318223766,0.2911631565269799,0.18091533116114533,0.45611497093497533,0.343082733162134,0.2192599919327065
0.0,0.5,0.8935425342401531,0.8034923568895944,0.7058402067271177,0.8852346269230896,0.793257959288223,0.6949612125317469
0.0,0.25,0.9352988823936423,0.8189655320721777,0.6314467177529004,0.9359596168544745,0.8220358704216314,0.6384399294406058
0.75,0.75,0.020929116707847695,0.017877826906125938,0.01709552863755981,0.022985734627859022,0.019652308011725905,0.018955189406893336
1.0,0.25,0.013060117844975183,0.012426207810000478,0.012200889841159412,0.0117146532741369,0.011112643235988262,0.010834160103832424
0.75,0.5,0.026033774641044838,0.02045197635501983,0.015860894334875697,0.02370386479528297,0.018924034272098766,0.014762488947971608
0.0,0.0,0.012107500855741749,0.010144174914716642,0.01093945241587635,0.011679157510082971,0.009794452573502754,0.010554989066981602
1.0,0.0,0.06236751293866161,0.039175478099220507,0.02723375562696162,0.06279752264851557,0.039306734374375374,0.027114158312001146
0.75,0.25,0.000355501075462894,0.00024513888201138645,0.00016310014796405703,0.00038268750055714396,0.0002622694247589319,0.00017756043372763042
0.5,0.25,0.00037861188596954864,0.0002377437497316226,0.00016169868815107957,0.00036752016819763256,0.00022991809792338724,0.00015530781756956102
0.5,0.75,0.05842687350546827,0.043065034863981166,0.027042226824887328,0.05452414586769605,0.04000636932599844,0.024572801957958523
0.25,0.25,0.12088012062964659,0.0857714173923173,0.06472060090012799,0.11037296587822931,0.07718308150607045,0.05711418742530072
1.0,0.5,0.00192903480005846,0.0013469865833386496,0.0010770813920695232,0.001901382758189074,0.0013258830354271334,0.0010556204404443825
0.25,0.0,0.0016538571190745088,0.001378021829173015,0.0015035211483782618,0.0016903840299553607,0.0014085672765788981,0.001536984694315846
0.25,0.75,0.08036104732954419,0.060511223849052165,0.03936963223515799,0.07249928984988074,0.054311250868424255,0.03489752233900123
0.75,1.0,0.024350109740926995,0.013588389270201229,0.009595825733930141,0.023927669787444983,0.013494925213441089,0.009736298624394513
0.5,1.0,0.2540297997090093,0.17532019252060882,0.09397493044207994,0.2561524799001961,0.1780256336169629,0.09612752639033739
0.25,1.0,0.12124468824515533,0.08398565831803684,0.06156272798982165,0.1201050192782005,0.08389162400769212,0.06250525588109312
0.0,1.0,0.0875317978330945,0.07254119443568341,0.04597512814270022,0.09692067726392573,0.08104979902138809,0.052665178781525546
0.5,0.5,0.07541522883716545,0.062475240896241124,0.05108604766553071,0.07223609066480641,0.05960100524059597,0.048369005093199635
0.75,0.0,0.001291708665161151,0.0010785516704159281,0.0010337399743463038,0.0013587715400287248,0.001142491668849055,0.0011046595027159878
0.25,0.5,0.7885894239320667,0.6963154676707162,0.6075618725259648,0.7979499726843544,0.7080898081439144,0.6211774310051322
0.75,0.75,0.40684404160227405,0.2695810792191524,0.18832939030400098,0.38366740952913847,0.25007909370083503,0.17214597949100707
0.5,0.0,0.28137273395462703,0.23326104506718204,0.19623961813534274,0.27247534373002136,0.2255694763818793,0.18922601504925363
0.0,0.75,0.3072980617185189,0.24186701266817834,0.20662946996133602,0.31250425757445077,0.24582448047715577,0.20952544686225427
0.75,0.25,0.07875855802713272,0.06333584760644606,0.051019127938645825,0.07210125000223433,0.057951307468845026,0.046382042665387146
1.0,1.0,0.005137062593836728,0.004276633558044307,0.004014089571620527,0.004898989064522907,0.00406705656402262,0.00378745023100735
0.75,0.5,0.005564217873847976,0.004101393276536247,0.003284200371453716,0.007202130798167894,0.005274634193979888,0.004259095110029643
0.0,0.25,0.6433187861095112,0.5373839243132874,0.44024389974746436,0.6406261130430344,0.5375939839945493,0.4450530155934087
1.0,0.0,0.013543293490914987,0.008019748398107152,0.005025617563274798,0.012561452408977658,0.007423729114245603,0.004641743223002814
1.0,0.25,0.0015101985882000069,0.001246622353119342,0.0011667639668739849,0.0014557402270637398,0.0011977733706600713,0.0011151946437418792
1.0,0.75,0.0013172769112748117,0.001344053147323887,0.0013887466655845282,0.0014276591188512322,0.001453676353973865,0.001504171745337901
0.0,0.5,0.41906005656127765,0.30842734292337415,0.21371415471924338,0.4204749540063051,0.30681982000391517,0.2104206876991377
0.0,0.0,0.6158745568002284,0.4922852790730653,0.33099080750546384,0.6134330498506356,0.489328256939472,0.3277877741556018
1.0,0.5,0.2163292221031392,0.18154728563978284,0.1479160867997278,0.23144801038823148,0.18881010560930678,0.14976081373098848
0.25,0.0,0.6379915162516072,0.48398838426380164,0.38539506194271367,0.6334644429814947,0.4795559756471961,0.38121712542211716
0.25,0.25,0.04996079111517848,0.04281591014401309,0.03940718386192266,0.050492597501592185,0.04324742732096243,0.03980425873321236
0.5,0.75,0.006638158429504104,0.005806871404273606,0.004951364097652844,0.010316433793340907,0.009008952653259406,0.007811652823561888
0.75,1.0,0.002474069572019122,0.0019813868561037173,0.0016033329511544459,0.0029176024207141493,0.0023364143414174032,0.001908908914782903
0.5,1.0,0.013225831648464692,0.011149327228323402,0.009959694680460318,0.013052632979484113,0.011041679264995552,0.009883614161938947
0.75,0.75,0.02146201814486881,0.015313999192998584,0.008404918869567624,0.019034257803900667,0.013581323502894538,0.007410784004290183
0.0,1.0,0.2983966866730915,0.23167824225350797,0.18317009394930195,0.30336287034516585,0.23624068637154716,0.18740045696057317
0.0,0.75,0.7586021791570561,0.6149553612632795,0.44784426474694206,0.7571467685478013,0.6129935821774084,0.44547048444057047
0.75,0.5,0.30065945694764706,0.25799845796920673,0.22677903737072425,0.2914424077002967,0.24884292214422787,0.21778660075704637
0.75,0.25,0.054751444337111654,0.03293848325047877,0.022677686543849607,0.05477406889100589,0.03295063664410458,0.02266122865410436
0.75,0.0,0.039348253282760925,0.030526683548294575,0.02870610739218915,0.03729033151656358,0.02874264604204979,0.02688092728120639
0.0,0.25,0.26796979426868406,0.24230050731926434,0.24321526234678426,0.2745696458259117,0.2470952319764509,0.24627220038245912
0.5,0.5,0.07725937918491055,0.053597437085777466,0.037597897667837166,0.07696018810148852,0.05310601587497232,0.0369715213952202
0.25,0.75,0.04128834486604149,0.03750579701213952,0.03440824921782781,0.04126508389933603,0.03751252068841504,0.03442767790248602
1.0,0.0,0.0015466697981417754,0.0012349996834998267,0.0009692670593723918,0.0014375451198689326,0.0011493319776197941,0.0009014899228236839
1.0,0.25,2.206965642714831e-05,2.236796449417433e-05,2.612030802551235e-05,2.1689753897158326e-05,2.200944587338327e-05,2.565277387067688e-05
1.0,0.5,0.0037948731391994617,0.003266628272026728,0.002289461878775989,0.004406452063469679,0.003749036078258383,0.0026112240646016804
0.0,0.0,0.051915654518865484,0.037280175982466135,0.02826387424168475,0.05220391159072846,0.037862352762383145,0.029079108485001504
1.0,1.0,0.5309623320229375,0.40378212830452687,0.3173880544427031,0.5566220167249649,0.42561541688656435,0.3355349569506765
0.25,1.0,0.009335022959570338,0.00734899459516003,0.005372887429024531,0.010167571945203568,0.008107480433905412,0.006048432663396053
0.5,0.75,0.18569206705012542,0.13187522831339493,0.10444878646253286,0.18351749102051818,0.1300648069433885,0.10272449459336785
1.0,0.75,0.006422403819550393,0.005047728041210453,0.004711672772938935,0.006743372390305091,0.005283261698163955,0.004923072201001966
0.25,0.0,0.3503817691042357,0.25421533626898807,0.18948774711773808,0.35781935857913516,0.2582008595962907,0.19059483735198002
0.0,0.5,0.21591055977559925,0.14359739488520773,0.10181145481641951,0.22418751467958598,0.14792493686252772,0.10385155767977483
0.75,0.75,0.04064976507037599,0.03403556806467667,0.033092445235201384,0.044434527995311335,0.03740750431999884,0.03682703208170102
0.75,1.0,0.0027359318578484837,0.0016721423407288771,0.0010565190975150296,0.003029552660016921,0.0018430320841510417,0.001165961013479322
0.25,0.25,0.6732055370305905,0.555831453831358,0.4116504406016961,0.6701370401592891,0.5541218278735492,0.41131543161550943
0.0,1.0,0.7953943472679197,0.7318336869725942,0.6576469128286352,0.7925679268484511,0.7265519341877125,0.6483556963167548
0.75,0.5,0.008185610914654418,0.00571440677688595,0.00453393800054247,0.008935614100187173,0.00625005030966963,0.004997311430345541
0.5,1.0,0.6613922565721915,0.5620028315282485,0.49517791873406547,0.6447146118229874,0.5448308466723076,0.47734989737833144
0.5,0.25,0.19036353602096967,0.1515865779940304,0.11622479442266931,0.20830910907752553,0.16651367243365278,0.12850610238921334
0.75,0.25,0.00041738822749315396,0.0002681343181645257,0.00019300391347254475,0.00040772986957016144,0.00026207374528142147,0.00018841110308365216
0.0,0.75,0.391443327164012,0.294267442883146,0.20930273694436585,0.38667425302528513,0.2925687867094141,0.2076240866877459
0.25,0.5,0.5875041410025664,0.5015574822869467,0.4558481169666253,0.5362967768268373,0.4453303216585318,0.3918115673334692
0.0,0.25,0.7163506113407905,0.6490044011039651,0.5886449610481753,0.7062821559604753,0.6433377347533247,0.5890244965259536
1.0,0.5,0.037912188651807455,0.029597632543460817,0.023865934379979414,0.03761430261254117,0.029329936850647886,0.023596650268529085
0.75,0.0,0.07736017974807274,0.06331784757645353,0.050844360128778465,0.08362592356846921,0.0688769327554618,0.055850966514274236
1.0,0.0,0.00028448990319207557,0.0001843591173167347,0.00015398551598977406,0.00025521794319705027,0.0001643516343032836,0.00013514845699358347
1.0,0.25,0.01812411726577845,0.014761127977360067,0.013088550620323214,0.01774429124373289,0.014441638803340373,0.012786021959843796
0.5,0.5,0.02301570658638119,0.01964926823669444,0.01597499191994478,0.022264854360641406,0.018977624120254832,0.015336298655545977
0.0,0.0,0.48799170243624035,0.3446690517434242,0.2644338758924767,0.47230125753225993,0.3358449693222356,0.2607647730697825
0.5,0.0,0.018891441860257818,0.01202619222614143,0.008057643105773282,0.018932722438240956,0.012032434757894506,0.008035906233229362
0.75,0.75,9.319061331791723e-05,7.377140034270369e-05,6.011269767469685e-05,0.00012316611914631181,9.802032426864393e-05,8.195347417894183e-05
0.75,1.0,0.04271132353542906,0.02749377403028941,0.02013525802642535,0.042566454952084554,0.02737278966597645,0.020044181010379747
0.5,0.75,0.3206834922033641,0.24302302902653417,0.17880262393674973,0.35842606768682495,0.27606521564512976,0.20815936634111853
0.25,0.0,0.3048668825277524,0.2427600781370961,0.18478142359366168,0.2844013604965798,0.224340963524172,0.1673125303492482
1.0,0.5,0.0005668661976558909,0.0006761473460772383,0.0007048326537910654,0.0006756782071548617,0.000808752265522461,0.0008438325947026648
1.0,1.0,0.0007829298986680167,0.0006827078364503025,0.0005535566309511353,0.0012173815564410218,0.0010428030086362394,0.0008552054555064359
0.25,0.25,0.39579282840825003,0.3285375677235445,0.27699570748618974,0.4025198756508316,0.33682717715477173,0.2867294671210898
0.75,0.5,3.5499407179062636e-05,2.881178025471165e-05,3.257973019910043e-05,3.410073412712933e-05,2.7612494661211073e-05,3.096685817371991e-05
0.75,0.25,0.002881977502259936,0.0016942266485191482,0.0011795186751568654,0.0025951251428503186,0.0015628081821034145,0.0011230282468109865
1.0,0.75,0.017152867132035787,0.013239829600111386,0.01098524775057852,0.017103333045488278,0.013193055262675779,0.01092455552001348
0.0,0.5,0.6722183981742584,0.5402001331698189,0.4196713567312853,0.645379469850244,0.5139440037203178,0.39215933694083194
0.0,1.0,0.6119528226817816,0.5149719578410294,0.41315213428435926,0.591032091014023,0.49938215559746124,0.4044943746344658
0.25,0.75,0.5056654502666131,0.4348728792237929,0.3383337309856985,0.43592298244558425,0.37948377153586277,0.2914359494687211
0.0,0.75,0.28739371462285335,0.20488930397008542,0.1611679246972233,0.2887827182865712,0.20523434427979648,0.1607416641542725
0.5,1.0,0.5387924960150434,0.4133121836751852,0.33393405076770755,0.588676027738905,0.46447293702517145,0.38404665521650205
0.75,0.0,0.0002858461666035428,0.00022573009134929656,0.0001789446167135278,0.0003363512220903031,0.00026347460778630705,0.0002086368123760396
0.25,1.0,0.6229702868738106,0.44511077389636555,0.2997106337609031,0.6223343910879473,0.4445075519131618,0.29908923737458903
0.0,0.25,0.11414008449581903,0.11296230216736336,0.09216150121156519,0.11307194272706023,0.1118437512532997,0.09104053879751439
1.0,0.0,2.0716431714529193e-05,1.6076591993874345e-05,1.4672076989241667e-05,1.7448893538940524e-05,1.3403512187259992e-05,1.187841043792659e-05
0.5,0.5,0.030362963091593698,0.025508150167712795,0.024051003855311892,0.03016502267830623,0.025317784818588596,0.02386530872171444
0.0,0.0,0.7165708753030964,0.6121326471625108,0.5479391458070864,0.7184450173632051,0.6148352323108222,0.5528574461778677
0.75,0.75,0.0008661110198797672,0.0007557457744540308,0.0005669339504610349,0.0011710584003166158,0.0010247321159488898,0.0007881420317608079
1.0,0.25,0.00353094799960485,0.0025170808656700405,0.002318555339167583,0.0035147692267040176,0.0025052939335091784,0.0023061641488363316
1.0,0.5,0.00023390200886130863,0.0001534073812025083,0.00010237905754040266,0.00024763995174514886,0.00016206957719711035,0.0001077066741091981
0.75,1.0,0.05832357571121871,0.049595373264727405,0.04264928537709445,0.05021386638191816,0.04306070338352075,0.03707036588359358
0.75,0.5,0.038529949701537114,0.030722007167310217,0.02554094928383921,0.035256489665041024,0.027946777478416895,0.02298366412751318
0.5,0.75,0.21546104794345733,0.14462669586721544,0.08242360680435701,0.21218563534470225,0.14226197521097583,0.08092357925376492
0.75,0.25,0.0012637068156373665,0.0006603150504318478,0.0003053969321755723,0.0013934516979008382,0.0007276120251114016,0.0003372260683986994
0.25,0.0,0.0033882650991481356,0.0027022685292363846,0.002363825711130252,0.0034501290503839988,0.0027744399263599506,0.0024745009679555396
0.0,0.75,0.27248306786431564,0.249696200177716,0.23449038241994513,0.27141019286021284,0.24865424201438546,0.23328711179284323
0.25,0.25,0.09023738457377539,0.05477377215559032,0.03250583250791683,0.07634241739824799,0.04597056809369238,0.026909587364986942
0.0,1.0,0.35086589701881,0.2837311292364628,0.22809350661237993,0.3495481508914371,0.28246196692409264,0.226592758187517
0.0,0.25,0.14044012084946988,0.11140907073655815,0.09229178369782987,0.16034642370531116,0.12772040344445856,0.10678132867920687
0.25,0.5,0.12888102165023319,0.0967832933044066,0.07357870603574312,0.14244080536283854,0.10725691138867344,0.0824169326522104
0.0,0.5,0.37639700035281864,0.30633447100103195,0.24416041354029805,0.35728657883531223,0.2888852214782289,0.22791084882071233
1.0,0.0,0.00256262870008106,0.0026820191330344523,0.003099863855944518,0.002483383357800739,0.0025974328042680517,0.0029934224153305156
1.0,1.0,0.012205401332024857,0.007276253943627964,0.004708467539404793,0.009814873905203525,0.005504098242401945,0.0032322010656260503
0.75,0.0,0.0585821757104934,0.04079257447618345,0.025271904114247734,0.060097442835960746,0.042031276088342895,0.026207697453343726
1.0,0.75,6.94156614675645e-05,3.7815823264342185e-05,1.67802922679261e-05,6.633512172882217e-05,3.615774846166264e-05,1.5912209358148743e-05
0.5,1.0,0.017383087028030042,0.010606558793246235,0.008326537832012537,0.01618900080128005,0.009771154536063809,0.007584700194427474
0.5,0.25,0.3936891492336415,0.3104462584345885,0.24491146860961854,0.4352387386044475,0.34638976997790816,0.27524123472276774
1.0,0.5,0.00020356059327575338,0.00016084625247947404,0.000129073900059673,0.00018399426154180887,0.0001442965608460245,0.00011373115409973877
0.75,0.75,0.010583786872587209,0.008323074274381392,0.006235284271414843,0.010286119033727226,0.008031174006242536,0.005963098646769804
1.0,0.25,0.10424269266117259,0.07192507122118175,0.03597365585203316,0.10188910385140848,0.07015234535679027,0.0348835272372211
0.5,0.5,0.034264775521790525,0.023673284866382982,0.01888528708705195,0.033997917645190334,0.023510527333721942,0.01877136457650619
0.0,0.0,0.987244841727797,0.9613157017011748,0.9093908721092199,0.9868157381836024,0.9608922034457613,0.9083426241797237
0.75,0.25,0.02346868757762932,0.01994732747726169,0.014754261435423133,0.02624541936119207,0.022346605309954803,0.01669208082250251
0.75,1.0,0.00016602019279687852,0.00012480552833371572,9.183993916361821e-05,0.00019305069664810048,0.0001452213596662144,0.00010724342727053138
0.25,0.75,0.026795675747683156,0.021277815520047483,0.016041120974882084,0.028593376373937884,0.02268355136562683,0.017166470344895934
0.25,1.0,0.22628130661322965,0.15586742519986896,0.09748037634690354,0.22619916107396432,0.15556297488205462,0.09692417829566091
0.75,0.5,0.2312759403912905,0.15781538801310457,0.0987072005087235,0.24366122791353262,0.16596035132995546,0.10362802097612356
0.5,0.75,0.09783623570120592,0.06737239255740735,0.046256386900923596,0.1072912336855606,0.07507275532211999,0.05247157464387331
0.0,1.0,0.24633842500490766,0.20245354554261297,0.16551675233989527,0.23970645860146855,0.19675669317993294,0.16012419228853625
0.5,0.0,0.867667293319082,0.8211797696389325,0.7670468033660776,0.8661505319150714,0.8197265221343054,0.7652381867484992
0.0,0.75,0.8373999756952032,0.6789816469796752,0.49244047262241486,0.8361678068737508,0.6775145628544108,0.49104942334404267
0.25,0.0,0.3952886109636542,0.24420904905126806,0.12007513202857201,0.3922974878540699,0.24149704924483917,0.11804516522098596
0.25,0.25,0.12867341590559844,0.09602139682712951,0.06999005947424064,0.13562888088839742,0.1013232952624934,0.07387636400272257
1.0,0.5,0.009562159704630702,0.007989182844277964,0.006430666622996517,0.0108418628282142,0.009007524001306777,0.00724868609560303
1.0,0.0,0.00036992380549449866,0.00031387901702406573,0.0002926034387340515,0.0003685185001187641,0.0003119991964044555,0.00029016336731746417
0.0,0.25,0.22334933137039314,0.18337335694466605,0.15270341454238112,0.21977442376147138,0.17989116563920404,0.14934835270399915
0.0,0.5,0.945383077452674,0.9064258047109562,0.8441912543396146,0.9486631885219153,0.911181809294725,0.8514612206791073
0.75,0.75,0.0023270824385310807,0.001775356417767715,0.0013114077238609578,0.002257425630631582,0.0017218175528137536,0.001263217838284314
0.75,0.0,0.02370923624869492,0.018765816870160545,0.014765702886043064,0.025757041615030007,0.02039171427969455,0.01613605397761586
1.0,1.0,0.00017385618586174267,9.623991917817598e-05,6.18856913319199e-05,0.00016087640588624552,8.949649927103565e-05,5.780453158099608e-05
0.5,1.0,0.0022777050203797167,0.0018179150310757564,0.0016246479079781162,0.002176416045738261,0.0017174949095062342,0.0015243947583587492
1.0,0.75,0.00015775951753682627,0.0001270569355883433,0.00011043043477809711,0.00015563664131834631,0.00012544880566656147,0.00010897875112170219
1.0,0.25,0.0006361608577079014,0.0004721900159079251,0.00034901691184918704,0.0006181566445754294,0.0004620779336044212,0.0003394904275731969
0.5,0.5,0.2231144550722134,0.15248892869498543,0.12003635653458078,0.22022503028960216,0.15061068551434365,0.11865392561796084
0.75,0.25,0.2700702723710636,0.18379005445974683,0.14054084661842858,0.2686791346348134,0.1825494817063309,0.1392958219110887
0.75,1.0,0.04360558934169223,0.026384534236519208,0.0223580047867602,0.04313948064999251,0.026044276144678413,0.022001912636632093
0.0,0.0,0.35213633045633286,0.2371323848965522,0.17400355761109743,0.3347393996031667,0.22702618400111696,0.16650244179728146
0.75,0.5,0.30100568506984104,0.2287919362397135,0.18113064012203828,0.3054715721571156,0.23193390104845446,0.18314106312460776
0.5,0.75,0.12176281023981361,0.09751126487986417,0.08294972655566568,0.13854569074052892,0.11123262020546643,0.09536960009803463
0.0,1.0,0.376976696993635,0.23900003486973942,0.18118334226600263,0.3569205691928048,0.22557482983612032,0.16952976182066926
1.0,0.5,0.04349380220483279,0.026214967777535292,0.019629037982222597,0.042127984541663666,0.025220969677905214,0.0187288444990642
1.0,0.0,0.000625563074306168,0.0005082890054738387,0.000542497729858149,0.0005998153466963974,0.0004882989168732976,0.0005187896550341575
0.0,0.75,0.21165127055116528,0.17640886226959218,0.1525390523175798,0.1937354397063471,0.1608866776846526,0.13785238296231972
0.25,0.0,0.11488726472363364,0.0753172443332214,0.049813142490160334,0.11929519887613571,0.07813116958193689,0.05168463696611192
0.75,0.75,0.016073791351113198,0.012119031689751925,0.009590183176637401,0.01260096344373629,0.009496954469003338,0.007347423434220124
0.25,0.5,0.21283377852343066,0.17495671909784327,0.1573247910637765,0.21930435608771126,0.1810418476932999,0.1627020010660678
0.25,0.25,0.9095438969650921,0.8279200060935639,0.7298204436485956,0.9102823389280199,0.8273232269722623,0.7255537908049472
0.75,0.0,0.051155724908820366,0.0350873192571346,0.02402586522328276,0.05644698724754038,0.038921128572410035,0.026949191307858555
0.0,0.25,0.9721809523316054,0.9452851050811436,0.8958454705285814,0.971727088105899,0.945080381382581,0.8976253647005593
0.25,1.0,0.07771168143800633,0.049396198134117775,0.03954831535586467,0.08060146186605122,0.0516320534452962,0.041942178718142875
0.75,0.25,0.08836110000170994,0.07310046380917956,0.05611946740187945,0.08727382986552523,0.07216398436032445,0.05515690161337816
0.25,0.75,0.3440352786453751,0.28922660837637304,0.22952452159722547,0.32187160143886173,0.27147992229447615,0.21300349973296007
1.0,1.0,0.003200130708459703,0.001960486645179782,0.001223892750494615,0.00315597334903428,0.0019343535189080274,0.0012083780318644655
0.0,0.5,0.9070529389947911,0.8445249469356111,0.7932236939114203,0.9186769470451622,0.859237413734923,0.8083102285709516
1.0,0.25,0.0003204970233083859,0.0002631850509167144,0.00020641455356451566,0.00040178197325335674,0.0003339015655807742,0.0002646821826142176
0.5,1.0,0.06767385049544317,0.0509930440752312,0.04723061483508861,0.06519969301048256,0.04919504397734242,0.045667243413265224
0.75,1.0,0.034035098871022296,0.026764087479696053,0.019132520865713598,0.035175759387878425,0.027735974321207668,0.019906566847736507
1.0,0.5,9.484347776023139e-05,8.023091078923628e-05,6.419886205644154e-05,8.543229051549694e-05,7.152918659780738e-05,5.640492189462609e-05
0.5,0.25,0.0015618869435244376,0.0014424073580577845,0.0013490648891432144,0.0015543741248162934,0.0014345774195474448,0.0013378441004465724
0.75,0.5,0.0007880817224640291,0.0007337934099247434,0.0007032359033760649,0.0007830495666999449,0.0007276243881815248,0.0006956341155999191
0.0,0.0,0.6179506793305979,0.45465663733238904,0.34304146284869586,0.6349319113996195,0.47071905253794954,0.3579832507005165
0.5,0.5,0.03752729850146497,0.02158260150398894,0.013641052041137192,0.038158168765573874,0.022015591526530764,0.013868806209602846
0.0,0.75,0.20767552770232478,0.1901061976231322,0.16705100740922463,0.21127491049755853,0.1929822517863713,0.16925462165353888
1580245
0.5,0.75,0.00014993128428475444,0.00013115041730737964,0.00011025297038269599,0.00014631165731970874,0.00012798312631678854,0.00010726171984443145
1.0,0.0,0.0004900815563753103,0.00035113254849017395,0.0003346120856428936,0.0005211939845025659,0.0003735486660576548,0.00035612676915164343
0.0,1.0,0.14717388676462662,0.13346638273872768,0.1315632723553639,0.14733393115087923,0.13316520157915168,0.13063515737062958
0.75,0.75,0.0006381775826602709,0.0006239190060506328,0.0005637441824225542,0.0007403548390586545,0.0007236576264333383,0.000655085864635474
0.25,0.0,0.40312194497452114,0.296374438833215,0.221093413353463,0.4262775568233578,0.3176406704686323,0.2414010680160097
0.75,0.25,0.000275717739858683,0.00017978529236417629,0.00014988818434313878,0.00022798100466792093,0.0001485693092222462,0.00012284235969817203
0.25,0.25,0.07920596010015601,0.06215536105044439,0.06043471777589926,0.07705706471877882,0.06038199419120649,0.05842991022500743
0.5,0.0,0.05632818197893752,0.05175302864904907,0.05068183813114846,0.04977949042576468,0.0454401128894355,0.044071978361394426
0.75,0.0,0.05925194729891081,0.044374236043547066,0.02684585863937672,0.06004224248767043,0.045023496865168156,0.027289872592532127
0.0,0.25,0.6954927990870969,0.5382843205096801,0.40047999200296536,0.6857300568791348,0.5205313343185256,0.37215870521119476
1.0,0.5,0.030883662097881848,0.02652814321352759,0.02168663396387127,0.029097483461458018,0.024898448521195382,0.02022138218112568
1.0,1.0,0.011797041697102717,0.006196338919582711,0.0028749596111643516,0.011597132264992371,0.006054708234390915,0.002775194397354297
0.75,0.5,0.07400760592171474,0.04197018306659239,0.0234557041273592,0.07448380882769767,0.04231786604310139,0.023714511409980932
0.75,1.0,0.03720356353577059,0.024076173039344173,0.014375453903975544,0.03582829322752801,0.022660651253953,0.013167815223607326
0.5,1.0,0.15068723906344017,0.12189530939014859,0.10440242842693359,0.1502810394734062,0.12147541916557558,0.10393085952491543
1.0,0.25,7.761476616574559e-05,6.159184024223663e-05,5.9108839669308466e-05,0.00010898222226218834,8.746295451977915e-05,8.499749821677671e-05
0.0,0.5,0.40517749011786375,0.34505988910532315,0.3015645969102869,0.4011139875425985,0.34026737077399716,0.2961774376800954
0.0,0.0,0.5600809436651704,0.437873629958061,0.35922883484956025,0.5305006864206587,0.4105249786750702,0.33301985342408646
0.25,1.0,0.6052914610861146,0.5312827730148759,0.4236248626901742,0.6293462002539016,0.556635651758723,0.45033845007946693
1.0,0.0,2.7570191356018903e-05,2.8419337739782335e-05,2.501215445338545e-05,2.7086954376809302e-05,2.795374122954719e-05,2.4568491009402393e-05
0.0,0.75,0.30070947492270095,0.2662720792041876,0.2244884991774796,0.2999534529181641,0.2678250996820096,0.22440599544175555
0.75,0.75,1.4921955021618416e-06,1.468049916075742e-06,1.4835592523354535e-06,1.4395408292067202e-06,1.4094495107697114e-06,1.4199076279197698e-06
0.25,0.5,0.7485972461702354,0.5898405384307503,0.47392259957003124,0.7485469085951297,0.5930098601733712,0.4805781515809443
0.5,0.75,0.049742426368103,0.03656426391582046,0.0293691236045861,0.04924209757974529,0.03604427016061795,0.028839157137956928
0.0,1.0,0.3590976212992605,0.3032793992373952,0.24279884595610668,0.35032294904417594,0.29463661000268493,0.23390825582414676
0.5,0.5,0.002614685732865163,0.002061158720784384,0.0019679563205730055,0.002065459384423818,0.0016321320241422521,0.0015436191740849647
0.25,0.75,0.006732210457600085,0.0071518045324455715,0.006868973294033354,0.005621245106719908,0.005883458955746601,0.005477107333560438
1.0,0.75,0.0011622424292887512,0.0008115775407542269,0.0006664321509793902,0.0011690458297723971,0.0008168050753427636,0.0006697349152038345
0.25,0.0,0.45395334947676247,0.3666848418360621,0.2869237463271287,0.43624649176478547,0.35153499441320846,0.2745789128895504
1.0,0.5,0.00028869473255821454,0.00021876355785854784,0.00023250620677250922,0.000378045272457217,0.00028026347405085694,0.0002942108586334591
0.75,0.0,0.028110702747357386,0.02096839954549934,0.01675789523923199,0.028027196682308242,0.020802707530552023,0.016500037689795466
0.75,0.25,0.010383284704451157,0.007288464454165644,0.0055731696580658685,0.009879718188991582,0.006793777598634643,0.005101259621249854
0.25,0.25,0.4532040681503906,0.37104262550830014,0.3193996126210914,0.4634880317577946,0.37900115098663223,0.3261236719109317
0.75,1.0,0.0005073743287479227,0.0004206299727073093,0.000380183097896003,0.0004947267775494701,0.0004119577779342354,0.0003734278794642609
0.0,0.25,0.2308949185818201,0.18590699196632632,0.13460563084294108,0.21275510312007517,0.17071945445741443,0.12261269482490411
0.75,0.5,0.05675759359504573,0.03926575017585621,0.030451471005679354,0.05464315406225351,0.036811204564896505,0.02832851505022549
1.0,0.25,0.0004001844348032746,0.0002954313740288761,0.00013382434702224888,0.0003724743491114735,0.000276261842745984,0.00012359379399085046
0.5,1.0,0.033987145380700357,0.022313033822594197,0.017858813768678372,0.02806466697500043,0.0184521631529444,0.014642269769219673
1.0,1.0,0.05687876057660213,0.03754137648302425,0.027451424836004268,0.053911446588314926,0.0355767496129874,0.02594273081232612
0.75,0.75,0.07718819275512256,0.05488312632532566,0.043982565365256465,0.06915803126618303,0.0492129948697575,0.03951287763669864
0.5,0.25,0.03302491707460431,0.028851431521460635,0.022550463401982634,0.03317986724367783,0.028973121579494054,0.022661960272713166
1.0,0.0,0.005249114927947995,0.003923152024270182,0.0029990051991467537,0.004688203883381092,0.003524668661619823,0.002760855483388558
0.0,0.5,0.1319828042037816,0.10414802941500079,0.07921304197534418,0.12362975959034395,0.0973777517455412,0.07349307135945593
0.0,0.0,0.8914505201821405,0.7910089338224683,0.6625249758069053,0.9059533266496531,0.8127719715312145,0.6920766288192333
0.0,0.75,0.5042787476700876,0.4152221650072486,0.3057182562649994,0.5087565112103769,0.41964014549882134,0.3091527389018469
0.0,1.0,0.5579948128795224,0.4789272423410278,0.46714599986963634,0.5643665272897674,0.48391195934532893,0.4709522323436931
1.0,0.5,0.018118498927610416,0.014957431362085383,0.010028074165958967,0.01758409338927991,0.014485142404564444,0.009651024232948946
0.5,0.5,0.017289538571284346,0.016210542890922275,0.014230904737507544,0.019126907920067993,0.018100890550783344,0.015803992806352474
0.5,0.75,0.12503752934137435,0.09218271214052653,0.07110597007135855,0.134986652234789,0.10236105038058674,0.08097666555866778
0.75,1.0,0.0027157575260169375,0.002011176667462422,0.0017095153117914208,0.0025405102144629987,0.0018762380984875815,0.0015978697352236892
0.75,0.25,0.0207350251878069,0.017176518745387837,0.015120580641709513,0.02061168804942648,0.0172062018685728,0.01522441759693316
0.75,0.0,0.009497336803135914,0.006815573194561164,0.005405344069411844,0.008487213010534012,0.006071102992679656,0.004806280421987719
0.25,1.0,0.020147691255630318,0.015634940221095794,0.009029081291504149,0.016452360742663652,0.012542742916240246,0.0069778004764200485
0.25,0.0,0.10779337781354936,0.08119021380088298,0.06102793293516717,0.11393859215652435,0.08571223119600047,0.06486753002118173
0.25,0.25,0.017220730328485256,0.015619341552611354,0.014070960589419812,0.01565177510599114,0.014256290010540296,0.01279634574144728
0.75,0.5,0.13344712527742209,0.10713736964777243,0.07541947898623036,0.10752232964335495,0.08552564100463544,0.05867324114437189
1.0,0.25,0.0012981835090569716,0.001350876763453801,0.0013425273410492267,0.0012474398914877893,0.0012978543835769907,0.0012876980004460359
1.0,0.75,0.026372792490914065,0.02114213701108214,0.019160873719205718,0.0216069327719437,0.017268668909150353,0.015643464189049716
0.0,0.25,0.4128277288755424,0.31718597010374916,0.22532677911124455,0.41873075322178355,0.3199138691292437,0.22665143146576638
0.25,0.75,0.5831041231775581,0.5178474984542003,0.46851608927995436,0.5831356592439665,0.5150055730328202,0.45933123528775555
0.75,0.75,0.0384809472459724,0.02415050045250089,0.014023021175479933,0.03799108335369994,0.02378400766909794,0.013737111410279113
1.0,0.5,0.0022719887977908915,0.0020386950972955953,0.001723304019403571,0.002111073552099385,0.0019134510762420787,0.0016354209747202475
0.5,1.0,0.3200673035656765,0.2805356731187978,0.24006935206526192,0.30459078358085345,0.26675057446334294,0.22744779312025543
0.5,0.0,0.07350297817611018,0.04070729477545987,0.024534198984232702,0.0689634540605284,0.038906032976535165,0.024025825229440412
0.0,0.75,0.6002099889439428,0.47735912515814716,0.3774272980226582,0.5817221947286924,0.4590468038857882,0.35875635635230974
1.0,0.0,0.0011483451819924717,0.0008523822936952197,0.0005603928562715188,0.0010816895509602187,0.0008027489576674096,0.0005262084580578419
0.0,1.0,0.819524333681777,0.7287740085340937,0.6633002119735552,0.7985423338747601,0.706374848675986,0.6352152222236832
1.0,1.0,3.724518514491848e-06,2.8566627170434344e-06,2.4146649441059154e-06,3.6670847147757257e-06,2.8708162940205284e-06,2.5040820432753463e-06
0.0,0.5,0.10417503366101377,0.08758771190150583,0.06360647763582417,0.09887013051987492,0.08274818059568823,0.05988656986638374
0.75,1.0,0.006599097423772182,0.005190010281599711,0.004408300831178158,0.006812369555146303,0.005416076772573275,0.004648105416171444
0.25,0.5,0.01425633055568154,0.012671010134264304,0.011126302828871726,0.01598291620533343,0.014209672185620192,0.012486683650621
0.0,0.0,0.8851402926792035,0.7768757142280103,0.6635874673434786,0.8831714608456812,0.7714148162867962,0.6528827275109104
0.75,0.25,0.051017478355417034,0.03727459839956426,0.02788697025863529,0.04933655525546654,0.035957130620967614,0.02675714132167828
0.5,0.75,0.07888243613036705,0.061001675238010145,0.048425151905866715,0.08317685440300149,0.0636886048853661,0.05026844197966551
0.5,0.5,0.01574625786421413,0.011623717302604586,0.008603128135948435,0.013377466543102123,0.009886986951447851,0.007310076275496624
0.25,0.0,0.05297842372470907,0.0418794569204094,0.03688899201179874,0.05234272001472595,0.04142871648941826,0.03648034351886342
0.75,0.0,0.002514476033250501,0.0016498411127023882,0.001406385495821949,0.002731572634525836,0.0017850609365372971,0.00152354943690991
0.25,0.25,0.0025732859433091892,0.0011147838700801271,0.0005132586841298803,0.002663887888215144,0.001152071595779014,0.0005307830934442315
0.75,0.5,0.49659992708839806,0.42673602881919104,0.37700571367687774,0.49965935951091567,0.4298473387697608,0.38025553062439876
0.75,0.75,0.0037327430415184937,0.0027658716055218857,0.0017701493343724728,0.004094992022553479,0.00307149823621522,0.0020031890539056185
1.0,0.5,0.0010564206653547181,0.0007602534758712753,0.0005783475559113516,0.0010377178049473246,0.000746095327712526,0.0005652181434366854
0.0,0.25,0.4544483079893883,0.39349966634967204,0.3009939891792178,0.43794681961005366,0.37595179100726306,0.2782787973968164
1.0,0.25,0.0005817896525885935,0.00041839741378701945,0.0003096236134021435,0.0008643637492365963,0.000641636880309715,0.0005034399842157589
1.0,0.0,0.33458980026427,0.28041193521685026,0.2300795962754093,0.33771264810579515,0.28245159245455453,0.23044339786044055
0.25,1.0,0.001125120534836932,0.0007947267458561225,0.0004463457665653259,0.0011266052380956015,0.0007891727187913089,0.0004381686783041516
0.5,1.0,0.005627358916478142,0.003435083754331991,0.0020702685156810396,0.00539824245903886,0.0033241647681352404,0.0020245679642409975
0.0,0.75,0.661555323275922,0.5126129758989955,0.4343847952580001,0.6332452048247832,0.4815287841964717,0.40055023169241744
45032307294014
0.0,1.0,0.8238087701379214,0.668738745140233,0.5197878077186464,0.8349308214699511,0.6791231747670329,0.5267222411229491
0.75,1.0,7.856620277268966e-05,5.162534855074341e-05,3.8101621506303474e-05,8.743572727354376e-05,5.749929798049003e-05,4.2531446654336946e-05
0.0,0.0,0.7319975250999902,0.6331141246351626,0.47711332047954513,0.7211311207232958,0.6205091506955118,0.46244093735956393
0.75,0.25,0.007137926328921962,0.0062653255286875265,0.00533836060504389,0.007134080231346984,0.006253310565053849,0.00531647229027965
0.0,0.5,0.2883068750292229,0.22009006163536182,0.16622185776648823,0.3192974025407149,0.24667338834054764,0.1876402375360482
1.0,1.0,0.0008429851534521582,0.0005262254302897951,0.0004564896990970624,0.0011506242576955206,0.0007230513991413057,0.0006365605740485947
0.25,0.75,0.11238468854786388,0.07829119656820938,0.05667834220572465,0.11751031165270087,0.08265022561944901,0.060332431851747303
0.5,0.5,0.11745021296685243,0.07294763337252597,0.03891961286201506,0.10078276670378172,0.06101044288389412,0.031950540190322396
0.5,0.75,0.2912852274779467,0.19866176574192607,0.13017870530004183,0.2896669240758376,0.19643275928710113,0.12773267164320234
0.75,0.5,0.10803010627021292,0.08609871939472824,0.07184780809046232,0.11219953639550417,0.08910457110231484,0.07416694881835961
1.0,0.5,0.005669921736590977,0.004401648005258552,0.004136976812429305,0.006500931694776391,0.0049674264263557255,0.004542384588253179
0.25,0.0,0.014426094494099706,0.01120483408323869,0.008476772880843364,0.0130656391325088,0.010157239259923845,0.007652625275759162
0.25,0.25,0.029741766545897774,0.027855969302209238,0.02488368029222454,0.031011262291627983,0.02900183053561667,0.02587366415757153
0.75,0.0,0.14012727803685876,0.08949459728225984,0.052870030756150044,0.13114282820435608,0.08332090524606417,0.04880631408262115
0.75,0.75,0.09336176447558153,0.06126221442357482,0.04357542971429562,0.08409981568735991,0.055689968174682636,0.040007653319827474
0.5,0.25,5.829230772969041e-06,3.4432561745179058e-06,2.3724357034460297e-06,5.58265076078257e-06,3.307837084798315e-06,2.2802890213835525e-06
1.0,0.0,0.0006556802128727668,0.0005389398952526658,0.0005502833187437384,0.0006433718347682582,0.000528193038024316,0.000537849721420125
0.0,0.25,0.3984973239753645,0.33256541089173597,0.27219151596882774,0.3987930267054913,0.33047466244962886,0.26809227844776373
1.0,0.25,0.00048687077745390717,0.0004370677298108916,0.0003747003321386,0.00047527613622166953,0.00042574164866837627,0.00036424731262485466
0.75,0.25,0.034654861374280865,0.023650651796970013,0.017925082176197815,0.040236077769792544,0.028245256670389574,0.02211883498046041
0.0,0.0,0.42894673502210434,0.3558550169602339,0.30260079399649875,0.4276282285719277,0.3550959956029327,0.30305236577594874
0.75,1.0,0.0014244740982951587,0.0010572719696377852,0.0008268644528390823,0.001382812631945174,0.001025623860255287,0.0007954897953257323
0.5,1.0,0.1526444857236139,0.09685403128338743,0.063411142162898,0.1584880604442387,0.09898674822208986,0.06376129703854505
0.0,0.75,0.8503132633027863,0.7478799720962869,0.6278065223187351,0.851472772946291,0.7492876722144668,0.6297396676405465
0.0,1.0,0.27559343335243036,0.19015260530824785,0.12381881604837508,0.2820870096775041,0.19536465260229163,0.1282121100273379
0.25,0.5,0.7813937220043254,0.692858216418302,0.5749759753588295,0.7386829336625778,0.6473103099626666,0.5297772372292189
0.5,0.0,0.0009125024942358007,0.0006572791961556579,0.00041803717924149275,0.0008822308821380132,0.0006339776952219989,0.0003999896039017514
1.0,0.5,0.0019099686194218313,0.0012284775750456278,0.0009784341339993397,0.002373387663398674,0.0015456198924697073,0.0012664090606319123
1.0,0.75,0.0029632054536796737,0.0017219009537748908,0.0009384567176764502,0.002931572380375558,0.0017020854403495544,0.0009258204678755932
0.75,0.5,0.16405203569865878,0.12070873464984433,0.12076392028816452,0.15901656716189339,0.11691581290585185,0.11706979297511388
0.75,0.75,0.01564315350500456,0.012997724125794585,0.012895001683653984,0.01554267788461594,0.012896387968127865,0.012760453995951937
0.0,0.5,0.25392395037032034,0.22591834259671084,0.20473163424249818,0.25266357508472614,0.22197296568876856,0.19980751648632444
1.0,1.0,0.0008682354594286013,0.0005995781014233037,0.0004418275239139735,0.0009417671684349704,0.0006476593075961379,0.0004776606444971687
0.25,1.0,0.05558827681737111,0.04775654321887324,0.03608661529631951,0.05992166599092241,0.051578899094274266,0.0391050370760706
0.5,0.75,0.3246946325819028,0.26688902149731697,0.20748759880057244,0.3226923533546572,0.26574114797416526,0.20657657357142933
1.0,0.0,0.001269202871111319,0.001000227209121185,0.0009310301356915129,0.001437344385535444,0.0011349385300175596,0.0010592978305180578
0.25,0.25,0.9434838148315117,0.9118333261641709,0.8636771243270912,0.9438819641239671,0.912150352540996,0.8637250273108107
0.75,0.0,0.056213440030095874,0.04073409807146622,0.027063149645300433,0.055095480164989885,0.039932011231241904,0.026163903152609747
0.25,0.0,0.2702247264711872,0.20420894234612563,0.14135468863695477,0.3232980692091175,0.2504279906848661,0.1814255992587137
0.5,0.5,0.5042085612647758,0.3956845115894976,0.26032029127006484,0.4947808227140954,0.3866440793232624,0.25192276372916766
0.0,0.25,0.30361464428114737,0.21897201321981363,0.139517145397545,0.28639646898121596,0.20628985355000506,0.13160513930251838
0.25,0.75,0.6320630659842612,0.5110758191692786,0.42634647936491155,0.6410830980330318,0.5212146426031572,0.437479565599989
0.75,0.25,0.0044473185052431585,0.004135287565212975,0.0047789360667906955,0.004476485737472835,0.004155551117781098,0.004793670326926902
0.75,1.0,0.10901374742088832,0.08959508639334979,0.07804085276006278,0.09290713829823471,0.07606920422023933,0.06500823140311462
1.0,0.25,0.19049755120638956,0.14281930571502843,0.11164499719683585,0.181546045552463,0.1353483526245146,0.10461259600196016

0.5,1.0,0.01675656868155162,0.010416775056623973,0.008339389174515821,0.012898379012789674,0.007818520547276608,0.006062645442059589
1.0,0.5,0.005866669449505646,0.004586559513738209,0.0034115200254631883,0.0061389810117715715,0.00478102763921795,0.0035509544966133566
0.0,0.0,0.3204364115919056,0.2543300225254206,0.19653685581161462,0.2892092091863969,0.2267000394081643,0.17239804769628408
0.0,0.75,0.8964141909357896,0.8076698454597336,0.6914695935585913,0.895793666545662,0.8065819588433465,0.6897806871768628
0.75,0.5,0.0008856573598318151,0.0005330507753956715,0.00037696421084976173,0.0011068656852756265,0.000660610796477723,0.00046973670986472094
0.75,0.75,0.008542224267868326,0.00648113574501652,0.004241702174235584,0.008754541068041855,0.006642408238226594,0.004328232736832582
0.5,0.75,0.023788998947412376,0.01725597415861657,0.013743125075841744,0.02311368956010429,0.016877293991442333,0.013668124164541107
0.0,0.25,0.9510446625621121,0.8789000350065901,0.763988900710689,0.9488357107161338,0.8743646739654224,0.7565249301655633
1.0,0.0,0.02364395855152779,0.018881822081971533,0.01661452877013292,0.02209142750071935,0.017669956080747284,0.015527648535563099
1.0,0.75,0.028705056714727006,0.02032774602637888,0.014489664295407323,0.02993799191568014,0.02128625394396466,0.015186054978337138
0.75,0.25,0.17128475042018587,0.11980968268347336,0.09059372655883291,0.17164093687962434,0.12090280044101476,0.09258234427119583
0.25,0.25,0.6086516541545444,0.5712405114230106,0.5160113882945345,0.6212737586964419,0.5836787180513106,0.5291917818730321
0.75,0.0,0.0026766560909486925,0.0016026006825579087,0.0008791980092381912,0.0028083152827872437,0.001675746424894986,0.0009161487210058716
0.25,0.0,0.362631780985907,0.27972798658159403,0.23143573579363186,0.37039394233031275,0.2880627407117162,0.2406156039765881
0.0,0.5,0.6559868441549692,0.5472202522276701,0.4373656955901062,0.6540278819557332,0.5446624211781788,0.4343233251238807
1.0,1.0,4.063325654313221e-05,3.5475957490094245e-05,3.255077963459918e-05,4.4716132104216655e-05,3.906260265762462e-05,3.569760341859407e-05
0.75,1.0,0.070331428782614,0.058540141126267486,0.05080469573932045,0.06707443479316322,0.05572554188799261,0.04812398838477927
0.5,0.5,0.07070108758247029,0.0539215947595626,0.04965779119415592,0.08799549553135222,0.06676023337017445,0.06106368069637136
1.0,0.5,0.3634786238373955,0.2753038990955735,0.20270080606095764,0.3694945165384389,0.2804354095671766,0.20687423966967422
0.0,1.0,0.5935065506724633,0.4989335653100473,0.3949708272723562,0.6051786995132524,0.5093747470307284,0.40376349543006906
0.0,0.75,0.5228730227354947,0.4304710246004211,0.33237661286905285,0.5101329591092213,0.4183888496540281,0.32114100501038456
0.75,0.75,0.0031397842641994744,0.0023324735765537508,0.001334259150357564,0.002763155830086461,0.0020479482494069057,0.0011493063218470656
0.25,1.0,0.0035822803550078497,0.0031298229681180345,0.0027946326916923336,0.0035291139299138408,0.0030833265822138856,0.002747481285365616
1.0,0.25,0.0003605556237074037,0.0003852040846828997,0.0003596697314154351,0.0003607776807279528,0.0003855822141894949,0.00035983807238715304
0.0,0.0,0.9327532203780295,0.860510395654375,0.7806708210657428,0.9209859991433285,0.8415167928305454,0.7543199459753577
62363
0.5,0.25,0.054339016181533695,0.03403447422398942,0.02343808732628183,0.056998086510802626,0.03626658264735161,0.025286292308286606
0.75,0.5,0.0029216893795064314,0.002316742124905291,0.0021312008421157103,0.0038641846837158544,0.0028997123778881084,0.0025057157089588555
0.25,0.5,0.29871669516930455,0.22698607606844678,0.18347779823902044,0.29785598640056865,0.22619003298956342,0.18264479332734618
0.25,0.75,0.0016878245895131094,0.0014212359032309552,0.0006721424998490377,0.002364754672773972,0.001991274813782584,0.0009845112547151036
1.0,0.0,0.04637160906000948,0.03317418705570474,0.027478885214744952,0.047738037030670255,0.03440638746967917,0.02885578480854578
0.5,0.0,0.01896648196248607,0.01382944393986607,0.010816018616933043,0.019783682515186696,0.014379818522533783,0.011227862222756624
0.75,0.25,0.0020685605302774857,0.0016285890275389292,0.0014465925329418816,0.0019131493055883908,0.0015026484437620224,0.0013221898652393538
0.25,0.0,0.2871870416791982,0.23537220610850573,0.17717864048714604,0.2867734856310097,0.23362229785932676,0.1736250471766565
0.5,0.75,0.06451089899225482,0.05744279149455089,0.04760619122642196,0.055869060147692995,0.04938185826013264,0.03958695303953608
0.0,0.25,0.45347546141677597,0.3811322677854303,0.3327481624939944,0.4479870702807699,0.3774512934813341,0.3306620301221148
1.0,0.5,0.0056326530804173824,0.004388901364533515,0.004502991685560898,0.005695962967324775,0.004448831532070541,0.004565495167260458
0.25,0.25,0.5663173173277833,0.40891224394891224,0.29447533534861847,0.5814555288765103,0.42388044251744583,0.3087157875415435
0.75,0.0,0.12264987332216859,0.09084399090328632,0.07008896222023087,0.10496969953956614,0.0762416817823297,0.05694749046201042
0.75,1.0,2.326224188053949e-06,2.6202216926174415e-06,3.252353561356003e-06,1.6306685373113083e-06,1.8376250738860733e-06,2.2773651933150063e-06
1.0,1.0,6.952961404405045e-07,6.372496184070542e-07,7.068654379605022e-07,9.746034833613137e-07,8.882044485458707e-07,9.893884719280877e-07
1.0,0.75,0.008360397629478822,0.005168675047270366,0.0038315769877148576,0.009630140041002822,0.005851358953867569,0.004289673808037464
0.0,0.5,0.660991968247449,0.5548312685087117,0.4179455151880187,0.6651486840250075,0.5585993234660926,0.42144878919300344
0.0,1.0,0.20662742239265575,0.15487392603707295,0.11449057459651213,0.20123267840716264,0.14912224007546682,0.10862301032763055
0.75,0.75,0.002835755411950913,0.0020226406623257143,0.0013904213296961343,0.002788985635074126,0.002012238019921453,0.0013991941874545999
0.0,0.0,0.5229647294336978,0.3703558472237418,0.2615680015723175,0.5291013611395678,0.37382580511445107,0.2618860850850886
0.5,0.5,0.10826399798442843,0.06861304218431008,0.031318964086801904,0.10137056556423962,0.06368961788339988,0.02856695978960988
0.0,0.75,0.7517467085772186,0.666072405232859,0.6013340346169102,0.7572546944810745,0.6727693868954039,0.6087384699905286
0.75,0.5,0.004904257379245047,0.003976458862309795,0.0027215724019105103,0.005823645318044912,0.004730627302420354,0.0032539989183653084
0.5,1.0,0.07239401637924181,0.05932002822780935,0.04452690240963697,0.07424821867655773,0.061098466768638726,0.04585892376988143
1.0,0.25,0.0020843611036998055,0.0014596810087541545,0.0011378162813484582,0.002058540677146503,0.0014429783787452966,0.0011246333218315474
0.75,0.25,0.03384761507288414,0.0265017513551582,0.019854395230143207,0.03436716309687071,0.02693361666678662,0.020172399375497863
1.0,0.0,0.0010076527174259775,0.0007030763371796978,0.0004992318888971115,0.0011351229827263332,0.0007880145105503278,0.0005584097479580663
1.0,0.5,1.8796047946745276e-05,1.285952701635118e-05,1.0347604981975067e-05,2.1670025483366828e-05,1.461954992065806e-05,1.1537274595463387e-05
0.0,0.25,0.4636160068223223,0.3722751574718368,0.3328214837288823,0.4389781403142652,0.35037137744115365,0.31155609373079185
0.25,0.25,0.43159782019503723,0.3033013578729842,0.20322045806033118,0.4109351376000655,0.2859047876463413,0.18893456107481799
0.25,0.0,0.30382489313558314,0.2557604782952603,0.23119421038540122,0.3028797487474414,0.2548988972781092,0.23026817683218426
0.5,0.75,0.09981452918747791,0.08323682296796031,0.07212512535093818,0.09376390405596402,0.07819261287333301,0.06759145120873289
0.25,1.0,0.04234659511471173,0.02148227710817685,0.01134641582987217,0.04055978564753748,0.019919548864033465,0.010073382914742357
0.75,1.0,0.006493815341624076,0.004235349071940675,0.0026898544784245138,0.0063172377686866454,0.0041021469559943124,0.0025827115856582594
0.75,0.0,0.0944047232500832,0.06836141262364204,0.046212335304191554,0.09205871093933604,0.06556676270887696,0.04332512872098837
0.75,0.75,0.0013063237180320764,0.0011828987700260862,0.001412017207633065,0.0012289894157735404,0.0011134514147778107,0.0013265508768491863
1.0,0.75,0.011842172201080192,0.009232555808422527,0.007413203298858528,0.011119323812240234,0.008656328522686607,0.00690894367069661
0.0,0.5,0.7784193916824432,0.6857578425733197,0.5907473945205942,0.774549906304399,0.6814429393824591,0.5861644327693109
0.0,0.75,0.15137243775308085,0.11599278255978485,0.09353295140807827,0.14833577707865042,0.11362171636056584,0.09160642386517315
0.75,0.5,0.005395632345115864,0.0027330293159766317,0.0015817912755792252,0.005224103843971317,0.0026404136304356562,0.0015209603582696518
0.0,1.0,0.4305691935729421,0.3466110596144092,0.3022353851323727,0.4133320510155645,0.3341274455169154,0.2917005255551648
0.25,0.75,0.030558330482443052,0.01719559258111758,0.011072495890421585,0.06061592473333344,0.03458340425213846,0.023237919584221833
1.0,1.0,0.00012698789309739666,9.195632072411808e-05,8.639302833457485e-05,0.00012011178206605688,8.720350945778943e-05,8.171551627955687e-05
0.0,0.0,0.9765883245383342,0.9396680734473543,0.8814502274789493,0.9764967627722004,0.9382320639734816,0.8765199134243069
0.25,0.5,0.001428495827029197,0.0008806844617782472,0.000718844204695035,0.0015447451861351214,0.0009501648689816955,0.0007770570458869308
0.75,0.25,0.006880481240758796,0.004421547278978255,0.003445636477603653,0.0069348986519967015,0.004443815169990151,0.0034367005205035994
1.0,0.25,0.005114482902522699,0.002898510432943757,0.0016425023952117979,0.004719669757555556,0.002680693164815229,0.0015125253745718048
1.0,0.5,0.0002681136520019667,0.00015335828559837061,9.862533555549113e-05,0.0002530901425201737,0.0001442685468153737,9.120013195595966e-05
0.5,0.5,0.12302824425644099,0.10075331914420549,0.08358801692331486,0.12378906037299797,0.1011011800684457,0.08366649814264726
0.5,1.0,0.016139940726850543,0.012089362032921214,0.008818997005264118,0.016708404025140622,0.01251984019411645,0.009152962603478088
1.0,0.0,1.5521237788362896e-06,1.1136351796281474e-06,9.532591545013958e-07,1.3888978821485765e-06,9.99034215132255e-07,8.51538414448072e-07
0.5,0.25,0.041923376083516706,0.034750039278943934,0.03049055952303048,0.04034125944866984,0.03341873335299472,0.029231449557046596
0.0,0.25,0.41379203246734475,0.3749599243388473,0.3654290883166351,0.4152842523655438,0.37328798711852074,0.36171040339201377
0.25,0.25,0.4686680759201828,0.3679434348364605,0.27580738358953627,0.4814149906111118,0.3789200316514453,0.2850819335727881
0.25,0.0,0.3907918828222776,0.3397351752099441,0.2835075484776327,0.3937046347020573,0.34131132785877794,0.28387718813556273
0.75,1.0,0.04046112363071064,0.02959234144412226,0.024246032306412313,0.03389802909799777,0.024634127046486265,0.019904618672519026
0.75,0.75,0.005011746820573482,0.004010122684883877,0.004062604319856167,0.005319214433272101,0.004236762844226916,0.004297201192392075
0.5,0.75,0.10831507455941813,0.08567853220654498,0.06452601351228382,0.10607204211159083,0.08375826199683434,0.06269922790096427
0.0,0.75,0.5181344348507244,0.4231789055571853,0.3223271893614542,0.5209542117323367,0.42517203361777556,0.3234199765266468
0.75,0.0,0.040608329552531464,0.030362221184585314,0.02553929948314604,0.04166251168498469,0.031290384975372176,0.026386056340704123
0.5,0.0,0.41001388649881276,0.29001189880696865,0.23388595937101098,0.40341991134073807,0.2866846469390889,0.23310240661615822
0.75,0.5,0.00480101146913503,0.0033170479761026606,0.002142516701330477,0.004681749140728053,0.0032326575459120654,0.0020842113187540257
0.0,0.0,0.5407507266718325,0.4635811910704377,0.38869470733183387,0.5364922401833059,0.4591891862984133,0.3839020805885245
1.0,0.75,0.00048789876755384043,0.0004426967104410595,0.00035135038757250214,0.00047200305402084197,0.0004283287931989843,0.0003381136686904096
1.0,0.5,0.0009862449073272384,0.0008945852824271405,0.0007517059835833173,0.0007965459564032162,0.0007258237491704067,0.0006039121168006645
0.0,1.0,0.467194086283777,0.34136131505320144,0.2531557117529477,0.47924332429019256,0.342362126297721,0.24620269043525989
0.75,0.25,5.167041710496534e-06,5.870453703149536e-06,6.310734173897714e-06,8.36304260276588e-06,9.487309266420496e-06,1.0428642667204002e-05
0.0,0.5,0.9388604792227984,0.8793568748173797,0.790438257449737,0.9406498211414189,0.8829771317943378,0.7967572240001897
1.0,0.0,0.0007801425122200278,0.0007167863269508246,0.0007012457079815793,0.000726190128383597,0.0006679175396151482,0.0006494605227282957
0.25,1.0,0.87175349721284,0.811174340917665,0.7071719618835237,0.8821299706733987,0.8236835539972838,0.7243733333739473
1.0,0.25,0.07589592175230064,0.06253476706325112,0.04713588050123663,0.07273499883311729,0.05993788469564321,0.04510821578701629
1.0,1.0,0.0002175774197881175,0.0001500619086942656,0.00013821795240165358,0.00020896089451771793,0.00014363336912415203,0.00013170880956336894
0.5,1.0,0.2103885127679732,0.1578313673824192,0.11720638258359428,0.21967322919573629,0.16499780368291428,0.12269701226465113
0.75,1.0,0.009599062834923844,0.00670375928230027,0.00386752219690889,0.008912475724016655,0.0062633121325756935,0.0036313507596434924
0.5,0.5,0.10528429158681973,0.08325764745532638,0.06950335803610141,0.10331337946742947,0.08158687739530701,0.06803638796069855
0.25,0.25,0.7106041446410192,0.6137272335701316,0.5169180564455956,0.7144203661238142,0.6160947888810002,0.5167783383174889
0.75,0.75,0.010652801368259746,0.005879793662361132,0.0036498180604780384,0.009279834931849362,0.005102937479803615,0.0031359423037781164
0.0,0.25,0.7769278608293941,0.6419370080327904,0.5148772383807247,0.7718249501669516,0.635809241121002,0.5083463346490504
0.25,0.75,0.3528937639505294,0.2196170081507023,0.14786654911314723,0.3523237743615424,0.21790992600309478,0.14558080916690141
0.0,0.75,0.5631315428635014,0.43810356484249335,0.33719457876097825,0.5542784408408469,0.4303210873430299,0.33079672762566903
0.25,0.0,0.12831407596128952,0.10611896400306986,0.09564594485767575,0.134045481754537,0.11005196682964158,0.09884219564242747
0.5,0.75,0.01522213703302655,0.010827363180719862,0.008124551195140217,0.017536025187547932,0.01241844536667358,0.009258758175598736
0.75,0.5,0.025494328592459814,0.018687964058708983,0.01351970729595442,0.024623900517980246,0.018075322037360952,0.013050067480390393
1.0,0.5,0.04070369157731957,0.029012569205928318,0.02104555114380502,0.04568182761893702,0.03278427156926944,0.024318488256203863
0.75,0.25,0.0007507294860332747,0.00052000704197952,0.00038503328333927556,0.0007843066307954283,0.0005434777872873608,0.00040291752671794967
0.0,0.0,0.6710961315546038,0.5581540277947737,0.48015247149435547,0.674336277627315,0.560389960236216,0.48176570125045937
0.75,0.0,0.07089133951066717,0.055432281505649494,0.04205898093979887,0.06858487419479997,0.05352136346165992,0.040429516883692784
0.25,0.5,0.2826675274547774,0.21506812305367706,0.17899770692469263,0.2536281820634304,0.19119469952847945,0.1579366553911683
0.0,1.0,0.30212155390827633,0.2337777101166919,0.1889835208272923,0.3010365933554764,0.23271644223031784,0.18782632128299825
1.0,0.0,0.07298391574415852,0.05087675397437885,0.030984358828613723,0.07076244663661369,0.04915987749914019,0.029782034551667946
1.0,0.75,0.0004818324025400722,0.0004223798428182324,0.0003457750483450983,0.0004709150482298252,0.00041255640556836504,0.0003368934373161325
0.0,0.5,0.8161679756870347,0.7260599215651099,0.6538288786235111,0.8225525268948226,0.732663969687888,0.659627195304237
0.75,1.0,0.0004370560266133694,0.0002798007383262302,0.00018607885486554565,0.00041537937432611916,0.00026574935167067437,0.00017518764978508017
1.0,0.25,0.001771135713676042,0.0015127670269835525,0.0014184630059874692,0.0017540719752050515,0.0014965133122774033,0.0013996039027098783
0.5,1.0,0.030662709921882247,0.024599689597401664,0.019610136579432003,0.02931840828462684,0.023552245878523892,0.0188478936715476
0.25,0.25,0.0585224844644372,0.052743237347974925,0.04839000945999583,0.05559667866281304,0.05022638509431154,0.046070632715085824
0.75,0.75,0.03919809353924941,0.027625059453679768,0.018949836083980043,0.056472207359753,0.04194781992909491,0.030968985305286356
0.0,0.25,0.9237643712991548,0.8421920487859309,0.7602964404169766,0.9209412610386585,0.8403938557211471,0.7614693210117377
0.25,1.0,0.1895857752722836,0.14470201783041736,0.11346440597674434,0.18023906440084558,0.13762142194038185,0.10774267014357497
1.0,1.0,0.007718442804459769,0.006247370771930383,0.005228937496988273,0.007666431372073346,0.006188780340521061,0.005156305533986938
0.5,0.5,0.2486721582405268,0.19987978909832038,0.17635056367454416,0.21266425407716505,0.17072858246501477,0.1500399885402086
1.0,0.5,0.007211700988266623,0.006254242968554591,0.005854648864533241,0.010332966375027008,0.008927770937048218,0.008464332593968837
0.25,0.0,0.09522229383954028,0.0731506514216691,0.06045511306365137,0.08365693502309668,0.06404818128209566,0.05273338280189255
0.0,0.75,0.010009931526777427,0.007402576579819464,0.007312124169207568,0.010555907884275295,0.00777951277929656,0.007668829900672858
0.75,0.5,0.06790062874496594,0.04685999664772189,0.033476910145579186,0.06842886004427207,0.04660537711962154,0.03281288608798261
0.75,0.25,0.002983663319126695,0.00227866852679548,0.0014282505847807991,0.0029780700964566753,0.002265378888936853,0.001411006673445847
0.5,0.25,0.04425877727087646,0.038568229681462896,0.03282499129825589,0.041536529494146324,0.03568862116050031,0.029821894368399327
0.0,0.0,0.9521912031158036,0.8965844282304167,0.7951679871597068,0.9686209346523798,0.9267836312358306,0.8473603950899832
0.5,0.75,0.11039980257083104,0.0758724980435248,0.05879557686841552,0.10761607377594662,0.07388681265318464,0.05713038059438735
0.5,0.0,0.0053103650276102865,0.004980599198698865,0.004765364337288469,0.005717554175158623,0.005349833393428982,0.005116757558545348
0.0,1.0,0.0026197251796773457,0.0016818120896298083,0.0011164223404280804,0.003340209487089685,0.002108142626143561,0.001376967847465882
0.75,0.0,0.028783442041332874,0.020855926362068677,0.01795293805808762,0.02386703603234064,0.017279268566057215,0.014831115095607639
1.0,0.0,0.0006232786853576089,0.0006314247994473332,0.0007196782239550226,0.0007127448833685879,0.0007170064722776814,0.0008137773827067152
0.25,0.75,0.12319023408627472,0.09966198270763771,0.09178099923394578,0.1088245717704468,0.08702385662720002,0.07867661808881343
0.75,1.0,0.0010552864541717444,0.0009403976497527333,0.0007829240122037007,0.001041365253820481,0.000926981315206854,0.0007687531061153496
0.75,0.75,0.005232568878674293,0.003286998929759477,0.0025243020820379103,0.004481129597543321,0.002800247249446053,0.0021150781281046305
1.0,0.5,0.0008147344833568937,0.0005920486866278774,0.00041358596408713755,0.000776863275257833,0.0005627282006055445,0.00038989764442798336
0.0,0.5,0.5738640010542626,0.4018175780819574,0.22271373448134246,0.5703873206738929,0.3982527069370698,0.21965580373319915
1.0,0.75,0.031880033612862624,0.024181707332429192,0.020897964023687376,0.03187780079514524,0.024425388473599652,0.021344984731045624
1.0,0.25,0.004894585665444984,0.003779533526169554,0.0033246250780225584,0.005186989316450563,0.004007063979429959,0.0035332141149795326
0.25,0.25,0.010154559652052475,0.007464068391935363,0.004925245805323164,0.010067928875971854,0.007385354338737216,0.004854743254875116
0.0,0.25,0.33267400221039856,0.28682239412955335,0.23913958380878675,0.31915364828827264,0.27622579084634036,0.2310379963039595
0.75,0.5,0.14516617266989118,0.11537270098976193,0.0951047682222721,0.16047390083316726,0.1282619454676176,0.10674321096341544
0.5,1.0,0.004798654574647454,0.0038293600388822346,0.002324391129037928,0.004901053994523563,0.004028471023456159,0.002496999341722317
0.75,0.25,4.9575533481394096e-05,4.096125094488201e-05,3.788461986131697e-05,4.811353503297866e-05,3.976216453938086e-05,3.670582948045453e-05
0.0,0.75,0.37011450157767856,0.292753986649783,0.21517370972631933,0.37884571840806625,0.2995433453489509,0.22031437425724976
0.25,0.0,0.35503986131006104,0.26430472126019966,0.1893042679244914,0.35864655862880246,0.26599606003148,0.18923676177594362
0.5,0.5,0.12669878568758175,0.100939371768209,0.07560190251258869,0.12744011172699488,0.10156325286655354,0.07604241475104678
1.0,1.0,2.8276204918742387e-05,2.212773880772012e-05,2.157221860410452e-05,1.791959770747198e-05,1.4244959093967502e-05,1.3745369098039362e-05
0.0,0.0,0.328529187390179,0.26687428571750393,0.21863696366830865,0.31792026146482644,0.25531751466197417,0.20661618902706913
0.75,0.0,0.002518648690346348,0.0018815261418220208,0.0013728696953131392,0.0026126413449830688,0.001955031978902455,0.0014249155576248063
0.5,0.75,0.0016910136733881975,0.001493908836434521,0.00132310993287299,0.0016761938405343013,0.0014797635344685478,0.0013086034781909506
0.25,1.0,0.5367454541040899,0.47144956773427027,0.4136710587307775,0.5376043104188852,0.4737602182013949,0.4177409271718199
1.0,0.0,0.0036374861371163414,0.0030798056472736146,0.0024665172872071484,0.003500654995024055,0.002958562944083587,0.002344894940016884
0.0,1.0,0.4867870454290866,0.4154228112412717,0.3381881012201099,0.4899533003476617,0.4187891086749429,0.34196403576428724
0.25,0.5,0.18271293357885576,0.14771785883800614,0.1077224753217969,0.18469187998164271,0.14947261502540676,0.10982968773988877
1.0,0.5,0.0033620524058561863,0.0027026457248338076,0.0022012721971212956,0.003343762819615348,0.002684675392357283,0.002181186267170343
0.75,1.0,0.0015000842096406508,0.0010308270112874274,0.0007106888782648646,0.001600779392569418,0.0010973036211827658,0.0007507759246037082
0.75,0.75,0.002862254297302025,0.00222641785722022,0.001718949890693322,0.0033268740629996962,0.00259376278298884,0.0020154819371615007
0.75,0.5,0.0022840298243391732,0.0017408623839190174,0.0012602823709189082,0.002143518238327813,0.00163472487138705,0.0011862977452404833
0.0,0.25,0.7384876862335381,0.6319163795179892,0.5146303087388777,0.7565864989156033,0.651341829675322,0.5343149336349946
1.0,0.25,0.00018579697011533725,0.00011522704423549968,8.588271918874568e-05,0.00014924945386574073,9.423590404611382e-05,7.114208371672426e-05
0.25,0.75,0.37393554953041586,0.2904220301278039,0.22690774081940723,0.3600904361293267,0.277668851981004,0.214915766443456
0.75,0.25,0.05477293715778131,0.03240103230776048,0.018923180059683298,0.055629248452354174,0.033307619743769834,0.019785234776039773
0.25,0.25,0.04786392045065124,0.02881170843525993,0.01701621765211092,0.04143903564764306,0.024299090576460625,0.013680603102607103
0.0,0.5,0.30742743316657817,0.23905452497257462,0.1792475037478456,0.3567768739971231,0.28258407792523943,0.21626728011206509
0.0,0.75,0.6000180002633306,0.501403564310699,0.4219687498079159,0.5921024844737799,0.4934302122105162,0.41408779928413675
0.25,0.0,0.28447177006561386,0.21427109449052195,0.16703680386420605,0.2936616691476248,0.22241200576250708,0.17448155237920904
1.0,0.75,0.05657801800525486,0.04246844596172361,0.03188666659427031,0.05586881342468375,0.04187209802741543,0.031357583165887215
0.5,1.0,0.0925414612023957,0.06534445034028113,0.035788532286436414,0.09215096296665481,0.06484046961937329,0.03533240892508349
1.0,1.0,0.0013462668715553683,0.0011029677373624036,0.0009766141573255283,0.001151614369640619,0.00094862705280363,0.000836565895329433
0.5,0.25,0.0017380771587569566,0.0014209549839812041,0.0013402684047133517,0.0013695652299358096,0.0011173717951404871,0.0010495220766522095
0.75,0.0,0.0035471941328053536,0.0031450185790393714,0.0026513838088165764,0.004056560920987273,0.0036158310272567107,0.0030931426759094327
1.0,0.0,7.42794077537301e-05,6.348347950746458e-05,4.0567838896943265e-05,7.24552784351351e-05,6.18156302070183e-05,3.918018572124371e-05
0.0,0.0,0.03211972811241659,0.023441030050937117,0.020319695061547405,0.03146229112305865,0.022925016762041284,0.019811400113403432
1.0,0.5,0.004350157607350136,0.0027858151601031222,0.0021818410928912124,0.0033112346453888497,0.0021273492327810173,0.0016481914888738514
0.5,0.5,0.037330567199749476,0.028971122597752252,0.018343838623530506,0.038218325740420056,0.03046523473623064,0.019511869213982735
0.0,1.0,0.550411778868749,0.4150407528770801,0.26176680037382116,0.5746669134719793,0.44201168356314025,0.2886747243093968
0.5,0.75,0.09494949050527568,0.08550201437219362,0.0779268406572049,0.08451330879102814,0.07583662391304735,0.06836996983912069
0.75,0.75,0.009687992498463305,0.006779993551300878,0.00639522253883773,0.009754441991014828,0.0068390609090407395,0.006461366089775544
0.75,1.0,0.006572009994064487,0.00494117955901785,0.004764845545288776,0.006655852738420176,0.005017994872037468,0.004839629186770722
0.5,0.0,0.06009479410268215,0.049719496728028334,0.03677739678812364,0.05376672579479491,0.04456634726958908,0.03273165685493684
0.75,0.5,0.004383933048891064,0.0030501572977904567,0.00264570413279841,0.004630072556064846,0.0032425233201061054,0.0028153642638351073
0.75,0.25,0.009965215373017644,0.010419001866081246,0.009494730390282369,0.009999279547067363,0.010654885784199264,0.009957095407965078
0.25,1.0,0.019401833262432167,0.013859575739278318,0.011241797987124214,0.013298918858834163,0.009607084916972486,0.007799408430262944
0.0,0.25,0.6346019179949611,0.5175060136947852,0.42060161240892213,0.6142862498789956,0.4968588991309195,0.39967648184811533
1.0,0.25,0.023152585980229068,0.015560789413916587,0.01092166511448367,0.0230925494778631,0.01539955664621262,0.010702122370499945
1.0,0.5,0.0283554443144568,0.01947648011425629,0.015555890066020872,0.029034302068768114,0.019964682573213044,0.01595312021399664
0.25,0.25,0.5629165045749938,0.451105506220181,0.318936182787947,0.5727077562556608,0.4589120679859303,0.3246356311795484
0.0,0.5,0.46967404333284724,0.39212923576561587,0.3236159014379629,0.45344673459382456,0.3786098166264632,0.3120797169202081
0.0,0.75,0.28666783084637426,0.19885719212983122,0.13696403279578973,0.2769632605633574,0.19112205286018935,0.1302463523468449
0.25,0.0,0.8701141298563941,0.7698804478393967,0.701720181145503,0.8513693787455658,0.7473616554619,0.6782153280881804
1.0,0.0,0.0021073289705459963,0.0016394935459891347,0.0011765533168583975,0.0018349169261496767,0.0014294027465100445,0.00102074862866397
1.0,0.75,0.0001086584563293469,9.659402437911524e-05,8.402868287993304e-05,7.861279401044641e-05,7.075655151367322e-05,6.211181418325218e-05
0.5,1.0,0.004916352183369499,0.0028643206102463292,0.001562094029035399,0.005310208355091439,0.003126503362658406,0.001732730219570322
0.25,0.75,0.44072139947155753,0.28309168666597406,0.17118824084354145,0.4387480149403158,0.28107233523462616,0.1689823400950654
0.0,1.0,0.0646256167793362,0.04144700141125501,0.03077426328149302,0.05701091362344002,0.03601068879134961,0.02618258109256877
0.75,0.0,0.00025163327631738674,0.00015339397321367798,0.00010512507728710485,0.0002451678867647633,0.00014957653432778883,0.0001021247146013593
0.0,0.0,0.7914994615492537,0.6500920360339477,0.5083609368759847,0.7861910610374331,0.6441986011111326,0.5020476245719312
0.75,1.0,0.1701090182001147,0.11893255002263503,0.08773865370217171,0.18995031982564958,0.13482713770923405,0.10112369261852994
0.75,0.75,0.01736289480847686,0.00921314181122046,0.004309811759004689,0.017634143228733357,0.009387191192502642,0.004407920998265036
0.75,0.5,0.1921175278339715,0.15095395893268582,0.11296314710562838,0.1926830856365932,0.15067304176697993,0.11119144297326833
0.25,0.5,0.7084750525676426,0.6269091171036059,0.5378510171157107,0.7227802307636515,0.6393784495021639,0.5463986108018055
0.5,0.75,0.00039540504594992587,0.00020875951894838707,0.0002062998150562656,0.0003891870211794046,0.00020397894952728368,0.00020065201542940336
0.75,0.25,0.016247974999823334,0.010837882522420461,0.007983158258265566,0.015396202590903574,0.010208957708550681,0.007459308478084736
0.5,0.5,0.2789262196128115,0.20506442596079266,0.15049033310458793,0.2838573481204486,0.2092718596697467,0.15387761150964718
1.0,1.0,0.00837173562969673,0.006271358037380548,0.004493017838680391,0.010011589193093084,0.007490835020091069,0.005282247438327836
1.0,0.5,1.1907985376979902e-05,7.086176532888899e-06,5.391430483392412e-06,1.2054884909407093e-05,7.155425869043164e-06,5.40328458176198e-06
0.0,0.25,0.35692239145745086,0.26195931340557777,0.21920823016013047,0.36658462327315533,0.2695925054761792,0.22627519090888304
1.0,0.0,0.006496883616173399,0.0052697603893676614,0.00446147640139416,0.006982483052230037,0.005476519925725398,0.004469885343822089
0.25,0.25,0.024570182645978322,0.02071350736430755,0.01624382333953267,0.023511846997087638,0.019831844950733757,0.015447428964455279
1.0,0.25,0.07058088744800972,0.056833046325160064,0.051659190409150346,0.06963925415819938,0.055610882092105185,0.05030561080346985
0.0,0.5,0.6364499490500898,0.47707618273083474,0.30226330004582236,0.6517435369381026,0.48959044302275523,0.3106874925933658
0.25,1.0,0.1771793956018899,0.1343289388021991,0.10967074047871517,0.1775372800183006,0.13471066912761664,0.11015666359016307
0.25,0.0,0.12522369338813133,0.07783349813252749,0.054553646302878844,0.12011298713230434,0.07403893388004668,0.05155048483986424
0.0,0.75,0.8125482029891765,0.7085704157418257,0.6346523593393736,0.8113712670468181,0.7067163713863845,0.6321916113477793
0.75,0.5,0.019727589497452236,0.016386478960371598,0.009921057262759603,0.01254806903803507,0.010618116287726131,0.006171544694379527
0.75,0.25,0.03189428309002584,0.0254633289888887,0.020522948052753787,0.03189573859812955,0.02544462260840563,0.0204825426712143
1.0,0.75,6.047439259193599e-05,3.4460958092008553e-05,2.823126861706271e-05,6.838004345699478e-05,3.873145904420561e-05,3.164532211941129e-05
0.75,0.75,0.13836294110186087,0.09072559262206603,0.06105747752543533,0.137677668230752,0.09015201264137851,0.06052418142472049
0.5,1.0,0.0010860309972667848,0.0007389025628040669,0.0005172315028535435,0.0008869615255471253,0.0005908938782442918,0.00040038084969218346
0.0,1.0,0.6877455013052296,0.5613844816045176,0.4843879821541226,0.6604053996678445,0.5359135335500143,0.4611886208253603
0.75,1.0,1.388906917731969e-05,1.0487346446930168e-05,1.002053362819666e-05,1.476638775976813e-05,1.10609498906733e-05,1.0515814636291587e-05
0.75,0.0,0.13691173831146808,0.10702931317378694,0.0883233787975376,0.12730745054103254,0.09915582937318668,0.0806476058718516
0.0,0.0,0.8998609557397577,0.8160577810014223,0.7111460114120419,0.8993440336655776,0.8152336325583768,0.7098980309418709
1.0,0.5,0.000865338834480589,0.0006015686190761205,0.0004023330285587434,0.0008266236715959163,0.000572647992493458,0.00038387277100127015
0.5,0.75,0.015950050427781193,0.010114806655296293,0.005998828408644075,0.01650218877363052,0.010470496730100809,0.006215761488668203
1.0,0.0,0.1275798068580083,0.09791674647986004,0.06738476477844801,0.1375035403510937,0.10597607928990516,0.07363915233920193
0.5,0.25,0.10366861684667728,0.07765891669764102,0.060286367427928145,0.10183789123896958,0.07536036703876348,0.057329441168331385
0.5,0.0,0.018579355762905925,0.011899912900698029,0.00953173920030681,0.0181796894973969,0.011634735113254302,0.009291491629139559
0.5,0.5,0.04558538468917528,0.035806103772443976,0.03342905836080967,0.046157904505383596,0.0364203020965681,0.03415459843430668
0.25,0.75,0.02782784060717014,0.023682925317307202,0.018314974077538904,0.027637286368404568,0.023536298762102614,0.018232176970296
0.0,0.25,0.12602023699188092,0.1028804011175064,0.09072746544175547,0.12134788290373155,0.09882701343036171,0.08694926260169411
1.0,1.0,0.000615531659093449,0.0005012083254638533,0.0003908419351195125,0.0004927917149677441,0.00040147211478047673,0.0003091686913645475
0.25,0.25,0.4507954747850609,0.357036010214259,0.2579558431298671,0.45248223731163173,0.35808798139398534,0.2584474641496949
0.75,0.5,4.729212248888448e-05,3.9385810609360306e-05,2.1405533717322456e-05,7.661488878762945e-05,6.343856346791021e-05,3.618583729558811e-05
0.75,0.25,0.12602016778403535,0.09414022784385323,0.06663183235274595,0.13334833738283702,0.1006882768038273,0.07217022551553331
0.75,0.75,0.00011533979782063497,8.909477459795312e-05,7.642582675537746e-05,0.00011137155391205411,8.605395101757285e-05,7.369943284718516e-05
0.0,0.5,0.9820631978061837,0.9410910038388883,0.8857053134985378,0.9821224187609763,0.9419663666311302,0.8882691275563034
1.0,0.25,0.06875171622691445,0.055426911298746884,0.04568062740320111,0.0778049258550173,0.062459866970273614,0.05173554522834389
0.0,0.75,0.5915913813049544,0.48894041653250186,0.36833837476110687,0.5672671385735885,0.46795843539962534,0.3533493824111138
0.25,0.0,0.19809858129016678,0.1516896171474258,0.12173352215193856,0.19116063649350978,0.14499185388363833,0.11553739640566174
1.0,0.5,2.0062444594515227e-06,2.0728391778579436e-06,2.3007738976232872e-06,2.2267448073209906e-06,2.3004508177271177e-06,2.5594321184652102e-06
0.75,0.0,0.15605022051232298,0.11446295960481678,0.08202012659469404,0.15421285121304162,0.1129247419168442,0.08056287354011138
0.75,1.0,0.23911299511562967,0.16137171560262908,0.11284914925030343,0.23689021636253593,0.15895858598453871,0.11050199643835024
0.25,0.5,0.5479696501788813,0.45114251171835473,0.385066306126723,0.5408304038308631,0.4453664722671504,0.3810185935121433
0.0,1.0,0.9842494231444316,0.9491357115446533,0.8955919734042862,0.9837442137292487,0.9484633380256383,0.8954522453430116
0.5,1.0,0.4635888693655579,0.3159166935661415,0.22712569684341444,0.4460278064758134,0.30455084601313076,0.22011900820257713
1.0,0.75,0.07348483782640847,0.057653559198027726,0.04856408153374314,0.08810110158837992,0.07037096843237056,0.060710789502072315
0.0,0.0,0.18701203201508365,0.14173546398106407,0.1038370717040783,0.18815540787935037,0.14189781468076546,0.10303748277276914
0.5,0.75,0.052275729311894614,0.032609686214240985,0.016142242919050198,0.05228909173172125,0.03263531888384663,0.01612662042719759
1.0,0.0,0.0020734477241814986,0.0015514011858941412,0.0013643161966124806,0.0021882542731131993,0.0016461913719068022,0.0014077061273830571
0.25,1.0,0.24815327473794802,0.14981993022683815,0.10058328540172823,0.2664111440280732,0.16298692753088362,0.1116462694601763
0.0,0.25,0.4742066694729199,0.3785619109151923,0.29284721899297894,0.47125281814934994,0.37476112371707604,0.28807368102956876
0.5,0.5,0.002392985553359983,0.0017571336303399132,0.0016606047442488947,0.002402626037483091,0.001762152782694093,0.00165528819060623
0.25,0.25,0.6916823153613901,0.6124839253433262,0.5764656578282723,0.694804868106824,0.6142199442550926,0.5758207881221524
1.0,0.5,0.2271500333778953,0.19602757957179884,0.16477933900030817,0.1882602888659234,0.16147106973125724,0.13450462806623353
0.75,0.75,0.00024589533303243094,0.00013293600809727302,5.983446048940522e-05,0.00034718346700435276,0.00019743665289806422,9.602517641926767e-05
0.75,0.25,1.3824194774469944e-06,1.2481071153258583e-06,1.1722453331364235e-06,1.3712284038236433e-06,1.237756986238736e-06,1.1627707066086401e-06
0.75,0.5,0.004149039503725027,0.0021656406191078448,0.0013274813857129253,0.004128160768172795,0.002154359644683801,0.001318475691153509
1.0,1.0,0.0017183621321475995,0.0012611909082337336,0.0009055213176560883,0.0017211668847538775,0.001262122667176846,0.000903997317913463
0.75,0.0,0.04943513716768411,0.03727740264401724,0.03306646129321389,0.052371358632844034,0.03948417520921432,0.03522556873138227
0.75,1.0,0.01993188637384158,0.012614814253124607,0.008800629653177516,0.019650171932646288,0.012485268354459289,0.008743531786464698
0.0,0.75,0.9623355251779204,0.8970069746831496,0.8029365497332772,0.9621971686577695,0.8969043541580756,0.8030998127454226
0.25,0.0,0.2131657937643272,0.16150698122531648,0.11467893770474835,0.2073759550067329,0.15766021363324434,0.1125262606967472
1.0,0.25,0.002248920032911994,0.0016921528964899402,0.0013281796057902362,0.0023163210492596065,0.0017493039606779615,0.0013825010491191891
0.25,0.75,0.6203900370809087,0.5593903504229794,0.497085108184637,0.6191293337794339,0.5580355318316244,0.4954533428240997
0.0,0.0,0.44769620285231193,0.38139021003919105,0.33253816124783986,0.4783361052960703,0.4113563955797477,0.36228716337513855
1.0,0.0,0.011472302236274379,0.009739023369603306,0.008455300770770391,0.013060457435902562,0.011128953067807812,0.009709691975219537
0.0,1.0,0.15175788406141166,0.09562324738941652,0.0720700358304851,0.15912081524855926,0.09999743097869873,0.07491773979484961
0.0,0.5,0.5435862171832596,0.4053296694531153,0.3162614828813557,0.5883335437920804,0.4409122203799355,0.34284221834351025
0.5,1.0,0.02411784152960772,0.016545445697024985,0.011992223569879945,0.024756670656009283,0.01719614486226506,0.012767756215190107
1.0,0.75,1.0586350273067424e-06,9.762283770253788e-07,9.260482001227643e-07,7.513729934904845e-07,6.935227917503894e-07,6.574396145264672e-07
0.5,0.75,0.011970987175016656,0.009392631623152958,0.007191015836400028,0.011680544597888365,0.00919903781659237,0.007032020369868386
1.0,0.5,0.0003822427139952289,0.00022331918815021723,0.0001297507991904201,0.00041477055886496306,0.00024070271403919818,0.00013780583585965012
0.75,0.25,0.03295078307146937,0.02146470280274604,0.01277711922318625,0.034096892950602475,0.02221596815344562,0.013242362173946143
0.5,0.0,0.15781926450856243,0.09669313600786478,0.06113851705961948,0.17771237899812153,0.11160089413903174,0.07249516135703848
0.75,0.75,0.0008421790347545866,0.0005420803288143095,0.00042166305095514556,0.0009202112756407921,0.0006011386773999705,0.0004756537348561407
0.0,0.25,0.8005625074041465,0.6740993480250912,0.5211821791288491,0.8135408247735589,0.6873138123709441,0.5323689354176875
0.25,0.25,0.6999224134934952,0.569371605219629,0.4697808070966576,0.6977701529492519,0.5668693947767703,0.4670476422322557
0.75,0.5,0.02375551682506416,0.016194337722942653,0.0089363887043854,0.027653871624497728,0.018706167377401384,0.010269743229815553
0.25,0.0,0.8959060665238925,0.8304597159070827,0.765332475443896,0.8959378794996474,0.8304517168920593,0.7653843250344673
0.5,0.5,0.6342519273179366,0.5491512763469294,0.47770585970177215,0.6326807807033457,0.5473486501921899,0.47551347937218946
0.5,0.25,0.30634491624171734,0.2008711992959049,0.11598535343993732,0.30293712243566473,0.19800561862719412,0.11371424247107287
0.0,0.75,0.2466397733682959,0.16747778682721837,0.11569883779785373,0.22965050486767868,0.1563894684975794,0.1081099776883101
0.75,1.0,0.004295196184294192,0.0032614981034475576,0.0027152094128490845,0.004162999063625383,0.003145716413975652,0.0026017416512285063
1.0,1.0,0.03525597370026412,0.02808770375310843,0.019009771594280744,0.036768760369133124,0.029151683732899114,0.019601237600826993
1.0,0.25,0.027382120293791723,0.021013351965523785,0.017318146391130496,0.028546149130411647,0.02176226651085389,0.017835611692101794
0.75,0.0,0.1643445445794547,0.13923282705469875,0.11791188259501528,0.17697640108065293,0.1491031705563376,0.12526147976948
0.0,1.0,0.5462629290045571,0.41554217060326093,0.28319945750361364,0.5429525252253375,0.41191346453687083,0.279931781925868
0.25,0.5,0.18451687723889987,0.15364351761267625,0.13414632623730438,0.1711608465895187,0.1424179248686338,0.12461407347358211
1.0,0.0,0.23273007774453824,0.16896751821603373,0.1314197631444668,0.23970692935954174,0.17395409769658765,0.13555221507486603
0.0,0.0,0.007937422557000584,0.006361563256051639,0.004747834430653186,0.007904759874194589,0.0063257605087616575,0.004705090043266136
0.25,1.0,0.04781238010808997,0.04042738362690157,0.03073151700819121,0.04722456481601378,0.039815434630946056,0.02981918809704931
0.5,1.0,0.054476688576600374,0.04059729689371805,0.029813262963783616,0.05396975338744603,0.04011090708144249,0.02935119868157232
1.0,0.5,0.04876816091621172,0.032926575118048085,0.025451296246509325,0.04783177878196576,0.0322398393259391,0.024838202159233935
0.25,0.75,0.27470122807491393,0.23676706744831977,0.20026635816957816,0.3130958595082145,0.27039798892644873,0.23003705685954545
0.0,0.5,0.9607595044956262,0.9300517944879594,0.8739209168208235,0.9509725039965464,0.9155566895881527,0.8509840165839839
0.75,0.25,0.0463325410699168,0.04098878377008086,0.03857516276795536,0.044367813405808865,0.03932559527720636,0.03697644145124579
0.5,0.75,0.008520505005768064,0.0049803006818753826,0.0030081679042396336,0.008257625032039417,0.0048212411122587895,0.0028930926404320267
0.75,0.75,0.013204859562275018,0.010142437444971453,0.007730349328468611,0.012515611115551994,0.009619032349640344,0.00731763811432673
1.0,0.75,1.5269742859036484e-06,1.4623409457792391e-06,1.1717298036284518e-06,1.6360565097128799e-06,1.574582007668468e-06,1.2769715451721453e-06
0.75,0.5,0.0017927842573323138,0.0020346031761276917,0.0011118798144601483,0.002226778823937292,0.0024696255703471337,0.001362435915244986
0.25,0.0,0.23512037919733464,0.16001664637101576,0.0980504753767163,0.22435140244196272,0.1524670691887079,0.09330871661386153
0.0,0.25,0.10198601777808092,0.0703722799843447,0.05257494510048599,0.10356448550620456,0.07140583265590239,0.05322793189818287
0.0,0.75,0.6059778197500041,0.4150838652478739,0.22540151275630615,0.5749097474554532,0.38340953117377286,0.19895845023782965
0.25,0.25,0.26401807581881254,0.22220755685843563,0.18104869241432586,0.2605253204155007,0.21856510546036256,0.1773715177875781
0.75,0.0,0.0032037209964057567,0.0023277387837737917,0.0013021339114904773,0.0032265520128067493,0.002335484562939971,0.00130032914608047
0.75,1.0,0.011061363713509076,0.009021417447512281,0.00749714510104571,0.010695643819855882,0.008697597460413542,0.007191940185815593
0.0,1.0,0.3031652743805038,0.24855926155010954,0.21256096550239512,0.32285517629050464,0.2653137714523237,0.22725358989693978
1.0,0.0,8.85842083386823e-06,7.799021203180878e-06,6.5834758316007935e-06,7.389579624206277e-06,6.497251584303143e-06,5.433183369207839e-06
0.5,0.5,0.3544343460009187,0.2575137844114248,0.16923379591823096,0.34859949824143177,0.25339529258264726,0.16640647651379648
1.0,0.25,0.12971661745594099,0.09956674093256535,0.0802048794405279,0.10772790358840645,0.08374637929119244,0.06863009044469015
1.0,0.5,0.0007796849342659451,0.00051018899018207,0.0004078232386793834,0.0008296678501866772,0.0005379323584364659,0.00042764981622811504
0.0,0.0,0.693470830856276,0.5827900557347645,0.508545925962061,0.6945580453553781,0.5834577651659272,0.5089529882450796
1.0,1.0,0.0003878110985630068,0.0002608833093897811,0.00019310667290917127,0.00039283126245481803,0.0002636763061020231,0.00019477616826868438
0.75,0.75,0.04193323774254931,0.025363765315088993,0.016283902168483078,0.03147172771836826,0.019190917833772136,0.01243779012340096
0.75,0.5,0.019614589013472683,0.015227342063291793,0.013323075528877126,0.01977809871693814,0.015426926932766705,0.013558238122606703
0.75,0.25,0.017263881430671923,0.013422343088652533,0.009963135551898317,0.01850647389084603,0.01427843210726576,0.010445092436452974
0.5,1.0,0.40918043786931557,0.3043475377168442,0.22783394701838178,0.4071681579965224,0.3042928642313003,0.22941624860448517
0.0,0.5,0.6929910099796228,0.6193290724150836,0.5647537824036502,0.6923446640855098,0.6187546419670316,0.5643818924395086
0.5,0.75,0.30128850858631173,0.23820983261995166,0.20259710065795344,0.31552242015721554,0.2503292076515231,0.21442806006415627
0.0,0.25,0.5011833227172829,0.4056043059511275,0.3078162152817938,0.5060094340776614,0.4101512451399151,0.31252768556115007
0.25,1.0,0.7841398996256853,0.7019964306225441,0.6249020591606189,0.780936891539747,0.6991493371886708,0.6223776737650247
1.0,0.5,0.0037320612974798273,0.0035657492446095063,0.0036112592925743314,0.0029802307541084705,0.0028285596729706874,0.002826507387006183
0.25,0.0,0.0352358521416154,0.016789613494652467,0.014256087459833422,0.03189394259616596,0.01506127094640819,0.012656710578032193
0.25,0.5,0.3593388850952346,0.2836150449074111,0.21395767838051571,0.37363684825027155,0.2972286534537153,0.2262611840621508
0.0,0.75,0.8484249384911069,0.7713478296435691,0.6842508275682341,0.8523645994170441,0.7779291842344234,0.693643438802763
0.25,0.25,0.6155943268984071,0.5279155471536765,0.4782769626736839,0.6250970140065448,0.5363069514333647,0.4851707944608289
0.75,1.0,0.009003109755867378,0.00799497391751569,0.006212230566564725,0.009177302130013998,0.008153540779793023,0.00633595714003099
1.0,0.0,0.001453164892912362,0.0010044827187569716,0.0007132045260263009,0.001204231941365208,0.0008352442585488618,0.0005868507236221898
0.25,0.75,0.1834584842728757,0.13735825421995074,0.1281114707412918,0.18589154813102693,0.1392787851222702,0.1298394945780864
1.0,0.75,0.009296787597442568,0.005935189462974222,0.004232484649763113,0.009167889572977872,0.005856957934093243,0.004179977223050191
0.75,0.0,0.014439492219134653,0.012768086226901731,0.010601494598448724,0.01261596045835467,0.01122014757593659,0.009337362406248606
0.5,0.0,0.00010421370917357287,5.292552052749144e-05,3.215008339718661e-05,7.932171052016379e-05,3.9624899507817446e-05,2.316522197765014e-05
0.0,1.0,0.8558079155426105,0.7473880739822321,0.6117787171514419,0.8557789589867213,0.7376293789693971,0.5839537966140496
0.75,0.75,0.16146879646294776,0.15690996819747205,0.14469412585807961,0.16509372400574907,0.16053320407202865,0.14837828651431118
1.0,0.25,0.10065421989885626,0.07610814717624548,0.06729136379726064,0.09974533979208933,0.07534217849636526,0.06651596582958963
0.75,0.25,0.06375372564940085,0.04650981098456919,0.030821748872247312,0.06695811212089009,0.04858233740730644,0.03205491920721282
0.5,0.5,0.02499496549647695,0.01653281552838315,0.01121720550099281,0.026073353196415572,0.017086752306993302,0.011543501669889156
1.0,1.0,0.0011915499946514307,0.0007334780711452105,0.000554828405013641,0.0010695690948316905,0.0006588364596056273,0.0004980695300281779
0.0,0.0,0.41697606012825705,0.35976581593771173,0.29103748595934364,0.4235003697038422,0.3657581743832047,0.29585876704874203
0.5,0.25,0.0009056641119532527,0.0007232552001118497,0.0004650440493458863,0.0008983898893372144,0.0007164815997566798,0.0004589086826752853
0.75,0.5,0.030151168846492604,0.02131978889805808,0.015753083956799085,0.028839007593743693,0.020352554062024297,0.01496249371459546
0.5,1.0,0.0002347340446589019,0.0001955127558390668,0.00017505554473395968,0.0002576648601988474,0.00021508427017336018,0.00019369590780793366
1.0,0.5,0.08121179486176233,0.06407439293274386,0.05711122525102508,0.07743915206857166,0.061247281488244876,0.05457538334981504
0.5,0.75,0.03526974764448543,0.027121105710383175,0.017399138415869042,0.029925803706078113,0.02293656533962163,0.014504779160815495
0.75,1.0,0.005097467792480215,0.0035193568873383985,0.0033684170874890285,0.005744163248851519,0.004021649393779914,0.0038980426048105254
0.0,0.5,0.25504118964414846,0.2036725133224515,0.1589319144409569,0.24858502921594616,0.19760402272929245,0.15353509665781906
0.0,0.25,0.5085804644262005,0.3792735148153239,0.2607679188402471,0.5093334071000784,0.37970277984828005,0.26135455699750143
1.0,0.0,0.00010541045482126421,9.571571720923266e-05,9.747150196348642e-05,9.51292201274434e-05,8.626075970719072e-05,8.765745859551366e-05
0.25,0.0,0.06907587312861718,0.044479244043733046,0.030502037749233546,0.06730694433743689,0.043271655862725744,0.02958496387276155
0.0,0.75,0.8406936998735686,0.6711673368951997,0.4521709400586732,0.8379041068323524,0.6723355662060893,0.4585723924521897
0.75,0.0,0.0003581996226478257,0.00023814295074420233,0.00016829360849790476,0.0002594971486836739,0.00017082714196847704,0.00011840804895912882
0.25,0.25,0.06415684886772055,0.04738080234052211,0.03902579162688502,0.06292060402718258,0.046433442584347784,0.03816078002649004
0.75,0.75,0.009190629714552978,0.007206621645909239,0.005511053918877851,0.009143763398061444,0.007161753284588346,0.00546051951182136
0.0,1.0,0.0022928692406016804,0.001752325407332389,0.0014478742061675431,0.0022110172645870563,0.0016894349528302488,0.0013907011827390958
0.75,0.25,0.00024643252495759604,0.00017335677660201831,0.0001143256332052367,0.00041557360492028295,0.0002950727016576282,0.00020066072861602002
0.25,1.0,0.03991281220258214,0.022730513725973345,0.014843355244419043,0.03824035296225581,0.02144956571075496,0.013824238560336433
0.0,0.0,0.06608517944327519,0.04510710407646912,0.030900060938576668,0.0732195769444457,0.05097170695750419,0.035886810231452126
1.0,0.75,6.921262906001147e-05,6.361849203395664e-05,5.647267162389724e-05,6.83733186582769e-05,6.290690724375381e-05,5.5449180637823225e-05
0.75,0.5,0.00045400600339040587,0.00043366931480681714,0.0004281266043648646,0.00042144654654208136,0.00040441866026230677,0.00040067940077492814
0.25,0.75,0.07929717510618084,0.05829391136422846,0.045968693860500176,0.07267501211953575,0.05309810855406605,0.04144419948698441
1.0,0.25,0.02803879998959624,0.0224521191140592,0.019626359385988335,0.027411855686269915,0.021946090977859045,0.01912765987061049
1.0,0.5,0.004109035013627915,0.003048452983410499,0.0019577997706932138,0.004211084023576062,0.0031279495576779226,0.0020058125263320292
0.5,0.5,0.2546096264218748,0.1892391977471155,0.14987714305047772,0.2507266242656745,0.18552982657595618,0.14612832628698058
1.0,1.0,0.0029044030288430944,0.0020592459885880876,0.001524364287345703,0.002303434639855273,0.001627099173535651,0.0011869396638317653
0.5,1.0,0.00021389969362939354,0.0001616661886905124,0.00017320726608893722,0.00021947758076912294,0.0001657947212552191,0.00017754365430311392
0.75,1.0,0.0027424233683892574,0.0019113373434533898,0.0012587813407750614,0.0026474575270589717,0.0018419103008685545,0.0012101459202461529
0.25,0.0,0.7209994219095616,0.6020913233775917,0.5139526321826541,0.715650009350173,0.5960493715203323,0.5073812154887629
0.0,0.25,0.60316233545011,0.49398486382155093,0.38569545001770733,0.6007713885726913,0.4915181993946297,0.38317446968434443
0.5,0.75,0.045403781930617226,0.03791188629454245,0.030246981376214954,0.04012273842641689,0.033568766788130255,0.02671868168228897
1.0,0.0,0.003915922901521762,0.002362419158194351,0.0017303746920787066,0.0036487778048044373,0.00220433499179995,0.0015990199822166762
0.25,0.5,0.5953048264559018,0.5142009761115959,0.4620010392324725,0.5845447862916415,0.5052740237328275,0.4536216720778654
0.75,0.25,0.004441136194762163,0.003462262543810102,0.00272968348216307,0.004180134922962986,0.003297267407403215,0.002634990325669606
0.0,0.5,0.16065627970465202,0.10240993237307672,0.07502305551906086,0.14930885870510457,0.09289010767089445,0.06634872751562981
0.75,0.75,0.021684101795491406,0.015067950663201213,0.0122008875481453,0.020604630729388118,0.014345584900982367,0.011609717055027335
0.0,0.75,0.4187649150032593,0.3311802200755152,0.2677066561477085,0.3979473941765127,0.31344687996246967,0.2522568154104996
0.25,0.25,0.35459389365169935,0.2889964468538242,0.2180174589312125,0.34317247625466374,0.2755165285023462,0.20233033058217031
0.75,0.0,0.036027250583514636,0.02661194930134858,0.025101352333596116,0.035473095193311543,0.02617082536579496,0.0246160991098614
0.0,1.0,0.587196084549349,0.46515790706449067,0.36900539581809566,0.6028659479283286,0.48096834045074766,0.38362932805646255
0.75,0.5,0.07592984929970825,0.0520914345634933,0.03722769522514002,0.07744426970984164,0.05318515574505267,0.03804036119870424
1.0,0.5,0.18593137465469856,0.1346429449511275,0.10226102280763905,0.1857297886158914,0.13445921770501224,0.10200189009966787
0.0,0.0,0.8761893518647701,0.802566586875537,0.7168211589413012,0.8668566855202566,0.7905096819680296,0.7015774541587434
0.5,0.0,0.4338118786539761,0.33702899306306133,0.25181588066523275,0.47581482705321787,0.3762426056499013,0.28895475685160643
1.0,0.25,0.22936631814206376,0.18236567408414683,0.14765236284043037,0.22936333657167074,0.18351551901579988,0.14980514322570715
0.5,1.0,0.010981808210824728,0.007753993120370506,0.006708683833466567,0.009938714527874426,0.006950020280686919,0.005886211125723406
0.25,1.0,0.4270926310151001,0.28905454957293886,0.16879157070778517,0.35266841227270707,0.22600787551789603,0.12290974486272555
1.0,0.75,0.0007374450833106394,0.00033220440264614126,0.0001627475298139336,0.0007498089906914363,0.0003384260465073563,0.00016571636310258597
0.25,0.75,0.016194640603488852,0.013391519399271745,0.009967701193588141,0.015617390685384924,0.012926006792547406,0.009583545532533821
0.75,1.0,0.0986256857345349,0.07025422436853501,0.047814189874589075,0.09864614714294606,0.07020981894304734,0.047717456281590964
0.5,0.5,0.0032467160508652393,0.0026446529342505354,0.002464585253271756,0.0030491530193657024,0.0024444921992675672,0.0022126958718901024
0.5,0.25,0.021268372627849086,0.016325945430586852,0.010821148890689525,0.02532933602076015,0.019635049806187244,0.013261509749974865
0.0,0.75,0.39593231373200966,0.31306399712384503,0.2321606394680179,0.3998068715051073,0.3166134987177238,0.23533169472725501
1.0,1.0,0.00027299585166973284,0.00018023930370991703,0.00013965360215895117,0.00026874274626798034,0.00017755279796105583,0.0001371340956028977
0.75,0.75,0.03645093688396439,0.02669135591717542,0.01932813868314809,0.034110099821073714,0.024634224240653757,0.017423613688624107
0.0,0.25,0.5787621931701912,0.475723147198751,0.38992575007744756,0.5499436799535365,0.44602132364013714,0.35987409300914097
0.25,0.25,0.11152850893269917,0.08718260502544173,0.0761329258038006,0.11076888422094144,0.08648256492791928,0.07528668810329897
0.25,0.0,0.13869366011732376,0.09862981012301764,0.07322455301825648,0.1359312807023404,0.09643806451386239,0.07126087612225651
1.0,0.0,0.002147969349655332,0.001551009087705224,0.0013637522972372862,0.0016685786951350368,0.0011972987686317271,0.0010437710329547212
0.75,0.25,0.0799668048998009,0.061496957457600976,0.05194628943229984,0.08175181816299304,0.06271589363929686,0.05282941992739354
0.5,0.75,0.00014478195114353554,0.00010735962844610203,8.268706534708681e-05,0.00015436473623253733,0.00011554468494900938,8.991444523087644e-05
0.75,0.5,0.1199279469680593,0.08712783086010822,0.06335849572864483,0.1193880450227951,0.08654257969964041,0.06267876444605247
0.0,1.0,0.05947673165169465,0.045157743269827355,0.03251464206346599,0.05934553976067947,0.04504295880807663,0.03239774049056421
0.0,0.5,0.4717721258041807,0.40551682866199035,0.3585119284876557,0.4745719019973689,0.40834749483658417,0.3606039750740293
1.0,0.5,0.0009473061885367784,0.0007793389587400501,0.0007222758156613107,0.0007557351555403935,0.0006158842904202544,0.000556618769592343
0.75,0.0,1.1747388903859957e-05,9.823338479764132e-06,1.03830382860437e-05,1.153294608213784e-05,9.617839667241945e-06,1.0108949342169105e-05
0.0,0.0,0.8735002389905971,0.6689612335315736,0.3980599597899829,0.8778397314293898,0.6861028956083446,0.4266504714571846
1.0,0.25,0.0025707715632653505,0.0017383741412048126,0.001302178944769694,0.002714936150113534,0.0018166485001741561,0.0013348591063527815
0.25,0.5,0.1902734634839407,0.16047930310183967,0.1346341804334622,0.19224022104391092,0.16156161753520148,0.1350534769984918
0.75,1.0,0.13244819114194173,0.10568748714684806,0.08609603395645171,0.13863371512992095,0.11083268437737781,0.0906844485579954
0.5,1.0,0.19436758645043295,0.1441512740503308,0.10857489718251279,0.20094383644331593,0.15071915343674847,0.11540495303598308
0.75,0.25,0.006042415266066747,0.005507731822479434,0.004727492008815615,0.005521090925753369,0.0050357298022551955,0.004300971873830717
0.75,0.5,0.043664190894454724,0.04244714614375411,0.03774128918117736,0.03795937804127747,0.03719996454483665,0.032964609445813364
1.0,0.5,0.003080541273714932,0.0020410785063686987,0.00115160803319303,0.0037599697898348383,0.0024980176186097935,0.0014184356712740875
0.75,0.75,0.09459039654459267,0.07792978623051905,0.05459672326726128,0.08992464833611358,0.0738379889109897,0.05122131868849056
0.25,0.25,0.11779733743291587,0.10822881081512448,0.09718436921123552,0.11798365110437814,0.1084087458813714,0.09700313922278203
0.25,0.0,0.1713588862176889,0.13144057976226486,0.10305609947150485,0.1617109448881413,0.12300196903564609,0.09611019654274566
1.0,0.75,0.009302288862059083,0.006402368230933542,0.004415144394559478,0.010072252121579028,0.006889833705637005,0.004745496637770019
1.0,0.0,1.2551851478637133e-05,8.210471245773121e-06,6.202913073849459e-06,1.009587202349671e-05,6.7008036008786576e-06,5.101132424467636e-06
0.0,0.75,0.1761472008640167,0.16153376088335247,0.16106356033120894,0.18087567170428231,0.1649983092109064,0.16253210732917733
0.0,0.25,0.332880980466267,0.264232743188173,0.2114989318190481,0.3154697396471414,0.24968636072533035,0.19919518219884347
1.0,1.0,0.006671929307035196,0.005291001064766765,0.004493853740340059,0.007198583853452067,0.005727839368529386,0.004899646941573632
0.5,0.5,0.025271146777393838,0.017017415340314868,0.013210050580433563,0.030012437647644497,0.02023493241207186,0.015899054356270703
0.5,0.75,0.4867008967483568,0.36909547662185394,0.29529898062782933,0.43327575295388954,0.3335341226691334,0.27100842769934896
0.0,1.0,0.25871045786940083,0.2239163206491488,0.1929972121870771,0.24433738901930857,0.21237345533023444,0.18280941747809265
0.25,0.75,0.0006271904062007394,0.0005265042667899067,0.0005626624420288495,0.0009254744954558802,0.0007914223357140537,0.0008679014639336735
0.75,0.0,0.00042364583658915933,0.0003939528086170929,0.00039033417565659256,0.0005955011792737608,0.0005468857412764816,0.0005442246538365225
0.0,0.0,0.7110719039226961,0.5453537003685345,0.45329765209534845,0.7129665025445564,0.5469222574693204,0.45332768653235445
0.25,1.0,0.8714578312982985,0.8104925974480066,0.7502581102211187,0.8465645711542098,0.7843386149668345,0.7243686585841602
0.0,0.5,0.8699556971544776,0.7665845210523278,0.6595319932010982,0.8730559880940693,0.7697278992179564,0.6619577170986335
1.0,0.5,0.05423433210813888,0.039383494536832986,0.033247230507241654,0.057526003579271956,0.04100921089855958,0.03325927989364086
0.75,1.0,0.0004254865065187463,0.0003291806675329578,0.00022343020693127436,0.0004157024812222465,0.00032103971449048974,0.00021676648402968457
1.0,0.25,0.008386153517226491,0.005145305946546275,0.003339216848363802,0.008182132676091358,0.005008006890497185,0.003234510599631868
0.75,0.5,0.003454652974398842,0.00260660150100267,0.0017769956833011413,0.003186278747582816,0.002437521264500031,0.0016494460198082095
0.75,0.25,0.015330496429139417,0.013253281671096184,0.011084962419152689,0.015081344787574724,0.01301587139111815,0.010844983961500132
0.75,0.75,0.034802305613133466,0.03033687029307952,0.029981521011850476,0.03451617948136532,0.03005622050299539,0.029645383992445318
0.25,0.25,0.7312976908092219,0.6102187731310771,0.47564455513012005,0.7131213378922971,0.5916448624112576,0.4577624375492271
0.5,1.0,0.00835348787568757,0.004423796085358367,0.002057152465732459,0.008297203367807038,0.0043885631177080775,0.0020349818587694912
0.5,0.0,4.283660819914825e-05,3.4506291663571886e-05,2.8814890181805275e-05,4.294493978085345e-05,3.456690396275164e-05,2.8815314346397614e-05
1.0,0.0,5.333145326547051e-05,3.4571153742279925e-05,2.6114880245176053e-05,4.138050886859368e-05,2.702977557178521e-05,2.0460742856776015e-05
0.0,0.75,0.8569297555180806,0.6968520476792889,0.5116046711488763,0.8519698392946136,0.6938886658539194,0.5135023116119191
0.25,0.0,0.006392485658548885,0.004136698903861813,0.002828919898406057,0.007281765504800752,0.004827422261810765,0.003422675042484058
0.0,0.25,0.7615612872548028,0.6245069126263745,0.46502737134535144,0.7596824655449993,0.6305539907632177,0.48126282922656005
0.5,0.5,0.0846749490742813,0.05797187382521796,0.04377725528207721,0.08841228511073562,0.061151427825352656,0.04675766496302358
1.0,0.5,0.00833511700643641,0.0075091634615114256,0.007470744710997179,0.008424159909949158,0.0075686247891059155,0.007420187315321236
1.0,0.75,0.020742071378270888,0.013519257795187034,0.009162604466749658,0.014618775250116789,0.009212423967813299,0.0057591806988634975
0.0,1.0,0.8405569601095236,0.7636980438100198,0.7425644882166843,0.832887671229573,0.7570253329834704,0.7385316094086178
0.5,0.75,0.005638721737368457,0.0033659681509901063,0.0024676088308707156,0.005379225398492782,0.0032159791011490135,0.0023647816857752524
0.5,0.25,0.04382383089293462,0.03329404082726084,0.021126982455756615,0.035555194725941264,0.026792861156339942,0.016499768601644704
0.75,0.0,0.08082142856501051,0.054913247119863895,0.04354195360655577,0.08856481399746408,0.05922505565608671,0.04577569052880481
0.0,0.0,0.2969316672586091,0.24664852619488697,0.1911553520855369,0.3590424225579031,0.3022949868952327,0.24057603513506864
0.75,1.0,0.029713838092864542,0.025318686247003397,0.022233486696937033,0.03702695744238649,0.03138960517375422,0.027496167661956283
1.0,1.0,0.04673403932857112,0.031745347220781706,0.023123209361141317,0.05188741430418764,0.0351117737422606,0.02572926366281858
0.0,0.5,0.20403462338024692,0.12022371746976401,0.070788010748434,0.19817328035700998,0.1164819835122527,0.06823213133310657
0.75,0.25,4.3839216937291425e-05,2.8757092954467822e-05,2.0978097972523813e-05,3.724163734486474e-05,2.461129600361822e-05,1.7852577336219255e-05
0.75,0.5,0.0016049377503963846,0.0011053801665206198,0.0006111988188011175,0.0013947326944009353,0.000960215426554889,0.0005290616832458461
0.75,0.75,0.0004173098318428492,0.00025642349944432485,0.00018492100244260623,0.00044330744648024556,0.0002695869021908104,0.0001926560235113728
0.25,0.5,0.5571389848897541,0.4852446510010696,0.4038685883597477,0.5429781608148041,0.4713564708754866,0.39017611752330295
0.25,1.0,0.6760524501489326,0.5643743728492887,0.4950532790874027,0.7027670500935443,0.5859519986234561,0.5139141500449637
1.0,0.0,0.00010303963595015286,8.212761149439807e-05,6.969046437832471e-05,9.549972593314582e-05,7.61468284258271e-05,6.413956381634556e-05
1.0,0.25,0.07282281388994782,0.055624601248138505,0.036662485447994664,0.0721904055540259,0.05500823234298413,0.03607008319832339
0.25,0.75,0.018033305167946323,0.013489232071817181,0.010376482423848365,0.016519309227933654,0.012361269905399874,0.009402219773129938
0.25,0.25,0.5630779723428332,0.4011381814904599,0.2662265149082996,0.5430388618867269,0.38894415661699133,0.26047093658138654
0.25,0.0,0.9240035186343225,0.86708894376651,0.7789236356854136,0.9234574873144563,0.8659720112091122,0.7762892039330523
0.5,1.0,0.048752243659910155,0.03128734666028832,0.020938932584048553,0.051169186775989806,0.033043447250280966,0.022235983288279915
1.0,0.5,0.015293620070002456,0.008827634459554812,0.005758208458438219,0.014342865916164405,0.008295584854553617,0.00537076925719715
0.0,0.75,0.4974840546696804,0.4147056399364619,0.33543395239903306,0.49385245060144745,0.4117704954372051,0.33306688972812937
0.0,0.25,0.855778736230321,0.7429694021076183,0.5870099957508361,0.8232418645006316,0.7032896167971548,0.5470206474125398
0.0,0.0,0.35612941915783747,0.2822735246924122,0.24235016691966682,0.3475131913967895,0.2750276256938172,0.23559553581314274
0.0,1.0,0.8100794005843539,0.7093251527187022,0.6154763286090029,0.806831358373045,0.7070126495194926,0.6138593855628222
0.75,1.0,0.0002408708544311411,0.00020090369769620864,0.00016314293373953515,0.00023665548935958292,0.0001972406183955444,0.00015967585938059248
0.5,0.5,0.05313003169834141,0.03703323632026223,0.019681896460874815,0.07035024022753578,0.049408225722604615,0.026773461884771477
0.75,0.25,0.007298187957682778,0.0060720407033272306,0.005220525579177071,0.007978022580650945,0.006546240479970544,0.005585445120905974
0.75,0.0,5.196116277250695e-05,4.81909626173227e-05,5.727632128760263e-05,5.635213738730549e-05,5.2318652727256776e-05,6.216307576245583e-05
0.5,0.75,0.023603326424514903,0.019913917332535558,0.015847053871769656,0.034131959859114325,0.028819140014580413,0.023299179742224174
1.0,1.0,0.0002658695865642713,0.0001264150654504137,8.649119995662868e-05,0.00027003827345506437,0.00012845795004845506,8.772714740201693e-05
0.75,0.5,0.013565556439516957,0.009022482187692749,0.006231634035487321,0.01329306615974446,0.008787835177777259,0.006024100069966343
1.0,0.75,0.003754284867004687,0.003061667679520097,0.0024892810833854195,0.003777492162596374,0.003086391245858744,0.0025117465840067688
0.75,0.75,0.0070213851767344515,0.005835288294405494,0.005442415501384801,0.006436488556935016,0.005395946947882813,0.005052491313306096
0.0,0.5,0.5060660531918665,0.4179835817271471,0.3034335491179403,0.4980349511341017,0.4124479930111147,0.30181883464256154
1.0,0.0,0.00017890875517845295,0.00017305473123419013,0.00015759633193879186,0.0001480521891625841,0.00014484072272757942,0.00013225266299365934
1.0,0.5,0.0020362262251560903,0.0008939417091251567,0.0004283497699375527,0.0021940322891631503,0.0009682635849523891,0.00046717128597784097
0.0,0.75,0.7179327580946964,0.6553866604658771,0.5848651005539354,0.7104579107265241,0.6482268386376712,0.5772334937869772
1.0,0.25,0.013343688618471017,0.0077852184218825116,0.005692214317223998,0.013905098046194109,0.00809908214012145,0.005885425372720299
0.25,0.25,0.1761361044639408,0.14029863289086408,0.11132163463207123,0.18124067485958206,0.14453405363978056,0.11343008007253508
0.25,0.0,0.5647886610699926,0.44625896192063097,0.3383362332631483,0.5289895929793968,0.41592214477964096,0.31420229659476206
0.5,1.0,0.010552524031649746,0.006525363438910636,0.0045559813504920665,0.009781496699550196,0.006045976902976813,0.004208930139112388
0.0,1.0,0.9594205733504039,0.9029556273839398,0.8054497130641032,0.9612914817484437,0.9060280987713012,0.8098311333493358
0.25,0.75,0.02146422666481118,0.01919328767295836,0.014238360039260378,0.02192853505708836,0.01959579367388542,0.01453339227452477
0.0,0.25,0.3714590433291345,0.27230453352252326,0.21116028208885296,0.3636882981438978,0.266344848315476,0.20657935844501996
0.75,1.0,0.0004432359756565418,0.0003930108051326542,0.0004286441662266771,0.00043441696411894437,0.00038457727014118426,0.0004171557494548894
0.0,0.0,0.8841799397090624,0.8175819769341313,0.7436904064424511,0.8773469864002855,0.8064795548099379,0.7271598784852302
0.5,0.5,0.07501151979178922,0.05243946733698246,0.03491113508107602,0.07125771894791844,0.04959955059486887,0.032755761710032694
0.5,0.0,0.4810411439887211,0.40840506488117845,0.36757289288528616,0.4401985938870364,0.37401497577891085,0.3373451140480437
0.75,0.25,0.028616133033725233,0.022500949562258787,0.016660588081418126,0.021212100485080487,0.016591919440049452,0.011878470472659663
0.25,1.0,0.7278549822745599,0.6398391665582701,0.5602147879096704,0.7350211095251501,0.6480830890075109,0.5691132669852468
0.75,0.75,0.03493374991314058,0.02907954945769342,0.02834930066094954,0.03465869448648218,0.028777241373604046,0.027932835660206656
0.75,0.5,0.007894749348446028,0.006161425414889732,0.004629589980657656,0.006951608661588171,0.005412685819152441,0.004016147513776547
0.75,0.0,7.143605583959101e-06,7.410377983685379e-06,7.930630498309554e-06,1.1347550662677008e-05,1.1610119755145476e-05,1.2721793967940265e-05
1.0,0.0,0.006837508083995303,0.00531163577440974,0.004320071395206293,0.006932046174786932,0.005382769915707963,0.004379446294799472
0.5,0.25,0.005934341468505355,0.005296816176716401,0.004653067891795426,0.0057302349676506825,0.005124592842829734,0.004516866454909785
0.5,0.75,0.0018461860927574403,0.0010446589574268916,0.0008927485260813439,0.0018136124116795438,0.001024464656071089,0.0008715065211272188
1.0,0.5,0.01089201883437041,0.007042337744862293,0.0045381124441864484,0.011218984006765353,0.0072536396338229725,0.004682008748537303
0.25,0.5,0.02824163951754821,0.016579991280104345,0.006081785600382084,0.027603448778043993,0.016278370475630632,0.005966377812014034
1.0,1.0,3.3763589599722366e-06,3.4609212322678218e-06,3.001158285997896e-06,3.90232688718406e-06,3.977854338588216e-06,3.44133582408368e-06
1.0,0.75,1.4687324850770622e-06,1.2251908684257629e-06,9.237576954479465e-07,1.4346940755416426e-06,1.194945947302628e-06,8.977543597410431e-07
0.0,0.75,0.09375757993402778,0.07402449897408336,0.06449741661509156,0.09184021573195689,0.07231024757821558,0.06279423910136805
0.0,0.5,0.4200283313690668,0.3367972024850734,0.2582072130988179,0.4283497796761546,0.34418597214305224,0.26481454776038316
1.0,0.25,0.003086891588328311,0.0023475980135591046,0.0018999761084907973,0.003300342081734131,0.0025065602898813877,0.0020361835513824644
0.75,1.0,0.14352758862976134,0.12041195100699897,0.09309595856017927,0.13975678316547613,0.11734068150417576,0.09099090300961765
0.0,0.0,0.10024956339417601,0.08673670147944423,0.07845887308718225,0.09722777213908373,0.08412564868429184,0.07601227270553013
0.0,1.0,0.14604554240410927,0.1008659445387502,0.07422352527174458,0.14735530759388094,0.10129226958063253,0.07403662042770576
0.25,0.0,0.4107335091465647,0.2975113969621328,0.2415436572998899,0.3943796724858164,0.2832890017713843,0.22739854153663497
0.25,0.25,0.6283289215055554,0.5026735685886702,0.43447997740322997,0.6607514834256911,0.533767875590014,0.4645333447577401
0.75,0.5,0.009323804351903386,0.008205840536625986,0.007236177689942114,0.009637171480464168,0.008470128954796152,0.007475162067087537
0.5,1.0,0.1622522693964703,0.12546785560484897,0.10293694963263866,0.15941826906344803,0.12298740661407681,0.10057404857022223
0.0,0.25,0.9784360505807512,0.9339497047510827,0.8692608614755055,0.9879834666219965,0.9553940030878697,0.9012643265907887
0.75,0.25,0.07395392129916745,0.05668031645184568,0.0476606295288482,0.07540896604903868,0.05765021472136078,0.048381185058217646
0.75,0.75,0.011107020000149848,0.008336279638693989,0.006220423313140433,0.011064522150436296,0.008299272196079954,0.006194210689041357
1.0,0.5,0.028697790791827327,0.020140394065282452,0.017148703483921945,0.022136931070773302,0.015432432520102624,0.01298960678547778
1.0,0.0,3.5339854812077576e-05,2.2422888880546665e-05,1.3950923333894139e-05,3.6098413478180547e-05,2.2736339864604105e-05,1.399366066934249e-05
0.75,0.0,0.05670230860727332,0.03742055244450082,0.02865714657283469,0.06206010312418553,0.04115010743866021,0.031747075373914635
0.5,0.5,0.0007533254286172797,0.000513456857128558,0.00041616548419676214,0.000866797942877362,0.0005911017016295705,0.0004794434161810024
0.5,0.75,0.006236186382392539,0.0042309008909631185,0.0030615484347626953,0.007485175560111079,0.0051582004633244916,0.0038558968720022735
0.25,0.75,0.00036332737024924455,0.000332823577035235,0.0002542471439210825,0.0003208602584334752,0.00029216545380694736,0.0002198267968711587
1.0,1.0,1.2769298307957477e-05,1.0419175058729024e-05,8.920307089210766e-06,9.34898830562414e-06,7.516993491774038e-06,6.2794669506427425e-06
0.75,0.5,0.0071291467972852685,0.006062360474167305,0.004861962621690918,0.0063239519475462025,0.005419149878832741,0.004358132012829752
0.0,0.75,0.7768969529554068,0.6997035980269413,0.6126400745480814,0.8252559138533907,0.7528609200943754,0.6717955818095132
0.25,1.0,0.05615907411985144,0.041929497310395636,0.03752069031436578,0.05512583588509001,0.040987548534942686,0.036499991703962564
0.75,1.0,0.0001633305295702936,0.00010995003863478736,6.097343725497417e-05,0.00015880614665686466,0.00010705014159517745,5.94523543058223e-05
0.25,0.0,0.4065491938457938,0.35547200098170006,0.34567651982284464,0.4028314257472291,0.35174289672639214,0.3415939149246672
7496659
1.0,0.75,0.0036927771836733347,0.0032673036248338505,0.0027201940250222156,0.0034231188299728155,0.003047198749486668,0.0025495324540949493
0.5,1.0,0.26644263484997754,0.20868169668616843,0.18530435262828293,0.2697377994753405,0.2111437423870135,0.18715442493626322
0.0,1.0,0.45755103614087334,0.3589853100938809,0.2815056885690671,0.4343901213296414,0.342973379913009,0.271306411119398
0.75,0.75,0.00019908977357774305,0.00014281256491266436,9.371489826703883e-05,0.00020754168762859848,0.00014892746863481854,9.786278261869619e-05
0.0,0.0,0.5506864381339128,0.4823783037620446,0.45269996368868515,0.5487551822100706,0.4805494584231055,0.4509385632959152
1.0,0.5,0.007047373229759124,0.005249627705372628,0.004111086536577879,0.007737440121712291,0.005667452926214622,0.004360025680491431
1.0,0.25,0.012426216785156763,0.009312854703373952,0.008085597691058322,0.009965080577988061,0.00721587540783486,0.006004245429771293
0.25,0.25,0.049160783859851565,0.033300862132719544,0.02528197416961997,0.04958208127327701,0.03354710306001607,0.025379195995332005
0.0,0.5,0.31483102277635233,0.24043829770816671,0.20673707489232773,0.31594775278212817,0.23850032514066477,0.20273795755950264
0.0,0.25,0.24294700414960535,0.1795821364707748,0.13016651282365188,0.24146713683046273,0.1781121204486158,0.1286231241906559
0.25,0.5,0.021122647161119668,0.019198905043912973,0.019631081399990147,0.02071336484798514,0.018805627919266765,0.019184366903472916
1.0,0.0,0.011551547691232789,0.009394661454217745,0.00809013758994448,0.012869894958727368,0.010420369566621734,0.008976049172891187
0.5,0.75,0.516583475342433,0.39133802651901184,0.28809450186599905,0.5142100624488288,0.3889976383814664,0.28570905310677563
0.75,0.0,0.00316254810460026,0.002220230034217119,0.0018444656862669495,0.0034682667301448866,0.002419885679628253,0.0019982323814385916
0.5,0.5,0.034078602155602655,0.021681823842478853,0.013967534843502216,0.03382584320136228,0.021498682580546546,0.013807579337164477
0.5,0.0,0.07819145179579912,0.06087331597538792,0.04148270424791778,0.0777402513440546,0.06026097939285546,0.040859955913272294
0.75,1.0,0.02408292389669575,0.021349933249681374,0.018961802258981697,0.024321696458452835,0.021628599060058762,0.01922299386310311
0.75,0.25,0.004395062035103203,0.0036082784452239336,0.0033151166922921194,0.00384869452329184,0.0031454849356742365,0.0028479973802275627
0.75,0.5,0.0021974736500893766,0.0011662690232292494,0.0009017072547022886,0.0018517291243695944,0.0009538131509670977,0.0006947481459641525
0.0,0.75,0.6227828564246342,0.49678039995043166,0.40076501390473773,0.6206488756201731,0.4944775091141992,0.39823832360048605
1.0,0.5,0.10433772470349245,0.06786766728441962,0.05495035113127722,0.102486762218154,0.06649822929662896,0.053747002238545005
0.75,0.75,0.013845523250805125,0.012654631694082541,0.011155948141998495,0.013847225631620885,0.012663725359553069,0.01116844155909602
0.0,0.0,0.37960171887754024,0.24130707230119797,0.1511654742512052,0.37223373036722296,0.2353725991233424,0.14646540662424345
0.5,1.0,0.004683601611638499,0.003346953507302186,0.003907037175845951,0.003728410207553212,0.0026319145648285858,0.003031597810795983
0.5,0.25,0.0010553216872160043,0.0008031252300226832,0.0006668492806422011,0.0010326573228991442,0.0007899046031646373,0.0006548040351075368
0.0,1.0,0.40575477859161113,0.31298637039735466,0.22775731385207187,0.4570769145376443,0.3607405847257775,0.27097751571693596
0.0,0.25,0.9573512008919585,0.903240895521751,0.8295070749070141,0.957784378859983,0.9035013319317198,0.8290424860200202
0.25,0.0,0.31529963856912646,0.2604100165765275,0.22229197193408623,0.33090567859533515,0.2713579739104246,0.23072545118574117
1.0,0.75,0.3788843434234894,0.27541534800244794,0.20634448549005224,0.3626458966729409,0.2607386008358036,0.1918232010885499
0.25,0.75,0.7983356876442144,0.6938003941536828,0.578630039579903,0.7902522580336866,0.682887946360215,0.5638131754424426
1.0,1.0,0.0031756181324166244,0.002540012710124051,0.0022775381214263923,0.003437800767023824,0.002780511410107933,0.0025423627074696586
1.0,0.25,0.016501404832457656,0.01293851963594217,0.010895997367651011,0.02304800397759932,0.018071933756146574,0.015099498467277428
0.25,0.25,0.29078670512135196,0.21814237024469774,0.15249097113409826,0.2868526927479482,0.21417398699578172,0.14850583222323677
1.0,0.0,0.00024990753821307887,0.00022274076051398417,0.00021047712444643984,0.0002736919781192171,0.00024395577512859035,0.0002317262785497265
0.0,0.5,0.40594925768307744,0.3303703889499776,0.29308033722588867,0.4026373354003865,0.3276082568066603,0.2906622711771609
0.25,1.0,0.20068220715257434,0.15388709647390741,0.10375084061458262,0.15605431283007387,0.11722354055944395,0.07376606148190179
0.5,0.5,0.005571521661659307,0.004682679491377462,0.0037372406802503866,0.005675754978585856,0.004783030474043715,0.003829120704042843
0.75,0.0,0.0019883224669676736,0.0017832726097207763,0.0016972878398009428,0.002208254028839951,0.0019716722105409534,0.0018770460810511036
0.5,0.75,0.0013750609578221384,0.0007883772979540016,0.0004471055768723309,0.0013318635894763453,0.0007664019154518531,0.00043333444857474035
0.75,0.5,0.015459319943778027,0.012433723736007263,0.009903860876335546,0.014947291627654957,0.011877694232737435,0.00924418789276149
0.75,0.25,0.009027887629561415,0.007506341615079348,0.00664860625660002,0.007682039263625096,0.006389197745750419,0.005618883253086127
0.75,1.0,0.00017777716471401028,0.00013139921093463514,8.405840203240533e-05,0.00017046083749450158,0.00012514987847278558,7.951853949728083e-05
0.75,0.75,0.020906245995045092,0.011824160484397828,0.006377672060983164,0.02052856622686039,0.011293076716169859,0.00593852195661837
1.0,0.5,0.004647218211140891,0.0036533982898470097,0.0026203200176773134,0.004489904312825699,0.00354106138754795,0.0025353158382930285
0.25,0.5,0.1012959739420396,0.08734190976473943,0.08061777273386994,0.10095744065716783,0.0869991933679568,0.08019791242156982
0.0,1.0,0.6900779496137844,0.5733108828440008,0.4978486072043259,0.7195689440513663,0.5985590417504354,0.5167069083824261
0.0,0.75,0.646477079381272,0.5871384875752357,0.5007784587941196,0.6475734713385981,0.5879571702274874,0.501464700136079
0.25,0.0,0.13795746772408846,0.10144768122317871,0.07858766617024793,0.13974969843912888,0.1029048506955027,0.07953905786179649
0.0,0.0,0.6759015625856373,0.5565840252997096,0.48753781881411873,0.670473919589399,0.5485335043813222,0.4765509302140766
0.5,1.0,0.0979656892645897,0.07054165545993585,0.046880739915299396,0.09268543845637756,0.0674267283721639,0.045583073516801575
0.0,0.25,0.7168348020529162,0.6678544715786277,0.6370700869371457,0.7188212473113176,0.6698164829670097,0.6388488371255245
0.25,0.25,0.5460274881947768,0.44582031478669937,0.3986162845395824,0.5613006143866046,0.45267415350545215,0.3979097595619212
1.0,0.0,7.233264736095091e-05,6.204243318186364e-05,4.619128216099e-05,8.026809442862604e-05,6.921160739226107e-05,5.215774306255305e-05
1.0,0.25,0.031874748531091956,0.02333181682643115,0.01626570643341252,0.031096296193324102,0.0227159480473611,0.01567185132509541
1.0,0.5,0.029637672183913777,0.019698238006975344,0.013361771227796249,0.028536263265263262,0.01895944040225772,0.012812341716806452
1.0,0.75,6.62307440169041e-05,6.510191451436498e-05,8.327696501919668e-05,6.513164356214407e-05,6.387234350624382e-05,8.132523640835831e-05
1.0,1.0,1.4286389485085316e-05,8.180103125754457e-06,6.734679000919286e-06,2.0335679250749195e-05,1.1675081790896158e-05,9.764289942371107e-06
0.75,0.75,0.005893456456463442,0.003708951826303819,0.0024216785985891054,0.0062210869300858285,0.003922283970735463,0.0025871284441745246
0.75,0.5,0.002039805088157598,0.0016788176342589223,0.0015609215609528881,0.0017181419723375502,0.0014329804512044353,0.0013334847005415096
0.75,0.25,0.08699704753408222,0.05193154388430432,0.03422506107668255,0.08885939889480399,0.05298057696675729,0.034777820685311434
0.75,1.0,0.0009794844781541023,0.0005711439360536197,0.00029518091892444254,0.0008781464468038402,0.0005171161350245868,0.00027062779597575304
0.75,0.0,0.002992003402062293,0.0026326251291826086,0.002244395557396084,0.002773423811664122,0.002437746063218116,0.0020668183173158106
0.5,0.75,0.14727756362507316,0.12132521525420126,0.11511398694923924,0.14646279790004557,0.12053707400907865,0.11417718451487024
0.0,0.5,0.7188951931076141,0.5733193293493347,0.470272589310918,0.7057911881683194,0.5610625082981017,0.46062017933570065
0.5,0.5,0.021780341694377037,0.016350337267070914,0.012364419276295058,0.021411870220383156,0.016210913347768807,0.012287680497133913
0.25,0.75,0.23593035515024086,0.18872405325417163,0.15113796196285645,0.23269825061901872,0.18583354195613966,0.14835660114514293
0.0,1.0,0.3654193951706286,0.2796136705490616,0.21748519384380827,0.3429222243015685,0.26258502855413934,0.20371350829610313
0.0,0.75,0.049470982393414964,0.04137095608018382,0.0331462508414051,0.040347486661403864,0.033681078621711436,0.02678804222733544
0.5,0.0,0.0326375882631752,0.030171073517686442,0.028101000246177787,0.03384206130747858,0.031384678749374006,0.02934338702469541
0.25,0.0,0.03071146733137009,0.023761970885226358,0.023277005142760765,0.030339294536686268,0.02346598019165691,0.022952713455813623
0.0,0.0,0.05736378072036308,0.04253092437983741,0.02683402336892393,0.05136912965775298,0.03822351679522984,0.024074571985938986
0.25,1.0,0.3237462208114624,0.2598357378778544,0.21337333470935194,0.30433410302040953,0.2433302333401942,0.19806335478849968
0.0,0.25,0.5956347702725939,0.5185179157580986,0.47541612051151017,0.6007188217442118,0.5219801438350085,0.4766236026324814
0.5,1.0,0.10509988698575279,0.08836493073064255,0.07263108737180357,0.10001274055918297,0.08385653462019504,0.06848393798392771
1.0,0.0,0.0011680562863868316,0.0007746047514780585,0.0004172357496146084,0.0011311369122964932,0.0007478979644937045,0.0004003979014792769
1.0,0.5,0.03828133294175218,0.025578215147966654,0.020929777668836413,0.04085388565255721,0.027339418729567022,0.022407814717747776
0.25,0.25,0.14915289728255066,0.11001581399358162,0.07903069245978434,0.15305458729230637,0.11275167957163112,0.08277258749105731
0.75,0.75,0.021379248302318077,0.01934866656177192,0.021424274855889824,0.021246756135057,0.01923761637962418,0.021266024659193805
0.5,0.25,0.0020329506033425204,0.0014422173402790506,0.0013434379103891558,0.002100292383356628,0.001490235762965697,0.0013890306535351282
1.0,0.75,0.0019879103057889314,0.0015502787672241336,0.0009760740160290604,0.002219298748447396,0.0017348516096226119,0.0011026626189015731
0.75,0.5,0.06518358837253602,0.04260787803423338,0.031025842405519644,0.06617657187519366,0.04336131725747405,0.03163536932833355
0.75,0.25,0.14175306891736406,0.1091349117857412,0.10322948366819196,0.14723682593731502,0.11319226077344124,0.10700594117021811
1.0,0.25,0.012425369058393754,0.009135993631324335,0.006619880569232128,0.009301464915954849,0.0066419344590860074,0.00471583143148957
0.75,1.0,0.0448031894800367,0.02946021316108771,0.019464556544842693,0.04512986855242507,0.029701947242960713,0.019499697378775993
1.0,1.0,0.028193410464825597,0.020941232733225568,0.015064059873635904,0.027873413543064496,0.02065190416478857,0.01478470465854076
0.75,0.0,0.26636262939043087,0.21563174717540468,0.1739774212873313,0.26376544642344124,0.21296223969406292,0.17100945705664827
0.5,0.75,0.7560383629223,0.6561791217901979,0.5718010577220025,0.7504122068248607,0.6498025822546291,0.5643153145310907
0.5,0.5,0.1838927199487992,0.16085359842755098,0.14999811320685918,0.18110433831975525,0.158893920105464,0.1484036461811108
0.25,0.5,0.05526544300694203,0.032946532752214375,0.017972226788478873,0.0452327180432629,0.026845880178487658,0.014276601698084201
0.0,0.5,0.7403710610979143,0.6486854487549454,0.5772939585338026,0.7372100387191187,0.645461807845174,0.5739609292843499
0.0,1.0,0.5392756021043568,0.45359957991308153,0.38109241932850224,0.4891735786001715,0.4088143701691168,0.34021656719847304
0.0,0.75,0.4786264022764817,0.3737834576891803,0.2600124928421983,0.49714460173716646,0.3917507816907443,0.27742946281348
1.0,0.5,0.024135623135808748,0.02023317642867095,0.01784225511354398,0.0287072939842975,0.02422783108178428,0.021646527226373724
0.0,0.25,0.3913943680159171,0.3311485403593716,0.25497568802047643,0.4086780274034453,0.34789519923543255,0.27253656403770443
0.0,0.0,0.5540655746923568,0.4557671277910573,0.37436662881721094,0.5465274860160398,0.4492157700171593,0.3688371055577263
0.25,0.0,0.5748866031249296,0.3984524077980237,0.2524299464867754,0.566453189353094,0.390076181184272,0.24516607314187466
1.0,0.0,0.0007274954212839191,0.0006135353227330054,0.0004960315250384095,0.0007708800740331423,0.0006504831560181223,0.0005267126566450564
0.75,0.75,0.010816089497309944,0.005301697079969525,0.002349885941145824,0.011259871174213454,0.005392641857483671,0.002332848123000719
0.5,1.0,0.15098191451898935,0.11538683804394978,0.09088841543482751,0.15134374040584064,0.1155008592992901,0.09079541999629792
0.25,0.25,0.003334416155498232,0.001857849775063869,0.0011781729550339737,0.003525106182071691,0.0020404354817036285,0.0013467037671118787
0.75,0.5,0.030927194145634163,0.02347304765503644,0.016740417840086286,0.031084783783301928,0.02343454688834501,0.01659322781631023
0.75,0.25,0.12270284124985431,0.0902435473829657,0.058230170437519435,0.1216708523562926,0.08937987896169353,0.057509674655108256
0.25,0.75,0.03965889941803358,0.02915284469925472,0.02283121140858424,0.03907394809804998,0.02868626086134296,0.022381471613822645
1.0,0.75,0.01913623811303089,0.012822640550313902,0.009870494666061491,0.016340351455720437,0.010705113929115218,0.00795925108406359
0.75,1.0,0.01062345188309688,0.008418188712361108,0.005666994638773737,0.010471893682238331,0.008292822698574565,0.005562329139852773
0.25,1.0,0.24654163251870054,0.21124080044008398,0.1870210815894322,0.26776241391945765,0.22440939890445755,0.1941492886988223
1.0,0.25,0.06162886842845838,0.03941184267514819,0.02201182265925805,0.06749630533405526,0.04368025415840393,0.02491000555645162
0.5,0.75,0.004123267090758054,0.0045114808000904505,0.005268947316893424,0.003665521094236235,0.004044606533109896,0.00471273108743675
0.75,0.0,0.03660703294572243,0.030706394208664167,0.02594501829359186,0.03439365100628056,0.029468765438426026,0.02514447034789391
1.0,0.5,0.06813306778206263,0.054298761634848036,0.048273119932362274,0.06025107106125671,0.04796036841135776,0.042382161241463545
0.0,0.25,0.5778928678942525,0.4534906197871682,0.35638782925331414,0.5598245980795207,0.43329619596825864,0.3346960983573216
1.0,1.0,5.163422992393585e-06,5.49412246786396e-06,5.409677151235748e-06,4.980958544842373e-06,5.303426219183116e-06,5.206364596443969e-06
1.0,0.0,0.0013897648689402686,0.001028858795355192,0.0008657323193449473,0.0014085697445543888,0.0010393972754878522,0.000872434657950838
0.0,1.0,0.7521662431011271,0.6849517161740029,0.6104038000374311,0.7690746249685199,0.702923157282561,0.629451144791139
0.0,0.75,0.6905981896731788,0.5896799718176917,0.496244205818394,0.7177666835282659,0.6167312083569305,0.5228154487820496
0.5,0.5,0.011951905239084848,0.00889442674670815,0.007211889120066206,0.00928412617141472,0.006854968450225707,0.005461608346284619
0.75,0.75,0.025089132018091265,0.016765700666221628,0.01116628864069047,0.0225396314384968,0.015220545555506115,0.0103003951553855
0.0,0.0,0.6894544338924791,0.5721666425320246,0.4725076958232933,0.6774357651930097,0.5609012005457374,0.4625616231812999
0.0,0.5,0.40941869633682937,0.30511158243056147,0.2409270356572668,0.41186440516209877,0.30742477830387827,0.24314767065416953
0.25,0.0,0.6015005693462411,0.4839492047785229,0.4320406227945168,0.5741622074892534,0.4585489238932823,0.4057376880846836
0.75,0.25,0.01650818088132966,0.0205211406349306,0.019780919603330727,0.015923538326457876,0.019799649182580703,0.01902023189839397
0.5,0.0,0.009768506662796606,0.005077677626270205,0.002979562924704804,0.010005428738796174,0.005180975280850597,0.0030689160444221653
0.75,0.5,0.08219845015680705,0.05952679255365556,0.05134259151583642,0.08364153547268127,0.060525504063125624,0.05223813745708117
0.5,1.0,0.0007636074185770614,0.0005027342682832892,0.00043428177215165675,0.0007576378329827715,0.000504481608274765,0.00044168435696156916
0.25,0.25,0.11937147678448867,0.08114690639419941,0.052023872949769734,0.1177752152863083,0.07992437404894193,0.05121939241173534
0.5,0.25,0.24161978204738,0.15914161498423907,0.11530144503939099,0.24207843382824645,0.15935904228916498,0.11572934369009302
0.75,1.0,0.002438031475193392,0.0016748859966534413,0.0015019207162674242,0.0026163846841212868,0.0018134214447492747,0.0016458254327690325
1.0,0.5,2.227707286994729e-05,2.1917595871556728e-05,2.4544293490746938e-05,2.372482507317919e-05,2.323352708055726e-05,2.5729141358676877e-05
1.0,0.25,0.0002675180927389498,0.0002122653370545402,0.0001592373513086276,0.0002630449872429441,0.0002088258810519772,0.00015635404639291473
0.5,0.75,0.059162054779235196,0.036686402635267124,0.026133750198297112,0.05283672394756378,0.03275965018381699,0.023194861111269227
0.75,0.0,0.00994179952354135,0.007664924205716628,0.0065125988844936256,0.01033199016101538,0.00800612996572203,0.00684428243387547
1.0,0.0,0.00047623288418396914,0.00038004384515766265,0.00022484842596759425,0.00047285169824362594,0.00037718799485153554,0.00022346775766668436
1.0,0.75,0.3796476002727486,0.31586675530976915,0.25636904910268377,0.3583136809485974,0.2977585487006703,0.23991911061134696
0.0,0.25,0.4226577820096493,0.33463980750547173,0.287094884797527,0.4451999442069119,0.3504914250755047,0.29602350386783716
0.75,0.75,0.030997417876047928,0.022005274717975087,0.015391895306738235,0.02966856614025437,0.02123627871430811,0.014983499681209711
1.0,1.0,0.0001071360008941813,5.765295362680778e-05,3.9590645378728695e-05,8.087210651730459e-05,4.322040558202289e-05,2.955766183887487e-05
0.25,0.75,0.03759601687273706,0.02664819810627095,0.019678421750378594,0.034105737502238664,0.023902383857101528,0.017333861091046177
0.25,0.5,0.9068467449902757,0.8463964631770162,0.7678864704707805,0.9129340046362912,0.8525863764184651,0.7752556310105475
0.0,1.0,0.6899823567647878,0.5879248780129346,0.5304960837747852,0.6631073708177025,0.5626715737210842,0.5056146038146168
0.0,0.75,0.49049867035395744,0.41103336970430715,0.35214453906122656,0.4636682734164558,0.386514562614359,0.33106369624447063
0.5,0.5,0.4478920542181244,0.35081038125649333,0.30617685930771843,0.44990478652572086,0.35166734406939026,0.30630456768328773
0.25,0.0,0.06920958711770964,0.04958082811392017,0.03782568397655073,0.06640496805971985,0.04745733603185154,0.03600157608811583
0.75,0.25,0.001163838279433671,0.0009330098744408932,0.0007592935523738076,0.0011746647322044002,0.0009391663837667874,0.0007620249320052785
0.25,1.0,0.000471885772910019,0.0004038684241877144,0.0003738178678340809,0.0005065906436512169,0.00043339695870137085,0.0004022532236924725
0.0,0.0,0.3545654002448233,0.25906216851400177,0.19072606644840107,0.35590254499772356,0.2599921975088513,0.19273726749100273
0.75,0.5,0.013450724666320801,0.008882579317856854,0.006823724291071587,0.014782385611458837,0.010155840051995435,0.008166975851218394
1.0,0.5,0.00019363752080248098,0.00012743503297574232,9.939620428534024e-05,0.0002146684354618067,0.0001421033923939552,0.00011650799013396274
0.0,0.5,0.4516207855206207,0.3526505580428253,0.29833954314519273,0.4631653293494221,0.3605705261859895,0.3037317461315501
0.75,1.0,0.09642539661494254,0.06493426659871271,0.037248791352136656,0.094807484696116,0.0635306058384455,0.036096526844287435
0.25,0.25,0.842872446202364,0.6863580813012433,0.5771996766070155,0.8463961041039281,0.6893699518070688,0.5791904827708803
0.5,1.0,0.012636932452062877,0.0076569736616405315,0.005059488327251005,0.011124149374672099,0.006680788412398386,0.004348953083927354
0.75,0.0,0.00010331512114702956,8.860765319052e-05,8.684263263991632e-05,9.386852418313829e-05,8.073874424829874e-05,7.915989455176131e-05
0.75,0.75,0.06147979634688472,0.0534051485466468,0.05113220592138146,0.06647322702102143,0.057576299069958425,0.05501177084086328
1.0,0.0,2.161266474232093e-06,1.5124378298647656e-06,1.4677247359706769e-06,2.045928782501427e-06,1.416781517993293e-06,1.3251235080335988e-06
0.5,0.75,0.00014515724018937526,0.00013462302401001658,0.0001422054074369239,0.0001835033188424262,0.00017046644376883524,0.00018226402622867344
0.0,0.75,0.7335109428373403,0.6297300493410104,0.5274065179644615,0.7294036587583066,0.6257081313186409,0.5237580941566853
1.0,0.25,0.0006028525649135474,0.0005789059769056859,0.0006015822169851415,0.0008164722287907766,0.0007795880553502776,0.0008172410068132407
0.75,0.25,0.012092166688966732,0.009943655496568837,0.007552810254294218,0.009605403279707825,0.007878764373189906,0.00584459674812754
0.0,0.25,0.4990933191667849,0.3691753414653789,0.28039205932653943,0.5016806331394545,0.37088591880203825,0.2811118687271571
1.0,0.75,0.030907707952870345,0.022950818238999804,0.019385710340960705,0.03165455231458647,0.023455902239088777,0.01977440243746864
1.0,1.0,0.0003118193234207256,0.0002722109868009692,0.00020681896336971484,0.00031965367059094696,0.000280138233206495,0.00021410880227223927
0.0,1.0,0.7600664583792061,0.6817945419213687,0.6237752643129592,0.731640570782002,0.6536604729441016,0.5964286901710546
0.5,0.5,0.23492417711560076,0.16337740214257623,0.11033261423038199,0.2560055409699534,0.18278214197455211,0.12817182628999557
0.25,0.0,0.35179000028380636,0.2771619469880542,0.2409942226248274,0.3150684210453891,0.24701026824616124,0.21479888219166288
1.0,0.5,0.02130300762145254,0.018530172431753478,0.019016177936532097,0.02398448043824153,0.020831495100865904,0.021268193486829734
0.75,0.5,0.0051447426713717714,0.003069024447401758,0.0023218824444852793,0.004976390212597215,0.002982184211793526,0.0022659442427281906
0.0,0.0,0.28826077361510516,0.20470512192921575,0.1392563972541011,0.28878824364155353,0.20520569017096957,0.13962607329797505
0.75,1.0,0.002537072930519302,0.001776549046594078,0.001227620161861065,0.002718478904835231,0.0018688632675304406,0.0012523315218140318
0.25,0.75,0.7480064138557,0.6210504206825247,0.5235671567175464,0.7295045840526855,0.5896538469810799,0.4824573227732969
0.75,0.75,0.011057105274207557,0.007309453200813776,0.0066669491614919085,0.010797280086141559,0.007117922526564846,0.00646240916230445
0.25,0.25,0.13492427847725152,0.12189022153461115,0.10949156709836005,0.12611788038471716,0.11277833430110973,0.09983875163122435
0.25,0.5,0.4504502613961304,0.3949762496459307,0.36657305399207274,0.4532346139528294,0.3975934857364387,0.3688318893276179
0.5,1.0,0.4522391453368345,0.2993938557153416,0.18323284752273228,0.4537130965470171,0.30116597951536295,0.184793419064619
0.0,0.5,0.9387729048719609,0.8477563947235224,0.726645570044135,0.939321387222585,0.8545289171386239,0.7428715770313685
0.75,0.25,0.00597908403373848,0.004991303029393768,0.003968108404959647,0.007116142607670017,0.005930283373138723,0.004725425813412842
0.5,0.0,0.0033329193308344607,0.0019354500306674183,0.0014187289880843723,0.0029763115001164575,0.0017314751037686982,0.001257618849994091
0.25,1.0,0.285930279336311,0.25350226390153185,0.22916032861737978,0.2840459160808827,0.25178765203097275,0.2274954993497088
1.0,0.0,0.2591140981176421,0.19690851815521526,0.14769215067240649,0.266538585966568,0.201974894892746,0.1509605866133672
0.5,0.75,0.1739443960395688,0.1311366433891279,0.1083587453026662,0.17225083209238723,0.13034083146848818,0.10801658990980068
0.75,0.0,0.07144917862460565,0.044307768580103546,0.030920021678530474,0.07848940239234103,0.05008025438927244,0.036210653185895
0.0,0.75,0.06865728010768546,0.05423041485309832,0.04283037327803452,0.06863170807172525,0.05415215668490503,0.04272974456897671
1.0,0.5,0.16096244625495781,0.13784791031288446,0.10728004283580417,0.1672198465202428,0.14350064457454015,0.11192364514414754
0.5,0.25,0.13726764378167777,0.09957215982086165,0.0712628958362368,0.1400661885109893,0.10182610801270686,0.0730458337517017
1.0,0.25,0.001893097227133489,0.0011968550781499276,0.000873142321862197,0.0017381518904140414,0.0011067263554584983,0.0008010850025592653
0.0,0.25,0.1509408547051443,0.09854368403137748,0.061526860333317446,0.1615188774188413,0.10644508678578823,0.06767890070325167
1.0,1.0,0.0002987892748773646,0.0001811968093683447,0.0001483854618843372,0.00029372104800873267,0.0001778592849337457,0.0001449703888870557
0.0,1.0,0.2573717297990932,0.1928823356133419,0.16253638044087237,0.267382744539556,0.20184260131292098,0.17115765938924088
0.0,0.0,0.38126657218568905,0.3046645082055144,0.24660626905891048,0.4040232137504669,0.32463124613084937,0.2650178206099496
0.5,0.5,0.00021572695767324568,0.00010472900023306142,6.408910971411608e-05,0.00021325754519585516,0.00010303126259270101,6.265117721127034e-05
0.75,0.5,0.003530430131612361,0.003047373068497894,0.0025725609083325773,0.0034940504956330054,0.0029993317290430976,0.0024962866311046827
0.25,0.0,0.5920018793009497,0.513603187751041,0.4686039199130114,0.5943817534465856,0.5127408172281718,0.46636338945758404
1.0,0.75,0.02217440273732829,0.01527934366950845,0.011726290676399631,0.020412174611160183,0.01400432786357042,0.010710857287113296
0.75,0.75,0.0018415050692824897,0.0013886573011725467,0.000919412595952851,0.0022392241848919747,0.0016918639640435273,0.0011412978104763383
0.75,1.0,0.009597469801378988,0.006114949819853832,0.0036258786135998644,0.007959440415187369,0.005110435092845811,0.002997916494819064
0.5,1.0,0.0760215013047405,0.05733152713793499,0.04042467089185775,0.0772626303072188,0.05837195906903181,0.041541240716403305
0.75,0.25,0.06824413731138756,0.04952123089591143,0.044956676712109456,0.07504146881342677,0.05410491783479676,0.04888650962831298
0.25,0.25,0.31991411786563795,0.27176336123870737,0.23083845191714591,0.3312731298095376,0.2814289107178234,0.23793764784946447
0.75,0.0,0.005695363817120436,0.0048439619324907035,0.004824522633219641,0.005563760908558257,0.0047323491441761956,0.004710539933157509
0.0,0.5,0.4960267560652152,0.39765445498053675,0.297109008643077,0.5099390633515481,0.41200812673108345,0.31266283970595865
1.0,0.0,0.018219031791985696,0.014340205812346296,0.010134659143846703,0.02098410765637826,0.01690473481227439,0.012463130208585138
1.0,0.5,0.0005479060753805776,0.0005137218721701364,0.0004707192465488452,0.0006040464522136801,0.0005645022878079109,0.0005208931134844663
0.5,0.75,0.5797897148546725,0.4583108046159844,0.36193793296775323,0.5920895061757778,0.471261681995796,0.3757321655882231
0.0,0.25,0.5029780767263197,0.39113492946790296,0.3305633599068212,0.5354574991521011,0.41385804152531147,0.34521213873240575
0.0,0.75,0.47935382349454436,0.37939796416940974,0.3154236580643329,0.49186542349815854,0.3919416853802493,0.3281766400120497
0.25,0.0,0.010945057598180652,0.00963726388294206,0.009793287819956698,0.013834357506163242,0.012108571046683725,0.012194252160419361
0.75,0.5,0.0022343643274445046,0.0013439971096357306,0.0008789976545551248,0.002168364554287816,0.0013160959673563788,0.0008794902719100328
0.0,1.0,0.31695945830101047,0.3144044517153419,0.30282516726438136,0.3172127151799349,0.31418848061051663,0.3023185618767419
0.5,0.5,0.05961527885092488,0.04701158085157264,0.039283232694133474,0.05882855261829345,0.046395788901679946,0.03875069807709164
0.75,0.75,0.0009091526972133668,0.0004997519382531346,0.0002674288039357098,0.0008740439887144902,0.0004823646094532785,0.0002593090814109189
1.0,0.25,4.2727263468211873e-05,3.792196436636086e-05,3.546739987636549e-05,3.5045014702861366e-05,3.1433834723926246e-05,2.93891422895598e-05
0.0,0.0,0.7386999815377487,0.6688447586871933,0.5779666978395221,0.7484590231301566,0.6801024576347128,0.5888349330915388
1.0,1.0,0.004363680697739403,0.003372030876923948,0.0021522987265276683,0.0045488134594900975,0.0035271672967833734,0.002267882710941249
0.25,0.75,0.36560952849471084,0.26419664615604543,0.20008803794992114,0.2762026229242234,0.1969130024236112,0.14713932104094996
0.75,1.0,0.0004195307727299369,0.00024635542011952616,0.0002069690011683445,0.00042308945803948284,0.00024763475863909257,0.0002073626124283745
0.25,1.0,0.08099476827646113,0.061322941504653006,0.05232383755291381,0.07756016168759639,0.05877130083717175,0.05005111475737911
1.0,0.75,0.014273744368869079,0.011756037875545133,0.009978690181856709,0.014382033812616823,0.011834076688929773,0.010030177096685744
0.75,0.25,0.018823493614980036,0.01797694655124138,0.016675906350302583,0.022732853821183063,0.02159826710474333,0.02003946644721999
1.0,0.5,0.01466167063718915,0.011432528421167376,0.008555965592198289,0.014653408740255669,0.011472814584736257,0.00861081416532361
1.0,0.0,0.08108671622784003,0.08475402985175728,0.07856287839930931,0.09656945239905768,0.09979976850205474,0.09345731314007955
0.75,0.0,0.01915641474773433,0.017788685624662626,0.013035523050221709,0.02085372754693715,0.019413023632013804,0.014550954005271954
0.25,0.5,0.39385989875485583,0.3115647017994976,0.2195754505278127,0.40684542828822257,0.32212021688298675,0.22799031343954201
0.5,1.0,0.060528094280336786,0.03699968392055697,0.024051906651289534,0.06370533449466209,0.039237214952870136,0.025702815672405954
0.25,0.25,0.24149640223943358,0.19534413792103633,0.1467483047194219,0.24480536256339036,0.19780609555483364,0.14845281871360838
0.0,0.5,0.7171062285555558,0.6021783764451409,0.493161715062183,0.719590825696806,0.6069031499795566,0.49980478548129137
0.0,0.25,0.27165198907346166,0.22562212259905257,0.17482186389366694,0.26739206480748057,0.22226940171220533,0.1723479155135742
0.0,0.75,0.10312323254255507,0.07270308826051408,0.04671998463631233,0.08961977471354465,0.06297347885466564,0.03987541781658743
0.75,0.75,0.019891799181085745,0.01296848742580714,0.006296985694667412,0.019413072092175465,0.012443224137697495,0.005945498539597804
0.5,0.75,0.012693800583402304,0.008773559033715017,0.006379087296409569,0.01304766038943761,0.009037662147683645,0.006603121034446824
0.75,0.5,0.00174774899444341,0.0016801111110449352,0.0012336147867039182,0.0017414026894576606,0.001675158927160858,0.0012297939110919032
0.0,0.0,0.1777315939655999,0.1164922038017786,0.09363308201503495,0.17573083831346703,0.11514100142548711,0.09246435512265472
0.75,1.0,0.0022457599001612927,0.0019870308533267433,0.0016403119275834044,0.0021648451458615714,0.0019102694172797863,0.0015636269026615413
0.5,0.0,0.00963767065283938,0.008126725118166145,0.0073009012568725495,0.008934569492464073,0.007587222222737333,0.006865875373832875
0.0,1.0,0.9143169097951047,0.8286232738903705,0.7070188041052436,0.9138519832848022,0.8277069677610059,0.7054513288925299
0.25,0.0,0.773753235750979,0.6718949971064018,0.5938392936385914,0.7708309420283952,0.6679980915183361,0.5889770403345597
1.0,0.5,0.06899549660576199,0.047944270181387916,0.035911132049132655,0.06910521410764281,0.04814611766832022,0.03625246583600017
1.0,0.25,0.001351268205761369,0.0007332817166572081,0.00039264517540660293,0.0013395886366143195,0.0007261412463152039,0.0003876266866056355
0.75,0.25,8.230355416649626e-05,6.292802597385183e-05,5.258797590135256e-05,8.151793249677741e-05,6.244084117223991e-05,5.2089158282031534e-05
0.5,0.5,0.1034916109930899,0.06920577769773528,0.058182564735899334,0.10510193225131759,0.07029821402798853,0.05911921277861942
1.0,0.0,0.0002558044434184392,0.00020563837970399845,0.00021892353203345483,0.00027349774708218533,0.0002190542132940454,0.00023248202529435602
1.0,1.0,0.0024638431491442736,0.0011379088191370013,0.000536726631211959,0.0025633759262675415,0.00117619713327477,0.0005523684453744293
0.5,0.25,0.6925160954646776,0.6186048518667698,0.5288722218121427,0.6793451915958395,0.6053537355343387,0.5156317253097337
0.75,0.0,0.010387651397158804,0.0041995031459493015,0.0018281221867684216,0.010315723977322167,0.00416413638148172,0.0018031228949175748
0.25,0.75,0.09217115097685813,0.0665176669672094,0.042906778406989976,0.08516810616084003,0.061713186261189046,0.039796589047254916
0.5,1.0,0.373555048789158,0.324802568044115,0.28733312460610594,0.37166524292834024,0.32246110760064606,0.28443988351205995
0.25,1.0,0.0003665017974521234,0.0003072645852162381,0.0003096761856343777,0.0004226769370716532,0.0003529466188215702,0.00035543787617164924
0.75,0.75,0.3633569584691382,0.2849292318848329,0.23223652312079301,0.33456515648694984,0.25986914198962996,0.2085609216778097
1.0,0.75,0.010244623560425659,0.006512791012872499,0.004148695170713035,0.009545525427365753,0.006094194969131439,0.003915162977656816
0.0,0.25,0.5936766788089642,0.46877852260092456,0.3480560626064527,0.5819486580923845,0.4589012823279047,0.33976582985717085
0.25,0.25,0.07656733890890144,0.053984998191071054,0.037450684617531316,0.08220709762387868,0.05892384441529419,0.0418854706728643
0.0,0.75,0.6431097994864823,0.575321056193863,0.5110276310320754,0.6643266856933723,0.5966272603799953,0.5324624032200904
0.75,0.5,0.03733819677153516,0.024622837622077842,0.01854534025164012,0.042705246474110226,0.02798432609461421,0.02095918807688113
0.0,1.0,0.5967583482589482,0.41821254568126465,0.2688266005808997,0.612496004335598,0.4355138449122513,0.2852326681441011
0.75,1.0,0.022361224930130597,0.018712961567079578,0.017280456535333277,0.020915089878142723,0.017591142333651555,0.016360536237113088
0.25,0.0,0.024024252292042414,0.017318387974911476,0.015924129603208992,0.02547649585610623,0.018428232663609267,0.017054946615610578
0.0,0.5,0.6735101081413758,0.5383803082670593,0.4299380224237025,0.6597118032071712,0.5296417749503254,0.4272190442510574
0.5,0.75,0.16607978859828598,0.14305210302291538,0.137424719140532,0.1681022745666234,0.14425088105240214,0.1379892188280275
0.0,0.0,0.8067251697257944,0.7633559245345164,0.715947876390508,0.8061185487485107,0.7626458186736605,0.7149877048270298
1.0,0.5,0.0034774300462514507,0.0027099675305136683,0.0017417502313084032,0.003503430373147154,0.0027237567012013963,0.0017472935974937043
1.0,0.25,1.5530184038770045e-06,1.0132147192365437e-06,6.602929324417417e-07,1.6639610438407004e-06,1.0892975432774676e-06,7.12943860614601e-07
0.75,0.25,0.6821173812315693,0.5847505585006756,0.5295157694587084,0.6683361179844829,0.5714161572891634,0.5169286218095517
1.0,0.0,0.017889614031087575,0.014394826999768018,0.010165866732318785,0.018381812704731937,0.014773656557431347,0.010416373489066544
0.25,0.5,0.46975042942695977,0.3633672212095801,0.29820849014442774,0.4504511009924591,0.34671734487599426,0.28302619875775337
0.5,0.5,9.935022146934092e-05,7.12940163263287e-05,6.052340666973244e-05,0.00010958888857226512,7.846017676738093e-05,6.675274581136037e-05
1.0,1.0,0.0027792822113886784,0.0017309589130005687,0.0012125293393131509,0.002806575777067666,0.0017510125683242173,0.0012203969835740125
0.75,0.0,0.0006371742903712452,0.000325683535406851,0.00015184069810658674,0.0006412769465644619,0.00032805092924559354,0.00015294645665697715
0.75,0.75,0.03814477525207294,0.03108843277072537,0.024851229715979972,0.030179802105972153,0.024107121457708658,0.01854953279520022
0.0,0.25,0.9501451105312245,0.8648186794727233,0.7364164091294017,0.9524255672757935,0.8720207010477867,0.7495117519534031
0.75,0.5,0.004255910016828235,0.0035471658089464286,0.0033861843491558297,0.004259771036750681,0.0035520675539275626,0.0033820326916124133
0.5,1.0,0.008458269833116594,0.005785570450731359,0.004256998215443897,0.008050345529499459,0.005473979052733724,0.004003979778969935
1.0,0.5,5.46895815942694e-05,5.0666124363774045e-05,4.424155174964639e-05,5.384941504227303e-05,4.978051174286957e-05,4.31556501822028e-05
0.0,0.75,0.6652897742877665,0.5736493846935372,0.49674245133588524,0.6442990945661575,0.5583101670615551,0.4837365457310262
0.25,0.25,0.13645902010878053,0.1093730526462744,0.08702565433502496,0.13602480472031053,0.10911250673588513,0.0869479704004208
0.75,1.0,0.02424283379921377,0.010289728286480004,0.0051673118998174505,0.0223462139257109,0.009771888040279952,0.005015060232468338
0.25,0.75,0.021602712363684606,0.01836925244165888,0.01645269281054229,0.020804717121217342,0.017651332587128477,0.01577244082958451
0.0,1.0,0.3838619785526385,0.3039946828956296,0.24096555748157178,0.3830326007272681,0.30329230970210874,0.23999402516005042
1.0,0.75,0.025103316073383786,0.01807959474931453,0.012062924697094468,0.025569688790757494,0.018408331705052072,0.012288050580065768
0.25,0.0,0.47202907775120395,0.4002990067556317,0.33574753231029564,0.4856488713224546,0.4141959527796294,0.3507270320425264
0.0,0.0,0.8719289972443639,0.7881326316990439,0.658772172677125,0.878245438128066,0.7957950346159877,0.6672717804723147
0.5,0.75,0.009066143398160587,0.006272982632579249,0.005612474031101655,0.0099327801158956,0.0067742384525151245,0.005929725371208505
0.75,0.25,0.00043247962514747496,0.0002740369646173635,0.00017372353583544609,0.0003574425132975012,0.00022742532305564112,0.00014131849158749432
0.25,1.0,0.0035787119679264734,0.002630837631951932,0.0018776033610385934,0.0036170524261680548,0.002659611153834507,0.0018980519230415993
0.0,0.5,0.7700807594300999,0.6690502352407386,0.5856650903554106,0.7692907755496096,0.6678263641869536,0.5838462226960447
1.0,0.0,5.7094895060894046e-05,5.584644125644633e-05,6.45883534113878e-05,5.4728146004046074e-05,5.371611438031998e-05,6.21284783097753e-05
1.0,0.25,6.255507167618468e-05,6.992705131836363e-05,7.026722985414846e-05,7.814843886033707e-05,8.689261417604843e-05,8.671636596035981e-05
0.5,0.0,0.05865651709858977,0.04173531625539262,0.027879484867997517,0.056578665176108434,0.04008504520909173,0.02657079423847042
0.75,0.75,0.006505533201185076,0.004628468591330925,0.0035095359387923297,0.00642713470974865,0.004567999760375585,0.0034486131432298617
0.75,0.5,0.0006637470293185954,0.0004729086530504967,0.00035013681663387253,0.0006433015163848088,0.0004590047568138189,0.00033992496457113663
0.5,0.5,0.3734319337415579,0.27032171208617917,0.16977932463891943,0.3719328982369726,0.2706891656238901,0.17152315851345146
1.0,0.5,0.006961470301562578,0.005954786488455044,0.005553454825265813,0.006810551794980468,0.005769228011896166,0.005272651979211562
0.75,0.0,0.00014275010031639113,0.0001309470177647265,0.00012675178472321136,0.00019434456348366158,0.0001784958922148583,0.00017480537389946704
0.0,0.25,0.5250674814127074,0.43832921334205976,0.37809210050317466,0.5283163180976784,0.440984800764467,0.3797098103104768
0.75,1.0,0.0022915760776065497,0.0011400668950358739,0.0007951745593564041,0.0024192222693211196,0.0012246827473199051,0.000863612201649655
0.5,1.0,0.004491262213938585,0.003583815631011289,0.0028760998632312296,0.003778873520434489,0.0029975538507280852,0.0023707269315824675
1.0,1.0,0.00023257322053549245,0.00019146836984873516,0.00014785692721963617,0.00023352078834837364,0.0001920819008534025,0.00014804897408904338
0.5,0.25,0.0037796981940669827,0.003953934435740547,0.0036773907073037737,0.003750239495712515,0.003967435525954133,0.0036972170733424736
0.0,1.0,0.691940670789589,0.5638433484106704,0.4550750987738159,0.6842987159009957,0.5565218068264287,0.44851291036231056
0.25,0.25,0.5635897227438889,0.4436966460236955,0.356967887642641,0.5574514177075367,0.4384882552274024,0.3527732222373505
0.0,0.75,0.907479173939501,0.837757394569004,0.7690825389160325,0.8960401301561796,0.8213816439126796,0.7488378587317605
0.5,0.75,0.179421350694008,0.10612426720143364,0.0637214887989811,0.17105076957514453,0.10025024517688241,0.05917794364437845
0.75,0.25,0.2750730040053935,0.20618936290061995,0.16614279341538596,0.2989196489679973,0.22436328828564844,0.1804203388318879
0.0,0.0,0.057005414025927514,0.03039755696891433,0.01182785809336151,0.07350957153775106,0.041595463487738904,0.017678424178304453
0.25,0.0,0.6763487692777295,0.5653472856098687,0.4706564893405234,0.6634177847893132,0.5504659518510069,0.4524481970329989
1.0,0.0,0.01715551775245938,0.015659560326488853,0.01377213699168367,0.01781783705353246,0.016255322317064724,0.014285284066831938
0.75,0.75,0.006881581220855915,0.005135292826073945,0.00420818558091729,0.008275595711431882,0.006128907846267517,0.005008343134607407
0.25,0.75,0.17493603853106432,0.12358750692339371,0.09183330478771834,0.17457325624584663,0.12308557342785131,0.09115734619742333
1.0,0.75,0.00015181001649167136,0.0001261243709127502,9.61793654608023e-05,0.00014631584640178996,0.00012166254922796327,9.254922921309028e-05
0.25,0.5,0.21313827025774112,0.16046153152479448,0.10485251902730297,0.21430264487939388,0.1608710397119577,0.10458395298873246
1.0,0.5,0.01150301278132937,0.00934705412679826,0.0071502536662279015,0.0111283415490403,0.009015358553274178,0.0068524607765581
1.0,0.25,0.00035363808880695125,0.00026019440302793573,0.00016812683459632716,0.00039874603163325695,0.0003076199349588693,0.00020991000363668189
0.0,0.5,0.11113257175871127,0.08522011302558552,0.07176334333010104,0.1102589528468424,0.08453161085443306,0.0710853783775297
0.75,0.5,0.0033792016461828833,0.003165544468706538,0.0022926549236694793,0.0033425450687973868,0.003126853521450146,0.0022472680923704136
0.75,1.0,0.05142219884379606,0.03583121044155635,0.027357012594632857,0.047680289312480584,0.03317696191620256,0.025254680339533153
0.75,0.0,0.00577579149436902,0.004093710817884677,0.0023693306164489503,0.004704921466003098,0.0033779591490574745,0.0019462526133962044
0.0,0.25,0.6916984059999567,0.5110706111152439,0.34225758771369397,0.6903875402903157,0.5090762740380663,0.339772124271305
0.5,0.5,0.7908708456814424,0.7131980004813877,0.6271460814054921,0.7786360890569085,0.7002050009994466,0.6129582343569836
0.0,0.75,0.6719392643768638,0.5489027111573708,0.42869505705451927,0.66144525619141,0.5372684103850098,0.41630808167822175
0.5,1.0,0.001537165505896887,0.0010074537508295567,0.0007246775421303475,0.0016021333485900513,0.0010454664500361144,0.0007483295327506134
0.25,1.0,0.5930477244111078,0.5282367378596593,0.4612318144667227,0.5275020549123467,0.46943788507518236,0.4080550852961734
1.0,0.0,0.0005282909872708075,0.00043049698299257866,0.0003639091866945998,0.000517054848610865,0.000420571042904494,0.00035367950890641264
0.75,0.25,0.02423984460480222,0.0205786855257033,0.01723442323786062,0.02404416117986896,0.020481374879620207,0.01723623171879185
0.0,1.0,0.8560232589313788,0.7556605090657607,0.6213115286684792,0.8474830289081742,0.7454689549003441,0.6103733993288066
0.25,0.25,0.9273940532617455,0.8835365473703172,0.8123889627910289,0.9313120255102587,0.889019859735207,0.8204153900318936
1.0,1.0,0.00027064380969443746,0.0002405391171161897,0.00019233976536170427,0.00022036836247152358,0.00019633431814236602,0.00015519117018925055
1.0,0.5,0.025021527877663208,0.023892979813665116,0.022484098575713762,0.024283012854671826,0.022974175197396973,0.021367194233763764
0.5,0.75,0.1293818925978647,0.10037802426342735,0.0786030494418295,0.12847975304161885,0.09954858078930351,0.07779850597561566
0.75,0.75,0.022629828379785222,0.016345837044862144,0.011545987139935265,0.022933277166854227,0.016587852631582356,0.011724665324108874
0.25,0.0,0.38006595309232494,0.30450067571012185,0.23319209434864963,0.4607639267771574,0.37921708960643996,0.30086710883434875
0.0,0.0,0.13453645191471275,0.1121141019703723,0.0991073573964657,0.13441375338006345,0.11196045844117852,0.09884094550375888
0.75,0.5,9.405302310239172e-05,7.064790564814682e-05,3.787340768768299e-05,7.184498873558098e-05,5.389506160291546e-05,2.826763064522897e-05
1.0,0.75,0.04072728071105047,0.028613841793192485,0.01902594689799253,0.042230720174941894,0.02946146709431874,0.019598369679516003
0.75,1.0,0.004576787160304074,0.0036421823729970715,0.003288509450715571,0.004415312158782769,0.0034529163105974092,0.003086028914078387
0.5,0.0,0.6228720412174671,0.49501584395515563,0.36915395306310195,0.6328489506552857,0.5060150148272022,0.38157360658975104
1.0,0.25,0.0006247189725255842,0.00035879501734004116,0.00036143562041035526,0.0005811970418578838,0.00033539253913206224,0.00033788206127294274
0.75,0.0,0.06425640077527761,0.04381392133240902,0.03307592698182227,0.0726613843391638,0.04954085978434675,0.03755554509536463
0.0,0.5,0.7822931748215562,0.6890143169689481,0.6160049588515364,0.7780687028843752,0.6843712496396691,0.6111599579057725
0.0,0.75,0.8998086623291406,0.8150893872420728,0.7400697842096897,0.8998644199305422,0.8129989036679103,0.7357231429801032
0.0,0.25,0.8158571165432542,0.7452529629773172,0.6711150951100284,0.8051020284445825,0.7347499521174864,0.6616155736965235
0.75,0.25,0.007176610974713338,0.00553911023362641,0.004720952914953447,0.007024139331383461,0.005433527085393353,0.004644731106557054
0.25,0.75,0.2116198644073417,0.16783617331563416,0.11446289876240268,0.23105544886144613,0.18419344960341677,0.12717416651525704
1.0,0.5,0.11006372729447955,0.08924529049406349,0.06849016682811027,0.1079726678850319,0.08743217081825694,0.06698414112393625
0.0,1.0,0.7515692192447008,0.6427510767860024,0.4965449335104688,0.7617792414553446,0.6614149579883656,0.5269138848473393
1.0,0.0,7.453669850887579e-06,8.903413516447856e-06,9.571899550087082e-06,8.360760781478405e-06,9.816820456753916e-06,1.0306010914673536e-05
0.5,0.5,0.010241232942441059,0.0078065054503689835,0.006204210818144595,0.011620934248783299,0.008899291574551382,0.007178402822275443
0.75,0.75,3.919514713690564e-05,3.124794306330614e-05,2.4289676609390298e-05,3.1165973491287247e-05,2.5176172723240242e-05,1.976459049646273e-05
0.5,1.0,2.4387080984844545e-05,2.4021620318448456e-05,2.4943895420959095e-05,2.3805007889232677e-05,2.3474953757429695e-05,2.4249915764440466e-05
0.25,0.25,0.7732471923541184,0.687937699685684,0.6015265945088046,0.77198261913323,0.6868971058402571,0.6004824731821762
0.0,0.0,0.5215788677527866,0.4232145920639927,0.36530182709964554,0.5098043862512838,0.41290830872383366,0.3553200127343106
0.25,0.0,0.14633816838999525,0.12292090035885661,0.09908368693501912,0.13516845336418548,0.11321236638259013,0.0906691197125925
0.75,0.5,0.003972962606045183,0.0024126886424150618,0.0016289877309244583,0.003740801152052109,0.0022099651715868918,0.001426162860161062
0.5,0.75,0.19060097187861258,0.1320614839030383,0.0895847566951411,0.21976103349925769,0.15603207297264088,0.10888766131983107
0.25,1.0,0.03324825238583662,0.022850551399158925,0.017642709040376015,0.037975030156817025,0.025665203658167823,0.01951949025949684
1.0,1.0,0.005213782852452664,0.003394709896227255,0.002517859679276202,0.005106530571368673,0.003321555322784331,0.002461000900897403
0.75,1.0,0.0001303672049364213,0.0001103935258499611,9.289335979079105e-05,0.00013258481816191825,0.00011215768662897752,9.392629543070186e-05
0.25,0.5,2.555658066982769e-05,2.9833412440671836e-05,3.454686994075473e-05,2.219462054886545e-05,2.5741302469906024e-05,2.913057520936846e-05
0.5,0.25,0.579121774974808,0.4877798481216291,0.4203544085961861,0.5756035039559451,0.48438542901880977,0.4167953527704359
1.0,0.75,4.760179439877721e-05,4.4673234285586005e-05,3.794097491172099e-05,4.741269335928333e-05,4.4499488930149766e-05,3.7697664726721314e-05
0.75,0.0,0.06585944134618582,0.05129392079453077,0.03981864767885246,0.07032974265392455,0.055081684638839334,0.04316745844938186
1.0,0.5,0.008115720888518974,0.006127553631084304,0.005305508759938959,0.0071380380823433676,0.005382622792498681,0.004632682123525189
0.75,0.25,0.01972392402292078,0.012680333523165666,0.00744271084834025,0.01982747222097503,0.012583504655497624,0.0072410598791240455
1.0,0.25,0.0009422994124984596,0.0006237923398937362,0.00046079749270622195,0.001592244301248602,0.0010531385870680143,0.0007928314571309381
0.0,0.75,0.48051813102987984,0.4308388449257947,0.4027118930473036,0.48135200988097226,0.43417608241445516,0.40823207831868924
0.0,0.5,0.660304780898413,0.5490990203979034,0.43986574412259805,0.6541780258428174,0.5460442595706961,0.44002558302479744
0.0,0.25,0.1829061785847027,0.11934284158792596,0.07978630651341634,0.18303082792879688,0.11897153502945934,0.07911149056425681
0.75,0.75,0.00033314954518481876,0.0003289311701989428,0.00029602348515200827,0.0003321028226989098,0.00032656265096298043,0.00029231614439917397
1.0,0.0,0.1390436746434066,0.10604328622369019,0.083685553754414,0.14323087667512868,0.10944932130039164,0.08655705963416493
0.25,0.25,0.02845018128621246,0.023068547083291202,0.020636351367725903,0.032198039543636536,0.02632733066184656,0.02382568170468702
0.0,1.0,0.9015009608910441,0.7869521638378008,0.6631899782207988,0.8904454641666701,0.7664996513906527,0.6333605622850919
0.0,0.0,0.5104041192072931,0.4125328226701056,0.33741125502917724,0.4997628021947158,0.4047551052246289,0.3320713416206299
0.75,0.5,0.016879024940953058,0.012166190344831795,0.009955690661773486,0.01713963813223518,0.012213310352978679,0.009809764589651548
0.5,0.75,0.08478962216704788,0.07591364947227941,0.06981963685639336,0.07721307974410141,0.0687532435113638,0.06266226497136351
0.5,1.0,0.006220638175836513,0.005386766986777425,0.005498939869755803,0.005008385299805629,0.004265754318265924,0.004212079901024346
0.5,0.5,0.7467358071613038,0.6213255284028993,0.4622342025492714,0.7442862284363743,0.6186037162935286,0.45902068955862985
0.25,0.0,0.03402172704377804,0.025264162486571706,0.020596590773708456,0.033875637268002246,0.02513142704007243,0.020446355510123748
0.75,1.0,0.001327907639798398,0.0009371441364228739,0.0006375461261960425,0.0014623376406240896,0.0010166377104376956,0.0006874959973950379
1.0,0.5,0.015606295680637317,0.009964406757710043,0.00774904386565145,0.01597338260661063,0.01019590574178697,0.00794428312149309
0.25,0.75,0.3704254018890707,0.32232866565172547,0.2792516244009742,0.39898664611309287,0.3508642170758709,0.3111353925430276
0.75,0.75,0.016166511053243293,0.010349324190258802,0.007282644563024521,0.01505459467870729,0.009715414396411548,0.006783213038408897
0.75,0.25,0.01072601389879746,0.008090251874411925,0.005160534786513571,0.010436650941972991,0.007839511857197334,0.0049826724227001185
1.0,1.0,9.967839473046247e-06,5.507987535624537e-06,4.958331940585481e-06,9.398221976431032e-06,5.169675345584324e-06,4.617542055163071e-06
0.0,0.25,0.3872575056959141,0.3185033866480542,0.27235360118603213,0.36235493122484275,0.2970119613725781,0.25206418254887053
0.75,0.0,0.0025210846203169712,0.0013018023331107242,0.000633944021789068,0.0019680304304154905,0.001003969324734455,0.0004732618445799641
1.0,0.25,0.0020609826024957645,0.0017341353018073269,0.0016017688423085596,0.002022380304305349,0.0017006955463632067,0.0015676034787366344
0.0,0.75,0.9333911152993195,0.8638703565422763,0.784200078753243,0.9326948278246027,0.8630309505979171,0.7834991926388517
0.5,0.0,0.0035297425669365,0.0021350969808509035,0.0013009739121864206,0.00386187187166509,0.002310120810054328,0.0014045484996447755
1.0,0.0,0.0010295171342362686,0.0007338480814365056,0.0005329484038406607,0.0009031105686632124,0.0006446249623690559,0.0004642977400923787
1.0,0.75,0.047345646505453365,0.030551685462206768,0.019829708693602788,0.04741005828541667,0.031107015419288953,0.02066238307566215
0.25,1.0,9.619505384095284e-05,9.644999212721217e-05,8.712194228266412e-05,0.00012433848819037863,0.00012456935456228724,0.00011305118710969175
0.25,0.25,0.014906638688412799,0.011225481890489997,0.009238155519235125,0.015681475004396206,0.01177096852853221,0.009651449428990322
0.0,1.0,0.690125739504241,0.6158309828128298,0.5260667486133646,0.687416392579885,0.6108751153604061,0.5187373053435583
0.0,0.5,0.07541550110264095,0.05116030920844428,0.034238476504058424,0.08776737190889539,0.060522346490198164,0.04183582760672555
0.0,0.0,0.7071178683647472,0.6071511583144045,0.5175963875798966,0.7174506516016597,0.6181129293384977,0.5280769626459718
0.5,1.0,0.06767177401751912,0.04811515171890135,0.04327119202486973,0.06722079300079442,0.04773952410462701,0.04285222165030078
0.75,0.5,0.0011852061541537395,0.0006244730010050992,0.000591217631048524,0.002171406788689434,0.0012208459637413904,0.0012160130320194584
1.0,0.5,0.013463702464238114,0.009425689556850081,0.006654155730422939,0.015394913932729737,0.010794861160180802,0.007676331263845815
0.5,0.75,0.01721156719178274,0.012300635239880009,0.008869150881520849,0.016951092728550998,0.011730124812973086,0.008105234425720642
0.25,0.0,0.6693449084125276,0.5126602989502487,0.39650452423897853,0.656067603290867,0.49864898822099823,0.3825693238830572
0.75,0.75,0.00023888814066652664,0.00018236491079137718,0.0001747814423818106,0.00022805903765232838,0.00017386507376926374,0.00016608789194316742
0.5,0.5,0.0477777591192079,0.04013680910372741,0.038512300216656414,0.04891691618464544,0.04116957729698867,0.03969736202974716
0.75,1.0,0.01595305473615416,0.01139415758439477,0.009416668878546863,0.015135949453260356,0.01079685293549737,0.008867221777432488
0.75,0.25,0.008703568475812329,0.006772700858572067,0.005614310745766016,0.008431828616024317,0.006551768858434226,0.005406953915247925
0.25,0.5,0.2856726584896436,0.21456489154320102,0.15895635766750504,0.2885971695487143,0.21645827794374184,0.1600296977806307
0.0,0.25,0.48792186634685597,0.4034988367606078,0.31934896979014615,0.46219037575691824,0.37995349342014906,0.2977014629476523
0.5,0.25,0.03340442764025975,0.024602749674789037,0.018935756487667876,0.032899253530386474,0.024209012401739227,0.01858737332297644
1.0,0.5,8.592756371195165e-05,4.75333911660325e-05,3.639212280093229e-05,0.00014326227405547787,7.867670606231947e-05,6.0720088961963015e-05
1.0,0.0,6.679996193970084e-06,6.237524557195506e-06,5.396420377556943e-06,6.597896148097249e-06,6.162850744839687e-06,5.3144208277400296e-06
0.75,0.0,0.003931603714575571,0.003583510203984508,0.0035225986440662327,0.00419830479797445,0.003809413189875599,0.0037450742928253344
0.0,0.75,0.09171124350168625,0.08304594661985654,0.06982999005904733,0.09228845736550828,0.08390378968057655,0.07074951701496568
0.25,0.75,0.00020989123630343887,0.00016070801694001435,0.00014730383974925765,0.00026847537251395437,0.00020393473604873869,0.0001859198112332816
1.0,1.0,4.5222390443466765e-06,3.6788639284912605e-06,2.7855118126529632e-06,4.3986640794191345e-06,3.5665517927885304e-06,2.6785396791684235e-06
1.0,0.25,0.00022867024993256102,0.00014809675697691205,7.270111557211578e-05,0.00018076991224957872,0.00011789607049006445,5.57342721668741e-05
0.0,0.0,0.3629410444485789,0.3026467723331182,0.24108525222162425,0.3547815780279132,0.29547781211574053,0.23391144595630897
0.75,0.5,0.0010759620798834746,0.0006869561474451835,0.0005359931988839772,0.00107948618962328,0.0006989723925486802,0.0005543297021275428
0.25,0.25,0.015695033277647985,0.014892476802532917,0.012889829959382038,0.01640676603834379,0.015512060424191843,0.013368261073197107
0.5,1.0,0.008150295757361481,0.006494206292049776,0.005437207315538983,0.007887550157028134,0.006311446342173399,0.005319800054151114
0.0,1.0,0.5002922223471997,0.41766192353303,0.36126387251021175,0.5013400350367443,0.41827957424691087,0.36130240527512614
0.75,0.75,0.007572338590715599,0.005516027575909188,0.0042324198476276775,0.008443363198476384,0.006220528318788832,0.004935656484876372
1.0,0.75,0.07363157197332637,0.05354765662451211,0.03670884985194145,0.06477822258115462,0.04671871378463255,0.03159905819802944
0.25,1.0,0.0908760129997862,0.06724828538230088,0.052384560268883384,0.08050610190776752,0.05920157036461837,0.045707763535695056
0.75,0.25,0.013058618492738483,0.007757964964739905,0.006359954140331303,0.01318774251375221,0.007807534775014169,0.006372188218995767
0.25,0.0,0.03272952285055686,0.024740541509292058,0.021652375102915733,0.032634820380264995,0.024402845444927213,0.021102070182744903
0.5,0.75,0.010766140913018418,0.011065565388361343,0.008968939887386673,0.010477141591623051,0.01079463759225674,0.008727185011106142
0.75,1.0,0.19781684818947842,0.15377709732122669,0.14279159728971802,0.1957842032085958,0.15210455826177727,0.14110152341449678
0.0,0.5,0.09540171596245517,0.07795633528830104,0.060130964281656096,0.09394505822649424,0.07625420967684904,0.05797253549441239
1.0,0.5,8.935651711894366e-06,5.844520551079313e-06,3.558383329105297e-06,8.536927842195396e-06,5.5815588707597286e-06,3.3716128041705318e-06
0.5,0.5,0.0068175997353894235,0.004578434520159269,0.003647005682718696,0.0066246937291056796,0.004453213346464535,0.0035441226263479564
1.0,0.0,0.054768750622243734,0.047305338998380186,0.04276958321568858,0.05656915012645791,0.04874190735748318,0.043893088078154396
0.0,0.75,0.2286121571665236,0.1671378331388993,0.133785091459113,0.2273039161968642,0.1659012535928599,0.13285346134240061
0.0,0.25,0.3178847874067393,0.2544583927847882,0.23757352682042732,0.32727523925247604,0.2617634845498422,0.2439455017384311
0.75,0.5,0.08590905552415884,0.05654049931465277,0.03626701950664879,0.08634048578146492,0.057139480913594665,0.036761179560519164
0.75,0.0,0.005469530510730625,0.004563575302847678,0.0038524797438734826,0.005319893421729116,0.004448369281424003,0.00375784097157128
0.0,0.0,0.8875292046946648,0.8173418369943304,0.7454238898715665,0.8943390708687973,0.8251374700128509,0.7532181384287338
0.75,0.75,0.00017636480311011837,0.00014507257093265835,0.00014350573752053286,0.00016300925921042264,0.00013424045217713676,0.00013211984455796522
0.25,0.25,0.116056362639538,0.08249108878744782,0.06305816257465613,0.11936361811585194,0.084586616829056,0.06453612555258703
1.0,0.25,0.017485265444045828,0.013499646825604894,0.009623912776214105,0.01621306908178366,0.0125038703704623,0.008891755723908545
0.75,0.25,0.0012496481768387024,0.0011621259527531125,0.0010840559058801214,0.0010236544038881856,0.0009492610591231854,0.0008709943994260616
0.0,1.0,0.5090977199906863,0.4329223798599664,0.3614846646833614,0.5122530306380759,0.43564020880929477,0.3636351219573085
1.0,0.5,0.004926317316360063,0.003346836222441474,0.002159251340832946,0.0048083723493485,0.003280761000919896,0.002116244171999737
0.5,1.0,0.018517613824320045,0.014518768789543168,0.012255317520422304,0.018277080028597736,0.01432187837702692,0.012062276761939605
1.0,1.0,0.007442727223530565,0.0053919709251306625,0.0036534834332171418,0.006868522021466261,0.0050370507443804335,0.0033714494722338895
0.5,0.0,0.0008747382863339981,0.0005673334516860251,0.0004682756890816986,0.0007564490060334439,0.0004923495789199706,0.00040679979023572344
1.0,0.75,0.09203947002503499,0.07587437813401687,0.057665326535640715,0.08955681887998357,0.07363831089494766,0.05567852585232658
0.5,0.75,0.05361739851161951,0.03242473525532563,0.024470431199456133,0.045954896380020704,0.027431239070937696,0.020428337355384185
0.25,0.5,0.006461718558647966,0.003886165947923126,0.003022935569471308,0.0059748332972136,0.0035667309325184693,0.0027412421317375424
0.75,1.0,0.04038815606648838,0.025189586600004366,0.01695420409931936,0.040381009634754106,0.025155728821377732,0.016893764961532387
0.25,0.0,0.47847668309869373,0.4085679424659293,0.3399354244064121,0.4918821856531328,0.42150549220593436,0.35133072206157745
1.0,0.0,0.03951559933702198,0.027156167557931044,0.01685572020231274,0.04384743556824344,0.03034992754283672,0.019063746651481583
0.25,0.75,0.029867182559353722,0.02035295594554465,0.016492161320261767,0.02968940511216467,0.02021656528003657,0.01634751454481953
0.0,0.5,0.6078163643933888,0.48417316840906566,0.37595610044546557,0.6104339737238684,0.4850183203023041,0.37493445303480955
0.75,0.5,0.010259530965298636,0.006455700294688116,0.004546669674335924,0.010809861953450683,0.006684780476280294,0.004642854111236772
0.0,0.75,0.9759744977318936,0.926849765792668,0.8536133018780531,0.9735006804972691,0.9210491530027831,0.8447909216559373
0.0,0.25,0.6001329253912271,0.4718432144526674,0.3702546961478572,0.6385661520689714,0.5079826557152206,0.4040003128892796
0.75,0.25,0.0007515425214505989,0.0004888718988791396,0.00036362380379317827,0.0007669145966036073,0.000497781769071004,0.0003688723108488112
0.5,0.5,0.004653261281718057,0.0038192410693266288,0.00318838116618525,0.0039636653175854075,0.0032198574884964026,0.002689200278410242
0.25,1.0,0.08666327169554977,0.060481555262362985,0.040555166495030104,0.08874861340134022,0.061955531457946744,0.041609754569411184
0.75,0.75,0.012624948754627496,0.008455381347601154,0.006050423388643811,0.012458739986817458,0.008337895219253877,0.005952791247569422
1.0,0.5,0.0047627004611440205,0.004453856905932252,0.004109288653654453,0.004856998222050546,0.004542928552436543,0.004189346096659441
0.25,0.25,0.46791017256867995,0.39893714013955484,0.34650663849705166,0.4646162580194839,0.39555202333919137,0.34300132066558997
0.75,0.0,0.12566687574780633,0.0976862912229578,0.07715190977873965,0.11661079613243275,0.0900840291992493,0.07025952301079441
1.0,0.25,0.05164928949733549,0.043756281283807374,0.03810219747969923,0.05187728623082044,0.04393933876104683,0.03822663871289378
0.0,0.0,0.8431976692174821,0.7410075930832494,0.654520512654253,0.8528614253942227,0.7548295428386769,0.6719521672738056
0.5,0.25,0.005537498721957634,0.004684772638263168,0.003714689733872678,0.0041442822250213895,0.0035392411739789686,0.00276054789743041
0.0,1.0,0.6853857594262407,0.6463134766802512,0.6053686545529071,0.6825010309524501,0.6430272778081434,0.6018409327768528
1.0,0.0,0.007811556854808055,0.005828355852817602,0.004007405305508249,0.006396110279687339,0.004619471041843903,0.0030439400955003526
0.75,1.0,0.0003369080698949478,0.0002261042236895161,0.00019234661853739787,0.0002714005481625481,0.00018191769430320193,0.00015393045158318408
0.5,1.0,0.0003128871207589423,0.0001689636279627038,0.00011622824097567985,0.00043630162364416414,0.00023622642358667179,0.0001685017644486031
1.0,0.75,0.001192755096442455,0.0008414853334630656,0.0005951504963548349,0.0017412291330920482,0.0012440825599415728,0.0009122105067566055
0.5,0.75,0.024220459257715432,0.015512007577827891,0.008832952812503514,0.023682965506335973,0.015119146008481077,0.008528960528100926
0.25,0.0,0.8125265808501873,0.7287262811202493,0.6578891081842475,0.8124707073628611,0.7284771563655755,0.6573580591535343
1.0,1.0,0.07593683295693365,0.05877978852239685,0.04850862414606838,0.061357146530680584,0.04717994287774041,0.03831128934902028
0.75,0.75,0.007830460506926595,0.006825767535192151,0.004829950068247824,0.008142163241021683,0.007089988097511601,0.005013631992764167
0.75,0.5,0.031137123168148872,0.017291237177608387,0.009369870093842714,0.03012298354914056,0.01667662062417341,0.008931071541644409
0.0,0.25,0.40709962167896097,0.33478424148022323,0.25307030356453086,0.4433291291925935,0.3623191411496568,0.2725753369512549
0.0,0.75,0.2979872799962676,0.2498262373429061,0.20329724125989324,0.2839606197637212,0.2385093866422956,0.19327186610718206
1.0,0.5,0.001093775086893789,0.0006533512029065491,0.0003487200124835388,0.0010220044586262134,0.0006139916467897688,0.00032801435909979304
0.75,0.25,0.003523985337143154,0.0024170904096922907,0.0013084109824668122,0.003458567477155894,0.0024015260553624795,0.0013355927723690542
0.0,0.5,0.1672623822671282,0.13581715468662103,0.1159874513346274,0.1675902111871841,0.13604948168619324,0.11598560877354558
1.0,0.25,0.0013912136813432063,0.0010132769407051878,0.0006874290423413143,0.0017537527865824076,0.001293178978842624,0.000896232673199493
0.25,0.25,0.010459634077721436,0.007544852365795385,0.005764900070394541,0.009995388214942502,0.007206718845560789,0.005485333286464056
0.75,0.0,0.11882106150240745,0.107719866070356,0.09836126489372643,0.11668809516933942,0.10569116280214219,0.09627017812253535
0.25,0.5,0.9028894291824765,0.7753348982606482,0.597666572905699,0.9027008503281743,0.7750354917876271,0.5970926443670325
0.0,0.0,0.012305888002507759,0.010646369438763181,0.008148194093973604,0.0170520627712325,0.014756571645509364,0.011454464687884025
0.5,0.5,0.0016053233719830473,0.0011395563371374706,0.0008413775514921618,0.0011625745652531494,0.0008210944804802889,0.0005886068729915594
0.25,0.75,0.4894850630714276,0.3804551717488065,0.29806385394135526,0.4858981538012792,0.378364647914607,0.2967292231735237
0.0,1.0,0.029910437018330516,0.018366104732697175,0.009547026475358988,0.029412374676031305,0.01805541055453408,0.00937014313353779
0.75,1.0,0.007249411193256061,0.005750848807220432,0.005471300927921252,0.007140852537359965,0.005659581596878072,0.005372537219414442
1.0,0.0,0.001507400333813469,0.0012547872570849439,0.0011706627351564247,0.0013408902214415708,0.001115176108299254,0.0010303666694745361
0.5,1.0,0.00774730171907545,0.006219758926733432,0.006514571506578637,0.007427838932570596,0.005964868921072064,0.006217304307197136
0.5,0.75,0.01817316448548778,0.013569469070405904,0.013132329197943937,0.01824247711890481,0.013602040990566389,0.013120297982621487
0.25,1.0,0.27900432947487175,0.22149350021305914,0.1772123324111985,0.2766883048391996,0.21965370804325746,0.17543627678954288
0.25,0.0,0.6203151879210783,0.536378137728349,0.48680297042038834,0.6306652519393412,0.5438072816200257,0.49300524462907325
1.0,0.5,0.010728362312982798,0.008906100266744543,0.00841977008413708,0.009224985458853308,0.007634758624636029,0.007184951322134925
0.75,0.5,0.041814190327937206,0.034004377311548484,0.025996394018652946,0.04198793800910472,0.03402512365736299,0.025976990628192365
0.5,0.0,0.12220709056472612,0.09719475756359497,0.08710222227200926,0.1334495228713679,0.10612070063928625,0.09462614080257536
0.75,0.75,0.0015595851801931682,0.0015490711363141951,0.0012084681578043988,0.0010814202507217763,0.001100789396395352,0.0008517439856677855
1.0,0.75,0.00020739915725731528,0.00014926615010335542,0.00010878722933072016,0.0001934210376371981,0.00013974418127382648,0.0001031688820040122
1.0,1.0,0.0003182073570886512,0.0002489544199100191,0.00022081500423631883,0.00040593189320436984,0.0003175095804137662,0.0002844677654980643
0.75,0.25,0.006414597593929372,0.005136773178666676,0.004635921106392327,0.007038506626513286,0.005715252262105341,0.005101555921918299
0.0,0.25,0.24755667403740456,0.1855885456874058,0.14048363910963402,0.2632090643577819,0.19788770901211172,0.15060510363078927
0.0,0.75,0.11462568712788945,0.0870271475165112,0.06893907563755697,0.09265385752901345,0.07017266047131576,0.054903625290948166
1.0,0.25,0.02110019509431149,0.017418940058374632,0.012407065041572407,0.020560296517860843,0.01688740812688949,0.011907092070322811
0.25,0.25,0.30484795551412436,0.2706333859615446,0.2254044722425549,0.2993163266428416,0.2646044017971275,0.21683848614497436
0.0,0.0,0.09138888739941176,0.06429315475743125,0.0504424184673955,0.08922478836559233,0.06262603675109846,0.04897502747726268
0.0,0.5,0.6342725074930238,0.4968157095969753,0.36945766306445393,0.6459627632091994,0.5095352995771616,0.3812666650337433
0.75,0.0,0.10122457805269636,0.06389561237928476,0.0449864604479393,0.09536505275666718,0.05982416522376921,0.042034409145512375
1.0,0.0,0.011663003228282953,0.007024954515376214,0.004266289812538515,0.011686490113168357,0.007037127987413516,0.004258282657190637
0.0,1.0,0.6500975975030667,0.5414658214578747,0.417312718120068,0.6474853314566353,0.5380342796415858,0.4128953285842637
0.75,1.0,0.20902481094353687,0.14519759331159054,0.10153447161719042,0.20204244541336402,0.14280003645267203,0.10111561044522477
0.5,0.5,0.22346730203195642,0.15701177113132958,0.1332426279162301,0.23654261665473553,0.16830880141261206,0.14508253303240437
1.0,0.5,0.0006224055646971705,0.0004590763346061788,0.0003271996137853561,0.0005986955508279213,0.0004417154107217991,0.0003146311514721223
0.5,1.0,0.009345473438903684,0.008744640446593843,0.009235581201582743,0.008674316083394973,0.008089620993586233,0.008487340804807175
0.75,0.75,0.03556350084990001,0.02835818245177646,0.02375983942936044,0.0335480827939616,0.02670089989686908,0.022201642473144267
0.75,0.5,0.03334082806565908,0.022145731173373817,0.01228052105414612,0.0330434737010632,0.02191722322145384,0.012103609172123053
0.25,0.75,0.1296451476858912,0.10714100227704182,0.09106327696494743,0.12666191829302065,0.10438419092105355,0.08814114223498648
0.25,0.0,0.5057936856931653,0.4494070399083179,0.3686156475065121,0.4994823303264786,0.4439738808688074,0.3639389531486854
0.5,0.75,0.04518727712448389,0.028989122879433893,0.019601400486323528,0.04516447761434095,0.028970544221083028,0.019594604587766296
0.75,0.25,0.15528472732749843,0.11975516838220113,0.09041504548219748,0.15215316691133518,0.11754554767526781,0.0889721731977754
0.0,0.75,0.2925065904136426,0.2588563652649104,0.22410852247302837,0.30893835534698333,0.27327497166849446,0.237121679894284
0.5,0.25,0.08919021838604135,0.09044492913719915,0.07944967676964043,0.08442804333175258,0.08527717352632058,0.07422841430086802
1.0,1.0,2.736834098682195e-06,2.12857923398424e-06,1.7950430918345361e-06,5.189194695942589e-06,3.948486425708886e-06,3.314519325892107e-06
0.0,0.25,0.19135125247402862,0.16866780191360142,0.1385421456142173,0.1938693896500201,0.17124030048089556,0.14092425142349319
1.0,0.25,0.0017546516884971997,0.0015626092305509598,0.0016309483872078978,0.0016592280423906036,0.0014804461740614006,0.001547814143251891
0.25,0.5,0.9290147411669147,0.8595705939810632,0.7563934703654578,0.9129746941243768,0.835053292197179,0.72326295980699
0.25,1.0,0.30985471870977754,0.2430557729380588,0.2018917439171316,0.32407788189683173,0.2562558202193417,0.21602582258501002
1.0,0.75,0.0007812634121797668,0.0005877640420940411,0.0006111322437016842,0.0011251358841135595,0.0008281667712128904,0.000847479856331268
1.0,0.5,0.00024774453690201703,0.00021949348810834657,0.00022314036099313483,0.00024289564055957058,0.00021498258017671468,0.0002178745064796983
0.75,0.0,0.002965217521312402,0.0026544859355368544,0.0025250655794230026,0.0031096588226386945,0.002786850712224953,0.002650567131955217
0.25,0.25,0.4754221958603704,0.4062876038770522,0.34280586140585323,0.4676522764159696,0.3993431852083652,0.33642782832792906
1.0,0.0,0.0008385121342148194,0.0007517767244606954,0.0008497425292063321,0.0010339166272915756,0.0009258144257695555,0.0010495026204003777
0.0,0.0,0.7615264405872325,0.6415230205818505,0.5087688846404212,0.757307012873204,0.6366620792638568,0.5036755202635437
0.75,1.0,0.0025461915408222513,0.0022522972940800523,0.002125038541500812,0.0026117292148271076,0.00231809951577866,0.002189508355304959
0.0,1.0,0.1763602795038861,0.12366773096742278,0.08319318088592631,0.1815186036346632,0.1271644562231723,0.08529508404799946
0.5,0.5,0.011042492422483452,0.009215796539626342,0.009020026149244131,0.010266267640765436,0.008557286474388137,0.008371675217188956
0.5,1.0,0.027793244287260932,0.022210370441109406,0.016198750233864967,0.02830019061217759,0.022789876537766873,0.016794919983650458
0.75,0.75,0.07266904298284904,0.05571600622721706,0.04051038499901782,0.06959217406943718,0.05329303267851837,0.03889355805438499
0.0,0.5,0.931797799195837,0.867324403044252,0.7780326875749131,0.929039754992554,0.8627821640854072,0.772088657480831
0.75,0.5,0.05458563979040898,0.03639001795184138,0.028533470566977748,0.05529066102915481,0.0369065932641216,0.028966696575766226
0.5,0.75,0.09846656290889422,0.07613502509449699,0.06373343406566212,0.09833808973273406,0.07572090000726217,0.06312936360150423
0.0,0.75,0.07150639307064643,0.05283539043839325,0.03665177214136062,0.06974441673871201,0.05123443507124581,0.035178137306199786
0.75,0.25,0.2087893485443134,0.16615328244387595,0.13604952926454494,0.21166582193957884,0.16875981561217168,0.138916552656829
0.25,0.0,0.3593744518941374,0.2376391703382108,0.14151857177257832,0.37995513815669635,0.2576578479013756,0.15944117141064373
1.0,0.25,0.019476657961705612,0.012630094401291814,0.009813065574162505,0.018725757078706162,0.012106920019641976,0.009365675948981633
1.0,0.5,0.001030827203666096,0.0008163099084566028,0.0007248453764405749,0.0010336761144087436,0.0008176256801102344,0.0007267587591065494
0.0,0.25,0.8018289094496919,0.7261400205437657,0.6377982512167563,0.7726156418338366,0.6948396991766331,0.6037694268298469
0.25,0.25,0.005395801664872524,0.003668403989726343,0.003489515612247085,0.005311394102598621,0.0036184447513434304,0.0034528411990286667
0.75,1.0,0.0003867180599204101,0.00023788516427547535,0.00018300361860446035,0.00026157557033357204,0.00016068533464741463,0.00012013364584939623
0.5,0.0,0.00796645737015167,0.005353290354605189,0.0037454047100395904,0.007731877048546609,0.005195852788651867,0.00364973733597429
1.0,1.0,1.3790677639735627e-05,1.2383654380054843e-05,1.1584214053228514e-05,1.4037416266377e-05,1.2594785631536709e-05,1.172497896684277e-05
0.25,0.75,0.0014674899738760239,0.001255320978084562,0.0012749555597159068,0.0014535184648862831,0.0012428028978057615,0.0012601774490041961
0.75,0.0,0.00635359852306705,0.005359783084488479,0.004119828806208536,0.006021950247323549,0.005023523295527577,0.0037782431726445243
1.0,0.0,0.012585803528348705,0.00889311100501633,0.008488598258681979,0.013496569166972727,0.009472795327182593,0.009018509236875194
0.75,0.75,0.13901064554803444,0.1229898113571094,0.09800632305707713,0.1288409103325453,0.11410756976977565,0.09179838728288026
0.75,0.5,0.3739049765733403,0.2753328684181322,0.20668721768432452,0.37300338271299727,0.27465069385865715,0.20623625807326895
0.0,0.0,0.043134804646191016,0.02617670931446503,0.0169889023034282,0.04223142307937644,0.025578886214273622,0.0165446413951309
0.0,1.0,0.24032587515916237,0.19299927582060084,0.14077109037616964,0.23514747003094327,0.18981795301743554,0.13908327305748047
1.0,0.75,0.003968153293950616,0.003001404592615553,0.0025294960434287805,0.0034263494742114986,0.0026436725853187237,0.002300348498739835
0.5,1.0,0.20845894544091004,0.14232201708760317,0.09584746067652272,0.21205342704028995,0.14354658587792368,0.09539819252552217
1.0,0.5,0.0025137016795129252,0.0017675695481751408,0.0013463191233625826,0.002511503553372263,0.0017745366334139812,0.0013624025459048061
0.75,0.25,0.010835775213279941,0.008235900490434434,0.007908080131563522,0.01000333791305108,0.007552687726109175,0.00715959892859197
0.5,0.5,0.6828165940055432,0.5395390541262646,0.36372252948205086,0.665168706493033,0.518396243417304,0.3411498158351782
0.25,1.0,0.7195613578338059,0.5627955428450895,0.3988629717617873,0.7134686311249911,0.5558439459973858,0.39092868786611534
0.0,0.75,0.06915602900183193,0.05429063283566615,0.042035818863384145,0.07966892747386523,0.0626893086148751,0.04910965861239214
0.5,0.75,0.021219322872037982,0.013678355450550184,0.0061917569043272724,0.019643801511390557,0.01250671827345462,0.0055534041921022625
0.0,0.5,0.5357850740853836,0.49571372473614317,0.43182986242415766,0.5438893931514446,0.5021396647889043,0.43804735252437565
0.25,0.0,0.04015837164445413,0.03143962799454081,0.025855593461931448,0.037962972638262094,0.029590892505921396,0.024157105436205195
0.25,0.5,0.6523832583471643,0.5516807889443094,0.49069384446989106,0.652632537207713,0.5516092113686186,0.4901583673139238
1.0,0.25,0.023876496758023613,0.019424132853824605,0.012453708975636357,0.024385394113879855,0.019857924683500006,0.012756321484741262
0.75,1.0,0.0001229161414774138,0.00011714769891368881,0.000111770198685468,0.0001075432282673372,0.00010173795564072385,9.514016014611215e-05
0.0,0.25,0.5047358702375063,0.4122177668331539,0.35242182835205926,0.5186222703411318,0.42602739581497895,0.36628043578303504
0.75,0.75,0.0024876448319353095,0.002023058522743204,0.0019222967749387143,0.002504440111133599,0.0020104328848914443,0.0018787970292244438
0.25,0.25,0.42338318629899385,0.3366818199511247,0.26803905351111657,0.4262760861029945,0.3353126224329367,0.26316636154985606
1.0,0.0,0.011390689462710712,0.009301919882139353,0.007324608757720008,0.011870237836361097,0.009960850470460691,0.00822089430853068
0.75,0.5,0.11792188109235258,0.08531852317839261,0.06517743750404825,0.112460371525262,0.08085841467959032,0.06137171665729191
1.0,0.5,0.0009681859191907893,0.0007231265807913223,0.0005054406588510529,0.001027052398706374,0.0007474674238121537,0.0005096720635722196
0.0,1.0,0.8611586932965601,0.7086755206002421,0.5642448809104567,0.8589821258338792,0.7059268669749257,0.5617323876828281
0.75,0.0,2.061194873026473e-05,1.7669020032973215e-05,1.4568200424891486e-05,2.0209655523295567e-05,1.728493120645158e-05,1.4170971784355224e-05
0.75,0.25,0.03615913959648975,0.022235456587414992,0.013179206124640408,0.03583687797387092,0.02204527094045261,0.013053113581360076
1.0,1.0,0.05111147805309457,0.03411163277326801,0.026841546584468468,0.04719705956273024,0.03162669019752007,0.025023253715266924
0.0,0.0,0.4564906530360373,0.3766183262148769,0.32388982161463975,0.4569884231560102,0.37700487848662556,0.32412635274561885
0.5,1.0,0.013474037881762602,0.009452979763374336,0.007215138292318457,0.015282171491610375,0.01067900763707108,0.008147719003386067
0.5,0.25,0.013534529017349417,0.009355786849506442,0.008306230443445473,0.013809334364668135,0.009543019808967879,0.008451628919031506
1.0,0.75,0.009345446717353045,0.006262266022572738,0.004473196621086473,0.009383755615214318,0.006326123696843711,0.00455725242045657
0.0,0.75,0.8714424852877413,0.7826024379266168,0.6459553926040877,0.8705108802797741,0.7811599221943211,0.643777432759465
0.25,0.0,0.039921971221624775,0.02827882298331652,0.019669640911082142,0.03886735822216192,0.027528295525681368,0.0190366968840876
0.25,0.75,0.0018084284910462323,0.0012592426318591698,0.0008287617947472237,0.0018304181065147418,0.0012721100090908877,0.0008362234237203614
0.5,0.75,0.24719707050444795,0.1929389925884879,0.1530031055670913,0.24216539095157752,0.1884904280059756,0.14898754134896797
0.75,0.75,0.0027397621783333825,0.0027665800696066167,0.002860956082169852,0.002718167761085133,0.0027410968208945174,0.0028259896325439904
0.5,0.5,0.0023106321603917346,0.002168738820593319,0.0020644530598352695,0.002476100834396422,0.002362095613019144,0.0022369128404592376
0.75,1.0,0.005228892144889086,0.004055868861449263,0.0031547337698365485,0.006411838611746656,0.004981934323549986,0.003939117520909807
1.0,0.5,0.0006141974437878783,0.0004225947244005379,0.0003012603435461614,0.0006057470513142205,0.0004133368770335988,0.00029184812070970345
0.0,0.5,0.7936160236072283,0.6819742474397414,0.5418475409461938,0.7880308781371097,0.6772498103335406,0.5388812514067165
0.75,0.5,0.19023816298077134,0.14711561303696463,0.11272019813486422,0.2004744137855714,0.15599215486583495,0.12064221316477908
0.0,0.25,0.11895686932407012,0.09296184905907201,0.07558605389377249,0.11437515647194485,0.08867211832871347,0.07157814679758234
1.0,0.25,0.05800524240961713,0.04120139629102304,0.035026691437075375,0.04752070889015969,0.03396389065671168,0.02895810180457825
1.0,0.0,0.005537803515915152,0.0033825648323961843,0.0022627787622264695,0.005456639583153899,0.0033356273739583164,0.0022335268711065615
0.75,0.0,0.16982061261536652,0.13827434489266643,0.11275167429061717,0.20294756795823743,0.1677716565143137,0.13892123317756144
0.25,0.25,0.780525187473939,0.6563605067160132,0.5220738383228579,0.7885864322334506,0.6687487692303629,0.5388188974480854
0.25,1.0,0.29187225429612407,0.1993330871349287,0.13416817319868246,0.2878254132717276,0.19841855876656633,0.13540117878915792
0.75,0.25,0.0017673658007861803,0.0017664200604834424,0.0015363096395413223,0.0018678368391099598,0.001798316257384247,0.0015245433206170222
0.0,0.0,0.7021797355873152,0.633457269287312,0.5755536317057921,0.7076846769218801,0.6393350950763463,0.5817898187640879
0.0,1.0,0.7117876510395694,0.6034150318166596,0.5098866525976383,0.7121157098692401,0.6030584161486883,0.5088296042459443
0.5,1.0,0.3229779576669084,0.24096329504917402,0.18390800504131233,0.3228310622421783,0.24141257304380703,0.1849658004063931
0.5,0.0,0.09277959683809922,0.07746848285588759,0.06351591216164776,0.13050077438545538,0.11055453113689273,0.09184849332986533
1.0,1.0,0.5279117218704213,0.41233014472050544,0.339816778715757,0.5107516435280013,0.39642987622487347,0.32566667179313913
0.0,0.75,0.325115221347546,0.2517708934360111,0.19183150198028376,0.3337949073868688,0.26169945819871976,0.20247594733829655
0.75,0.75,0.03696239927532485,0.02372961277470742,0.014186612658129594,0.037898922896641096,0.024431030417043198,0.014632979852603922
0.75,1.0,1.5506993060743213e-06,1.2124046784300901e-06,1.4311160829727498e-06,1.6908965043693769e-06,1.3164414459643226e-06,1.5528585043389498e-06
1.0,0.75,0.00421680299874172,0.003219147111048315,0.0024923783423858037,0.003948258023580342,0.0030183983613069065,0.0023210152076592605
0.25,0.5,0.4220907394262756,0.3579051031889733,0.30612214111947134,0.4211276508334315,0.35783656358507554,0.3065454896606481
0.25,0.0,0.06126577753537055,0.050679153447289904,0.04312089893025017,0.040686747405226265,0.03396048541113372,0.02891154690572173
0.5,0.75,0.4886414566281031,0.38942459469886515,0.2819361757749169,0.5194318767483631,0.4156998493053876,0.30330167906979866
1.0,0.5,0.1039219273056986,0.08403697549210787,0.06712923800959969,0.10027693008734351,0.0824168285579302,0.06710484973350073
0.75,0.5,0.06665953108498901,0.03832246586967858,0.02594211227935639,0.06949362248435853,0.04064486734049422,0.028142092061483437
1.0,0.25,0.0001181401146808092,0.00010363225747367366,9.38481312030559e-05,9.276155204729353e-05,8.177392267294525e-05,7.332648005520248e-05
0.5,0.5,0.01520050470407397,0.007370896147325667,0.0030168305341481405,0.01512409184545005,0.0073154871306462255,0.002981470892488125
1.0,0.0,0.0006051627067170662,0.00053832128251452,0.0004434509431592293,0.0005538786358176839,0.0004933087719956042,0.0004055296435885314
0.0,0.25,0.4870404419810962,0.39150799182797014,0.2969880418549583,0.486848454298499,0.39114369182732145,0.2963475976927411
0.75,0.25,0.024943446188251395,0.01957268807889001,0.0151786481291174,0.025433713265877955,0.020084226864844013,0.015700599640802393
0.25,0.25,0.04681312726598885,0.03581420905272825,0.027928816478228313,0.04634931204040893,0.035438801934752906,0.02754047834950968
0.75,0.0,0.009314110743513515,0.006830684816433785,0.00640384341950806,0.00940099574989195,0.00688577283833558,0.006442953458694167
0.0,0.5,0.8050866180283266,0.6852788498545729,0.5349154665995546,0.8030331811957324,0.6841212520785447,0.5350307002240916
0.25,0.75,0.5110069512950868,0.4157158674687672,0.33994169687901366,0.5917365336184974,0.49900187792896056,0.42602575827006783
0.0,0.0,0.15322864278157766,0.10335938129371314,0.05391737384257678,0.15662510546652353,0.10580838689991556,0.05532263797423165
0.0,1.0,0.7880502160206627,0.6886292382524721,0.5893152200038138,0.7737461546172593,0.6710857145174802,0.5693334123788876
0.5,1.0,0.03347786762266591,0.024352840684466637,0.022918381169328983,0.03230700152931065,0.023311679257110973,0.021828198952247413
0.75,1.0,0.0026936039687087687,0.002531968504187021,0.0026633509849676162,0.0031066423511630914,0.0029738259331451022,0.003175121180465812
0.0,0.75,0.776883251173187,0.6078587871261241,0.46426937808091007,0.7717493423180257,0.6039612143371986,0.4630509016655222
0.75,0.75,0.0029896052143341123,0.0020432347860366296,0.001428375537302129,0.002900686905368044,0.0019905217933327,0.0013859768480293244
1.0,0.5,0.004542700169512748,0.0037112100374093737,0.003915140250128513,0.004425515563607929,0.003544183316143812,0.0036717957564427195
0.5,0.25,0.06935326370742567,0.06041748595111951,0.047998854166075855,0.06539058210294213,0.05753786062585231,0.04606253170927732
0.75,0.5,0.041389422748266735,0.03441424348029454,0.026973049649031244,0.04339295613200056,0.03589531055305861,0.02808942365358158
0.25,1.0,0.09690333480994295,0.0629086783036823,0.046764978797711576,0.0954479170192053,0.06186670792554083,0.045718078786719074
1.0,1.0,0.00013978011431636794,8.509876304352293e-05,5.9160009086012266e-05,0.00013338840374255145,7.982405656703495e-05,5.4367735396909644e-05
0.25,0.0,0.10406409577720832,0.08516787463964748,0.06594898123801196,0.10735048722155893,0.08748661386289625,0.06766800974357023
0.5,0.75,0.09945172988134154,0.07530473561944051,0.05891325836655903,0.10331474690283815,0.07831302348327851,0.06149584764402283
0.75,0.25,0.0011020565320715159,0.0010158102874709973,0.000929171274581142,0.001118636291196129,0.0010239563371809979,0.0009287976034194623
1.0,0.75,7.911004472616057e-06,6.300498311739844e-06,4.297829165333944e-06,6.985719653296307e-06,5.528557340150897e-06,3.6969556327370867e-06
1.0,0.0,0.02983899140186863,0.02150946897258299,0.015634311339156604,0.030803459624610507,0.022263686285002304,0.01624123832668478
0.25,0.25,0.006235825781950255,0.005429517388321425,0.0050160963419885185,0.0054293380145642445,0.004719501877601506,0.004325695058677637
0.75,0.0,8.535279860000244e-06,6.071695617615447e-06,4.804206437225567e-06,9.671170315250777e-06,6.881020658044967e-06,5.451018367019778e-06
1.0,0.25,0.0015033187133870474,0.0008492496766585589,0.000636738155946448,0.0014836792388849274,0.0008371212755167168,0.0006263617313668757
0.0,0.25,0.738943203970956,0.6004543409891832,0.4381926071407205,0.7083045229172482,0.5684092842713738,0.40772358495347627
0.5,0.5,0.6650362039609333,0.5033191324071642,0.35875506365324483,0.6631029767942926,0.500878551638166,0.3560086457420364
0.75,0.75,0.0246137401262283,0.01679348496012656,0.013370670031816134,0.023989038565393694,0.01642846368501072,0.013137829297668047
1.0,0.5,0.008182623847465376,0.006876691540585456,0.00616202371052299,0.009077181664754796,0.00769810934928139,0.006999954716793155
0.0,0.0,0.7853203610791504,0.700594550263873,0.6404028504273077,0.774262858574297,0.6873428059515366,0.6242228184880831
0.0,0.75,0.49938155648928984,0.4281821132249666,0.37235691017583394,0.49594192677020643,0.42600771774783486,0.3714412808815557
0.0,1.0,0.6640333093279152,0.5722876993345255,0.4412193066589801,0.6592234236758594,0.5671104292635395,0.43662094157265896
0.75,1.0,0.0002561334346848909,0.00017694352595465368,0.00014877252684430964,0.0002768344810772927,0.00019376193236331218,0.00016510346778519924
0.0,0.5,0.2533902410832688,0.18345093118399358,0.12182595143837593,0.25244422276260914,0.18237499386297862,0.12090969515354999
0.5,1.0,0.00645375639154766,0.005393630584610509,0.004718630366832954,0.006261058074326309,0.005224656773924474,0.0045739872420017536
0.25,0.5,0.6522603910226482,0.5227255921351837,0.4257878665109064,0.6499723255924078,0.5256461431888959,0.43414036380792376
0.75,0.5,0.03265819464676856,0.02214619874485746,0.017280172468704724,0.03278859490503083,0.022256389422195655,0.01737714637164478
0.5,0.0,0.01603850939206497,0.013119498057225232,0.0102646335625044,0.016160606356618312,0.013207338295261883,0.010320857547856832
0.25,0.75,0.36561869039961037,0.30252512390978703,0.26513706682238636,0.373817263463455,0.31636779557034567,0.2799121661161783
0.75,0.25,0.0009153499030246648,0.0006956015935225546,0.0005526185278530438,0.0014760320688820272,0.001128760066567036,0.0009170157617427455
0.25,0.0,0.27637863645651617,0.1833613992488523,0.108414048836046,0.27383413721481475,0.18298797745307693,0.10951656970868695
1.0,1.0,0.001115767723112726,0.0007287637962020144,0.0005298417950954093,0.0011859532031637254,0.0007628583114797083,0.0005469421626117521
0.25,0.25,0.07373364212172406,0.05279118389622062,0.040975666831489566,0.07437055823822913,0.05359731141211299,0.04189889766547472
0.5,0.75,0.14098282798811834,0.11090299295796324,0.07900064118635408,0.1394241352291452,0.10959446324297328,0.07787430008307428
1.0,0.0,0.001821799616793629,0.0014808275597857357,0.0010814985210332306,0.001755227845700147,0.0014236705197130384,0.0010292484598937168
1.0,0.5,0.003572667155034459,0.002209446275163507,0.0013772232257458494,0.003100875689064919,0.0019362247460490423,0.0012129315106718108
0.0,0.25,0.8031199865004515,0.7090090825694986,0.6276898279978913,0.8002418613719884,0.7020181210846334,0.6151929259735349
0.75,0.75,0.03163617555487308,0.018494242635593072,0.011330403497124664,0.032956351135806194,0.019338684539659035,0.011916523406967805
0.75,0.0,0.014510548664412593,0.010920666838752036,0.007505599661868034,0.016213863603467327,0.012272212960922735,0.008598336707284493
0.0,0.75,0.5568260897217783,0.43077917898333107,0.31115855390048563,0.5492670765014971,0.4235483077090597,0.3042285091258057
1.0,0.25,0.04021561843491428,0.03134504717786912,0.02538341187678117,0.04246525939622581,0.032956622322504625,0.026598007666251644
1.0,0.75,7.385261640002749e-05,4.464974417239809e-05,2.7197695858793836e-05,8.635445702598332e-05,5.3484455390107044e-05,3.320963047492853e-05
0.0,0.0,0.353295307488282,0.2650717185785525,0.2188704183796082,0.3374227992810128,0.25577231441149006,0.21394344308454083
0.75,1.0,0.018051607257505764,0.0123903424725742,0.008439347554062726,0.01851464879026654,0.012640962379403153,0.008560734617053756
0.25,1.0,0.083045918088272,0.06978909329604588,0.06571355171456772,0.08560559023336045,0.0718547972978707,0.0678097109599809
0.0,1.0,0.398505818220824,0.3512999273257893,0.3351661659429852,0.43135751545995327,0.38477901103190226,0.37075195211979917
0.5,0.5,0.05100117158138007,0.03990647922044399,0.029422407550697915,0.04718886167848502,0.037009987308463055,0.027298602427656693
0.75,0.5,0.005294245263696595,0.004135712267129943,0.004196806963613908,0.005137449246770065,0.003995648730573342,0.004027911303997933
0.5,1.0,0.08825255812254373,0.07289013044954995,0.05446328363842445,0.08776819341033759,0.07245116506930382,0.054044079645522825
1.0,0.5,3.2010318481989763e-05,2.925624279093153e-05,3.346339407439558e-05,3.423018714954207e-05,3.106859979040699e-05,3.526108992857324e-05
0.75,0.25,0.05837144051570686,0.04185109680594734,0.028278235518437667,0.048164179568542353,0.0342260445241821,0.02286455238839402
0.0,0.5,0.565360169120547,0.40736653453265237,0.30999616432526533,0.5102112608628344,0.36461877909307083,0.27685626414644227
0.25,0.0,0.1929542029221334,0.15141748684048761,0.14210229675109032,0.20630186664897088,0.16276292233702183,0.15275687011447137
1.0,0.0,0.008355828588628156,0.007187461890762803,0.006298018407997263,0.007759850724294193,0.00665579864168464,0.005787150208644953
0.5,0.25,0.0011211059964172376,0.0007860482124980583,0.0005418765590881058,0.0011083678354190107,0.0007731868055702584,0.0005307673439080007
0.75,0.75,0.5008894132497205,0.4383868012120594,0.35292711291027634,0.4999834241970298,0.43871019635310715,0.3541584270264584
0.25,0.25,0.39193630891698905,0.2579441515132077,0.1615488140661323,0.3917039275924272,0.2577057134642561,0.1614295890008648
0.5,0.75,0.0854843677861965,0.06280848310209552,0.043258290618672035,0.08457482981575681,0.06313777815768673,0.044049617852781386
0.75,0.0,0.001509729052900033,0.00109595608251023,0.0008450949951250841,0.0021656121473589973,0.0015584044084175908,0.0012176410800180948
0.0,0.25,0.11317274692406154,0.09565314436478856,0.08839844867923352,0.1497732239551034,0.12767706937836698,0.12020496542020176
1.0,1.0,0.021753598823765485,0.015463721560121768,0.010963222683569085,0.028547289695324385,0.020422671517196456,0.014732695917336613
0.0,0.75,0.979955451212932,0.9389999115434353,0.8826591262958589,0.979765369686562,0.9385639988461827,0.881644849099536
0.75,1.0,0.3658370692831687,0.2576288969917775,0.1669506382069902,0.36314452121301755,0.25591894909175816,0.16602132647097123
0.0,1.0,0.27441750147213606,0.21423972025610794,0.14016038341853987,0.29114237976583157,0.2303485330903129,0.1553713532540717
1.0,0.25,0.018337400190195252,0.015221454426358028,0.012766519376759433,0.01920500890698007,0.01589948706085975,0.01333632751463687
0.0,0.0,0.18326755104197567,0.18139050733692086,0.17742062138934311,0.18668859996218745,0.18419008045652974,0.17977919821940902
0.25,0.75,0.9249264040348502,0.8421484126101064,0.7677616205688833,0.9274525457988291,0.8462047978784413,0.7728061756401159
1.0,0.75,0.004185873963259423,0.003779916482167578,0.003936461335592445,0.004079516998126809,0.0036819821258259333,0.0038224375191997506
0.75,0.5,0.02931484004656837,0.02386562517762436,0.018846590258259188,0.027623635316103123,0.02242295467922406,0.017599468403562635
1.0,0.5,0.028062177741502548,0.022640669885928277,0.018133818291661274,0.03434377365107166,0.027979672958500346,0.022852017289058724
0.25,0.5,0.06261022018875129,0.04424108104160274,0.03171841429640265,0.07036889240619648,0.04989116303638719,0.036040315052558
0.5,0.5,0.11117250881849094,0.08620179240825243,0.07391990457990827,0.10836598784936657,0.08322277926462174,0.07037502386872041
0.75,0.25,0.026620018280690827,0.021611255073236357,0.01823203940216611,0.02299642902773158,0.018616742348791515,0.015589534745570566
0.5,1.0,6.456169734625483e-05,4.18173788033771e-05,3.286594674600796e-05,7.117803120415545e-05,4.618132001765751e-05,3.617347301232421e-05
0.75,0.75,0.003347572182376801,0.002411376513916874,0.0017231106078463565,0.0030852317892154923,0.0022230603190137588,0.0015927614962382153
0.25,0.25,0.12336692801012106,0.07656531012024792,0.044167833188216155,0.132443410479952,0.08084858711585896,0.045016425652818715
1.0,0.0,8.208912919793754e-05,5.154246521543726e-05,3.571218704179202e-05,8.538277892711221e-05,5.3234365506860115e-05,3.649648068182465e-05
0.25,0.0,0.11931478421746844,0.09359045100209817,0.08193095467517297,0.12624191190763057,0.09930604937188303,0.08722214852735977
0.25,1.0,0.21473475503992678,0.15618275864574027,0.11444983535249231,0.20832970916404003,0.15103430446780897,0.10987415987582227
0.0,0.5,0.9526778736994981,0.9003208683428665,0.8219068405306044,0.9467415773519431,0.8904133826386891,0.8066655419533937
0.5,0.0,0.17234736876905576,0.1275842982184341,0.10120167972139671,0.17728612905225183,0.1305274603376414,0.10284562503488859
0.75,0.0,0.03620781648148563,0.029414530468346523,0.0263029441448549,0.03573563246073841,0.028997519775475822,0.025863868900998233
0.5,0.75,0.00032123943969220026,0.00018195440598989254,0.00015584667411028263,0.00031386715384917885,0.00017771277699885069,0.00015090087030344979
0.0,0.25,0.5075495472692806,0.43625873842439,0.39586873162342606,0.5048955898076856,0.4334715558985647,0.39271040511411115
0.75,1.0,0.018675470435201458,0.01220296615197336,0.007710231924287214,0.018689952074530725,0.012159944016105428,0.00766104670141321
0.0,0.75,0.1816305972959189,0.14416769546970254,0.1112077865004849,0.18470590324772107,0.14657238615384172,0.11305102444904813
0.0,1.0,0.3304976533474123,0.2507018408867461,0.17846906765820125,0.3426772760403587,0.26123169046895056,0.1880365677169995
0.0,0.0,0.40769208242656285,0.33001405259829963,0.27198680255362917,0.40359524937951363,0.3261202449671732,0.26699074574741466
0.75,0.5,0.001719329618026011,0.0013457487810568658,0.0008013619863214139,0.001478535007320092,0.0011846733792242325,0.0007108925654635279
1.0,1.0,0.0017387174453016296,0.001016504809758123,0.000679774834599578,0.001719263151210293,0.0010073566855186566,0.0006747726808951082
1.0,0.25,0.011255106263625025,0.007905121897183842,0.007764933929585882,0.011156577368982346,0.00782657518874108,0.007669701153431241
0.75,0.25,0.3588563517397225,0.2706469220383736,0.17240734517698808,0.35606717968379886,0.26718115482338267,0.16825701521507197
0.75,0.75,0.013656576242160212,0.010014580673916251,0.008097854230442403,0.012702039865240877,0.009291833721419618,0.0074791220833659855
1.0,0.75,0.000834892757561656,0.0006400682291021198,0.00046429388413549155,0.0006597979434723733,0.0005000994595301123,0.0003508675343204537
1.0,0.0,0.03048155386727669,0.025754288527259472,0.017890594549531902,0.03101185800165207,0.026103722181084033,0.018083071183869315
0.5,0.5,0.3087804266837696,0.24847782500981186,0.20063728015176818,0.31285842418889864,0.25186382476643265,0.20363897497639005
0.25,0.75,0.3764597224657177,0.3490423799684691,0.3263218287650743,0.4230562462156683,0.3923435153381589,0.3666281685334143
0.5,1.0,0.16209134974318373,0.1324446604712528,0.10950859888406161,0.1610543700171383,0.1318211282242614,0.1089234496754432
0.25,0.25,0.08871584844633285,0.06555398199926743,0.05165274611604487,0.09128351635138521,0.0674792965662312,0.05320771536842284
0.25,0.0,0.3013607149902605,0.22899346477357074,0.1767563402337342,0.2935356339625992,0.22394275392670893,0.17385053596854527
0.0,0.5,0.5552435942926044,0.3702787564757719,0.23922257634632205,0.5567038579908788,0.37249972817658217,0.24175857357459973
0.75,0.0,0.0005747704487299998,0.0004837959669607983,0.0003803805841643415,0.0004018246718419105,0.00034126618261054453,0.0002685915967450825
0.5,0.75,0.1528011845681172,0.11573119985204694,0.09359457913945368,0.15186238527995166,0.11492112354201034,0.09286170553360185
0.75,0.5,0.04084782384114516,0.029749844995614172,0.01795134426133682,0.03252762025706235,0.023623991689248558,0.014204003893334982
0.75,1.0,0.00011214078417220996,0.00010640658238680878,9.310287117969551e-05,0.00012088137303767343,0.00011446506232015707,0.00010044336261061382
0.0,0.25,0.9705071581123064,0.932607291660363,0.8708698278376347,0.9695829624112257,0.9307114745785661,0.8672926512736844
0.5,0.25,0.010207066205989324,0.009012618294970909,0.007716228437000261,0.011458455305772608,0.01001304889689325,0.008563458037046057
0.75,0.25,0.002907046789758283,0.0019335382630750741,0.0018593602888629102,0.002940373184901701,0.0019546975898946384,0.0018783551407801635
0.0,0.75,0.1885049660914453,0.14590394992296662,0.10521549233615746,0.26798331059083247,0.21464230425251385,0.1641709355827463
0.0,1.0,0.9392024105607086,0.8689009776577628,0.8069581843917104,0.9336433215479745,0.8596186267434387,0.7949931743033405
0.0,0.0,0.12338904049810273,0.09485984602388964,0.07455232297925796,0.11457854125045375,0.08762877609422093,0.06816672429639392
0.25,1.0,0.009914965257990183,0.00593993417866312,0.0030478713173347494,0.009061300573983022,0.005824659809718469,0.003167318663276353
0.75,0.75,0.04323485865145704,0.04074011331409744,0.03609234982612741,0.04269921524156017,0.040251529110621354,0.0356031499392484
1.0,0.25,0.0016193588609236809,0.0012192038720477694,0.0010385655692424223,0.0014774575594574957,0.0011099213965131138,0.0009368788802808226
0.25,0.5,0.27820385331565567,0.19639170030694186,0.13297475107335,0.30625474921017803,0.21665234456298155,0.14910696999965634
1.0,0.0,0.005339703957776609,0.0034000405849781146,0.0022977521553280145,0.005407549089476271,0.0034423038301425457,0.002317319410959251
1.0,1.0,0.013219127417022247,0.009576650602640457,0.007256082320231005,0.013881106315858371,0.009837116426511194,0.007199227140287423
0.25,0.25,0.36190451768160004,0.3195262136313999,0.2984414805361826,0.32000639648379514,0.2809011101975989,0.2611562753984855
0.5,1.0,0.5155873379945163,0.45435587232482344,0.4278537724073459,0.5065509159405478,0.4455053970707453,0.41915156583069446
0.25,0.0,0.0014502668397660123,0.0010960307029905803,0.0007371432059106731,0.0010452149271581446,0.0007953406247731554,0.0005328991346613687
0.5,0.5,0.006171764146616687,0.0056772389635377785,0.005381575008451378,0.006482761332390896,0.005970001805743919,0.005664573783690008
1.0,0.75,0.022668606311355477,0.017339939246575398,0.012895653498163129,0.02215020009585178,0.016926892095396995,0.012597921834246462
0.75,0.5,0.0019071006247399769,0.001421410540383139,0.000980282826870793,0.0016962268175770845,0.0012616481750580277,0.000858190878936349
0.0,0.5,0.5090501380101874,0.429017315842815,0.3497365865763067,0.5046732975680619,0.4252877382146054,0.3461328931615857
0.75,1.0,0.0005312675982915849,0.0003898873972796313,0.0003254043223099856,0.0005211298434464329,0.0003824579517437421,0.0003184647289109499
0.75,0.0,0.0716621765195602,0.0412146749611112,0.026444093171111516,0.06317317842198222,0.03591573624189115,0.02239821842628409
0.75,0.25,0.09560862340429388,0.06948307104124885,0.0580066011707121,0.09714490157950151,0.07037676565286743,0.058484338364503397
0.5,0.75,0.2543797809674342,0.18718784773349717,0.14925800148074475,0.25588639769640664,0.18773616588291453,0.14979072065555965
0.75,0.75,0.01065316196264765,0.008355930361293673,0.008677034039109577,0.010119730160930818,0.007908388643256714,0.008208569622419892
0.0,0.25,0.0613176247417746,0.04528542325958618,0.03813960628835533,0.0643929373334764,0.04770609856846342,0.040404940621438734
0.5,0.0,0.3145932854815636,0.22387258808496768,0.16714912286380368,0.3273548271786,0.23739731878713077,0.1831396091807016
0.0,0.75,0.5916334853852642,0.4630438325185968,0.341766874646122,0.5896982365739705,0.46061395744071487,0.3385556284419142
0.25,0.75,0.12652004065067568,0.10025823235213893,0.06815781759347406,0.15675288774145157,0.12471468762976623,0.08681987378186018
0.0,0.0,0.011753589537224718,0.00757745705149937,0.004848573131953859,0.011904701129928918,0.007727299058085335,0.004990730442166469
1.0,0.25,4.2822168075606903e-05,3.496124882484963e-05,2.9966933288605446e-05,3.335666158044148e-05,2.7602374878976654e-05,2.3557804513574254e-05
0.0,1.0,0.6439573443527749,0.5579834505848993,0.45000979452935974,0.6453631132367748,0.5580907176675514,0.448573833542964
1.0,0.0,0.00019970509662581293,0.00014571669156426825,0.0001008771996771074,0.00021221472576504752,0.00015428799913252966,0.00010677686181725932
0.25,0.25,0.09318337570730617,0.06422963547493132,0.04986899746257234,0.09486519096473922,0.06516984479845878,0.05029961566789243
0.75,0.25,0.007737068015657433,0.005378850417013803,0.0039290822708837325,0.007402575523834276,0.0051400537527260814,0.003749491149198425
0.75,0.5,0.08468013669515351,0.06528083338347224,0.04918200720270738,0.08011028841172918,0.06159274554609184,0.04611682593353894
1.0,1.0,0.0005160860868032024,0.0004902879595983789,0.0005094791455461101,0.0003962386203854029,0.000377467497227002,0.0003871212960379067
0.25,0.0,0.05285430290938864,0.04406694926856225,0.04079204818833182,0.052528790818309856,0.04382839001905747,0.040552827271426506
0.5,1.0,0.014764809681240942,0.011543430602529603,0.008557303532544469,0.01292138662742981,0.01011977951310472,0.007434754934780852
0.75,1.0,0.010110110738155598,0.007281493082813784,0.006589498357623569,0.009566382825676234,0.006764133202365574,0.005999670242420763
0.75,0.75,0.0019088622042195968,0.0011938520222081195,0.0008320208642761395,0.0015393120080609002,0.0009579999389183191,0.0006607819382316027
0.0,0.5,0.8074818681609588,0.6684038381566041,0.536413348934982,0.806639538846875,0.6654295715609817,0.5308134245438398
0.25,1.0,0.46256192336631397,0.3839346156428174,0.31692407111117626,0.457372203978738,0.37883610069694573,0.3113967665877162
0.5,0.5,0.17041412237202225,0.1307749332162862,0.1094256279352186,0.15828823551716298,0.12127987295974929,0.10100256954293785
0.75,0.0,0.004241268231605977,0.0032487197347937924,0.0025765327811060335,0.005206330408716431,0.003930372987888342,0.0030868295870201123
0.0,0.25,0.37141412746095803,0.2399373763380277,0.15758944650250484,0.34026515171204386,0.2126666068353602,0.13425058149676594
0.0,0.75,0.2457012773825049,0.16935407832330762,0.11788428640802373,0.2235259473635407,0.1537972095533947,0.10675297439707065
1.0,0.75,1.5905195424936736e-05,7.6101873068834536e-06,5.304875610234738e-06,1.344568687267067e-05,6.544978654599021e-06,4.626373574678766e-06
0.5,0.75,0.3595542762102537,0.28558824971861707,0.2261050753162015,0.35215154596519893,0.2789043782490892,0.2199399477093824
0.0,0.0,0.654845432600589,0.5307377196161698,0.40271553686902806,0.6289282117096118,0.5012121804963525,0.37502375866729143
0.25,0.5,0.0017409313574712204,0.0014109637236917605,0.0010482586751199285,0.0021351422015492005,0.001713828690293684,0.0012867559855931354
0.0,1.0,0.39404095296874797,0.3482379770375583,0.2982508752355284,0.4302308504451865,0.37662552211314526,0.321596506467704
1.0,0.25,0.011612021273706419,0.010559990196721492,0.009848597346534205,0.011396485952652524,0.010429406896518167,0.009778091182643167
1.0,0.0,0.005316967459939259,0.003657338636017249,0.0022644330303523974,0.005381461205741012,0.0036895150722440206,0.002269401129737725
0.5,0.25,0.00279817288831552,0.0022413496490039098,0.0022994245396650292,0.003091795082161397,0.0024859183041912036,0.0025827461581137134
0.75,0.5,0.03282458017294243,0.026776596840909384,0.020828613732543078,0.03209611595453943,0.025906699959041823,0.019905742902013634
0.75,0.25,0.011848867607652025,0.009463142577873507,0.008561013771264614,0.011262597539031693,0.008996664864332704,0.008141488303269107
0.25,0.0,0.04317945945750001,0.036626793370061916,0.03376570972003057,0.029411317127959746,0.024879056296091773,0.0221827144880149
0.75,0.75,0.003271838238370517,0.0021207200841623086,0.0013912875708605998,0.003074050013049945,0.0019989041081568404,0.0013195174331803727
0.25,0.75,0.7045649930518426,0.6266340871652041,0.5577268769391421,0.6889498235356619,0.6120749114268944,0.5431575348403062
0.25,0.25,0.5358144858922996,0.46447056882564963,0.3804678236886545,0.5326519617846974,0.458760700747301,0.37462073317383693
0.75,1.0,0.00023781229247998859,0.00013065126497791013,8.729227556592001e-05,0.00015240420395867815,8.651325582853531e-05,5.881187375700314e-05
0.5,1.0,0.0323263962158129,0.01948201005857131,0.010067300984832106,0.03333388561315487,0.020225179033606988,0.010516408531534127
0.75,0.0,0.0027366859546674727,0.0019587144277743995,0.001816077076250755,0.0036573858387218827,0.0026031534615957863,0.0023967395118600354
1.0,1.0,0.001603665465368831,0.0011419773047449677,0.0007482552042483714,0.0017262301523408574,0.0012295627415166432,0.0008079080002628691
0.0,0.25,0.3100643316361481,0.21437442732972967,0.16813405778755353,0.3386609229067006,0.23699411353327493,0.1873093249548664
0.0,0.5,0.511193151480265,0.40699392077473784,0.33238604453664067,0.5006998714451065,0.39397627552204706,0.31734084367048965
0.0,0.75,0.8843313910395345,0.7765712583199538,0.6385745014002633,0.8862192273604664,0.7779031991248005,0.6382528742410604
0.5,0.75,0.029847545328262837,0.019363165067042942,0.016535836151028382,0.02820031793241995,0.01832020176528859,0.015702306604383542
0.5,0.5,0.5659899756611497,0.43935863711990275,0.32223358035896266,0.564447478842137,0.43867939128302813,0.3224491968857729
0.0,1.0,0.5032027178633243,0.44926215321508134,0.41808346233144755,0.5007346963307153,0.4469185317195964,0.4155754566253693
0.25,1.0,0.06558132614916334,0.05783313874131857,0.05679731684648581,0.06965559238468766,0.06174748278009856,0.060638793565701676
0.5,0.0,0.011319806374449293,0.006626509006733894,0.005376464822990923,0.011116150852715223,0.006482961217621153,0.005235749407290102
0.0,0.0,0.6488817953086561,0.5680548516294943,0.49843772451082446,0.6676501098554997,0.5871341945970481,0.5163302807916252
1.0,0.75,0.0007925193093035743,0.0005556869342853155,0.00038606409199881675,0.0007836913718057836,0.0005477555755480923,0.0003767751545704634
1.0,0.0,0.15134203858282835,0.11133946040645992,0.06849474818315882,0.1436667165553943,0.1044764255869457,0.06347565586082138
1.0,0.25,0.002004479489701172,0.0016561002016515225,0.00142351945422714,0.001979549835052441,0.0016153825437306146,0.0013625125261078619
0.75,0.75,0.03852356644601418,0.026898363445736373,0.01812849455647758,0.038430013017860865,0.02689972224401771,0.01819535791958682
0.75,0.25,0.00572361899854501,0.00452007208846239,0.004362494160877861,0.006231808544605588,0.004889395419368725,0.004699057196855039
0.75,0.5,2.3592973477981616e-05,1.594161908635705e-05,1.249619614385189e-05,2.4989004330788767e-05,1.6985228301624744e-05,1.3254857881950244e-05
0.25,0.0,0.21766785709747882,0.14049450186066426,0.11367005636490224,0.22360207825584755,0.14442638421535203,0.11666317326306608
0.75,1.0,0.0004926301478788142,0.00033978296994641166,0.00021698612917231408,0.00043964236876037344,0.00030268012049328163,0.0001904989221669373
0.25,0.25,0.04027916311161506,0.03580989163468451,0.03531666313826731,0.04041215530727704,0.03607751253973768,0.03581822491168796
0.75,0.0,0.005940056270006044,0.004515139951214664,0.003936979624399983,0.005995226507903961,0.004571404739635687,0.003996654037335512
0.5,1.0,0.4095789033613959,0.30918760834828096,0.21780908005995125,0.4007326121033362,0.30086999470230413,0.2102802726916725
0.0,0.5,0.880395183302605,0.7840747409035796,0.658600270160062,0.8695731651954729,0.768644460554335,0.6397071627696601
0.0,0.25,0.814032978427353,0.7250044353812125,0.617170323917305,0.8154823749957407,0.7267288709040123,0.619169899052459
0.0,0.75,0.5058112283508709,0.3298640393813018,0.19443893073298146,0.5155080509311908,0.3353378226614929,0.19624471540211486
0.0,0.0,0.5222635118248309,0.44565084483664374,0.3883460370876043,0.5647431073672339,0.4829438311236304,0.42065169254515267
0.5,0.75,0.00943463458991789,0.005447718037783877,0.0037871247486855886,0.0080549510142095,0.004627889537059726,0.0031654367381446225
0.0,1.0,0.41955771564089117,0.33603098569421164,0.26995702248584574,0.4154676230407949,0.33190843004543136,0.265751574190898
0.25,0.5,0.1300137723337591,0.083957363479645,0.062024527821568864,0.12816555533944496,0.08257340581705475,0.06095509535203658
0.25,0.75,0.8415627374186943,0.743287863722338,0.6369974637607462,0.8376664215846839,0.738616350786341,0.6318815566210472
1.0,0.0,0.017154373616299456,0.01620861268623197,0.015186754191699792,0.016639060731296063,0.01577146752117642,0.014791919115785479
0.5,0.5,0.23921891749437707,0.19547927851005498,0.1714244372353,0.23434940379831093,0.1906888603137633,0.1661676877651973
1.0,0.25,0.03336551319747383,0.024453889572159104,0.01930036871275176,0.03162688326686769,0.02318744337310874,0.01823598593472986
1.0,1.0,0.0005239993307428747,0.00020933106544795965,9.272420733963394e-05,0.0006966635333217619,0.0002881936767678006,0.00013526056265722453
1.0,0.75,0.010375673790965378,0.008036384357394954,0.006287061489666401,0.010270036365245483,0.00795400595153728,0.0062169367576051515
0.75,0.75,0.00667864331903556,0.005463538799715728,0.0038849099994990866,0.006195816046592029,0.005059386132250765,0.003569191713607811
0.75,0.25,0.07227209278512503,0.0476991958420977,0.02683028944760657,0.06792682053260823,0.044621424532534926,0.02477039849593332
0.75,0.5,0.12471800687996915,0.10206817603053864,0.08162863857626035,0.12173375823779709,0.09882019586761293,0.07797245607121672
0.75,1.0,0.015935467409489368,0.009254292169715184,0.004992197777393459,0.01622729647183374,0.009448102123767343,0.00511907754788965
0.25,0.0,0.8618184599573179,0.7808509207789329,0.6865328026344674,0.8649748966029392,0.7836340756369906,0.6886686930488759
0.25,0.25,0.0960264592637956,0.06865140791687696,0.06464351492379727,0.09371465492390985,0.06721648762541177,0.06315492802622713
0.25,1.0,0.0270017518387089,0.025035529544466528,0.02315851542058689,0.024557758985005562,0.02303558522419813,0.02155545060266817
0.75,0.0,0.08409887528227578,0.06431458723881556,0.06353419350076295,0.08429253718777485,0.06447209565118206,0.0631754731723082
0.0,0.0,0.14794028162084594,0.10220427287809442,0.07292972887126126,0.1472466981515117,0.10162395718620787,0.07239058290391509
0.0,1.0,0.272842536511948,0.2233637503557796,0.189050106378284,0.26973454132882235,0.22087934132958487,0.18669086711923166
0.5,0.75,0.012360620827086555,0.007917694767683225,0.004924196574685458,0.00941140115222694,0.005939889338276938,0.003539007768169289
0.5,1.0,0.11869197572513612,0.09857272094691172,0.08074692408786766,0.1115862020633378,0.09331270419603677,0.07638686330141875
0.0,0.75,0.9727341304087647,0.9202566889334238,0.832102883640322,0.9734341823139745,0.9206784997032285,0.8305863673395169
0.0,0.25,0.7287771817763795,0.6778694709705679,0.6125707996144403,0.7156986030268375,0.6649295895871731,0.5994516580912437
1.0,0.0,3.5054021965130744e-06,4.980154962974659e-06,7.997953871852204e-06,2.5029157536549107e-06,3.5701179202929367e-06,5.724797022210737e-06
0.5,0.25,0.0006006427569108519,0.0003823537996101578,0.00026558433601331366,0.0005323076318883846,0.0003375830075917907,0.00023144633089677846
0.75,0.75,1.5003707249050535e-05,1.2662842336919056e-05,1.0696818187660995e-05,2.0230139526455915e-05,1.7306741108891188e-05,1.484842516952245e-05
0.0,0.5,0.5158656895115932,0.43202434919876664,0.36889571720317693,0.49487337424539846,0.40867933226849096,0.34168773081273474
1.0,0.25,0.0045071135174163945,0.0024553715006914167,0.0019137952433880834,0.004438751325522738,0.002413822039293856,0.0018741522508596287
0.75,0.25,0.04091426746655613,0.022706254052551555,0.016505600407138443,0.040003552893792205,0.022205180390085233,0.01611479248682668
0.5,0.0,0.000547135133929566,0.0003418166297365355,0.00020157331633852138,0.0005334613364689211,0.000333373880744392,0.0001958903679561974
0.75,0.5,0.02815673502455862,0.019671549039674607,0.013515093776864329,0.030660134729447508,0.02223364366062952,0.01645551549469093
0.25,0.75,0.026624162431384102,0.020899520824041784,0.016774584146785787,0.02223540338942087,0.017419053412982333,0.013834117611835062
0.5,0.5,0.24853810108595198,0.18210548378413194,0.15991657621830813,0.23686344444941443,0.1756762521541505,0.15569688857569264
0.75,1.0,0.001200685251591782,0.0009123286172287859,0.0005786480862788324,0.0011786296057371137,0.0008961973100382048,0.0005663625203705669
1.0,1.0,0.004311902648919452,0.0029471848296895864,0.002336719844940327,0.004357365492347887,0.002989662745625621,0.002387218516217149
1.0,0.75,2.3714311961908763e-05,2.2073690339019514e-05,1.8282858473051e-05,2.4121168135993187e-05,2.246359931235009e-05,1.863248740852086e-05
0.25,0.0,0.4412653879156294,0.3314600540504389,0.21797733169904288,0.4244393025153368,0.31716671119301965,0.20631172266457498
0.25,0.25,0.15695535454843046,0.12990952598580274,0.09980345254257084,0.15249284846667122,0.12564144600234062,0.09564364900289535
0.5,1.0,0.11836261204774767,0.10004051952192872,0.0917227665225322,0.10797463767681703,0.0913209212328614,0.08367848683034529
0.75,0.0,0.014297702700492465,0.01164437107338634,0.010541092140636144,0.014230730465873753,0.011606068709003825,0.010507914021563813
0.0,0.0,0.6104239375237736,0.500993255590291,0.4242542416867675,0.6104393139772037,0.503895302599721,0.4297051257796243
0.0,1.0,0.05727675873878979,0.04657968887204733,0.03534801000873855,0.07186950728937636,0.05904017814910267,0.046634134463797716
0.5,0.75,0.23669592024733688,0.1980587280042806,0.18600681888369341,0.24887844708102302,0.2089002349397766,0.19696630603565768
0.25,0.5,0.18723859356260597,0.09840411320114872,0.0571651888030702,0.19150938207108514,0.10165604765890623,0.060683403451095574
0.0,0.75,0.5954508163409737,0.4796105645941442,0.3768891336961725,0.6048288795107561,0.4879527021492168,0.38448990773927794
0.25,1.0,0.5213547638643393,0.39242951183163055,0.2885337245218842,0.4959468576494567,0.36946181733306815,0.2680685554224026
0.75,0.75,0.03280680024129712,0.0260996188363386,0.0211384306429514,0.03290794577553657,0.02602320264710467,0.02074613051950802
1.0,0.0,0.0005167477433951628,0.00045353306446505037,0.00042721256155253684,0.0004888545198789007,0.0004267335531497052,0.00039990764534725276
0.0,0.25,0.31180397335700616,0.2078493812345681,0.15271829147769667,0.3237370834983133,0.21633983903039944,0.1595392376215813
0.75,0.5,0.004786389314225037,0.003630959632441755,0.0036462998199364716,0.005114172088179658,0.003961466306210415,0.004009733632208912
0.75,0.25,0.00019069039750607697,8.261242478357911e-05,3.495066216308018e-05,0.00022767186971694997,9.965688512547644e-05,4.338164471406891e-05
0.0,0.5,0.16568266751189564,0.11811238161875925,0.07984590183689844,0.21454238618690802,0.15500649104896724,0.10401333779596478
1.0,0.25,0.1240609313498735,0.1009995273465305,0.07830531887167702,0.1170808500670123,0.09439498025864645,0.07195078969535673
0.5,0.5,0.0017181292153743977,0.001424108420832404,0.0011641672654907342,0.0018642271631711393,0.0015439540464536883,0.0012676871646140064
0.75,1.0,0.004699079883637269,0.002830109984514939,0.0016605045277123809,0.004663270798579755,0.0028466216852500725,0.001698787645944888
0.25,0.0,0.15367214260800843,0.1295341849293956,0.11816295164319823,0.15307361279304643,0.12889736487134695,0.11749153655564226
0.25,0.75,0.6671566104567439,0.5765671546346636,0.4984457804722686,0.6661214764045988,0.5749920423440242,0.49619098586826804
0.25,0.25,0.17236241131609886,0.09942571958647273,0.07854238732473817,0.17454650381652992,0.10051079609486147,0.07912374089923313
1.0,1.0,0.028779089243374023,0.018329772878302508,0.015008837310584777,0.029437735088285066,0.018734317489948693,0.015334342232108611
1.0,0.75,0.0515094277221001,0.04072626139201119,0.03550036590099548,0.04844014805173713,0.03829531127800001,0.03335808480005298
0.75,0.75,0.05072378072689676,0.03769072110468863,0.025760816363505246,0.05024745447362122,0.03726131292374901,0.025357428050114206
0.5,0.75,0.046802538257209036,0.04406978634809133,0.0465564723349563,0.045819876782000946,0.04331985075860911,0.045980118705782336
0.75,0.0,0.09876563149215567,0.08308273919107267,0.07270710367106303,0.09287604538769023,0.07766400441755128,0.06734295047604988
0.0,1.0,0.6409077646896393,0.5846125033944545,0.5121278919489838,0.6348411021243857,0.5777611415251299,0.5037569003682235
0.0,0.75,0.5474576053750924,0.48003669821900374,0.3729000930906714,0.5123039426767029,0.4461251463611624,0.3398113874722377
1.0,0.0,0.06659419103257358,0.052222345033100526,0.044615087544881527,0.06551495584396827,0.051377415248474056,0.043867570715427684
0.75,0.5,0.04078772605293812,0.028166977169468588,0.020009393339827874,0.0395303845273931,0.027344538489297188,0.019549337765030983
0.0,0.0,0.6699610576238002,0.5575518681120233,0.44412504561571,0.6605486563441768,0.548383204601363,0.4352790116580272
0.5,1.0,0.0780457428080803,0.05701130211500671,0.03733111324380389,0.0842638598403258,0.06249027837505894,0.04202884147430386
0.75,0.25,0.03712267660788238,0.025639076750616496,0.0171151965366807,0.03394599303180701,0.023480329231775676,0.01583269083901906
0.0,0.25,0.8561797798748232,0.7731547898043085,0.6731504570764735,0.8556191436181777,0.7722023656282395,0.6714599920280522
0.75,1.0,0.001305005731002673,0.0009638289361436625,0.0005314324917009561,0.0014862312577720305,0.0010936828166855372,0.0006071681706455445
0.5,0.25,0.26916144575969025,0.17217920512305573,0.12607951158255415,0.2697339708267241,0.17171407510313252,0.12508003929735478
1.0,0.25,0.05061261983657239,0.03454343049930242,0.02792931616356653,0.050877954675449866,0.034759323448576795,0.02816696947582009
0.25,0.0,0.15790245309499307,0.10555214095900922,0.07158709741746383,0.15703552503777418,0.10493341990163696,0.07109487961479022
0.0,0.5,0.25881285112993924,0.20575528321327252,0.17949838455004685,0.2577833820414577,0.2047883283433266,0.17842220228610683
0.5,0.0,0.15760598531889158,0.11574535100712535,0.08602984568875438,0.14743448033661943,0.10725781652470845,0.07864367977245579
0.5,0.5,0.044079699687619045,0.0345440157772845,0.02793928778320076,0.04275377096632593,0.033401371450958006,0.026987805655807273
0.25,0.5,0.03225460176764339,0.024362356687434472,0.018057207683817245,0.030787033311022727,0.02321690807434884,0.017161313262311073
0.25,1.0,0.13728376317202007,0.11454165676595318,0.09472578736508419,0.13732808273722186,0.11447750750657804,0.09443155189760433
0.75,0.75,0.18687026541988805,0.15722057415300705,0.1379852487578319,0.19122631867527284,0.1600830238704566,0.13952146881049998
0.0,1.0,0.647969762734214,0.5047120162871708,0.3786051187520567,0.6389214828258533,0.4968125242319513,0.37244019578329646
0.25,0.25,0.31746463599626573,0.2846422840580911,0.24011320022072424,0.31244146524577965,0.2790535998492857,0.23547111389233888
1.0,0.75,0.029192237965929735,0.020611602289527076,0.015434899402378521,0.02925262640422166,0.020718071329069554,0.015561525373814833
0.75,0.5,0.07119336150950062,0.05282630849751557,0.04626748939464698,0.08078699035248427,0.05974377273393483,0.05223052304302633
1.0,0.0,0.0480981804567322,0.03545325372315222,0.023365802772290056,0.04030808736231761,0.029431061255949298,0.019032887475149085
0.5,0.75,0.030509158148539495,0.024969335337655663,0.024970111135562356,0.02995961569739114,0.024498798595546267,0.024439218162976672
0.5,1.0,0.03684813820914312,0.027449191501671244,0.02329312531780059,0.037546661983661744,0.02796709891701754,0.023701650314879474
0.75,0.0,0.0011771435724290402,0.0008595670905999775,0.0006339709114504544,0.0011984433946063966,0.000872359833253844,0.0006390466764111258
0.0,0.75,0.41953338976740306,0.32865239181596884,0.2211898561321628,0.4141211366529156,0.3235619969713329,0.21664473658623085
0.75,0.25,0.005324719287396196,0.004068062797033201,0.0026967252836642697,0.00630935002333155,0.004849190924842706,0.003264833806382428
1.0,1.0,0.00016400298667595958,0.0001140656673728202,8.089680200651372e-05,0.0001513584015604419,0.00010488928065965908,7.416423335793176e-05
0.0,0.0,0.19677318095116947,0.14632432706705623,0.11196570497208325,0.16621727062747638,0.11974824298763043,0.08772665023938286
0.75,1.0,0.03246077094955857,0.022772919159723015,0.018710922381209194,0.03420628941702253,0.024100213135936688,0.019836071499485297
0.0,0.25,0.15497371420488237,0.12717264517849292,0.11802919760868602,0.15173640015240242,0.1239014993116544,0.11460199838424667
0.25,0.75,0.21016605890939755,0.1545357385368621,0.1247123849253734,0.21137347698838682,0.15635803998354003,0.1271421144002649
1.0,0.25,0.2264568393173172,0.19138219950469582,0.18006027526631618,0.2233820101260462,0.18829518382172572,0.17712224510855412
0.75,0.75,0.015855069934898935,0.010679690259502106,0.0058670748567805076,0.015805425962704067,0.01072000537642459,0.005977230688878787
0.25,0.0,0.7490675033371484,0.6491774198300524,0.5500664862462152,0.7463759609661453,0.6459071891019151,0.5460533572684672
0.75,0.5,0.01991173135077151,0.015557768938346817,0.012676370418094773,0.0203678138812724,0.015906215049579453,0.012912336130097124
1.0,0.0,3.4729727946491984e-05,2.8136462864924994e-05,2.5895465778247306e-05,4.279797545947428e-05,3.495876157855182e-05,3.273082595578458e-05
0.0,0.5,0.9517173568908073,0.8914558749506087,0.8064372513357164,0.949503850582029,0.8880614469056299,0.802500384079898
0.5,0.5,0.16695327636994595,0.11340206124467245,0.0723795050029925,0.15923398580768688,0.10762487528699005,0.06808652972599849
0.0,1.0,0.5307667301221027,0.44731169069206145,0.375420835223947,0.5301057581365862,0.44708107991590273,0.37619290259420113
0.25,0.25,0.18861971387103926,0.1517593465523681,0.1368155684139668,0.1847294790904851,0.14809871056878487,0.1329960051636463
1.0,0.75,0.0029278551485726334,0.00179583150852336,0.0011742255381951283,0.0026556146234000266,0.001629853043015661,0.001062089623205642
0.75,0.25,0.00845256576482356,0.00655209767384779,0.006651798504731854,0.007180840211238326,0.005586799980953683,0.005650762058690528
0.25,1.0,0.16677682805568828,0.1277750140233388,0.09432277996702754,0.15938033278355945,0.12038299459734503,0.08728846212096053
0.0,0.75,0.6921942061023212,0.608735041302833,0.5140938116205138,0.6601046746966143,0.5813265644817767,0.4911336554137904
0.5,0.75,0.1850503308917426,0.11846052930571871,0.07391322770583231,0.17704659834395875,0.11328925003903012,0.07069398440711427
0.75,0.0,0.0029867379954814366,0.0025939677617686785,0.0021271939473974655,0.0033310582369026065,0.0029056060871432976,0.0024138129794675223
0.75,1.0,0.4136106829082091,0.3238077382081497,0.2509837792173344,0.4046575597575578,0.31618295789286366,0.24484555798055585
0.5,1.0,0.09935653756158935,0.07092595653440636,0.04823001784786052,0.08751276709757905,0.060889475416786354,0.03955381210632836
0.0,0.0,0.19059137323915332,0.14720235986195207,0.11458905938576713,0.20606540267475804,0.15931234341847622,0.12465135891617096
0.75,0.75,0.02537024473163052,0.018203836811956142,0.014355003245277498,0.032513578520567465,0.02358258887382958,0.019125970265593484
0.0,0.25,0.7331521969995889,0.6217071802906045,0.49667339699755875,0.7601562084138351,0.6518999131535395,0.5281507003027257
1.0,1.0,0.029733065717511886,0.02341168081326217,0.015721606279895828,0.02760232784656047,0.02163617851327626,0.014336622591863302
1.0,0.25,0.024929311177492863,0.014339829774354329,0.008380754788242628,0.024248579382011637,0.013910390995562127,0.008079620371753249
0.25,0.75,0.032039396724537705,0.02553897561522933,0.021926602826361052,0.029155545801039073,0.023034528038963664,0.01955464736997825
0.75,0.5,0.4611255714932613,0.3765298952028657,0.31289405544549587,0.4779313157129319,0.39097837121640755,0.3262694184725893
0.25,0.0,0.08700507087960363,0.06961889906197083,0.056204787978760606,0.0848652844462442,0.06809287141879927,0.055071315429604084
1.0,0.0,0.00039971604841904096,0.00033182471154225013,0.00030972652586558347,0.0003991737874633472,0.0003313298460919656,0.0003066317900115578
0.25,0.5,0.06807787473491289,0.044175886913543905,0.03525670667705971,0.06616417768076821,0.0434647240244429,0.03511161040211763
0.75,0.25,0.006225143006471701,0.005311314885659946,0.004879610533727985,0.006012638656297198,0.005121629387143001,0.004691261320760365
0.5,0.25,0.43840948732150997,0.34111277952836305,0.2611333229653596,0.43669885647867546,0.3393046531458024,0.25914131514110794
0.5,0.5,0.005832540003320674,0.004692071743290338,0.004460648542521262,0.00569390138428072,0.004566602348683113,0.0043133041584717535
0.5,0.0,0.022844048950799056,0.017951547896079667,0.013619611388266284,0.022647697698433333,0.01776839329803581,0.013427352918307989
0.0,1.0,0.8580610167237814,0.7761810635644235,0.6984807048230472,0.859552466112385,0.7773416101460106,0.6987276357367288
0.0,0.5,0.13582844377695502,0.09644329638557236,0.07201844804338464,0.14572620649180135,0.10263051237801202,0.07560874890221081
0.5,0.75,0.0021828577301774565,0.0019164785286165387,0.0013861098819571982,0.002159950228218799,0.001902801723208447,0.0013760077404003646
0.25,0.25,0.1865470770529375,0.15022366297449952,0.11167671616558295,0.1680635341866602,0.13679090906809455,0.10148583876672201
0.0,0.75,0.33170795651972496,0.2672087295307173,0.21472946623067846,0.3426263996911427,0.2760314305169088,0.22189765547093687
0.75,0.75,0.0363223252895053,0.026465810012710866,0.020741183551512665,0.03535356377702614,0.02575841814041846,0.020082224673088955
0.75,1.0,0.002348482223604731,0.0019643533982481864,0.001605290536176751,0.002591110967572252,0.0021443947649325557,0.0017486432982662947
0.75,0.0,0.0057377218382185236,0.00363190011868908,0.003111374336273176,0.00565010184908421,0.003577480955822665,0.003056495599164877
1.0,0.75,0.0011505792446515617,0.00117926038354077,0.001181785236318289,0.001219462263807758,0.0012466884175896809,0.00124839736081106
0.0,0.0,0.9964918307572579,0.9829494642631204,0.9612792549190364,0.996498813039442,0.982985847568923,0.9613778906397159
0.5,1.0,0.077185478972714,0.05894139580042568,0.0435592321779813,0.0829665090088576,0.06404622867813525,0.0476039716277562
0.0,0.25,0.6308302859847646,0.5469341732393037,0.4504992294267577,0.5833216699149979,0.5002433636851839,0.4049138245535143
1.0,1.0,0.0008597351424830535,0.0005661762649957769,0.0004021115048056245,0.0008539344002622684,0.0005567368471302014,0.00039286921331394
0.75,0.5,0.023694866735539444,0.011739426744462378,0.010230544204684167,0.022095186656460708,0.010879360803805804,0.009427904268930365
1.0,0.0,0.00046836949756756674,0.0003846914582933403,0.00031667301303395234,0.0004544343743474455,0.0003758540860915316,0.0003091313619483227
1.0,0.25,0.0005265767109343678,0.0004110848467013817,0.00033864148064832733,0.0005645245595261583,0.0004384718491250439,0.00035923935686277275
0.75,0.25,0.14729981035614392,0.130364827415285,0.12827457504467432,0.14590417496811547,0.12901510965499297,0.12676544527889766
0.25,1.0,0.04589317652137359,0.027784068983666144,0.022717889294032845,0.04708764225411799,0.028686952090290152,0.023479090143582848
0.0,1.0,0.7080517090527019,0.6034508773947349,0.5095993389266147,0.7144078114092741,0.6108827993621617,0.5188123500768262
0.25,0.0,0.1653357926668042,0.125934155845418,0.09037230693884246,0.162755867514234,0.12392825720400436,0.08886743383872875
0.75,0.75,0.0018779125940086017,0.0017252293269225394,0.0013188123530041285,0.0014963235996374724,0.0013683552272663047,0.0010143284486228143
0.5,0.5,0.030849922194923662,0.030503331815598944,0.028846121503726785,0.037078341930077086,0.0364882715380217,0.034795497099358474
0.0,0.75,0.17297246201701866,0.13766879251255704,0.11585159245392307,0.1982920666643877,0.1593357843375982,0.13610398819615865
0.25,0.75,0.04587931634372455,0.04490951213247363,0.034084788458888404,0.050135247619504275,0.04903478124991312,0.03736046269773907
0.75,1.0,0.009798690180457426,0.0068194018967759895,0.005552499780450804,0.00821417222372689,0.0058044508729944155,0.004708566897696054
0.5,0.75,0.0032164404178034456,0.0026096297906839094,0.0026608822811364785,0.0030143853608366467,0.0024357179761234082,0.002474163167943244
0.25,0.25,0.004942971109613614,0.003055654427277066,0.0022540127468129167,0.005141843887302766,0.003160896073172159,0.002337688626432133
0.0,0.5,0.20688315768422316,0.1621121350514908,0.13551901583462755,0.20221660238703132,0.15944282557843747,0.1345697855946837
0.5,1.0,0.04609893113498298,0.03234147922832409,0.02438606851661107,0.052999235967841396,0.03684337905351831,0.02748913967836364
0.75,0.0,0.1598481547601528,0.11401958024676873,0.07962850328312543,0.20443745962591042,0.14660715714650574,0.1032798876182427
0.0,0.25,0.6143984441150765,0.5256533876178597,0.4629739362896269,0.6017082672180065,0.5097644217828629,0.441649596308614
0.75,0.5,0.02512506997604702,0.02094718327726408,0.016233825114568612,0.021677852029808653,0.018285723068749427,0.014369069450021366
1.0,0.75,0.0007450158292738873,0.0007417857080773693,0.0007185876605441122,0.0006981817576532379,0.000691606052624083,0.0006722671043545292
0.0,0.0,0.9089489241923623,0.8476846995413518,0.7915087890842619,0.9093298384178381,0.848941573131065,0.7937594465144138
0.25,0.5,0.004012443851248548,0.0031753377305107078,0.0024588282904778325,0.004678328407356158,0.0037288200366847324,0.002933133427081125
0.75,0.25,0.04759325944909776,0.03157941844513412,0.021914412480103174,0.0378937270554367,0.024904598965833524,0.01701040618569427
0.5,0.0,0.486444238831782,0.4332678237723717,0.3875582863834792,0.5025787813869897,0.44825186897716107,0.4014768320197364
1.0,0.0,0.0007820738256887338,0.0006722908794452032,0.0007754223660298987,0.0005933819006360697,0.000509986342621449,0.0005747628509464864
0.75,0.75,0.0006363077091577907,0.0003692854313492866,0.0002419814256208186,0.0005043961717056122,0.00029117173951143105,0.00018655420395730093
1.0,1.0,0.014819965331734353,0.012283741725483965,0.009991663730287148,0.014586567051290689,0.012096797855926322,0.009824411694050794
0.0,0.75,0.19772382793473686,0.16296561915863017,0.1454316134234095,0.21048400058479,0.1733447966008418,0.15487771100190473
0.0,1.0,0.5011102405406939,0.38449532949022835,0.30431703638678276,0.48897940804399564,0.37887716825497475,0.30531127102190236
1.0,0.25,0.0020949741284795875,0.001327998731827984,0.000868552487242269,0.0017018578088192626,0.0010802088227540585,0.0006979426543687328
0.25,0.0,0.7711176096133254,0.6724005530060896,0.5649752457088817,0.7701123762405573,0.6710988920662555,0.5633142833336222
0.75,1.0,0.049249496655066616,0.03900818849542542,0.03437807116104252,0.05018737483063651,0.03951271185883232,0.034384423671462105
0.5,0.5,0.3354453440277826,0.21441719983250007,0.1409425644666642,0.3294850873798635,0.2090541935236141,0.1357099664174264
0.5,0.75,0.03151853330099197,0.023602829161444627,0.021249718271185936,0.034686847011838884,0.02598494133443574,0.02319791229281498
0.25,0.25,0.32841915584400694,0.30343296876765946,0.27995699750937386,0.2918057635356429,0.26782026791939817,0.24241184246369973
0.75,0.5,0.0008312678114286154,0.00039597295861737436,0.0002606975080549079,0.0008895321620048247,0.00042034905609655837,0.00027553252153511565
0.25,1.0,0.6350615009037706,0.5003078155479372,0.3448649986235781,0.6597576129851702,0.5252651192263385,0.3680118466604255
0.75,0.0,0.06913103781114593,0.050412567771430994,0.04082559566895083,0.06755500051173224,0.04912613274636235,0.0395059081806346
0.0,0.25,0.795277378203382,0.6829284340046236,0.564893270925266,0.7963009175710651,0.682954120582014,0.5637984890739365
0.5,1.0,0.0001892527272063793,0.00013829661094066914,0.0001261088284288947,0.0001850381765291509,0.00013520871060013206,0.00012465188647658998
0.5,0.25,0.09107339995279662,0.07919740207180803,0.07407147317768681,0.09620274527769701,0.08338287852804505,0.0780885356143659
0.0,0.0,0.8077783790263529,0.6487375572538285,0.5549465964150795,0.8191831282114457,0.6614440856127883,0.5660545403393478
0.0,0.5,0.8031521552775284,0.6983884790284016,0.572012896792623,0.7852585099716152,0.689587804030005,0.5745986567167649
1.0,0.0,0.0004778304403658673,0.00028902864450164323,0.000303446741069191,0.0005549720415728432,0.0003305121976291403,0.0003450035502061688
0.75,0.25,6.196897832311254e-05,3.8264456036829486e-05,2.2405945631076563e-05,5.505170859954056e-05,3.3471391115424964e-05,1.9353897959262234e-05
0.75,0.75,0.002478937532623182,0.001976326921682814,0.0015008213022549288,0.0032471942235581253,0.002600067668717898,0.00199943700074956
1.0,0.75,0.0013007467494688951,0.0010406183389571888,0.0008761658581170062,0.001269319194738161,0.0010156143142984186,0.0008515886847866305
0.25,0.75,0.8165314973163953,0.742665874457762,0.6503353363210598,0.8157735873427459,0.7417919455213755,0.6493684264284765
0.0,0.75,0.2521759014270717,0.18635649959124923,0.12501892975567164,0.24133116625155437,0.17788851166143882,0.11865817197834849
0.0,1.0,0.5834164142889073,0.4608233099571116,0.33335238508535214,0.5493987595959398,0.4274264179311562,0.3018435984691845
0.75,1.0,0.009941434032459728,0.0071229025159778026,0.006653412527447333,0.009846471047976757,0.0070474554153204805,0.006572183300668777
0.25,0.0,0.06901959570477934,0.05520261475628341,0.05763307982898613,0.0653208584123981,0.052366317216357094,0.0549375431049034
1.0,0.25,0.014449172703737134,0.010403533802800569,0.008923150293134618,0.013813208720054648,0.009921949428552068,0.008473024455053269
1.0,1.0,0.0003967269772369164,0.00027958005832329214,0.00013793910752257776,0.0003100277075576141,0.00022161559875577552,0.00010680950195451899
0.75,0.5,0.0025184583391715254,0.0017921652334428329,0.0013899283962257591,0.0026102272542187777,0.0018539084089601587,0.001434321375215708
1.0,0.0,4.4024779598306196e-05,4.316068321985611e-05,4.9339245503432494e-05,4.457520409051341e-05,4.352727577172644e-05,4.951995626967243e-05
0.0,0.0,0.6558107831172947,0.518074254208005,0.39574170588774593,0.6528651353131101,0.5151337995634134,0.39294268482463246
0.5,0.5,0.2435863834253671,0.20349571512607945,0.14538200003362167,0.2276591953774023,0.19033576356435666,0.1349318607954233
0.25,0.25,0.010217418626804253,0.008274869824522857,0.0070153842166591485,0.010183199540224286,0.008207218610963407,0.0068904058840464355
0.5,0.75,0.0026904528516777937,0.0017918075835705594,0.0012009055606654329,0.002498950371659925,0.0016561379392672215,0.0011049190512668616
0.0,0.25,0.01358537175080543,0.009291776420931819,0.006737976046411576,0.013880179799530268,0.009482647383223686,0.006858279058174155
0.75,0.0,0.16629608097361082,0.11691507285979585,0.08656469591742666,0.16291562648045754,0.11481901680106399,0.08525990718207521
0.25,0.5,0.018113059859654168,0.014817807729610166,0.012339671671965258,0.017904709676594743,0.014628712058883275,0.012148616387926525
0.75,0.25,0.03684925452545207,0.03150235701642368,0.023602167637405858,0.03147448841528622,0.026662375082439516,0.019426344171261434
0.0,0.5,0.9658600427321516,0.9095629689163784,0.8140353712040567,0.9686521445621932,0.9145088122782342,0.8212144536962607
0.75,0.75,0.00022642340188339105,0.00018144255967889045,0.0001620335259204797,0.00032551803437841365,0.00026264243639517737,0.00023704982124406193
0.5,1.0,0.03720543336385651,0.022978177505442066,0.015530276542395138,0.02694556151327454,0.01677786350786792,0.011112500820381399
0.0,0.75,0.3121621371406893,0.28430650302609917,0.2516040066332923,0.30269232642161836,0.2761365008122223,0.24358708918551986
0.5,0.0,0.6866388791996938,0.6078767797637334,0.558860408795546,0.6847768942154195,0.6050145614156032,0.5548453248232394
0.75,1.0,7.656629500996104e-05,5.96169642304023e-05,4.40303153750321e-05,8.237882750028458e-05,6.423643677511137e-05,4.746410489375741e-05
0.0,1.0,0.8640534595279585,0.8048788162933903,0.7261375806416444,0.8490354748406742,0.785547609674425,0.69909860803889
1.0,0.75,0.05474998273585274,0.04645680191932389,0.04348399510287826,0.05951700880333588,0.05023657395224779,0.04690800424936448
0.25,1.0,0.05681389340203502,0.04271445894751158,0.03319590181038534,0.057450154199433,0.042983863278060364,0.03328019636970614
0.25,0.0,0.11047743504460406,0.08453582087291045,0.06949914092823217,0.10965120686125107,0.08382996952873367,0.06878543804178472
1.0,0.25,0.0741416860802051,0.04963400387423289,0.034398412229411646,0.07389288374315328,0.049507807392599856,0.03443107057692485
1.0,1.0,5.557460347282994e-05,4.248760279002006e-05,3.679807895717868e-05,5.2170848631183375e-05,3.999481373562208e-05,3.471991913628347e-05
0.75,0.5,0.0026649016588200514,0.0021744510979366805,0.0018940626477658151,0.0021922744901343716,0.001785961375815881,0.0015262936436239993
1.0,0.0,0.0038838147025612724,0.003014473751032476,0.0023821083786136343,0.0027537562214074995,0.0021434275455349816,0.0016739265939870185
0.0,0.0,0.3099582341576371,0.25849470128917695,0.21103947619052477,0.30879212843024684,0.25677151048937086,0.20870936323739575
0.5,0.75,0.13450018946409636,0.10794618908739118,0.0902417150202699,0.18605856647003227,0.14753087912760254,0.12219346105939055
0.75,0.0,0.11107306738645761,0.07763711871057888,0.05491144299541095,0.1003322517105506,0.0697586600127853,0.04870788686396754
0.75,0.75,0.02162815427742759,0.018483372603653514,0.016607300638984412,0.02188938229779147,0.01868792453273449,0.01671779217229119
0.75,0.25,0.008565753502020268,0.007006343457410358,0.006579818722280528,0.01756527277404407,0.014500883190929903,0.013956870896818963
0.25,0.75,0.5396573858248925,0.47323837687580417,0.4194396305685536,0.509599037963257,0.44187357830529184,0.3840987420390788
0.25,0.25,0.025780027373196512,0.019046988014348676,0.01602362345183761,0.02503896858188659,0.018624756525393416,0.015617062648243363
0.0,0.25,0.23147665955343422,0.22887040896340394,0.18984666773870984,0.2326526526639756,0.22777190240792,0.18718419227315342
0.5,0.5,0.06384084499555465,0.04781235130091177,0.03444206795014504,0.06328363320129782,0.047344609870764165,0.03400003693515652
0.5,1.0,0.528467534437925,0.46984572436159,0.4326581425018827,0.5272057282309932,0.4684383126313104,0.43107157982952704
0.0,0.75,0.7926527689218992,0.6506307936073402,0.515488570827372,0.7499083576448136,0.6024955985592603,0.4665192283057703
0.75,1.0,2.3448231536216113e-05,2.179331890084235e-05,2.1865073107196764e-05,2.395019064471704e-05,2.200659087037149e-05,2.203953233914646e-05
0.0,0.5,0.9965555580269992,0.9842932826371711,0.940623420772613,0.9966677784184428,0.9839754768650577,0.9366166973424236
0.0,1.0,0.2422350822219419,0.17461135906412162,0.1363145817762096,0.2359521312872882,0.17161833728732068,0.13590993759122805
1.0,0.75,0.0001780138891507299,8.073020588295066e-05,4.9801954038475316e-05,0.00020493908888807866,9.38753523214153e-05,5.8609550854571424e-05
0.75,0.5,0.02457328930664171,0.015276712810818216,0.01097359605406023,0.02369989266112582,0.014876221922357713,0.010811762338330144
0.5,0.25,0.033959958760919395,0.02639155552224426,0.019740213458141476,0.03315384978135416,0.026039824570580183,0.019601483515729323
0.25,0.0,0.14668847005314456,0.10886785677236122,0.08294890140469391,0.15353823713685144,0.11380337311851252,0.08683220624421173
1.0,0.0,0.0071301661250064985,0.0050544046859086755,0.003982134113815428,0.007664946586434684,0.005428840257212686,0.004282886415055032
1.0,0.25,0.08000696691035325,0.07434544974625978,0.06485707251572526,0.06451763945284184,0.05999155236470821,0.051277679093699735
0.75,0.75,0.035677904572576136,0.022401247349944975,0.015296106230340945,0.03332092457148095,0.02076360298625768,0.014092841972559444
0.75,0.25,0.028304813147621566,0.017529765219561178,0.012123074520541177,0.027748831504639915,0.017394121254066253,0.012175815709943305
0.0,0.0,0.7784622903483815,0.6275965338415388,0.45879279981204124,0.7715518465739444,0.6183722444812987,0.44704477428905054
1.0,1.0,0.00016863142124834418,0.0001239146931251156,9.565016022117234e-05,0.00019957524273062077,0.00014489679592100124,0.00011074745221339999
0.25,0.5,0.30994470852400635,0.21277197458228037,0.1428667698240531,0.3044170427070132,0.20947636341911635,0.14154093803111922
0.5,0.75,0.5602370898165985,0.4421301050609956,0.36700596816690845,0.5541319447008952,0.4361062321292142,0.36075276827865344
0.75,0.0,0.023731238392546428,0.01840788655573733,0.015336645504385182,0.02110669752190053,0.01635587998944299,0.013570225208371256
0.25,1.0,0.5057189912209746,0.4232149376365405,0.35621763489867575,0.5374146035254036,0.45714126835119373,0.3923453005342291
0.25,0.25,0.0458121400321565,0.021163666585389596,0.012094119066189846,0.04743771348543302,0.022087655129482853,0.012702096926695106
0.0,0.25,0.9503243097871341,0.8639700644115691,0.7333866165783212,0.9558246518761484,0.8768018463383325,0.7555291386899896
0.75,1.0,0.0007261057794794024,0.0005124617172586055,0.0003009796108592866,0.0007334383985759807,0.0005168968061919355,0.00030251914654488843
0.0,0.75,0.22652846351720823,0.14893431077653052,0.12157828584731456,0.21413629779587784,0.1397828021833213,0.11348828892738783
0.5,1.0,0.07029281980401603,0.05007339232518582,0.03642906349707897,0.07062019172607648,0.050263772974101006,0.03652000093650787
0.5,0.5,0.9596436851498755,0.9014052021936692,0.8222070663417066,0.9587568905607016,0.8997799451713202,0.8199044817323885
0.0,0.5,0.063558299940361,0.04955638476337665,0.03938816654193511,0.06891375904722741,0.053869661147905035,0.043054741452883016
0.5,0.0,9.35466301920096e-05,6.909956991096866e-05,5.2903836066042764e-05,8.850306552221632e-05,6.565611178033226e-05,5.0349758617951323e-05
0.0,1.0,0.8118751193336379,0.731725689142688,0.6814457261460642,0.7870507554313027,0.7031630846044395,0.648746505319423
0.75,0.75,0.07203168299583407,0.050461769062216444,0.042806900408688286,0.08595980291904526,0.061069153068479376,0.052745064684298404
1.0,0.75,0.0032674286875243874,0.0026002697557208077,0.002091828804254736,0.0031090661597175107,0.0024656655172844433,0.00196348399976487
0.25,0.0,0.24788390349445522,0.1830441814885433,0.13534137817830394,0.24967512263631408,0.18465258515321747,0.1365577812757437
0.75,0.5,0.0003965144341334659,0.00027859036060973175,0.0002224228543039608,0.0005114287526845063,0.0003544045959946729,0.00027704332659306274
1.0,0.0,0.00013357946334013882,0.00012663569502380234,0.00010329032647060643,0.00016493818651064363,0.00015553144248303674,0.0001275841222578844
0.75,0.25,0.007550305079980335,0.0064872523390417935,0.005517902025433008,0.007812342254634785,0.006699616611737458,0.005694975923492329
1.0,0.25,0.02382615993882453,0.022124551182277852,0.017919970535104524,0.02338747361918536,0.021839434205894404,0.017671622034066692
0.0,0.0,0.40823017777846227,0.27655578533001235,0.20470208469703932,0.40663083298455505,0.2750556146752732,0.20293168613671564
0.75,1.0,0.007144965862146302,0.004527484193987075,0.0036662870489418964,0.007300297107976972,0.0046431935882540465,0.003784173691907422
1.0,1.0,0.0001332770886969259,0.00011148072700040146,9.31956127496747e-05,0.0001644701394198922,0.00013686212509600448,0.00011473141940676612
0.75,0.0,0.17981045060014478,0.14084156645765922,0.11850870820287207,0.19237432410509536,0.15129553690617292,0.1280701445610416
0.5,0.75,0.14885950406855863,0.11754065884481024,0.09141200829872087,0.14160793711610076,0.11173898072184674,0.08651369072680137
0.25,0.25,0.3223999560302643,0.2238850442636785,0.1536615249562313,0.3173013369079454,0.21832595820989142,0.14770100294467603
0.0,0.75,0.5395506748561977,0.4532348177133867,0.3722361657883607,0.5105529859206345,0.4270903378609464,0.3487521650053551
0.0,0.25,0.9943985041305501,0.9823892829125132,0.9555139560074906,0.9951525085332826,0.9843060038527549,0.9600011029233864
0.0,0.5,0.3835530392436066,0.2808355206944708,0.225491260138314,0.38270910603655506,0.27938502639686424,0.22360974523955734
0.5,1.0,0.004477025645919563,0.0037391723376258845,0.0031592706135809,0.004974501405293985,0.004196640061395307,0.0036075191390800843
0.0,1.0,0.11725935163150225,0.10722331571027899,0.09845865612039195,0.11926534182414938,0.10926154700556401,0.10066103817138472
0.5,0.5,0.3397044640765232,0.2571054076450112,0.22566860275290046,0.32138995985147867,0.24124016749377697,0.21067680533623823
0.75,0.5,0.0008423316352972332,0.0006593881580312377,0.0006496065036596388,0.0007069605155640701,0.0005542209814992649,0.0005406080354857234
1.0,0.75,0.005034251840239312,0.002958853975142728,0.001967042809300379,0.0050635205775231285,0.002960830336810827,0.0019528426638113494
0.25,0.0,0.15065586317928537,0.13215853152506063,0.12113457005782202,0.14711141011840267,0.12868680349836814,0.11735975295923329
1.0,0.0,0.0009237656137829342,0.0008143955095214483,0.0007488700146038862,0.0010860906421801264,0.0009610038391827391,0.0008973170946933173
0.25,1.0,0.29165534129614734,0.25399207243835675,0.22110426645140924,0.315247270275107,0.2768536345026007,0.24370336551278093
0.75,0.25,0.0003345343205529705,0.00024761876745937883,0.00019279869482158318,0.000349577375710064,0.0002587885743241536,0.00020056890343489453
1.0,0.25,0.0006312372977269609,0.0005689305475948814,0.000458100126447758,0.0006505013569867435,0.0005856084030984032,0.0004647972534351785
0.25,0.75,0.8630216587614513,0.7893025110754038,0.7099667437325798,0.8662183657763457,0.791930367322218,0.7111023458943725
0.75,1.0,0.06781684813459621,0.04869820857368534,0.033970657381329095,0.06989497541536027,0.05017750965814949,0.03491294998902661
0.25,0.5,0.027742753036434253,0.016864163303888735,0.013480348174270795,0.02689014678035595,0.016296850074161373,0.012972071286793563
0.0,0.0,0.4567518379468114,0.3768544114729815,0.31935568848545204,0.4323159104499247,0.3557744531211319,0.29942846388869593
0.0,0.75,0.6739423812452208,0.469795145245128,0.29931076700152204,0.6829642257586304,0.47968201558727475,0.3084912142961802
1.0,1.0,0.00031694199516940635,0.000280256349720287,0.0002782334855429003,0.000294463693939373,0.0002607400626314371,0.00025615068839635047
0.5,0.25,0.05049740639621003,0.03329144150791696,0.022432941842487564,0.05019446880987921,0.03306018694340307,0.022232085812630142
0.5,0.75,0.16874511854390373,0.13381168788708253,0.10884483526387556,0.17038452329473763,0.1349358625063536,0.10943973860718081
0.75,0.0,0.008069067994701085,0.006121161154603039,0.003994932324777878,0.006805588866771073,0.005169816585099518,0.003430274259009769
0.5,0.0,0.6946459064480879,0.629991927340716,0.5929763496932573,0.6933941319239028,0.6284885505836227,0.5911310834691128
0.0,0.25,0.844196922135739,0.7381160203077083,0.6330830272610082,0.8432081289085868,0.7378874865792795,0.6333111776609719
0.0,1.0,0.463949333146075,0.34525634805399363,0.2713505575828269,0.4583936790646187,0.34185883341764023,0.2688591996282248
0.25,0.25,0.3141570615937681,0.23858050497699146,0.1989418319769054,0.2823456618690211,0.21408864353406853,0.17889637717606466
0.75,0.5,0.0006266336177894738,0.0004989438779967603,0.0004178036890181147,0.00046532788226993915,0.00037315148378413987,0.0003107901135044333
1.0,0.0,0.006425230765532586,0.004277828861648514,0.002839270512328129,0.0047630656301225205,0.0031233162138204484,0.0020542191638511786
0.5,1.0,0.02010552668579446,0.021359768961119574,0.021992749549015533,0.022954212060210644,0.024244239458181438,0.025136761431049814
0.0,0.5,0.12782652048268262,0.1039708378323645,0.09506439850068493,0.12965832038101432,0.10555015554269753,0.09666819971987839
0.75,0.25,2.1856128488928483e-05,1.996240941670724e-05,2.302099058670848e-05,2.241886778375779e-05,2.067760187074441e-05,2.3714233933214146e-05
0.75,1.0,0.0027406165025578577,0.0019112321308747404,0.0016764067128086646,0.0026737500269476966,0.0018652064551111236,0.0016319895554762764
0.5,0.5,0.17190064236495495,0.13605364299261224,0.10872950050623298,0.18111846668938492,0.14377386764796107,0.11566607992943956
0.25,0.0,0.1093241624916923,0.06534358846789856,0.0451096811969357,0.10829101143939057,0.06458961729349377,0.044446696571967204
1.0,0.75,0.00012453393630162957,0.00011414142089083423,9.911361796521856e-05,0.0001163655513423123,0.00010479105351102191,8.958249631985105e-05
1.0,0.25,0.018242728974525724,0.014589116519855505,0.013143379526924903,0.017521490296747766,0.014023883560608907,0.012601070055488606
0.0,0.75,0.4958470210287681,0.4117741480269481,0.3723105122596042,0.4894071674497229,0.4120430362784563,0.37858710898500925
0.0,0.0,0.8686591938576588,0.8057379520522716,0.7187570959177405,0.8682649271194083,0.8050892955281193,0.7177234976201833
0.5,0.75,0.03234053410935789,0.02521384769191315,0.01882838287122457,0.031318820033826245,0.024266822859833614,0.017907477042618414
0.75,0.0,0.023240774208103776,0.01349750869669819,0.007345702075809868,0.02133567798422331,0.012284515506506333,0.006576725373391601
0.0,1.0,0.3802548236815403,0.30829552851330844,0.26767036039072445,0.3788202430364336,0.30678772410975685,0.2658877001802564
0.25,1.0,0.11412600642556436,0.09166590110058781,0.06513104070470155,0.11280099626517792,0.08969761391486375,0.06292366179908371
0.0,0.25,0.7156705317841203,0.5714580265380007,0.39611033527483874,0.721647601207118,0.5771823687183346,0.40013315211545053
0.75,0.5,0.14889202514162614,0.10563768089175896,0.0909858939800049,0.1410142433061865,0.09967263140272009,0.08550830626421058
1.0,1.0,0.00019810827239730155,0.00016478465259028852,0.00013591684121361247,0.0002770771129532168,0.00022595003621295184,0.00018578011047043486
0.25,0.25,0.05692808951464401,0.04751640586192596,0.037768267952138945,0.05452105272396768,0.04626046742930168,0.037198419781478975
1.0,0.0,2.9138090077984735e-05,2.3254482022005973e-05,1.8709662634175395e-05,2.9584871636956223e-05,2.3602167560143883e-05,1.8981368575143875e-05
0.25,0.75,0.20089464542878432,0.11551692477390563,0.06315955813489327,0.2562352388948552,0.15078441778484086,0.08524408092328806
0.75,0.25,0.1425586775040003,0.10945857010312032,0.08212721537328527,0.1488126460832777,0.11465839132022826,0.08641450305712972
0.25,0.5,0.07200311510976332,0.05184674308960613,0.04049508825185577,0.06903505746769711,0.04962166302304294,0.038498239998494
0.75,1.0,0.033412936486663214,0.026566946161904914,0.020622379813098224,0.03185856831066769,0.02519229699715564,0.019507687409651586
0.5,1.0,0.1466981419896185,0.09943422327527884,0.06446961217246927,0.14471026114430374,0.0975309384677846,0.06273338847770726
0.25,0.0,0.03075941021148343,0.024518696618553437,0.01780632301652363,0.0314566510633526,0.024960076005132614,0.018067225074502424
0.0,0.5,0.6761655317837614,0.5940073203327445,0.5319788357788656,0.6681815073165637,0.5855309464640132,0.5223957319020341
0.5,0.5,0.013507096840876809,0.008761450719575237,0.005426946216162354,0.013461280286313548,0.008726420965317061,0.005384768997555467
1.0,0.75,0.003078379126614683,0.0018974609634094808,0.0010841773988005121,0.0035214899300257674,0.00217521770390694,0.0012543099460755602
1.0,0.25,0.004287251049237328,0.0033059031662203697,0.002698834237965908,0.004684158185612519,0.003747457450816838,0.0031963867697950565
0.0,0.75,0.612901981240331,0.5013090627696363,0.4157420995701935,0.6049392233325478,0.4924138632064524,0.40577788760824063
0.0,0.0,0.30049738792480074,0.24987521740069396,0.21027768752648512,0.38344034298735064,0.3217733416814408,0.2755273782728074
0.75,0.25,0.04652863075391178,0.0342987311079056,0.02986431399441103,0.04515827145824303,0.033266209030940797,0.028882849115884235
0.75,0.5,0.0010366750569291705,0.0009096560259338471,0.0008509923697788135,0.0013605601136996714,0.0011857244140471845,0.0011158694246130585
0.5,0.75,0.4142574431352235,0.3436558492006969,0.27151456891739245,0.41343963688442975,0.3428953717874629,0.2707238152870791
0.0,1.0,0.6812763551184847,0.5614785903431972,0.44943230964858605,0.6778188831954123,0.5596177950187002,0.44961295361043374
0.5,0.0,0.15893483534723574,0.133888513795282,0.10305467244644739,0.16570951076553975,0.1402167656496468,0.10767155685879537
0.75,0.0,0.5585460999438838,0.4140582455748445,0.27344001153167286,0.5568760886498484,0.4122904747693248,0.2717072762771289
1.0,0.0,0.03813700289634303,0.02875577228342696,0.02450765818225653,0.03624298079211019,0.027984492863058597,0.024551248415369153
0.0,0.25,0.27465915454629486,0.23407337798635475,0.1934733504363768,0.2919726415557704,0.24935418780717888,0.20606653679551823
0.25,0.25,0.5484355469222337,0.36944324336267986,0.2152418521465167,0.590103089899056,0.39229309533555434,0.22087475113802757
0.75,1.0,0.015630378652766286,0.013119529384487683,0.010208001831698232,0.015297521262188862,0.0128753037514312,0.010011439981666426
0.25,0.0,0.041706977843961046,0.029167917963819123,0.02015919734231253,0.04707468878111787,0.03345409110424469,0.023581156893945576
0.5,0.25,0.11309455663879042,0.07728982050514666,0.05992455247575501,0.11215756244249042,0.07724598892002188,0.06027142027507437
1.0,1.0,0.00017545042804789635,0.00014042589034723996,7.893420899007797e-05,0.00022715107960824543,0.00018614945210060352,0.00010434022695671175
0.5,1.0,0.33790610953168443,0.2475746528334275,0.17788986239253635,0.3277190263873969,0.23722730126515024,0.1664084211855238
0.25,1.0,0.10792259851746644,0.08193689192184805,0.046801076357069094,0.0844768833761006,0.06329604586618087,0.03379659599132001
0.75,0.5,0.0177886474502984,0.013103494089888645,0.011737971625643828,0.017367243161875434,0.012829109760001733,0.011511780214751521
0.0,0.75,0.15249365956501482,0.09015809576933298,0.08025482245522153,0.15166414834327135,0.0895492307896828,0.07956297309606364
0.0,0.5,0.042443197828987755,0.03647331213169336,0.030518490776291207,0.04242704690862542,0.03644275541917574,0.0303974099113391
0.25,0.75,0.008471441407612357,0.007029580008737324,0.005738202757267885,0.007368215996162331,0.006102965717593056,0.004927779892766271
0.5,0.5,0.03656585306394067,0.027766186384012292,0.019509993083950405,0.037148496994603764,0.028312313702373193,0.019985430988255448
1.0,0.25,0.048278660687282926,0.04023612041636426,0.03677806435570752,0.04957060722906026,0.04131714349277682,0.03777420809641463
1.0,0.75,0.0033058308248863355,0.0023075519243578313,0.002440961706934419,0.003265946164005884,0.002281675369768865,0.0024132974305488553
0.0,0.0,0.5914096201076928,0.4845412047826919,0.3950658259329689,0.5816426495710506,0.4755262107783328,0.38602902996849786
1.0,0.0,9.676753488285783e-05,8.391211329561443e-05,5.9101726004762156e-05,9.366545350131261e-05,8.134599171794044e-05,5.732826390092427e-05
0.0,1.0,0.42362102643348787,0.33634078322211536,0.2849675966133718,0.4250396018544922,0.3371084084036513,0.2857140842686633
0.5,0.75,0.004441505114814559,0.0023705361921575463,0.001558359320230629,0.004315818374240443,0.00229675872589552,0.0015077342352820544
0.75,0.0,0.005743660294922015,0.004224141647640511,0.0027981919826628454,0.005870569086491528,0.004306606181059491,0.002844934376509234
0.0,0.25,0.3974128313514188,0.3215452254480178,0.2345530693913629,0.366098447495828,0.29356534713356897,0.20964844435123298
0.25,0.5,0.016220047181007113,0.011887528827208671,0.007806519050577387,0.016359462973197347,0.012019384215357864,0.007896246321094758
0.75,1.0,0.10615810306117557,0.07746157887664973,0.05770573283472902,0.10643002354596143,0.07772992986686211,0.05743302713928644
0.25,0.25,0.2492377783445906,0.18585040416728404,0.13654497436334634,0.25281666156460725,0.18796839272499954,0.137302852897343
0.75,0.5,0.03878739831770983,0.02249631826573517,0.013003249266485994,0.036891294159619004,0.021423949935674536,0.012360284673009758
0.25,0.0,0.2436746196639219,0.21403866948667982,0.180726520080411,0.24928748344366647,0.21952589442424242,0.1861465450138141
0.5,1.0,0.004198853182631135,0.002815946445337225,0.0022500872865227617,0.00406264949512658,0.0027305030316462364,0.002174919312783352
0.0,0.75,0.39359381507432656,0.34776228886962435,0.2997896008873814,0.41513428210833003,0.36746693838087974,0.3181387622758737
1.0,1.0,0.018088215269711827,0.015462504319255554,0.013260215570569,0.02039747901985889,0.017511517590795167,0.015253051500587644
1.0,0.25,0.004823410689289931,0.0038123268832574997,0.002971115916176492,0.0060273247542581565,0.004756328252500386,0.0037708541620029568
0.0,0.5,0.47197299102025725,0.2834280577113416,0.17758254491237868,0.484602474195442,0.29549896195318526,0.1891765112815662
0.25,1.0,0.658824562671937,0.5334680715869904,0.4335436806875562,0.6619529175623418,0.5370690061285577,0.4374397757828047
0.5,0.5,0.004636922999771809,0.00334691302579726,0.0026200674446643646,0.005028918366603685,0.0036215179054425173,0.002842106962541613
0.75,0.0,0.004235378364418008,0.0030276180498569616,0.002475436417884058,0.0052077619401667,0.0036674149325256478,0.002947613551895545
1.0,0.0,0.04310032690701626,0.027048917972113617,0.017727774729913492,0.039203073613135686,0.024529735572214495,0.01595709223060804
0.0,0.0,0.6825288374289147,0.6185435453943242,0.5605893068280894,0.6964081090848895,0.6329519721816166,0.5769360296506993
0.0,1.0,0.7144012382739325,0.6311021106365052,0.5512766611847009,0.7136574689500925,0.630762823929363,0.5504545935949571
0.5,0.75,0.054728261258745636,0.04796619421289716,0.04052410410310503,0.051081472593880295,0.04478957638976677,0.03776837104130615
0.75,0.5,0.21033535416425564,0.14460663087423486,0.10596627575234008,0.2021991956097664,0.13869493386883014,0.10113956995852025
0.5,0.0,0.06997768052851461,0.05027916015221012,0.03136282487053177,0.06662025605116384,0.04790538201975969,0.02982570075079949
0.0,0.25,0.3187889328575506,0.2390347672214277,0.18372398095571774,0.3271970764187404,0.24564612737525438,0.18905925673566337
1.0,0.75,2.417995764836256e-06,1.5219482168982168e-06,1.4115971442851816e-06,2.7496822628814144e-06,1.714971410438082e-06,1.606624553840419e-06
0.75,1.0,0.005379977407831915,0.003586460455713647,0.0022072598918934094,0.006899511730414254,0.004583257458190881,0.002858169035933056
0.25,0.25,0.20200243906241888,0.14765729398109073,0.10875420523865276,0.2012416924952699,0.14696652777932628,0.10816797008909007
0.25,0.75,0.028658497642771286,0.022857087770091766,0.02010211538378237,0.028792080426084388,0.022825324462678376,0.01988892526486552
0.25,0.0,0.05774297868387901,0.04229260064496576,0.03758239760645321,0.05187271990485409,0.03826769828767018,0.03444173716629073
0.0,0.75,0.8501979773124497,0.7801331643383935,0.6954383774576509,0.8477199662578515,0.776867795367206,0.6905891721732541
0.5,1.0,0.009606666183847756,0.00852179356822158,0.008281927308514958,0.010626697230360582,0.009374559881024869,0.009072714850305141
0.75,0.5,0.0018337338083840304,0.0014395008036505175,0.0008458517645143493,0.0017417545400211232,0.0013830852460432475,0.0008156066139293205
1.0,0.25,0.03536888490411916,0.03199900836776548,0.02614010434612213,0.0400816609982394,0.036598606390254695,0.030456918447893333
0.0,0.5,0.03347447939466486,0.025050212128758798,0.020367052867220736,0.03162331526239337,0.023662547663746536,0.019166315981091975
1.0,0.0,0.02866070590463088,0.01883159715478766,0.014492192933706738,0.03235207068917223,0.021353313961136045,0.016503969874657187
0.5,0.25,0.03328319623716869,0.028122049280900896,0.022815479525173155,0.04173376877264123,0.03495687379211887,0.02917950465493213
1.0,1.0,0.000813764937180661,0.000692019974779079,0.000568307372669441,0.0007051321901107022,0.0005986122224607149,0.0004920704998583325
0.75,1.0,0.1960154573213262,0.15946306812224864,0.14256440011995863,0.20974091405869388,0.1702253204772296,0.1502802689185163
0.75,0.0,0.0010922860141665547,0.0009958393286687572,0.0009115772414500789,0.0010517940080525534,0.0009578423131271219,0.0008724925902304781
0.0,0.0,0.5763299660693365,0.5357083142031605,0.48753691406557365,0.5826360694617851,0.5411715106752353,0.4924842059579442
0.0,1.0,0.798036540340092,0.6770617167624354,0.5417435450390241,0.8073213086341429,0.6906564360976168,0.5596296039694422
0.5,0.5,0.0012320600506313673,0.0012012187847901812,0.0012471032271009763,0.001174124509416563,0.0011585268060290144,0.001206796766180851
0.5,0.75,0.052424371731946584,0.03850666765422961,0.026073427997410636,0.062236584353638325,0.044810454546582834,0.029928445448587082
0.25,0.5,0.0008005737638785426,0.0006742284773108009,0.0006005433024077744,0.0008457214316390793,0.0007150024418181022,0.0006426563792044648
1.0,0.75,0.006108432352011306,0.0035288096928188795,0.002405757879133441,0.006276627423216885,0.003605125145099475,0.002439101457928805
0.25,0.25,0.4525109543605922,0.3803155908608269,0.2943687471529437,0.4458741745813708,0.37424030486932036,0.28978821944347655
0.0,0.25,0.7906571065787138,0.6086566565865508,0.4471159176205233,0.8032507365964345,0.6200816436074388,0.4528294530836994
0.25,1.0,0.27092269407563896,0.17887343065082373,0.10801482875474866,0.18482381630858802,0.12053030516219665,0.07009574130926599
0.0,0.75,0.24354093882234973,0.19959176179298477,0.16418615454674468,0.24317030523226424,0.1997576506941604,0.1646958930845167
0.25,0.0,0.021385080430810444,0.01751635270249996,0.014498189640794412,0.0237952468593583,0.01936292703115905,0.01594285915160243
0.5,1.0,0.004064978714259926,0.0034182084638814114,0.004030117000885847,0.0036598860422512036,0.0031113655865423473,0.003689912037055265
1.0,0.25,0.02740954169776566,0.021898055617066703,0.015377273004020697,0.029121199788903818,0.023339117037904256,0.016516427289811064
1.0,0.0,0.03748031378928762,0.023826517321752227,0.017352401633801917,0.03518625607863124,0.02236466345179222,0.01625252877474881
0.0,1.0,0.3029313549844628,0.25175643127956704,0.1972902376032749,0.34041564045109296,0.282790821027908,0.22209824356669194
0.75,1.0,1.102383150741737e-05,7.2940148592159915e-06,5.983351529792458e-06,1.1382056533282281e-05,7.529954393348248e-06,6.174928547153513e-06
1.0,1.0,0.0024305338378703967,0.001727931567231833,0.0014346263939861714,0.002670458967331868,0.0018847873960956552,0.0015598353719680214
0.0,0.0,0.311503559563161,0.23214149326043287,0.17595285823841222,0.2911504042289814,0.2156056072213136,0.1611537023495877
0.75,0.0,0.002767689474140078,0.002315089282426186,0.0015933622869699349,0.0035236115355039566,0.0029475295970688986,0.002061027900903012
0.0,0.5,0.1378531899497879,0.10221273794909502,0.08738030336425961,0.1362998335165322,0.09721121718458692,0.07981642011873369
0.5,0.5,0.09345507326627434,0.07751446599193601,0.07366532016090199,0.09229710704813587,0.07650388098496363,0.0726302343696058
0.25,0.75,0.9519310233167081,0.9110909449824098,0.8674977278559082,0.9434665460325922,0.9009263697190178,0.855044413445162
0.5,0.0,0.0009847944501870654,0.0007983456343773065,0.0005822853304116027,0.000949635056315179,0.0007696430375373486,0.0005586345060182296
0.5,0.75,0.01641543697394754,0.010097596984434243,0.006493522498252302,0.014776629320766288,0.009013839505303434,0.0056790143686216155
0.25,0.25,0.28733848681497787,0.21883891021949764,0.14970004278011695,0.29430204368939816,0.2225560743991023,0.1514158068356115
0.0,0.25,0.32017497858691535,0.29146159966966523,0.263900146917053,0.31665499471607883,0.2879720139498885,0.2601133528023767
1.0,0.75,0.0009001148776484058,0.0007001305841154437,0.0006119030903188882,0.0008758197017275648,0.0006798976297291981,0.0005938161157174049
0.0,0.75,0.6492313564248606,0.5928220207090491,0.5529126386263551,0.6519505334818607,0.5958805915871757,0.5559442749642324
0.25,0.0,0.15958093493941883,0.12064319302606574,0.11240839058085395,0.19709290927140022,0.14773567026087076,0.13638718008667539
1.0,0.25,0.00039961923796205667,0.0002670484535154394,0.00018782873336387063,0.0004411629170730791,0.00029940390452498633,0.00021395522088796248
0.75,1.0,0.000915771110541197,0.0005856959151850916,0.00040129201281247084,0.0008337579654570382,0.0005313272832641047,0.000361851418723691
1.0,0.0,0.004611918559635164,0.0033080731390016105,0.0028992666546423518,0.004449528048166451,0.003180098142722354,0.0027728353234212078
0.5,1.0,0.007110384325321961,0.00529209092813121,0.004591522016395233,0.007064482683700857,0.005259417127406518,0.004553600958973392
0.0,1.0,0.4589539235721425,0.3632816594582009,0.29493352295117525,0.47744067759925757,0.38416807722319146,0.3156739202022525
0.25,1.0,0.8965516702773917,0.837695352683186,0.7876138051552145,0.8858137391637595,0.8238010108783458,0.7712919832147298
1.0,1.0,0.008515724951147163,0.006072834784842218,0.005412661185610013,0.008481531670164966,0.006039216786453472,0.005365242383305269
0.25,0.5,0.555977941970873,0.445610328823284,0.3589325791842928,0.5786309383456345,0.47057207517051003,0.384690690094768
0.0,0.0,0.00870660449203764,0.006842901255070033,0.005132762201908392,0.009084758985011265,0.007195889645561726,0.005444160811850729
0.75,0.0,0.09047281199186119,0.07045562741945377,0.04630412632135705,0.08474743054085332,0.0664220961064742,0.04374551064099386
0.5,0.75,0.014677584919122078,0.011386980908449917,0.010373426493600513,0.01349890747457616,0.010450289009985791,0.00952040471588289
0.5,0.5,0.09167168425586891,0.08470257423431982,0.06569439818210365,0.08910645624427327,0.082372638346635,0.06363037057519594
0.0,0.25,0.6095358035576741,0.47921945687061474,0.3863659758550102,0.5925544215518681,0.46352965500873966,0.3727837940524503
0.0,0.5,0.9862754068746917,0.9650555141288147,0.941505199266217,0.9863397147414849,0.9651522686907482,0.941694708631143
0.25,0.25,0.518807375217489,0.3668553648753651,0.2939490867458777,0.5049433412894786,0.35703717916907707,0.28699134543227367
0.0,0.75,0.414186156837256,0.34168352791748646,0.2441034326049505,0.3257975508085107,0.26682431677070684,0.18572203636881546
0.5,0.25,0.018492079439550224,0.012617863422580644,0.008073366958893491,0.019304940010829497,0.013282502709265787,0.00860660986551165
1.0,0.0,0.09430640048661731,0.06946428033367313,0.06485205840951358,0.1018336313134286,0.07618827005678552,0.07235966922426962
1.0,0.25,0.014410142759007094,0.010269661957383991,0.008043077814662736,0.015994788467444954,0.011331732758530388,0.00888582689872619
0.75,1.0,0.10693453817311371,0.07717449004557919,0.06435983423921143,0.1047066686976229,0.07420199927020854,0.060633856727902447
0.25,0.0,0.19449722592681717,0.1655578241228064,0.1358150820609657,0.20509597122912093,0.17427216289368652,0.1428990034552302
0.0,1.0,0.8764599409181412,0.7534728312915935,0.596860540003995,0.8503814783275481,0.7210877210804172,0.561355034678409
1.0,0.75,0.06423809728280683,0.04848227476103173,0.033455529495393765,0.06524617509063013,0.049245264033567104,0.03411545449512887
0.25,0.75,0.3675684871077587,0.2865494311555792,0.2203882466807323,0.4198100686605232,0.3387148318152241,0.2710600593946979
0.5,1.0,0.5297941886949382,0.4194645414744884,0.32546506561127586,0.5302389857896799,0.41984485389155357,0.32558939004583065
0.0,0.0,0.27747390417859574,0.22304504856357732,0.16669345104317235,0.2704138697309062,0.21663386334218004,0.1614845219892176
0.75,0.0,0.09460630935745984,0.08061911395827048,0.061827979218861295,0.11193920740543717,0.09404053982361638,0.07173277493316987
0.0,0.25,0.17515641774062685,0.1338985121595827,0.11142957333975967,0.17731379865654306,0.13559349290468647,0.11292027313026909
0.5,0.5,0.1140715201428173,0.07270043144016625,0.03785289358159538,0.11244958526735327,0.07533827382392577,0.04281158385201134
0.25,0.25,0.3455473483120215,0.26723508094081905,0.23824577578352502,0.35062449053342315,0.27222354686170824,0.24241207764188122
1.0,1.0,6.231204807616297e-05,6.509525814935024e-05,6.577644751715184e-05,6.029764279102956e-05,6.299007032550819e-05,6.34908825080105e-05
0.5,0.75,0.014438841722662077,0.011063564296009742,0.0091289169561235,0.01465775096365507,0.011160891311188026,0.009164587059469764
0.5,0.0,0.22072479236950626,0.20657552369404564,0.17745981624321583,0.2209049605319895,0.207435248072103,0.17796777690521182
0.25,1.0,0.16892919897438108,0.1306434601085471,0.1049323516303372,0.17116814438890793,0.13244435134185362,0.10633209847157721
1.0,0.0,0.00013535533442254888,0.00010415902729188353,7.812934505846414e-05,0.00014319972403586956,0.00010973938463187949,8.190518651207679e-05
0.0,0.75,0.5569903293433816,0.47080993571198526,0.3998920848925511,0.546394484379022,0.4623569984941275,0.39245207080895017
0.0,0.5,0.600270259588749,0.511826750223521,0.46362598778078257,0.6171693470845101,0.526897287235786,0.4773427042043642
0.75,1.0,0.0025059049217458496,0.002209383712487023,0.0020069321280483665,0.001490697119264306,0.0013462373754519197,0.001227886839259451
0.0,1.0,0.22338183898157404,0.1495589024381404,0.12033188015870644,0.2135711382261678,0.14539986858474296,0.1196228213955034
1.0,0.25,0.07271321161635314,0.043118211705041265,0.03041916680043255,0.07186144190374888,0.042554373183553484,0.029949277650682338
0.25,0.0,0.0048385811917935895,0.00398976353949454,0.003327675668880037,0.004785041504276499,0.003960924071900296,0.0032984848039772086
0.25,0.5,0.8522913282809583,0.743012974042379,0.6047237646931771,0.8474914867887293,0.7378348370222536,0.5993785165549024
0.5,1.0,0.022747898881229744,0.01876519148368838,0.01486540433914163,0.023713675368921106,0.01944497499109632,0.01539546394612612
1.0,0.75,0.0003964154446171042,0.00021640404347111897,0.00011287169868001712,0.0002753485870639061,0.00013976052693753793,6.659513626605662e-05
0.0,0.0,0.29161368966819423,0.22921964169098108,0.16610590807411185,0.2933280576457862,0.23045490508005928,0.1668973825839255
0.75,0.0,0.16725176829765587,0.10137348294689286,0.07153071888525964,0.17656344945909863,0.1081813294209868,0.07729528252758266
0.5,0.75,0.7087296048954741,0.6260011745249242,0.5474511151341421,0.7025091091738085,0.6198690543587113,0.5418159068687951
0.0,0.25,0.9386720517881146,0.867515649184062,0.7833054838636128,0.9336478046592788,0.8572441220541885,0.7667587426661626
0.25,0.25,0.6789201838737269,0.564137788704701,0.4522489607217899,0.6778663153324033,0.5629195314366091,0.450820286869106
0.25,0.75,0.039774930960513655,0.026230356280516287,0.020533750714883725,0.04371511303853515,0.0288878492729141,0.022752812784787135
1.0,0.0,0.004400329921866675,0.003095543138543655,0.0021138638383225716,0.004407813307482744,0.003108065250874703,0.0021316994472851958
0.5,0.5,0.5397081359903015,0.4209300277604805,0.32083907524620725,0.5613956944083074,0.4426486587002497,0.3422184480575847
0.0,1.0,0.2794491470817152,0.2189098717341984,0.18977420755359042,0.24128068276234083,0.1890964158900894,0.16437118169402176
0.75,1.0,0.003045430315081088,0.0018398439591045257,0.0014663718977054874,0.0024706715512647914,0.0014916310000283595,0.0011733400341142897
0.0,0.75,0.7536215983241752,0.6487263776978529,0.5564623893478234,0.7512214349378834,0.6439164683049041,0.5485392475322451
1.0,1.0,0.052432316890249964,0.030148513523906573,0.020382812237660475,0.06451264699771042,0.03746253260978405,0.025599327613602285
1.0,0.25,9.784456500572247e-08,5.900061528230083e-08,3.6155187066455596e-08,1.1222766904683823e-07,6.789974071885752e-08,4.176576196002202e-08
0.25,1.0,0.12118487472525563,0.08265440683685399,0.06381023314539158,0.11638665846360141,0.07948285613881079,0.06152706444419853
0.25,0.0,0.009156700471174672,0.0058890373840134735,0.004087680275289718,0.008458373421945109,0.005377999271305445,0.003702306153869017
0.0,0.5,0.45031690510674416,0.4057721931401628,0.38153387908328984,0.4436107660338108,0.3990959203969958,0.3746741623091767
0.5,1.0,0.3003890439452912,0.2533423093474152,0.23098762177933774,0.28594537589043134,0.24077107671800269,0.21883562519842015
0.5,0.25,0.03634943608029295,0.02608627359685256,0.01630583432543342,0.03762944726345718,0.027096661176921222,0.01701674794974939
0.0,0.0,0.32959871406813446,0.22112705873718252,0.14726822528982741,0.3128861527524014,0.20822869277196887,0.1367469696899254
1.0,0.75,0.0002588062582903339,0.00018085097006648176,0.00013248845815427845,0.00028280898502952567,0.00019717823896070463,0.00014400223976540616
0.5,0.75,0.007141505801131043,0.005126427948363155,0.003939947228042584,0.005495191738346117,0.00392643940046411,0.003002177647858817
0.75,0.0,0.07039276659546256,0.04986277593693289,0.030132241802225068,0.06974029267326909,0.04934831586050714,0.029748005460089266
0.5,0.0,0.03283071566668094,0.018513393364561148,0.010678388275981776,0.03339222977633194,0.01891325684790235,0.01098834046353847
1.0,0.0,1.211879805951277e-06,1.0738074844862666e-06,1.0477138987496915e-06,1.5114260540904922e-06,1.3332076846950258e-06,1.3057730805510204e-06
0.0,0.25,0.7013045616702749,0.5774037158557324,0.4700509561498871,0.7127788249411723,0.5873333267933617,0.475377529192627
0.0,0.75,0.9423555952675348,0.8679354465394901,0.7442215702980216,0.9421487387452729,0.8673862889541313,0.7430001130217807
0.25,0.25,0.6076940761103916,0.5084208019226448,0.47614567160734345,0.56202953028972,0.4633343059487818,0.43212210609861923
0.5,0.5,0.058109054059173215,0.04246770196264438,0.040081916280690466,0.05775813367274629,0.04217828251026956,0.0397560054885967
0.75,1.0,2.4214547398315744e-06,1.430453590467451e-06,1.0905686285145322e-06,2.494336289071697e-06,1.4694543977178398e-06,1.1160990927017167e-06
0.0,1.0,0.8764602177639217,0.7882741853301083,0.6855310002310202,0.8685695992182557,0.7749490525941487,0.6635660910832105
1.0,0.25,0.027728629940476757,0.022829993983908392,0.019488216967348593,0.024807043774635162,0.020388221261871564,0.01732597868184471
0.25,0.5,0.11725192421751474,0.06528804799864463,0.02961131834959374,0.11623714869919488,0.06458539107336358,0.02917283370481749
1.0,1.0,0.0001499777256983581,0.00011705147894303103,9.480577482245955e-05,0.00012665189586891223,9.856486786841145e-05,7.893798698288546e-05
0.25,0.0,0.5897269984498215,0.4916298624997487,0.42913943688361356,0.6090435954002331,0.5096758599337889,0.4455566708402596
0.0,0.5,0.12415717016505212,0.10050615116098638,0.08342607884746356,0.12131740043354222,0.09808081960114068,0.08114841877842127
0.25,1.0,0.3171232428707471,0.23209504629407662,0.17255215749732566,0.3250252312620474,0.2371335876238161,0.1762419243113551
0.25,0.75,0.17484444331782956,0.1287343282218678,0.09842804381999637,0.20956532041390785,0.1572377047737521,0.12369487562848192
0.0,0.0,0.7636447011994975,0.6420563471708074,0.5364858015367142,0.7627196192496468,0.6408040430604939,0.534912269537785
0.5,1.0,0.02293100177366658,0.014688955355469435,0.010325390489510866,0.02076335273753316,0.01324551109135097,0.009228191697322807
0.0,0.25,0.8597306601138216,0.7394795409016577,0.614888224953295,0.8579288529363442,0.7370596840423945,0.6118207322997309
0.5,0.75,5.438196335361134e-05,3.9894039729482245e-05,3.4880637200140896e-05,7.559569138648747e-05,5.55981556612517e-05,4.912078069840842e-05
1.0,0.0,0.010435890680816517,0.007811235621196788,0.006126812057543285,0.010165799060410263,0.007612784185839772,0.005983709034751872
0.75,1.0,0.003968912444381134,0.0028680589010325885,0.002061757592955793,0.004450423633830081,0.003239125133986609,0.002351329097394883
1.0,0.75,0.003992443312043181,0.002990405166350074,0.002016296873244894,0.004114634452258903,0.0030782086449122614,0.0020748000204158235
0.75,0.0,0.004587899697680919,0.00349442473008299,0.0025045964755692207,0.006187198634166502,0.004732692292272578,0.003467496353859234
0.5,0.5,0.34237371506182457,0.2235085067157523,0.1325764422537007,0.30497894893451716,0.19402670265095368,0.1109350161025906
0.0,0.75,0.8657836289429873,0.7497823975840419,0.6187357603007834,0.8652861660718338,0.748988080921896,0.6175871843120788
0.25,0.25,0.5158662114936313,0.46797587253267225,0.4410319667170902,0.5229721750673415,0.4735204892823963,0.44314254445458656
0.0,1.0,0.21354244163023628,0.15681645284909662,0.11668550064054106,0.21312848757848568,0.15620880435438145,0.11601594925075942
1.0,0.25,0.0007891816070054736,0.0005693545328501193,0.000345442317824296,0.0007502955799627564,0.0005385275651572652,0.00032332610390573
0.25,0.0,0.9009790390595983,0.8415188832910924,0.8066086412362152,0.9261837870778891,0.8725844095375975,0.8394074067009867
1.0,1.0,0.0016873117928475345,0.001155679981246771,0.0010381534262708936,0.001631522331841495,0.001114896444997182,0.000996676757421655
0.0,0.5,0.3917781130585912,0.25514619911781855,0.1567785683242543,0.3881395319054338,0.2518895006372255,0.15379246101864408
0.75,1.0,0.15467899276718688,0.11889950935479698,0.09720054291108027,0.15762528359759997,0.12118842413010511,0.09898015831425344
0.0,0.0,0.840159504518509,0.7797195961511516,0.7187372857443787,0.8403309540041183,0.7809389640578269,0.7209324629026854
0.5,1.0,0.6878734615805971,0.5710124562583663,0.4609389116062137,0.6831133975340133,0.5599424928414529,0.44734376293394185
0.25,1.0,0.007113784573726356,0.0035162291778513266,0.00180954700502034,0.007411772198230748,0.003679746389336769,0.001912780200478803
0.75,0.0,1.7784581530788657e-05,1.379729041861566e-05,9.793250310030643e-06,1.7887884176670532e-05,1.3875400024287998e-05,9.830323614457015e-06
0.5,0.0,0.0867088737816194,0.052403514329929624,0.04095347779576142,0.09368651356328883,0.056855678671701604,0.044868759454435025
0.0,0.75,0.6958942449244521,0.5458071455339218,0.43519053917466555,0.7030717601707246,0.5528641925227958,0.44153699989630857
0.5,0.75,0.26329497764469956,0.2213722886710915,0.18905813437017405,0.2637558121430188,0.22154904536396103,0.18888645930799386
0.0,0.25,0.6630715866671995,0.6135165194764212,0.5722239558312398,0.6598594251021085,0.610132627831893,0.568451801530889
0.25,0.75,0.19791279576192755,0.16071145943437326,0.13678758566472915,0.2116877211592293,0.1720933736715684,0.14678903805574284
0.25,0.25,0.013292298373530853,0.00959798108932397,0.006207551930789701,0.015111906958861887,0.010788791607203696,0.006834551066539074
0.5,0.25,0.6565109213744493,0.5240392468595374,0.403674469604101,0.6848775242685454,0.5536824719227729,0.4320049323211388
0.0,1.0,0.562557932841476,0.48257763805066767,0.3796343621272966,0.5602748750282722,0.480889307617392,0.3784819906804169
0.5,0.5,0.044623806350824635,0.03311037270353023,0.027258974049759854,0.045101234967575676,0.03348569386162237,0.02756341021160036
1.0,0.75,0.20998403060868664,0.15206429607403704,0.11459590173782142,0.16328449318649507,0.1152566002004296,0.08294892271544074
0.25,0.5,0.015886882201203933,0.012019668309559473,0.007057810203990433,0.018568912657512593,0.014128749894560477,0.008472554914766395
0.25,0.0,0.14977889463937388,0.1285728473565213,0.10679167164238024,0.15533576358234957,0.13282714738367862,0.10946419313165423
1.0,0.25,0.005153276589972666,0.0037088460698346815,0.002877431511534523,0.0047664678194559995,0.0034534641778973807,0.0027072948359199156
0.75,1.0,0.0331481236147233,0.021976490395076542,0.015829337291247914,0.033764537531239425,0.02259361557986639,0.01630944760421993
1.0,1.0,0.00016951739159687396,0.00015104878337579564,9.395113731924809e-05,0.00016219642370796095,0.0001448388846092552,8.944613965333748e-05
0.0,0.5,0.49806063331518957,0.35785390148413776,0.3105749951552186,0.5550093923637992,0.4016901169524433,0.348150703510414
0.0,0.75,0.5364533990635396,0.48528076443346424,0.43016416507863176,0.5342103445539694,0.4828665848618455,0.4273027548925401
0.0,0.0,0.6763081348689386,0.5597488709391678,0.4628501232646123,0.6727571304840965,0.5566138525514062,0.4604552308088099
0.75,0.0,0.0002512311534745848,0.0002614429764302706,0.0002574992322773584,0.00025347475762449445,0.000263059406421573,0.00025838412643830466
0.5,1.0,0.02169103226203961,0.01701856118471734,0.013878859903124652,0.02271545457611679,0.018132260304585812,0.015053718697939145
0.5,0.75,0.27514339680044975,0.23082649773232256,0.20563322365801606,0.27313022481999294,0.2288120883408501,0.20343061298769838
0.0,0.25,0.5419293747370446,0.4407665237009585,0.3635192981447839,0.5550616357429117,0.45392027641838484,0.376433076317224
0.25,0.25,0.27232013480156203,0.19463349018530718,0.1581098323849538,0.2607379909721934,0.1841187876267968,0.14745783934760726
1.0,0.25,0.000674503705951679,0.000537067910823863,0.00043468746962815885,0.000825269949895846,0.0006446259430321621,0.0005133525462737154
0.0,1.0,0.3594928737683476,0.26355569588118577,0.200225225407906,0.36500745993883144,0.265424752188788,0.19900538427041603
0.25,1.0,0.027991901168672673,0.02777359768236265,0.028608000784079102,0.026796532014477736,0.02646786560541825,0.02709834975415082
0.25,0.75,0.09308649445969408,0.08843790996022649,0.08194452720449996,0.09557691161094273,0.09083309596391431,0.08427224918356435
0.25,0.0,0.04849572245986211,0.03796565809689256,0.03366870648619891,0.04671670285110918,0.03640484872614136,0.03187649215508026
0.5,0.5,0.21842110514337532,0.14979407168541747,0.11989278659506653,0.23143468953452961,0.15767707662775887,0.12338202493521089
1.0,0.75,0.14536040087209967,0.10899481227957564,0.08521852979246158,0.14391190336619064,0.1076424446594495,0.08384611776343343
0.0,0.75,0.7646823125455711,0.6746465467073679,0.5893243621949857,0.7025164891341079,0.6236664046011497,0.5545970098860418
0.75,0.0,0.0036966682056038813,0.003906494299563246,0.003941048516568513,0.0033824332869991647,0.0036083237221737896,0.0036825126801818264
1.0,1.0,0.004756028851074401,0.003441187809325008,0.0032250563498379403,0.004512551550126642,0.00323715227425847,0.002990947005592659
0.5,0.0,0.0010906333983369265,0.0008765749761783237,0.0008993662532563729,0.001068481451108605,0.00086182538124846,0.0008866034788246324
0.0,0.0,0.6323960609788601,0.5030878176541114,0.4130140414286536,0.6341414163396484,0.5047207216031584,0.41521751838138077
0.0,0.5,0.8885594667093,0.8192431628176823,0.7675440154945881,0.8997377531643161,0.8333032346170024,0.7819102927864571
0.5,1.0,0.014520307668609789,0.012916649313377548,0.013367164700333611,0.013159737975521058,0.011800205505104078,0.012395013638649588
0.0,0.25,0.9854629604248087,0.9617576759849948,0.9087341925168957,0.9854530795285112,0.961662482961727,0.9084276158914322
0.5,0.75,0.46849150288142805,0.36300068349064907,0.27894824417218356,0.46924707368219154,0.3628246719072913,0.2787270013706119
0.25,0.0,0.31072076044243635,0.23522293501269986,0.1636052888257452,0.3085893547260493,0.23317158186441966,0.16049336449784057
0.25,0.25,0.3948573102569154,0.30767948114729504,0.2132146992051247,0.39225287055446156,0.30509805541758883,0.21112684330224107
0.0,1.0,0.6358895473106847,0.5042588669734029,0.42467475734077065,0.633820672688393,0.5028703215023229,0.4240577064590527
0.25,0.5,0.08345534732613569,0.06306854802735384,0.05200020674786432,0.08821935357979482,0.06726922077271791,0.05604722514245464
1.0,0.25,2.038410309768146e-05,1.5040002717903178e-05,1.277711280500693e-05,1.650208112369267e-05,1.2080731799368749e-05,1.0038231426756639e-05
0.5,0.5,0.2512598332393646,0.1664887708077475,0.106258056086319,0.24846655704896103,0.16495728447072056,0.10640495447502196
0.5,0.25,0.08892213249194214,0.06760524439029425,0.05675825714801719,0.1241982645850166,0.09486989867024287,0.08097954626143888
0.25,0.75,0.0955780237046232,0.07965603122459997,0.06604920599438158,0.09819354524342994,0.08238978104460104,0.06934173297698054
0.0,0.75,0.37627931999500797,0.31357238209168603,0.28578213719632184,0.3694837380864885,0.3072879048347291,0.27928136875284015
0.75,0.0,0.2471050599678588,0.17172882451848004,0.10372805907831995,0.23096051555244346,0.15886694266897528,0.09461427934155142
1.0,0.75,0.0009886153370965989,0.0007755474436894616,0.0006597552307954224,0.0010392406560942868,0.0008131641421086355,0.000690904404486048
0.0,0.0,0.36873668832289463,0.30032224582576006,0.258573399497551,0.3660018117531483,0.29776433526180135,0.25620095008390464
1.0,1.0,1.143119488378197e-05,6.195102480122117e-06,5.5955423691189665e-06,1.540939450006551e-05,8.280429542484313e-06,7.512465825865178e-06
0.25,1.0,0.22573161349196647,0.1590881394418444,0.12381409666550403,0.20692410025342034,0.14660117679984164,0.11375846556206515
0.0,0.25,0.8522022953356407,0.758624253863322,0.6831104769341381,0.8305258036193207,0.7327073854763344,0.6532130363292605
0.5,0.75,0.0007186286294557087,0.00035664950502378723,0.0002961432739227998,0.0004511545193903732,0.00022006813707520223,0.00017639948965597618
0.0,0.5,0.0815951932338772,0.0506913872568131,0.030005207991078864,0.07942945246303323,0.049170189363633376,0.0288286023103137
0.5,1.0,0.0033148787408252556,0.002478725263662218,0.002018111236457787,0.0029156632608481337,0.0021844274896472005,0.0017741169479659202
0.25,0.0,0.3977156952793701,0.30635051199627616,0.24705984212037635,0.3820876750591764,0.2933963490174687,0.2351463282029156
0.25,0.25,0.052393649975640444,0.04257514760157666,0.03085807832838272,0.054741188932267315,0.04446461822551573,0.0323232283396383
0.0,1.0,0.3342292866927218,0.23554506502861705,0.162134565579359,0.33324241256829423,0.2345550364518575,0.16108662230393378
1.0,0.25,0.010096637926951368,0.008597366540845752,0.007341905389480208,0.011082034679889885,0.00931509420594534,0.007891170092674038
0.75,0.0,0.0647048947657558,0.05250792042523511,0.04520314978178819,0.067183543510966,0.054744181923653934,0.04737799524687247
0.0,0.75,0.5904890797848088,0.49293215817660696,0.4013901496476565,0.560815758722861,0.46657922705712596,0.377278840606873
0.5,0.5,0.15021884929420193,0.10030906507499149,0.06799504180860472,0.1495586864264553,0.10009251286364274,0.0682729766811011
0.0,0.0,0.8650750506544984,0.7594028551016214,0.6243495499280338,0.8597365709167882,0.753685725054845,0.6208478111117356
1.0,0.75,0.01352206644125753,0.00865096039194535,0.006638645073874794,0.013007082107773904,0.0082655815953796,0.0062909472518251075
0.5,0.0,5.681633960719079e-05,4.5387806797303476e-05,3.528165179667031e-05,6.898145314693238e-05,5.495796183263568e-05,4.289141704671984e-05
0.0,0.25,0.9940119865412406,0.9698894066051909,0.9272174315448611,0.9933952136379798,0.968055555969149,0.9244105946545439
0.25,0.75,0.0006601642956529652,0.0005220966368166824,0.0004242646920424864,0.0006416529839650131,0.0005056624384500719,0.00040914698509553205
0.5,0.75,0.22643461753876815,0.1686787111844611,0.11874454454685446,0.23841473883294095,0.1766832862262373,0.12369987853633346
1.0,0.25,0.04609603031778764,0.03511105048470409,0.029754253951076892,0.04713852351421188,0.03545925454628385,0.029671447561314457
0.25,0.5,0.23535017345915898,0.18633294815023027,0.1817075781423183,0.23267356364734737,0.18398481524401833,0.1792300491700769
1.0,1.0,0.15931467120868392,0.11468922084562339,0.08517229300509943,0.16330898604555255,0.11820424482776337,0.08829926221203688
0.5,1.0,0.03319155548160424,0.031256279337454895,0.024230875833277987,0.03942483403508956,0.03691378619617747,0.0289394676534247
0.25,0.0,0.009186067082397331,0.007969249486112995,0.009369237955909493,0.015304601043720334,0.013258745322492604,0.015633649858890153
0.25,0.25,0.033516004907868435,0.01992238703157978,0.014928654060931246,0.027531767971747723,0.016426376231612583,0.012194574423880722
0.0,1.0,0.3826997129411118,0.2814266379456345,0.19577584889035826,0.39739543546400313,0.29251908679463334,0.20348539664839038
0.0,0.5,0.9297733366319981,0.8770057692555523,0.8069709196667585,0.915716489038156,0.8579272477473268,0.7831661244255876
0.75,0.0,0.00161007730879692,0.0011989829147245334,0.0009160048287116807,0.0015888322668728971,0.0011840185703143602,0.0009003364365290922
0.25,1.0,0.2927395467528302,0.2251459991556275,0.1660273938999779,0.31069021938618513,0.23961045091038624,0.17642231846438472
0.0,0.75,0.912184206365358,0.8479866129474135,0.7754559069500291,0.9157585148857312,0.852484007814392,0.7807492368237136
0.5,0.25,0.22215260064292175,0.15319073411347306,0.09451402467486503,0.2247994284873156,0.15249925175240375,0.09235675562316426
0.0,0.0,0.8093450600675025,0.7280971071761602,0.6189041646673731,0.8186091819141101,0.7387632753016057,0.6314132097017755
0.5,0.5,0.0011771905703611418,0.0009482222357608538,0.0007874040393253123,0.0010521807514569659,0.000846550542941582,0.0006969824007989622
1.0,0.75,0.0820238476811046,0.05835222859041356,0.04133522608840767,0.07074889534003193,0.05026222410102765,0.03504338363875914
0.0,1.0,0.8295187883143536,0.746434675686656,0.6851243226866913,0.8203164030003922,0.7364288187983148,0.6754458328018792
0.0,0.25,0.5145980525532469,0.40024008839326075,0.3321649463364963,0.514186601135175,0.40016193273725975,0.33231938887899126
0.5,0.75,0.2119030210369961,0.16807551366613205,0.13520656946374854,0.21227811365621718,0.16820562009867712,0.1352572089508426
1.0,0.25,0.31900364273603876,0.2335740798346686,0.15522831639951185,0.3226523700991375,0.2365023209963305,0.15760528033136456
0.25,0.0,0.1068288553407889,0.08753486708808789,0.07234618140637206,0.11905776359563647,0.09684889010298181,0.07962883448253522
0.5,1.0,2.525637349892751e-05,1.9336550306725542e-05,1.500107763230396e-05,1.4396325721643954e-05,1.1270007100327994e-05,8.68490794092569e-06
0.25,0.25,0.9439422899165741,0.8701297835289982,0.7466967478075264,0.9401496467325187,0.861792030779791,0.7330510422957683
1.0,1.0,0.00045328066457095417,0.0004308516731099665,0.00040268476586602375,0.0004280877382176751,0.0004056432245554964,0.00038052304509683665
0.75,0.0,0.05954334212743628,0.04036985568811835,0.028036920683854216,0.05881724883671546,0.03983585248312638,0.027603758176490856
0.0,0.75,0.5721564551767425,0.4902045020667243,0.4420471106934104,0.5797441938818058,0.4975415982930703,0.44955301628961863
0.0,0.5,0.9435618328520765,0.8916892989622136,0.8527095011302135,0.9429110157294707,0.8895138844060198,0.8484148625599388
0.25,0.75,0.037164019594556175,0.030280234470650313,0.025341635206467483,0.0371054693972479,0.03015825517356674,0.025337924558892055
0.0,0.0,0.5924251896678608,0.4732560910828669,0.3939914815275132,0.5795465151541856,0.4633143121097857,0.3860182570598579
0.5,0.5,0.37418170515903815,0.2812606278707148,0.23878106895595796,0.35400484040148583,0.2616482625221743,0.21907401083705313
0.5,0.0,0.02442498601542209,0.016178373227582088,0.014758478089286653,0.024496675475460084,0.016020065443463682,0.014092003144125509
0.25,1.0,0.18107942419578393,0.11506502534174423,0.08286584348829851,0.19758560486466337,0.12592304693273682,0.09088503181132213
0.25,0.5,0.7288133410075002,0.6574803996078915,0.5900428822365543,0.7181776371432949,0.6468895088824864,0.5793673908828402
0.0,1.0,0.045775004261885965,0.032488770210034934,0.021460921175155967,0.0452446698234269,0.031834951003265055,0.02070674451341714
0.0,0.25,0.497237675435074,0.4035879392213072,0.31015897327427544,0.5046535892057054,0.4100494444853795,0.31601402500748477
0.5,0.75,0.007489861972517997,0.005714561876348778,0.0041259722273900845,0.007360142430799632,0.005569611583753131,0.003976304367830252
1.0,0.75,0.09113725631925107,0.06213209588160984,0.045486316472748034,0.08924927003663508,0.05993244136318365,0.04323438164318427
1.0,0.25,0.0001811955423216549,0.00017059706623057114,0.00015409840734581515,0.00017736106751009562,0.00016689551284243542,0.00015027320222193996
0.25,0.25,0.6328448951175101,0.5001060695301947,0.3860426180294295,0.6271102330753182,0.4955866965052146,0.3831574149087683
0.25,0.0,0.02822809945603355,0.026121454242053588,0.025299230067635792,0.0257209398697138,0.0235985041668485,0.022311105260450992
0.5,1.0,0.03627846608653407,0.02471344441592449,0.01384490363776969,0.03807760013996764,0.026106803201986883,0.01488276421489687
0.75,0.0,0.3301159001143482,0.26114224795220253,0.20741804023444654,0.3268171513859002,0.25776850841054144,0.20314882914804944
0.0,0.75,0.7040736003168382,0.6291383273715866,0.5468184784182959,0.6456385273394043,0.5698593181813802,0.4850318921577833
1.0,1.0,0.11212884190531547,0.06607356007308074,0.04300982441434886,0.10611030989185077,0.06237485075694127,0.040391229078093005
0.0,0.0,0.4915792435451948,0.3716301493058902,0.27293356683538295,0.4574525846060311,0.3411753169829831,0.2460768494183584
0.0,0.5,0.6019937859862047,0.48309660533086274,0.36634060605211416,0.5974790099735425,0.47475264525483274,0.35446554426013255
0.5,0.5,0.00020815837264032133,0.00013410389988433025,8.257129509503525e-05,0.00010343102753040956,6.493372029670041e-05,3.827458629646063e-05
0.0,1.0,0.9559293068410369,0.8998278821389383,0.8051396818921865,0.9566191774531465,0.9002316558686507,0.8045455670587378
0.25,0.75,0.49910389339877104,0.3657472885284856,0.284133577697288,0.507440639987883,0.3722753364131779,0.28928168026650514
0.5,0.75,7.629838736367134e-05,5.7542050085235275e-05,5.039814289742317e-05,5.461647128746083e-05,4.2180214771203595e-05,3.716395060360256e-05
0.0,0.25,0.09380954100711913,0.07159866152706695,0.05693122244991844,0.09854103663068636,0.07540739219319259,0.060186497682878426
0.25,0.25,0.09067805899716197,0.07144135719848554,0.0680540705099012,0.10658239218962551,0.08352818784490079,0.07927203451967724
0.5,0.25,0.19937147595218607,0.15611752677687574,0.12264843544737003,0.16252744947519093,0.12597710666066142,0.09711734345155976
1.0,0.25,4.7750345233410485e-08,3.772228662768384e-08,3.4528526593469167e-08,3.6570856343232094e-08,2.976693957990051e-08,2.6599433100571446e-08
0.25,1.0,0.5888267707188269,0.4545813164628292,0.35412089823072046,0.5791131706366001,0.4478316199464504,0.3502352369620997
1.0,0.75,5.669755119841469e-06,5.324965704489593e-06,5.406408545516328e-06,5.863136317674211e-06,5.513739596119116e-06,5.598556375829844e-06
0.0,0.75,0.6105105016363108,0.4889525164105054,0.4202141612694168,0.6435742570914251,0.5229164767780861,0.45654972052241527
0.75,0.0,0.030138229942136885,0.02751463436191548,0.02665416778050078,0.03083553172703679,0.028185761850067048,0.02731982954716239
0.25,0.0,0.03891175824349069,0.03264778912877597,0.028553830361368826,0.039010436548585825,0.032719846322757706,0.028580653004245837
0.5,1.0,0.2757779126033868,0.2032181788889773,0.16052496019280493,0.28318527144559646,0.20917064850534395,0.16614333874767218
0.0,0.0,0.29993590068263143,0.2326532201572017,0.18014172609676238,0.28805844969370953,0.22279409913351378,0.17121892679544337
0.5,0.0,0.038614902262908535,0.032350001141307816,0.027702448362412646,0.032844867578964765,0.027234863855623348,0.022635086182661524
0.25,0.5,0.6749003768402065,0.5549759738490955,0.45478559685184516,0.722926180900286,0.6027863944773746,0.501239212993323
0.0,1.0,0.532582167670411,0.3995890426558225,0.2804748335562173,0.5298352365813046,0.39743620197421536,0.2793298512631721
1.0,1.0,1.3676602121259762e-05,1.3323005627841056e-05,1.1312581982947378e-05,1.6607476324703718e-05,1.6181696173012128e-05,1.3832645606726146e-05
0.5,0.75,0.03170043538239142,0.022263358430059554,0.01515594744592108,0.02919487731077286,0.02033987442916374,0.013756451299843708
0.5,0.5,0.18320497446420403,0.1415856728703806,0.10866111720581773,0.19030337992978652,0.14825877401766552,0.11534520086811317
0.0,0.5,0.32661866440888887,0.27119018959400387,0.22809937920155177,0.30706705750912655,0.25386856561864657,0.21219028617574642
0.25,0.25,0.06790285165403342,0.05481493117267644,0.04217644046362801,0.06734526287856124,0.054350068982980004,0.04171861763914608
0.0,0.25,0.24291757659890756,0.2257072885265322,0.20390794889514952,0.18163468847872433,0.16981948947773395,0.15236597703956778
0.0,0.75,0.08798309127392079,0.06844217480643311,0.06153883430200091,0.09077166873068143,0.07046553874983386,0.06325700609616458
1.0,0.25,0.06072112704322574,0.035415427902602326,0.02544109716916343,0.06013847527591443,0.03539660465426098,0.025756306168484233
0.75,0.0,0.0003527630657333969,0.0002688640485208893,0.00019990985064777256,0.0003916810680184568,0.00030053195765056273,0.00022554312835465495
0.25,0.0,0.8670686366376229,0.7749767596887557,0.6739828786182119,0.8674358675440816,0.7789784864517642,0.6871168641066745
0.25,0.75,0.47197052814716134,0.35022050966741514,0.24962362125352056,0.4421456547346816,0.3284685915795529,0.2342051712129628
1.0,0.75,0.0013563231057820424,0.0006898647021347237,0.00041373885307149916,0.0012769422498671856,0.0006426366178420295,0.00037795437905452367
0.0,0.0,0.3898938098506981,0.31199350554717153,0.26156544691041783,0.3808877133824895,0.30400579832170394,0.2542503875244737
0.5,1.0,0.06760856329734632,0.04973377733264561,0.0392411645333266,0.07559281442513965,0.05713367766416111,0.04653580883317332
0.0,1.0,0.9517606967552872,0.9187578301147786,0.8694833745032988,0.9627776707920024,0.9344687815756154,0.8911954880546089
0.25,1.0,0.2806210477170804,0.21780638335714442,0.1758789176587262,0.28590798821323005,0.22059557697883458,0.1768499444745324
0.0,0.25,0.8662866214399004,0.7341356898039728,0.6105023808760928,0.8743247147226059,0.740301861837872,0.6120266190396295
0.5,0.75,0.07685251100565982,0.05413384738035876,0.03991242532173478,0.07465336616459839,0.05246491961621946,0.03870536223256793
0.25,0.25,0.13116078083574534,0.09613074790046328,0.0766872683900659,0.13012549661367045,0.09528430434300772,0.07575733375929605
0.0,0.5,0.28682345969620004,0.22825109577762226,0.17140876788507442,0.2923535077813205,0.23287536397889785,0.1751588243053961
1.0,1.0,0.0029662715724582123,0.0021776509494271235,0.0017627771518693436,0.0031536920244636946,0.0023118922877409798,0.0018689025604707865
0.5,0.5,0.1061541831295707,0.08159314147742813,0.07130146393304126,0.1055461201257486,0.08134010630058597,0.07112375095956402
0.0,0.75,0.578806121862662,0.4394145439289948,0.35563738092772346,0.5848703381658216,0.44408448431686165,0.3588536411201342
1.0,0.25,0.00019982451171762783,0.00015384678055796464,0.0001053182400445607,0.00043955993947897287,0.0003408930616957129,0.0002505017602606463
0.25,0.5,0.25016248993142876,0.21685452550295659,0.18601553960388573,0.25581748137790483,0.22197948743766172,0.1911961427445017
0.75,0.0,0.17611403042600338,0.12930108586728195,0.09675205632376482,0.1767359739006401,0.13049873233309572,0.09834544223611086
0.25,0.0,0.1575640611343203,0.10239250447790149,0.07101775841572455,0.14123253136083158,0.09024531803629299,0.06119969974955075
0.5,0.25,0.3695724791230923,0.30434192428279383,0.24501048554979676,0.37080199244463063,0.30450924168598714,0.2449258787847578
0.5,0.0,0.06024675576288341,0.04971742624156894,0.040382941398600325,0.056265474781000746,0.046475542506231315,0.037835508344081004
0.0,0.0,0.19534313132265002,0.1332526385278754,0.08646848039679733,0.20171152734818,0.13697270923693594,0.08916833750255682
1.0,0.75,0.00016366199443917928,0.00011330975606282934,8.783279897550678e-05,0.0001430168453528946,9.96143721956333e-05,7.715057542156956e-05
0.0,1.0,0.06435227369584706,0.05306788133812035,0.04619225973719343,0.08000499246942239,0.06615929006694099,0.057444750179305504
0.5,1.0,0.0003869489090395639,0.0003383751995826856,0.00032922939224178105,0.00029332724335773275,0.0002552022197958026,0.0002448705018190944
0.0,0.25,0.17446569502422804,0.13596289776116643,0.11440186611417835,0.18094839522492567,0.14166413333266292,0.12028372851328217
0.5,0.75,0.034364418971961186,0.03182273893346166,0.029453582759627395,0.03673591609032245,0.03396742818150644,0.0315631937143217
0.25,0.25,0.3257297484307651,0.24243759940541665,0.19225309824600234,0.30214852596658615,0.22173968827700197,0.17305142309874377
0.25,0.75,0.3381752316279807,0.25234587698005484,0.1681791126655796,0.33687376290236204,0.2526755894861775,0.1682437559587895
0.25,1.0,0.3764444653332073,0.26242914640249304,0.17197184422527323,0.3656438247807866,0.25295308732609967,0.16405264474918013
1.0,1.0,0.008352145198845529,0.007811811581716732,0.006718692060342812,0.0081152523240422,0.007643291079469039,0.006549275515839614
0.0,0.75,0.9133814305004195,0.8173184083050966,0.7064368734579445,0.9293467902694159,0.8431019460433375,0.7405437445319933
0.0,0.5,0.8150568488596173,0.7000670022797322,0.5599615450684412,0.8233200878123578,0.7071606150532546,0.5646990321843631
0.5,0.5,0.059317484433989986,0.05480879175437103,0.052406973855260386,0.05869570381990319,0.05419875936861407,0.05183108659419433
1.0,0.25,0.0019562478871300026,0.0016745423645746493,0.0014854226362791545,0.0019227832787619414,0.0016445403084941468,0.001456330812386386
0.75,0.0,0.04562640236103832,0.03773673198423477,0.03399666658494627,0.045386102538265805,0.03742327562282188,0.0335147001368461
0.25,0.0,0.016081693736956115,0.011434257120738422,0.009619945736441315,0.015252934553648623,0.010880748655926809,0.0091331378907199
0.0,1.0,0.7322166509979933,0.6156226069218731,0.5163775879488907,0.738694552292575,0.6216080153118021,0.5214094192660603
0.5,1.0,0.22322936626175993,0.16668689301699757,0.12502344856260172,0.2170214530087916,0.16143964232894037,0.12056926963197756
0.0,0.0,0.8160947684059758,0.7011648456779598,0.5942749622685697,0.8131549527436963,0.6975948310906465,0.5901417556684668
0.0,0.25,0.4252842034715061,0.32461508861518684,0.2735349272066361,0.4215402188996362,0.3212981305272691,0.27020802150035317
1.0,0.75,0.00165487902017869,0.0011362518394610888,0.0006635125775351636,0.001571515392408962,0.0010746944113886325,0.0006194859163950461
0.5,0.75,0.000471636716933288,0.0003151315288094647,0.00022538680305350667,0.00044396485699571553,0.0002986915552321001,0.0002138455180644705
0.25,0.25,0.40476179136888624,0.36527442456645565,0.32339953177722347,0.42220389326867613,0.38450428851377594,0.3461168063334287
0.0,0.75,0.2683308526626351,0.22959188290241606,0.2026131270800029,0.26178472105765604,0.22413163747532017,0.19749503472308083
0.25,0.5,0.2674854091837867,0.1989564378783364,0.1499775160754957,0.26097181548041193,0.1972131118966971,0.1517350099353756
0.0,0.5,0.14380744005520496,0.11788968951771106,0.10343674369907996,0.11428288371378703,0.0940416558171212,0.08240283035202556
0.25,0.0,0.5520520486966434,0.4143410457669886,0.2876251836592597,0.5481839682033239,0.41329355615045615,0.2868854565112371
1.0,0.25,3.989520647440514e-05,2.4281758259858677e-05,2.0241573745582997e-05,3.8748923481768394e-05,2.344927113928641e-05,1.9391076718111577e-05
0.75,0.0,0.06497927410071214,0.04697392941377221,0.03756693546018108,0.06588293601384099,0.047592655373927095,0.03804329899116832
1.0,1.0,4.5718424590557305e-06,3.37013011941778e-06,2.695431149835059e-06,4.151427578147349e-06,3.055062568702027e-06,2.429640412859868e-06
0.0,1.0,0.3698459661295772,0.2935990919714748,0.22638324854991032,0.38765828180942397,0.30876800939966653,0.2398324538927421
0.25,0.75,0.004866291759673236,0.003917330353236381,0.003527214937493861,0.004697680096314438,0.0037791185435561703,0.003388409991948338
0.5,0.5,0.004352544169651251,0.003825779572173671,0.0032346234799277562,0.003891227935530539,0.003429153567294785,0.002861216352121998
0.0,0.0,0.2347725080663856,0.17766210649324832,0.15077249350035238,0.20233017826910715,0.152908913179019,0.1299604902091802
0.25,1.0,0.09397211053185961,0.07413613981367984,0.06102177526050934,0.09870755411376952,0.07806583272580414,0.06438901926464446
0.5,0.0,0.0638834745349901,0.04817115278696005,0.03646033827376227,0.06639891918577834,0.049403755083593515,0.03640128145964727
0.5,1.0,0.0011267323782014893,0.0007269515493928402,0.00042797569094843446,0.0010372871482252632,0.0006677969632129521,0.0003898236828457913
0.0,0.25,0.5373049718863763,0.43185251077996156,0.35833966248815596,0.5131485364262254,0.40869433830367075,0.3356680965353045
0.5,0.25,0.6236646681206574,0.5460759037138163,0.4877381900242356,0.6211263164009218,0.5448388554273825,0.4878673738964401
0.5,0.75,0.24067973956801547,0.22878329871313496,0.2140339228297401,0.22129464365357587,0.21078732816835255,0.19676592981591434
0.25,0.25,0.07509330949771975,0.05458710383838272,0.03451863302212099,0.07365328856781739,0.05318844612239526,0.03323107838665407
1.0,0.75,0.0028773491268968554,0.0021287451813970515,0.0011298588671920795,0.0025042552262617424,0.0018701803551269824,0.000984771627480674
0.0,0.5,0.856410042907981,0.827658254756781,0.801982954441646,0.8700413666390315,0.8404351470366642,0.8141839662962078
0.25,0.0,0.043604462884591744,0.03204308560408198,0.021488309762827118,0.041224576300741056,0.030107269424458183,0.01998352612235088
0.75,0.0,1.4155464518106342e-05,1.0215628492904472e-05,7.031450838024256e-06,1.2907459073341343e-05,9.275279827969385e-06,6.358562878672203e-06
1.0,0.25,0.5223876029086701,0.45505339759191665,0.3930735267667862,0.5167717275030319,0.4484065479138045,0.3860930599301572
0.0,0.0,0.9800587162600645,0.9458833510341348,0.8915155028879427,0.9865921067279785,0.959342040807221,0.9121177337287869
1.0,1.0,8.18028131421844e-05,7.942557676254847e-05,7.587495067507e-05,8.473181875201519e-05,8.241394248731382e-05,7.855790635868942e-05
0.5,0.5,0.7039826063587998,0.5397210084684789,0.3880423110636213,0.6634699899968228,0.49050163375914524,0.3362752529858428
0.0,0.25,0.08416988612174714,0.06960480522259416,0.062267033754428436,0.08356248932676602,0.06906975179952735,0.061681066082803215
0.25,0.25,0.06827314244673321,0.04765708433630389,0.034327119811481066,0.06510474069521677,0.04520747878912901,0.032333755727927294
0.5,1.0,0.0008902509785873036,0.0006221593965158867,0.0006235750054788269,0.0009225160312810177,0.0006486719057305912,0.0006547979407205418
0.5,0.75,0.12035748355132125,0.10035450283144298,0.08860449747102617,0.11643408730445404,0.09715433217830782,0.08599795968450796
0.25,0.75,0.38625830422581564,0.28162611285776284,0.211482058103736,0.37055762449125484,0.2672296182070325,0.19722650500400973
0.25,1.0,0.006014636493787084,0.0031434864240866833,0.0014794792071248786,0.006322056644493701,0.0033071038199223857,0.001560787674287356
1.0,0.75,0.005001548546044843,0.0033929259457091687,0.002864457957540867,0.0056713010600052405,0.0038471188514092036,0.0032310212140667094
0.25,0.0,0.23143262123578,0.17557477827185286,0.13765372636655115,0.24985599119385893,0.18621510556555765,0.14335906568304102
0.0,0.5,0.2056875014664813,0.1571227805901172,0.14301288053309658,0.20646542635544507,0.15647335283167507,0.14068472163837709
0.25,0.5,0.6082430475844125,0.4900470189738748,0.42825623986909644,0.6192218177336954,0.5000247372936917,0.43689083026032327
0.75,0.0,0.01972341445171155,0.016096478969286787,0.010831282158230371,0.019670100324041595,0.015931434628705277,0.010570624390230154
1.0,0.25,0.00010594318178314133,7.437783971786516e-05,6.641905790583102e-05,8.26691959840975e-05,5.8062453417440096e-05,5.0532288999094455e-05
0.0,0.0,0.945458762016064,0.8326770766948525,0.6491410231719525,0.9516637583094485,0.847061075622815,0.6725247122948363
1.0,1.0,3.73957977155559e-05,2.2101318809530923e-05,1.4391572985550383e-05,3.664993003449357e-05,2.1798676747675216e-05,1.4318529767964883e-05
0.0,0.25,0.6584313801535189,0.5493958419552292,0.47073192963863697,0.6709596438806036,0.5574215354114762,0.4732079747930906
0.5,0.0,0.02125344405989482,0.019503036366268933,0.015865224305970482,0.019920141769671718,0.018059533652385884,0.014404272335648005
0.5,0.5,0.0015119890094665855,0.0009127237422918988,0.0006899112909448668,0.001611582660756783,0.0009520243474515633,0.0007050935972030548
0.25,0.25,0.22203301788222496,0.17098721950698925,0.13590564952951922,0.2360540990744575,0.18202381289533498,0.14444790141714836
0.5,1.0,0.15556059692620483,0.11240365041258116,0.08678799468729848,0.15741094331875538,0.1127241070849696,0.0864281526524977
0.5,0.75,0.08805269904180335,0.06407561393113914,0.04554588716846575,0.10325033501130343,0.07548545992877365,0.054237696122606316
0.75,0.0,0.14471785149620764,0.09996271596371653,0.07400037215319144,0.13250510754391898,0.09002198431279762,0.06527732029795075
0.25,0.0,0.006878215034515023,0.006696769310992168,0.005893859560787251,0.004735279388572211,0.004530560472285838,0.0038174747605649317
0.0,0.5,0.5467934787354639,0.4385583138356459,0.3509510652251868,0.5548916857960636,0.4453524526576511,0.35658293029877386
0.0,0.0,0.6038771259569755,0.5307876464465462,0.44984274160530624,0.6014930559108874,0.5291408172535864,0.4493765130024574
0.25,0.75,0.5511258600044059,0.46349145419321025,0.40058897819863126,0.561799348561973,0.4735324887910871,0.4117609029014452
0.5,0.25,0.004749403526106422,0.0036210723220340135,0.0026401444634068794,0.004565953777717402,0.003483885188083069,0.0025314338711706075
1.0,0.75,3.250237748320117e-05,4.115040173569007e-05,6.239625214943256e-05,2.7753465986934955e-05,3.545579126296161e-05,5.372608362375075e-05
1.0,0.25,8.316630943916437e-06,7.095633019260639e-06,5.761192570119533e-06,7.146357650089641e-06,6.104627268022078e-06,4.9144820463142835e-06
0.25,1.0,0.7605057013168884,0.7239070287363436,0.6774887451788538,0.7789113009096348,0.7416803592209527,0.6948627238871425
0.0,0.25,0.04268233284959755,0.03966813078146114,0.038657309415457974,0.04199671343190903,0.03901563047165624,0.0379548784103203
0.25,0.25,0.08130826061344054,0.06400429728386292,0.05956316629086911,0.07369967443850434,0.057466396787920315,0.053124872683949276
1.0,1.0,0.0003180986387767426,0.0002624427429347431,0.0002413833966921075,0.0002956920652195105,0.00024445540330342297,0.0002226910560541029
0.5,1.0,0.028824412710779845,0.021741476529958614,0.01613983536749919,0.02966657381932558,0.02243194801852666,0.016737703833348494
0.5,0.5,0.06420691844325821,0.050509271758125696,0.03969361916166625,0.0639071175602357,0.050253774118114936,0.039449081721411594
0.5,0.75,0.18214962942310597,0.13728070939945336,0.09656103117920256,0.1832379691957744,0.13832646557809625,0.097654998310445
0.75,0.0,0.03303015836546108,0.025483861137787445,0.02035479894080161,0.032695217563925905,0.025246320627046792,0.02016385444809532
0.25,0.0,0.054438074296070615,0.038993856107903624,0.031033983150719258,0.046997609485671776,0.03352011280007017,0.026382810005135093
0.25,0.5,0.6104082935976813,0.48012383039967477,0.3319375138536491,0.6079664795808004,0.4775333869634132,0.32914632449766446
0.0,0.5,0.7877352901115231,0.7055290027516361,0.598866754551352,0.7923178381398008,0.710096236426099,0.6040491392739729
0.0,0.0,0.735184831504538,0.64838146874911,0.5810859442133609,0.7146350143897733,0.6228923131244357,0.5498854011965446
1.0,0.75,0.00251202702583031,0.0015001668229952525,0.0010359572832022712,0.003630492680739672,0.002131284135275857,0.0014701084358408334
1.0,0.25,0.22865506405700897,0.1827523040603951,0.15213308124626546,0.22324626223471944,0.1786936320293655,0.14869519279224375
0.5,0.0,0.06986229466462002,0.055470887838431016,0.041976100336051925,0.06918459365374585,0.05502822081574654,0.04172734084080498
0.0,0.25,0.1101562024861028,0.07979634683030734,0.05491384327416182,0.09831147545296592,0.07138733756206428,0.047435450862311046
0.25,0.75,0.263082650858951,0.18562091971230965,0.1431627877845696,0.23871060597638238,0.16848922685269585,0.13071808254905504
0.25,0.25,0.10158254656041721,0.07431539738414128,0.05924082384582319,0.10562363379580297,0.07811353916940245,0.06365771826303535
1.0,1.0,9.064631698585401e-07,6.031424544250541e-07,4.6837217559936306e-07,7.813454405702913e-07,5.182449418494883e-07,3.984025309655692e-07
0.5,1.0,0.5793111087256709,0.4492562017938474,0.34135100271956453,0.5678260537468136,0.43362730756030865,0.3223171542762451
0.5,0.75,0.058761207306709196,0.04281173273363281,0.034846085508549285,0.05270627188023003,0.03821814087329123,0.03096518523295011
0.25,1.0,0.5276140880483156,0.47257540628742467,0.3981692797898998,0.5161506802832823,0.4618101867412089,0.387606078733187
0.5,0.5,0.03722355631205865,0.0294600521556031,0.02727981789916878,0.04433878892390819,0.035435813104083946,0.03332423231826476
0.75,0.0,0.0003041721042611467,0.00019721322363630556,0.0001678448157182988,0.000448115726895848,0.0002717469168272979,0.00022164846641370417
0.25,0.0,0.11444652297709235,0.09658789672057788,0.07622581111301963,0.11348107109779992,0.09586833595250721,0.07558812883157795
0.0,0.5,0.32968731299348497,0.2226697671070026,0.1481113908843854,0.33501888499829313,0.22743578686499277,0.15187669345424992
1.0,0.25,0.00041764097813268286,0.00029132583645374854,0.000256631671970986,0.0003760482306947033,0.0002598234820784251,0.00022498174545626526
1.0,0.75,0.0005842887235587568,0.000404617083369585,0.00027632066111937803,0.0005084355909499294,0.00035327422115949414,0.00024038731804221225
0.5,0.25,0.18265772735296926,0.13841752099019344,0.10593765816684964,0.1906756335670916,0.14509571548708367,0.1121670519582757
0.25,0.25,0.38090038277623184,0.32074127359526317,0.2705078325951493,0.3794160454733527,0.31922356771534377,0.26875489739792513
1.0,1.0,0.00035178098529442536,0.00026454249406648866,0.00024469246134950495,0.000490114000074926,0.00036529795979634017,0.00033850767890719613
0.75,0.0,0.14401741621425557,0.09865814210585566,0.08077850553063759,0.14192439238509724,0.09681249659276348,0.07886366391832311
0.25,0.0,0.25143420112594905,0.24762747849437972,0.22623700756591447,0.260322999343083,0.2534974082096666,0.2317544843246917
0.5,0.75,0.12206052667020784,0.09430501769327149,0.05927565364563703,0.12884761323645333,0.10058070314360434,0.06445955255295255
0.5,1.0,0.004221191417065784,0.0024548287376797706,0.0020209954683956255,0.004142127240276405,0.002405919300206838,0.001973505421568822
0.25,0.5,0.01860907727205563,0.010830069012330634,0.005827347719886911,0.019655832531124906,0.0115416390545795,0.006294522605375774
0.25,0.75,0.5683424040245837,0.4428358491230501,0.33038007474163344,0.5368041617175104,0.4156159182826664,0.3097147790131879
0.5,0.5,0.0009448994905643104,0.0008419205922907125,0.0007587036008349646,0.0008158415198200597,0.0007278595452068215,0.0006527602416545042
0.0,0.5,0.8966435461128102,0.7981976699632496,0.6933585353833646,0.9026831158379478,0.8080498033006505,0.7068587283526152
1.0,0.25,8.21685939760286e-05,4.031863097120336e-05,2.7459105838456566e-05,8.342448011167125e-05,4.092523194265674e-05,2.7848247471595755e-05
0.5,0.0,0.019648903527122785,0.012325654155441623,0.008879144270756978,0.019204153314752004,0.012036641341961252,0.008655342173636171
0.25,1.0,0.8500429480754543,0.7178740208820259,0.6330663253288806,0.8693282947730865,0.7414432419184002,0.6592725821881545
1.0,0.75,0.005864762111674748,0.003899644755670617,0.002209876631181995,0.008336975759059118,0.005567246608487508,0.0032323940356314695
0.25,0.25,0.20882582661950932,0.16262419688958318,0.1197292291123031,0.2322178877910972,0.1792944574968517,0.13209030760708285
0.75,0.0,0.0002801115236892304,0.0002555462186177859,0.00026701514225291323,0.0003722652723705533,0.0003334065821493093,0.0003436206117746199
0.5,1.0,0.20868083304088048,0.1451591705641755,0.13287391963002726,0.19908319061190505,0.1399931564949427,0.12921138877473282
0.25,0.0,0.2755571008859202,0.20803795283656124,0.14877305512572625,0.2768864211192307,0.20906526553473515,0.14956083262611397
0.0,0.5,0.6535449876981319,0.5772867164203378,0.47939817331209056,0.6190125633565732,0.5388594697951409,0.438087112603217
0.5,0.75,0.002439631736266601,0.0018286470066027904,0.0013471645969482804,0.002048106782981174,0.0015397136581483117,0.0011338368750005712
1.0,1.0,0.011322973631783029,0.008612073250201968,0.005995405525974551,0.010833969855795544,0.008205175519981234,0.005663845512098753
0.5,0.5,0.06426933945969404,0.03554747657452262,0.017067027711046734,0.06371297348800709,0.03513755667861407,0.01672698619876023
1.0,0.25,3.9585573208711367e-05,2.4101256313024955e-05,1.98902662837952e-05,4.4530280700061375e-05,2.6967180404957602e-05,2.2057935298192e-05
0.25,0.5,0.11554097517342343,0.08204289396134679,0.05473068901867717,0.11956184234563794,0.08538917588655259,0.057527498945458166
0.25,0.75,0.2125760902811722,0.17693208352980416,0.14580344221698016,0.18044464250577386,0.1491272808605557,0.12143207114556609
0.25,0.25,0.06926409811373413,0.04800372045919854,0.03068390496907991,0.0704057749163729,0.04889440830903813,0.03127000338801311
0.75,0.0,4.11909219266704e-05,4.209247172393127e-05,4.639594183775131e-05,6.871232558525175e-05,6.806168357043063e-05,7.400124601775193e-05
0.5,1.0,0.827309069851679,0.7168750257821915,0.5973327703710338,0.8478719672274919,0.742521872144581,0.6269355437048265
0.5,0.75,0.030529731936653093,0.02029497059241836,0.014180227152490676,0.029554780299463568,0.01958904607058698,0.01362192123621564
0.25,0.0,0.2821360487111315,0.22863388394422413,0.17332464850284268,0.3092603738639381,0.250270647391183,0.19136385206559214
0.0,0.5,0.4794164851598983,0.39549964053120845,0.3693747049312025,0.4906027277951731,0.4049059609703205,0.3775209000138474
1.0,0.75,0.0006609049456411942,0.0003828077884464598,0.0003097666744878991,0.000664168953205424,0.00038120297188959373,0.0003066622111824735
0.5,0.0,0.08888291018326744,0.0631637638246737,0.04108961428093505,0.08323619361804424,0.05920690107868043,0.038450995147327416
0.5,0.25,0.3521222930039952,0.2914758083687079,0.2451417141797776,0.34951430879621603,0.28818523551712494,0.24083059221573755
0.25,1.0,0.007071446930212444,0.004987705968750422,0.0032518750325236656,0.007018895269831016,0.004939515194158917,0.003210607937499721
1.0,1.0,0.001249085999368238,0.0009894868611659557,0.0008594596000168764,0.0012441326758562132,0.0009816775687159218,0.0008448956221567272
1.0,0.25,0.22463776982852102,0.1954383370770616,0.17743748022676087,0.22751517335340476,0.1981562444856838,0.1799553391379215
0.5,0.5,0.006831833967305245,0.0049520891983279025,0.004084749712098601,0.006359464250246916,0.004618350805666305,0.0038050955779949103
0.5,0.75,0.002705585160911572,0.002135388814948902,0.002403547393707406,0.002661165452313319,0.002101010161598471,0.0023617284475598854
0.5,1.0,0.28467780311774327,0.2661728526093282,0.21939722278567042,0.2663742800239648,0.24842123919696069,0.203071006877934
0.25,0.25,0.0526348222546571,0.03894623537072428,0.03500003362567283,0.051380505847842484,0.038161364032992307,0.03441586346868197
0.25,0.0,0.0164321728878023,0.009964636835673168,0.0058291356118281845,0.01158266906993477,0.0069301857004326894,0.003936014631506168
0.0,0.5,0.4660881043447471,0.3977959604387342,0.34941654514601606,0.4386742280189375,0.3746367630388051,0.32699857872933
1.0,0.75,0.0004884411348278217,0.00026530166470117855,0.0003452629367667326,0.0004290406005755809,0.00023225364405532467,0.0003023728652451485
0.25,0.75,0.38853370517284025,0.327451248680638,0.26306559244805117,0.3762270911062806,0.3158355192163501,0.2516376429055348
1.0,1.0,0.03064300496497052,0.018301764995180658,0.013060323563198084,0.0320186048186355,0.01913176594500865,0.013660094677552692
1.0,0.25,0.08788754285225886,0.06992283888375539,0.05039201273975036,0.08638477020751312,0.06850292857102303,0.04911068844746658
0.25,0.5,0.11755706435572355,0.09826702331998816,0.09053859207370052,0.13514754032315535,0.11308666342449203,0.10449393067570756
0.5,0.5,0.6004200619349795,0.49747218793012105,0.3917684033562143,0.601446397024435,0.4988132573853865,0.3939176822975281
0.25,1.0,0.07176554417417702,0.05440135067836116,0.04517454242511931,0.07400412031493686,0.05615984568158505,0.04686500441920116
0.5,0.75,0.010998968271838994,0.008680462826934243,0.00458929919642348,0.010121497952568559,0.007968175251762855,0.00410843375715475
0.5,1.0,0.0009021208870945152,0.0007556726483513021,0.0006508813100203348,0.0007483825634018171,0.0006179261372700751,0.0005104560828106397
0.25,0.25,0.001415941738345028,0.0009465666744071788,0.0006514471813581224,0.0012964341340068186,0.0008621677123062943,0.0005884632924220146
0.25,0.0,0.10400582702946826,0.06528860404587111,0.0476837857527449,0.10622341422700554,0.0669558104570841,0.049485821238461236
0.5,0.0,0.3433751611167578,0.23059889019162982,0.14437569390448712,0.3391061335641917,0.22686835356518964,0.14134896579843192
0.0,0.5,0.527579968640683,0.4031579539506541,0.27396364705368015,0.5263067650025465,0.4008901480877618,0.2706386631790446
1.0,0.75,0.00014301617128487099,9.730307751976142e-05,7.410638454552476e-05,0.00014461443279278896,9.975239535076064e-05,7.670700227113691e-05
1.0,0.25,0.09811192703474636,0.0516661465050563,0.030034255676832933,0.10632471543299737,0.05628626515354762,0.03288867398527662
0.5,0.25,0.06342782730962859,0.03401479255361217,0.019270996406458574,0.06332374863420653,0.033945694506274715,0.019209002889677196
1.0,1.0,9.238609467676628e-05,6.870024703786726e-05,7.922731493414936e-05,8.456422463121172e-05,6.305481012747194e-05,7.298343896444681e-05
0.5,1.0,0.0007222659419801047,0.00043020280105687814,0.00029505073496094436,0.0007248676032620693,0.00043148454636587896,0.00029555843463757725
0.25,0.25,0.1810267389981559,0.13082438850196876,0.10016337084296834,0.18804850171632126,0.13643495160154995,0.10495699492089305
0.5,0.5,0.10644518616432697,0.06931244564368844,0.04573928208218336,0.08631209553505681,0.056002679743301975,0.03651866582001195
0.5,0.75,0.03610348230333249,0.02481316580007842,0.018421669074123792,0.03104757837426786,0.02149731677203226,0.015912516578741043
0.0,0.5,0.6483797234104698,0.5677426082560003,0.4715776355969301,0.6280556971493849,0.544192455028383,0.4445183241737565
0.25,0.75,0.21063121991187206,0.16034386164637127,0.12376830871615374,0.24399825015600274,0.18752847720523003,0.1466818799174473
0.25,1.0,0.5311551840289561,0.4576482867254055,0.3849152096541898,0.527406778804091,0.45563198779819003,0.3844141929749971
1.0,0.75,0.11210344170286102,0.07265139456169067,0.048219510185096404,0.1087694808150208,0.0701979454222107,0.046195596919558435
1.0,0.25,0.0037135341410171607,0.002257652396304488,0.0016419399677245483,0.003381679520462866,0.002029996419814273,0.0014429017945878364
0.25,0.5,0.1883561040749886,0.14304238146608095,0.1136097846363584,0.2005391784941123,0.151956697789686,0.12028880639795614
0.5,1.0,0.24486028007331517,0.20932186120837015,0.17542291264874765,0.2518235554930366,0.2154263715434026,0.1800453374901987
0.0,0.5,0.2138895987291458,0.16078592331074992,0.13170034128625896,0.2126353351000645,0.15899807435111024,0.1295246209627109
1.0,1.0,6.981611240841623e-05,5.6729367245100804e-05,4.656377229417252e-05,6.053890190438338e-05,4.9038112332699946e-05,4.0805132614840645e-05
0.5,0.75,0.495825498112909,0.39663226666274776,0.34089676239575306,0.5022172851878282,0.39788707757544284,0.3400539073930877
0.5,0.5,0.4518350466152977,0.3321253785998586,0.24546290707044016,0.42961235190764735,0.3144140390786767,0.23215513266758037
0.5,0.0,0.1286572580774854,0.09318189420819545,0.06271023232881379,0.12725387262450072,0.09207556867935218,0.06179408933321384
1.0,0.25,0.05032240396779264,0.037762113580336876,0.027904326824066406,0.06464892331535377,0.0498808327401995,0.03888422995617313
0.5,1.0,0.05508523282222488,0.04556246784629603,0.036826702268755396,0.05494578505492398,0.045444730277325984,0.03669081692443099
1.0,0.75,0.0006112765348789129,0.0005584187889738912,0.0005098942818961838,0.0005697968690484556,0.0005200982088205963,0.00047411238172101466
0.0,0.5,0.6084351951927913,0.44957414817326546,0.2977837498661845,0.6074821064490433,0.4482851271218249,0.2962202775966247
0.25,1.0,0.5516973344131191,0.49027799711642706,0.41544792912983,0.5395487826938199,0.4782523652375005,0.4028227061440457
0.25,0.75,0.4526485411469421,0.42513751477327044,0.39360025772228147,0.4599119046708172,0.4311415756070529,0.39796995410362657
0.5,0.5,0.31829141562253227,0.2553726350424814,0.2236160901358507,0.2856355361580455,0.22067705762562917,0.18451809211855774
1.0,1.0,0.0006813303196948617,0.0004427408624658735,0.00030860024476342396,0.0007120512330536233,0.00046509018427021154,0.0003247374413322124
0.5,0.25,0.020418987197670213,0.016020896473917023,0.013744236076052907,0.01991078646168276,0.015619962581665758,0.013359791670358057
1.0,0.25,0.06462403268931305,0.044722228379351914,0.028405651898695483,0.06515969250996922,0.04501199476505624,0.02845169540452963
0.0,0.5,0.22624833280545076,0.16730264994358823,0.1242893356249084,0.22449221525220353,0.16576277830652886,0.12285676645387777
0.25,0.5,0.16057663612929174,0.11984329205296118,0.09717629216730872,0.16472701554356617,0.12380367698971562,0.10122751783343042
0.5,1.0,0.017978870818481263,0.012901973069860517,0.00816516680245094,0.017708968034294115,0.012691891013287493,0.008002891855597882
0.5,0.5,0.0005814783281199443,0.0004357002114535602,0.0004883691888200037,0.0005202004528946924,0.00038931223654870006,0.0004341213034739777
1.0,0.75,0.18949636871875897,0.12571940997988107,0.08945804559296255,0.18588996202121955,0.12322152012731935,0.08752002423316041
0.25,1.0,0.30808787580872266,0.22960596305158398,0.1705601595691335,0.34977913298873176,0.26314557859652166,0.19807627979178588
0.25,0.75,0.619137241713283,0.5323865230758411,0.44317511196539094,0.6196835190391786,0.532777328802265,0.44339057219171485
1.0,0.25,0.00024782328769124007,0.0002152685125826892,0.00023049381209616637,0.0002490699233902438,0.00021681109940918653,0.00023267200932453047
0.5,0.0,0.004594807158719516,0.0038823956832720885,0.0037823946895232385,0.0029327892955193224,0.002565591302683412,0.0025564008365142055
0.0,0.5,0.4270855353159918,0.3566791340942408,0.28133588055896275,0.42820495503413913,0.3546067228873956,0.27669900737162956
0.5,1.0,0.055134545345006725,0.04049817486416396,0.03365186917057805,0.04292712933928611,0.0301429107015021,0.024148347885432964
1.0,1.0,0.005091950146843938,0.002631259649636397,0.001294473886812253,0.0050523277564136215,0.0025956577787575874,0.0012663253801165064
0.5,0.5,0.03488723576416641,0.024601408447425532,0.017135340212574235,0.03462200959042838,0.0244589134453721,0.017052903836360933
0.0,0.5,0.6324926608919454,0.5335895461043481,0.4520858007477194,0.6278933470838626,0.5292934456824623,0.4479422048061328
1.0,0.75,0.00012691495267913577,0.00010490777479454927,0.00010100440907812036,0.00011577605431534188,9.635093934323713e-05,9.251442913837948e-05
1.0,0.25,0.016285629854762118,0.014495244391649509,0.013451049863552278,0.015708446007968835,0.013982017006195946,0.012937888945636522
0.25,0.5,0.48252116154223057,0.3978774288667888,0.32078030785222866,0.4939272205949655,0.40809521804927584,0.3295113363874945
0.5,1.0,0.001344829552467841,0.0009244357964204308,0.0006743332650783751,0.0015496859172128286,0.0010706012979051494,0.0007937791865562094
0.25,1.0,0.05058684377684697,0.03616109435200876,0.023669756247041596,0.04785935507290473,0.03457602070917032,0.023012533730213613
0.0,0.5,0.7776289796063504,0.659563863104023,0.5289366459571814,0.7919821112280208,0.6765327491814865,0.5485028153692841
0.25,0.75,0.7806979512044402,0.6639966564181211,0.5860711345346052,0.7808919576813818,0.6640072726135549,0.5856756153395881
1.0,1.0,0.003443644898230569,0.002801781782423518,0.0025789213175071435,0.003367691518979088,0.002737396325084185,0.002511498161455794
0.5,0.5,0.3947722516180412,0.35958558485580894,0.3156786107603007,0.4041455604198525,0.36774826298353225,0.32301960511885364
0.5,0.0,9.048173931658354e-06,6.913011165621263e-06,6.576801240609775e-06,8.43677019224387e-06,6.440970964360915e-06,6.089201718850745e-06
0.5,0.25,0.0036423660025454163,0.0018546045363786456,0.0009388975554153189,0.00409314539500405,0.002059014965578365,0.0010267216414936442
1.0,0.25,0.0428050190494933,0.02691384042656575,0.012505649578263611,0.04171174751142326,0.026153445751698978,0.012057893096630301
0.5,1.0,0.11603210552728771,0.09321390670604435,0.07866807387132946,0.11685597472312748,0.09405695905934008,0.07943992964879842
0.0,0.5,0.189202301485087,0.15087539543141926,0.11893451530991306,0.2120661338459089,0.16578906006677352,0.1284145403944994
1.0,0.75,0.0032956048626606727,0.0026451447676854034,0.002458102437219667,0.004613203167907365,0.003684626765213972,0.0034335883702938386
0.5,0.5,0.1463606603739842,0.12081266586035844,0.09754828982984942,0.1453388669423884,0.11983780415190048,0.09655516686837595
1.0,1.0,3.969652294499859e-05,4.0840197007674384e-05,3.768333778642052e-05,5.124551947921496e-05,5.1785583374042155e-05,4.815580844663714e-05
0.25,0.5,0.21713113202305723,0.17115308328213052,0.14764501117213247,0.23120867470666817,0.1828176399916639,0.15788858640742864
0.25,1.0,0.00922119470915339,0.007596060559117435,0.005538174515311578,0.008519212257499409,0.006994420796659795,0.0050759958663794125
0.25,0.75,0.1198330056946244,0.0954534541790375,0.11130014811661493,0.11702855898734055,0.09308802728560994,0.10827464974015577
0.0,0.5,0.8697253131313636,0.7869351946972902,0.6530850240764269,0.8666457724832916,0.7833804406353234,0.6489584792480493
0.5,1.0,0.035847649134989834,0.026562524975195956,0.02237893531244617,0.03451479550129011,0.025565710932301866,0.02150092595266684
0.5,0.5,0.00484282953182158,0.003492708245989573,0.003213298806857723,0.005021531171878979,0.003616605423922392,0.003321266135402734
1.0,0.75,0.0001508717650415825,0.00010265484990390483,7.413797571065306e-05,0.00013618097838319354,9.246467574475226e-05,6.603966114604454e-05
0.5,0.0,0.0004128440639541431,0.0003180982874881888,0.0002786084346844131,0.0004139713219841745,0.00031862609643740214,0.00027751870822623204
1.0,1.0,6.830128485013631e-07,6.455727343812612e-07,7.114223841142575e-07,6.585725469410164e-07,6.181539852212481e-07,6.780230275005295e-07
0.0,0.5,0.4304535614737386,0.31620344104501263,0.22308705922888716,0.4534849033122599,0.33560060353763876,0.2392536582537328
0.5,1.0,0.45354226648540896,0.31373740134299943,0.2165612504409652,0.4505738471295432,0.31154425641866335,0.21473348031588357
0.5,0.5,0.22795842205957562,0.1965039868460583,0.18437821324426884,0.22725634039363007,0.19493288747751314,0.1818225669698783
0.25,1.0,0.2920022927525203,0.231103119571769,0.1696161392846991,0.28903885609805424,0.22775676562084446,0.16654857761289
0.25,0.75,0.14111340989752474,0.09539288993483108,0.06695994497339042,0.1402720208200332,0.0948292384527778,0.0665031974716025
0.5,0.25,0.001140388801613268,0.0007372769039015736,0.0005465405231124265,0.0011281545595251963,0.0007238648875862452,0.0005322363131321506
0.25,0.5,0.0025648794716472967,0.001402298102049726,0.0009626886845328642,0.0019017600734216877,0.0010531159748368157,0.0007235088917808552
0.0,0.5,0.22203709663926674,0.15377656132013706,0.10152522788651142,0.2186818334980225,0.15122040708167972,0.09956636919815698
1.0,0.75,0.006056885976697179,0.004572315141247452,0.00367523654742552,0.007249130412669391,0.00549002438483126,0.00448831258535054
1.0,1.0,0.001744935588161023,0.0014151528759842602,0.0013310879899410821,0.001179824241152705,0.0009663451230360609,0.0009214220796862627
0.5,0.0,0.6963506930739721,0.585109670561116,0.4663594981213519,0.6921119793994703,0.5805471905076784,0.46145306686219933
0.5,0.5,0.07804944367071154,0.06354623639795665,0.052327642558682275,0.07882154211236814,0.06418916376377015,0.052830505447460596
0.0,0.5,0.8616975338662536,0.797333140500313,0.7209096388612917,0.8544584370335937,0.7879564161332514,0.7088837879158345
0.25,1.0,0.5757333580113484,0.468076997434697,0.39202742247084876,0.578148751213641,0.46808539217538747,0.3892192608222349
0.25,0.75,0.5016867108520104,0.42684878302972207,0.38851827614750745,0.4959687793476829,0.4212527055146026,0.38260660394764956
1.0,0.75,0.0072339167103276925,0.005481286882642156,0.005630821899414551,0.0075628575467152626,0.005668674373678129,0.005754489314533151
0.5,0.5,0.003630986090975119,0.0021711845399245977,0.0012718948002118369,0.0036316827040083766,0.0021711363339878,0.0012728095073180068
1.0,1.0,4.765600495360012e-05,3.0371857504540856e-05,2.426912414499327e-05,3.760633941340963e-05,2.415821014156716e-05,1.926150048725539e-05
0.0,0.5,0.5626088751195941,0.41428193065658236,0.2804882214827956,0.5391572889402907,0.3900575332901616,0.25783242449273924
0.25,0.5,0.05735167237987726,0.04296196912604067,0.03335266829161854,0.056572240143863195,0.042229344630181576,0.032579627665490274
0.5,0.0,0.07069590065594256,0.05430921302889913,0.0450103024801316,0.07128757982951761,0.05498267878598839,0.04563032377498433
0.0,0.5,0.952560677986928,0.8603792562551019,0.7266171922234155,0.9519790590478785,0.8585241384311026,0.7230057369868081
0.5,0.5,0.41913446911700725,0.3336337051717735,0.26508074538585646,0.4221584251411349,0.33714543086072335,0.26915815301088986
0.5,0.25,0.0031522959533700767,0.0022971003536230716,0.001998440856307404,0.0031183885000547473,0.0022692654710176896,0.0019680346024519846
1.0,1.0,0.011046823212973789,0.006471696596853094,0.0032834955952881772,0.011274126326609513,0.0066313099142463194,0.0033837446175852826
1.0,0.75,0.0033220569978991144,0.0018374870602716475,0.0007959117063810472,0.0032616910764091678,0.0017978965191765006,0.0007734938526037238
0.25,1.0,0.03017372840322985,0.019255558500649417,0.015161864325589192,0.03557308713597651,0.02288370882100077,0.01811785715687897
0.25,0.75,0.21786142245294704,0.18620797529051458,0.16348766410515503,0.2198077134013119,0.18762997556981187,0.1644478472936275
0.0,0.5,0.23985871949920723,0.1711741383611367,0.11051456847742158,0.20716179028687343,0.14857261479915607,0.09346412044195218
0.5,0.5,0.0351559344033191,0.026439637211015166,0.023511683275779127,0.0345522101305199,0.0259508187212959,0.0230220336262289
1.0,1.0,0.0003907946332912804,0.00023278621307021297,0.00014059708796909653,0.0003916123787794934,0.0002323410819777827,0.00014012910255334354
1.0,0.75,0.0012741336724961805,0.0009748209079115666,0.0006863584858709526,0.0013016594317404317,0.0009941704682201458,0.0006980813585795165
0.5,0.0,0.4816050043995619,0.40400057774906883,0.33380807540631874,0.4829407469239133,0.4074983280245923,0.33721719316336096
0.25,0.5,0.2232091312811635,0.16481186571193063,0.10741309886046446,0.19662757092461036,0.14405288106012537,0.0921912144759236
0.0,0.5,0.5818215392443334,0.49598597596882,0.4172471207554096,0.6132042288542718,0.523398016585098,0.4435862260366369
0.25,1.0,0.9242035063101597,0.8713105461481134,0.7868855144687315,0.9259793772735915,0.8739040480371992,0.7908461527107922
0.25,0.75,0.44320133459193756,0.41947564264522674,0.4063886337457322,0.44021779972035435,0.41686323827726013,0.4036674905004205
0.5,0.5,0.14612000155384564,0.0889829603240988,0.05195365917890071,0.1707188247866671,0.10590541000258635,0.06395027699866651
0.0,0.5,0.8519166969378975,0.7434386688014429,0.6281841635770584,0.8505735518442573,0.7420452618675114,0.6269026204543217
0.5,0.25,0.4814982103667096,0.40915031126886703,0.3899267928594541,0.5151352941897651,0.44258946562272017,0.4222683913341625
1.0,0.75,0.14135025768001586,0.11013259927699404,0.09360096274984353,0.1371134488507909,0.10669814385689547,0.09051306689486482
1.0,1.0,0.0024599995391623164,0.0015189702702811392,0.0010330762567591911,0.0027045323979962843,0.0016784539340208848,0.0011630136431033389
0.5,0.5,0.03343599047659618,0.027492614223357803,0.020880474526111303,0.04264808490442573,0.034976983487764346,0.02679435107096384
0.0,0.5,0.7229986804703622,0.6476477624562031,0.5701039086416357,0.7104673927485881,0.6345640992288616,0.5567851373794657
0.5,0.0,0.09513970634861924,0.06444617990152512,0.050209683200502786,0.09203465122905419,0.061549372656963475,0.04709811206441594
0.25,0.5,0.22753470260791608,0.1764480108572325,0.13500040824970294,0.2340194972199683,0.18149674868928956,0.13937593712968577
0.25,1.0,0.49974245306738774,0.4148507791212922,0.3581314183366816,0.5056256894000815,0.41957629739643276,0.3619429722201055
0.25,0.75,0.12281382472393321,0.08463637887921027,0.06020261714951114,0.12633951879123373,0.08721532375728591,0.06248447426345316
1.0,1.0,0.0006748326793715176,0.0004963496193468586,0.00034504226589804343,0.0008646028809397022,0.000627061029308984,0.00044348765478741115
1.0,0.75,0.031562151763452784,0.022547038449665102,0.017721852392958648,0.0308695426100839,0.022182807892022982,0.01740923906535463
0.5,0.5,0.3524717246530157,0.25444007211090003,0.18360163050613798,0.34671898615057906,0.24908325803335385,0.17851941326295306
0.0,0.5,0.4075716819184345,0.33609027482362563,0.28881508423322455,0.37075568510698187,0.30339243515883896,0.2583825842289853
0.5,0.5,0.36258205338432203,0.2913162136186246,0.21979076194336167,0.36070920234095527,0.2895264189402369,0.21807500755986775
0.0,0.5,0.8352922571436143,0.7642555155215578,0.669348143684915,0.8412985588027587,0.7712407563856857,0.6774348200947187
1.0,1.0,0.007304131806664893,0.0061696349488598035,0.004771036017336749,0.00877660455643392,0.007431656434251366,0.005666000802082571
1.0,0.75,0.027299088782111625,0.01912003251356964,0.012269471100553542,0.02839748680251397,0.019832031544783635,0.012728891651347607
0.5,0.0,0.10886845381357269,0.08538631277845732,0.07358207487738544,0.10578605558561571,0.0826201219890812,0.07092604122558566
0.25,0.75,0.12187781976638135,0.07087230503975417,0.039490887900268334,0.12238633985062775,0.07128224808305939,0.039815982680435624
0.25,1.0,0.541494436872211,0.46704659606474974,0.39693413352641216,0.5365952246773833,0.46226587365842986,0.3921163770507473
0.5,0.25,0.0059628783142242625,0.004421123895918089,0.00313288756259944,0.006219671794765791,0.004598413136621904,0.0032537398393213124
0.25,0.5,0.29404686760908927,0.24014539361866138,0.2021784990614759,0.30676167068377325,0.24789283834733178,0.20575312012216673
0.0,0.5,0.5941122801276464,0.48599018303105623,0.4015576987324755,0.5935533106403487,0.4851183676791746,0.4001973959040095
0.5,0.5,0.6137617313478049,0.48763057373952434,0.40977877376836114,0.6095131077762835,0.485976346063128,0.40867923623794855
1.0,1.0,0.007121790123436611,0.005162517237416231,0.003023281403402134,0.007045411557791814,0.005103241224668098,0.002980878288121991
1.0,0.75,0.0009602941504091023,0.000848978688711588,0.0007290753124539195,0.0009153005636048928,0.0008082474579855781,0.0006908619924208548
0.0,0.5,0.19947711921293665,0.1141880084568403,0.06207076574351511,0.20215787347889924,0.11775301985620756,0.0654467560680645
0.25,1.0,0.6112953344474747,0.47865066639475917,0.37961019353053604,0.61257592148305,0.48090227002865515,0.38334073289182957
0.25,0.75,0.025718232327214596,0.020234431961550836,0.015640931568495886,0.025595386224105843,0.020218104165257933,0.015691490730712854
0.5,0.5,0.09585974209947512,0.0633404652094336,0.04638786448107379,0.09090148752977822,0.06037124611640832,0.044358651849942365
0.5,0.0,0.15691966013008452,0.10387275211021607,0.08314006296222698,0.15462603819487886,0.1020748422826806,0.08151818034049463
0.25,0.5,0.015458841313898741,0.010033007463208898,0.004291154266215402,0.01688954099294826,0.010991084552287589,0.004782880564469183
1.0,1.0,8.146977606648953e-05,7.318107863363288e-05,6.008035060967032e-05,7.610593781537389e-05,6.829301063993043e-05,5.575897802090335e-05
0.0,0.5,0.7200670354306093,0.6066182242887079,0.48721925429765456,0.7135342099646567,0.5992239398114715,0.47867247732294915
1.0,0.75,0.0002751099847356775,0.00020635778318967013,0.00013108157328334258,0.00027870788300110583,0.00020917080085536277,0.0001328874177872752
0.5,0.25,0.14596516096814027,0.08540640370582187,0.06444429201872026,0.14478876890171,0.08452988174157983,0.0635913301573664
0.25,1.0,0.45459309951072957,0.37624558635749805,0.30799221554663625,0.45537238625995746,0.3769053809086804,0.30844381212438887
0.0,0.5,0.17615836951236896,0.10606626542381159,0.08029310508647858,0.17297734694764644,0.10155277168737109,0.07457680029707947
0.25,0.75,0.4322800444224695,0.3458135217026619,0.27445722683308826,0.42924972894287206,0.3434576306562618,0.2725381620838675
1.0,1.0,0.001774127837726569,0.0012016145423257019,0.00121998296154735,0.0016695713009349245,0.0011369804159344632,0.0011544775593272938
1.0,0.75,0.046143108124007015,0.0390487001746912,0.03404986211939365,0.04925260289426858,0.04133320972228838,0.035577512168133096
0.25,0.5,0.7961283534828347,0.7298798230874376,0.6795228429430364,0.7983902354395369,0.7324723645305329,0.6821644890098609
0.5,0.0,0.03263439335231111,0.022243849781603098,0.015775657426112755,0.03133633784890155,0.021309477578019043,0.015151373678499502
1.0,1.0,0.014752833747344374,0.01143983719495556,0.009942964175444935,0.014451113538769378,0.011201290732337,0.009711701050144628
0.25,1.0,0.040606142425021696,0.02401409576131197,0.014066254624373165,0.038972968522529294,0.022899470400670974,0.013338721202100445
0.25,0.75,0.1830612403343117,0.14217662406681486,0.11582744946173429,0.1819245053271974,0.14113419791611181,0.11476741490418418
1.0,0.75,0.061994509279976406,0.05153071152428901,0.046503011353753565,0.060976266655278444,0.05065820158544154,0.045661257717283465
0.5,0.25,0.26818223104491745,0.2536006764366149,0.256093427260249,0.2665858064001789,0.2519426222082066,0.25420492087248725
1.0,1.0,0.0012310835732709524,0.0007492665724962988,0.0005723733968483469,0.0010452384342004573,0.00063770351588055,0.0004829867225139006
0.25,1.0,0.42381577457520725,0.30266359563283474,0.2288812738926419,0.4253399527694772,0.30351654379142134,0.22913463234239195
0.25,0.75,0.02699354048272118,0.017310229816475564,0.01422914065355596,0.02237672179066741,0.01434121540258848,0.01164045209355069
0.25,0.5,0.12711120915896879,0.11191228925131402,0.10358891155361205,0.12500442898379704,0.10992741249433724,0.10158203344422057
1.0,0.75,0.004906724100804949,0.0037040864227664283,0.0028155433353291848,0.0047346927117424276,0.0035717718971985946,0.002704223733626887
0.5,0.0,0.09821265444193417,0.0744136532216676,0.04957785473387821,0.09874915997557765,0.07466540927130083,0.04947211491454462
1.0,1.0,4.283810074923178e-05,3.309909516180376e-05,2.019848267753588e-05,4.299337786439761e-05,3.3195136536212644e-05,2.022049559491368e-05
1.0,0.75,0.0006606436386911163,0.0005171223360387334,0.0004732735119833409,0.0005675862897041029,0.00044414889621835485,0.0004010250562421769
0.25,1.0,0.00480507927901308,0.004077005783332033,0.003276990070598007,0.0063039516056551115,0.005331288302100834,0.004332331390384692
0.25,0.75,0.26089422770872417,0.22660824375982647,0.21243418964949967,0.26298763687294757,0.228500365706787,0.2143441096182348
0.25,0.5,0.5626810278249966,0.48890609780263894,0.4059865858524302,0.5434717937866416,0.47085009669635336,0.3887474618082163
1.0,1.0,4.567341649330814e-07,4.1994220933982973e-07,4.6798269992542885e-07,4.116117160446464e-07,3.7785669271261924e-07,4.196218442720223e-07
0.5,0.25,0.02559725786442435,0.015845953833347304,0.009758423853184484,0.0248647881152545,0.015443380650826288,0.00954548709151104
0.5,0.0,0.8666808534085858,0.7821312401747296,0.6953663242857708,0.8682458704621673,0.7862595407176787,0.7042019333503662
1.0,0.75,0.02160059165818562,0.015559036745576793,0.010650286087596439,0.01874421732982845,0.013405877638205554,0.009018552913421796
0.25,1.0,0.00030221107249051027,0.000320090087787106,0.00042957149345457246,0.0002893912897631301,0.00030362352831692085,0.0004031896070473273
1.0,1.0,1.1979307012355278e-05,1.110221905387121e-05,7.762484438122996e-06,1.1834497078311301e-05,1.0960112931002186e-05,7.634613759077702e-06
0.25,0.75,0.29178249812832757,0.2239248580336214,0.18058947701521522,0.29017804265845126,0.22252748651664456,0.1792009978128959
0.25,0.5,0.37624900948982154,0.2718569885977681,0.1995045966164799,0.47241601556725066,0.3551716019180394,0.27410868104198016
1.0,0.75,0.0019299710855124053,0.0013207863588704516,0.0008634529127395929,0.0017735714443865014,0.0011977635519706542,0.0007695092120707514
0.5,0.25,0.2424700567896012,0.20382490067791204,0.17348040054360148,0.24652970770531812,0.20755180735052292,0.17740436635731427
1.0,1.0,0.007052128233089983,0.004307405693588562,0.0034524735235377246,0.006843242473274058,0.004175725464769742,0.0033390209247035063
0.25,1.0,0.06276129887458881,0.045289545528781616,0.03549569802262775,0.06223424682458123,0.04481058002981808,0.03497044119049031
0.25,0.75,0.3437815392619903,0.24460070642219178,0.19432371866816867,0.3766677241282558,0.2720974572243643,0.2194763111409367
0.5,0.0,0.09256464457750369,0.07338157696594039,0.059752050544897406,0.0917516735719941,0.0724501160271589,0.05870261285967626
1.0,0.75,0.0021665054088749747,0.0012330680595561416,0.0007910621030559062,0.0019901500550053575,0.0011433849650481775,0.0007334618630878698
1.0,1.0,0.0005915638527809186,0.0005057107046200215,0.0003959085311682209,0.0006462060791199153,0.0005542235579686361,0.00043517467678055866
0.25,0.5,0.025021810443739412,0.016897475466648326,0.013091171046782701,0.01906686027022908,0.012956525704859723,0.01014635407669573
0.25,1.0,0.00046053154578906685,0.00042870900058467054,0.00035955086830607996,0.00039556695749143334,0.0003687723523100317,0.0003063350202864301
1.0,0.75,6.434912779673674e-05,3.844393043805905e-05,2.7389023598889395e-05,4.823730578307206e-05,2.887307442223097e-05,2.0173910587617527e-05
0.25,0.75,0.003095781639726791,0.0021542996027890116,0.0016227492439155888,0.0022323650006659257,0.0015677053398223117,0.0011741257138169203
0.5,0.25,0.38102388497776873,0.29697327118235894,0.21158952722592705,0.3860515747953259,0.30015949362382743,0.21299407081379695
0.5,0.0,0.37640311989456243,0.31028975584175655,0.27888933954543293,0.3678991747750203,0.3013710763568084,0.2688451060612618
1.0,1.0,2.1958576178038314e-05,1.6664638625152328e-05,1.1943682354687013e-05,2.439831996081665e-05,1.8494323123841028e-05,1.3194200556565505e-05
1.0,0.75,0.04642706123532059,0.03427587434791046,0.023439635795221347,0.045719596342645885,0.03363538536104471,0.02286152597764257
0.25,1.0,0.0296195684339835,0.020846055444332268,0.01568884912339097,0.03036693228260645,0.0213642991877937,0.01608466132478248
0.25,0.5,0.7872373463198388,0.6618954837998201,0.5121662143359218,0.8017338871017339,0.6797696966593668,0.5331855269299364
0.25,0.75,0.015761805781024596,0.015796753689174325,0.014828994612741786,0.015595018178916953,0.01562927044324991,0.0146502655568308
1.0,1.0,1.1345854074140682e-05,1.1783087704109185e-05,1.2843831883713186e-05,1.03109222193698e-05,1.0674144622080384e-05,1.1574301515659968e-05
1.0,0.75,0.00011027654248929597,8.225362860048158e-05,5.84425359112517e-05,0.00011098817111010462,8.275584118400126e-05,5.867129768377666e-05
0.5,0.25,0.0026715165690988085,0.0019863481897988144,0.0016870048725465825,0.002708445968880535,0.002010179657409905,0.0017025123003113762
0.5,0.0,0.0053836270423883725,0.004435982564166663,0.002706481014006279,0.005151147343762874,0.004233099654781025,0.0025399065897159234
0.25,1.0,0.6562426399004487,0.4928124252342114,0.37453043014811827,0.6294626220609312,0.4644957894352242,0.34407936085386626
1.0,1.0,3.5455251255811504e-05,1.3653535275381934e-05,3.4856521150539166e-06,3.3444170930541084e-05,1.2734620650767248e-05,3.187523740844078e-06
0.25,0.75,0.4865561270631238,0.40819947657106725,0.3590025727102749,0.4832530032787341,0.40534042160334227,0.35594769804486015
0.25,0.5,0.06083526286240604,0.0544985950184772,0.049005384448676415,0.05675764498000446,0.05093747685078864,0.04573294348444934
1.0,0.75,0.031103402679055092,0.01786993685803573,0.011457673347542663,0.031368185202995114,0.01756876381232897,0.010922604408159065
1.0,1.0,0.001041082313113062,0.0009496724033666304,0.0008122332593050174,0.001023942404470679,0.000933173313646174,0.000795353442996305
0.25,1.0,0.4605592508110137,0.34410844188818257,0.24861542474099552,0.46150329596911366,0.34458329757257655,0.24857599865374536
0.25,0.75,0.16414528588552413,0.11479225575203778,0.07738937751181874,0.16219871612693448,0.11301119773695512,0.07578037926185499
1.0,0.75,0.0528436555049544,0.03905521910293652,0.03151831540207439,0.057822512326365594,0.042683424528096925,0.0344857285028618
0.5,0.0,0.11264702945944838,0.09962629735374973,0.08663755224933911,0.10771798526035958,0.09534777808153105,0.08284198907890783
0.5,0.25,0.7543894376966631,0.6748835446679884,0.5785526128279134,0.7535167428647365,0.6738082245051509,0.5770539523719653
0.25,0.5,0.3424231307350244,0.26909834905394314,0.20452651221780926,0.34685023824651795,0.27062340445279576,0.20417004020050977
1.0,1.0,0.0007767821202888658,0.0006850503593063273,0.0006630565653575893,0.0008575503010344043,0.0007532243247985182,0.0007285232905358541
0.25,1.0,0.6113042428721485,0.5145550041096802,0.4326284546438244,0.5977047765695628,0.501693695801047,0.4187293195836992
1.0,0.75,0.016654491203858757,0.012202394901324798,0.010000013914398531,0.017198418428016615,0.012542933494593012,0.010205709479841896
0.25,0.75,0.2884389642908747,0.21686530809418691,0.14799415557805962,0.2882707928221364,0.21674498342481208,0.14793847672902216
1.0,1.0,0.0005076081346887529,0.0003390716285005535,0.000257570862342682,0.0005106518716336828,0.0003394389127637787,0.0002559107158504048
0.5,0.0,0.007075692087097352,0.00569501410122053,0.00452684498262701,0.0070781623461499965,0.0056988568550663254,0.004528946736614747
1.0,0.75,6.240386474143378e-05,3.31676756712973e-05,2.6429943302819225e-05,6.0154802015821573e-05,3.17736748389752e-05,2.504227785915525e-05
0.25,0.5,0.3688802012715615,0.3022853573928709,0.2359544782467462,0.3990329191261327,0.3292007890503902,0.260615198401568
0.5,0.25,0.06196549498471249,0.05320448424233237,0.05031812163995897,0.06174585526923715,0.052959020426152525,0.049992870386024735
0.25,1.0,0.047303463427843195,0.033664041177356885,0.028631367940018748,0.04795925215472818,0.03407878740393544,0.028915056435752762
0.25,0.75,0.23248254775409394,0.18481762221772335,0.15262190342215987,0.21684961833192617,0.1760400543785905,0.147998006068099
1.0,0.75,0.060884686494718565,0.0384812641825959,0.025954661802522816,0.08009807628516341,0.05238643868237247,0.037123085440919024
0.25,1.0,0.034234658103181825,0.02431679778736351,0.014556555647239011,0.03392982512822129,0.02410627125550202,0.014470688092783401
0.25,0.5,0.21467687149838022,0.15194354875965244,0.11299413335918829,0.206619526415316,0.1434847612418937,0.10549744307151265
1.0,0.75,0.024658506192215768,0.02279613974009087,0.02002613075292703,0.018941771859483758,0.017646703625284532,0.01528317709579785
0.25,0.75,0.1476237258651224,0.09629622223813894,0.0698451171720953,0.13074670160361013,0.0843449678611844,0.05962657630304902
0.5,0.0,0.2940202870312909,0.23362976370897948,0.17528993358440714,0.2981071416204878,0.23692237805369154,0.1780130343146462
0.5,0.25,0.18236315450418472,0.1502901612719283,0.12310593955373528,0.18172560782433966,0.14891226963416493,0.12106550187998832
1.0,0.75,0.03005484752034404,0.024689870121507806,0.0216367004097352,0.030064935491516342,0.02453064334406141,0.021376209656391087
0.25,1.0,0.1269398727510086,0.08747157212135115,0.07625572133813252,0.13337221268272936,0.09262613342067083,0.08135511158136532
0.25,0.75,0.02073233856143175,0.014701608182648873,0.009367769544515236,0.022469330949860256,0.015973692601255696,0.010272660495281083
0.25,0.5,0.11543709676537572,0.09896990775486059,0.08439534286032102,0.10405639804500977,0.08893343201921056,0.07521661717616357
0.5,0.0,0.00040950702004693973,0.0003471591271104746,0.0002864229151091635,0.00041239141401616664,0.00035108731481492406,0.0002894278654972382
0.5,0.25,0.1440691770574467,0.10105855419351217,0.07223107427874731,0.1452988655857006,0.10211792198110814,0.0731834983922911
0.25,1.0,0.004786533359444345,0.004242561656694788,0.0035101350804629394,0.004746916247267308,0.004161759224191486,0.0034121646212849077
0.25,0.75,0.5177907032227658,0.4250610644614705,0.3335548960237984,0.4910221789785497,0.4017378848886066,0.3129287931148431
0.25,0.5,0.03732489147053242,0.027995352731543188,0.021843601395097556,0.034324226033833116,0.025997231192950165,0.020463630749897543
0.25,1.0,0.592040703712442,0.43995915043335443,0.29599838028494385,0.5906637496121941,0.43803222658590657,0.293442007824501
0.5,0.0,0.00039139308639080106,0.00029248114993851715,0.0002536409105385884,0.0003832087082842328,0.000286195184442839,0.00024689401119482035
0.25,0.75,0.17741233584007177,0.1399193995103879,0.10471569956527293,0.16357358007249534,0.1279185193521819,0.09428438237822945
0.5,0.25,0.3597645030844242,0.26234570710066873,0.17318784910063423,0.34381141023107875,0.24892448239960818,0.16238909345948294
0.25,0.5,0.0003303338526747801,0.00022282599150436067,0.00014324951696287336,0.00029259283578420003,0.00019802465228013766,0.00012730123679660643
0.25,1.0,0.03057601324534398,0.015331465933949073,0.009168860441758353,0.028145781564493877,0.014035839127360172,0.008316696759759767
0.25,0.75,0.43121037414391306,0.32493780991153476,0.27380403058993263,0.4287907026825687,0.3234732831737601,0.2726788044984564
0.5,0.0,0.1266940147975134,0.09705345381564379,0.08218195511414961,0.14602537301618068,0.11236907673470375,0.09537141350171452
0.25,1.0,0.07076957383190385,0.05120007280142724,0.04142825032037789,0.06744648818642651,0.048016502562803653,0.03841147837142511
0.25,0.5,0.3675652810775243,0.26642151219556776,0.1869567515391921,0.37490917875814755,0.27275261321253885,0.19275386217556734
0.5,0.25,0.5076198737082427,0.44159915658449833,0.3580765186506206,0.5128963561923326,0.4462543469060253,0.3625222455670464
0.25,0.75,0.0006328407650035839,0.00045723340363912346,0.00032227407335305713,0.000640663280288778,0.0004647628982064056,0.0003292349854491228
0.25,1.0,0.14407694021727746,0.10153571684346296,0.08087491271952763,0.1431028976432107,0.10074582074735727,0.08007994401399776
0.5,0.0,0.6527081239577197,0.5704379415757259,0.5121914533813265,0.6416689737807262,0.559348280573218,0.5011518986873698
0.25,0.5,0.17682503477017253,0.13143421453803406,0.11563336905152666,0.15584000267889153,0.116230889263782,0.10296722016899706
0.5,0.25,0.09912714755692498,0.071333274130855,0.05906536583029842,0.11035717805291179,0.07886533750768454,0.06468884001943531
0.25,0.75,0.07513234731449603,0.06735095119039536,0.07192490786515959,0.07422619567210886,0.06653788755813239,0.0709966524424297
0.25,1.0,0.09441992284154122,0.07621165368989868,0.05844607969886262,0.09378862685800948,0.0756467192109962,0.057916768692252374
0.5,0.0,0.00048726344220328954,0.00023071576902977675,0.00011208132039608465,0.0005565730438519267,0.0002675020450180199,0.00013222265126011656
0.25,1.0,0.3005526571759052,0.22989001648382823,0.17226713823798867,0.3366838296086978,0.2608713974176824,0.19841809819028622
0.25,0.75,0.20924820036341962,0.14784456029073767,0.10782735081612493,0.18723016184188257,0.13061926092309395,0.09349060114824836
0.25,0.5,0.31607304978433837,0.24145018149374486,0.1944899019995685,0.31363927639559575,0.2393700364846869,0.19244462421913666
0.5,0.25,0.024839951540327143,0.020786538117804954,0.0168303922214994,0.02152926780379638,0.01771974669407972,0.013989579818292741
0.25,1.0,0.13864231538904392,0.1111551759317877,0.09644831384446517,0.13765773538815596,0.11033128522817959,0.09564709241014191
0.25,0.75,0.32263181998192036,0.24483266954061622,0.20547127008108457,0.3139160350253398,0.23693682632601942,0.19802211467840325
0.25,0.5,0.5991057831417725,0.45095792017348435,0.3152554440529367,0.5948351208450542,0.44581115715755737,0.3103866651706051
0.5,0.0,0.08192873937427192,0.05887531000654833,0.044163025176102266,0.07434091763365802,0.053543770939411095,0.04045607679399743
0.5,0.25,0.18426947586162656,0.15254784237867047,0.13289316554043817,0.1908442881728296,0.15810809902902556,0.13788647762291206
0.25,1.0,0.04536548716124389,0.03326334465091185,0.02660351729209076,0.04524855154681717,0.03271263782893585,0.025850423694707914
0.25,0.75,0.6808599247660245,0.6008636113598514,0.5454392678560112,0.6798930099759154,0.5997124712572295,0.5440997463415671
0.25,0.5,0.6020929955902247,0.4898793366450819,0.38669203229596794,0.6036823823257216,0.49129129942644734,0.38760771380808234
0.5,0.0,0.041422942250908035,0.036314312466605214,0.0367884719759618,0.03744176588806092,0.03289957466745952,0.033221346153397335
0.25,1.0,0.01727505613822744,0.011986345828096323,0.009203381809104072,0.016722668559578935,0.011558365122547709,0.008819657382549195
0.25,0.75,0.04443943572804199,0.03378820149627959,0.025298355403082118,0.042724543046521624,0.03242776268303871,0.024143388605080474
0.5,0.25,0.0059120141877813115,0.0030614750525648216,0.0013562570048730738,0.006587568220145279,0.003501212719465019,0.0016106378703134583
0.25,0.5,0.7890212159851262,0.6989714128153797,0.6220008825369898,0.7877039364669934,0.6972081915493135,0.6199000761184403
0.25,1.0,0.6284347983932213,0.5434826643941644,0.5011449018828122,0.6236395043762917,0.5383297807553548,0.4956347390280691
0.5,0.0,0.002449948842499383,0.0018324012488922792,0.0012192038162611718,0.0023301932206086784,0.0017822813854286856,0.0012245568525073303
0.25,0.75,0.01657882296182167,0.011848235892478298,0.008039313589823793,0.020736898481652943,0.014623288502040865,0.009878504474216898
0.5,0.25,0.032925360132196935,0.01981364900506688,0.00976312763751519,0.032523877649441646,0.019542755625150954,0.009594934638675112
0.25,0.5,0.0248036038988535,0.02066276792275068,0.019193666694705347,0.02510434985871779,0.020891451180872878,0.019389948830540127
0.25,1.0,0.05326742248428207,0.039813903090586966,0.030890819771448363,0.05210544450229271,0.03912515173482389,0.030212898047516923
0.25,0.75,0.3668772311267815,0.28445619439076386,0.20890706940320314,0.3574148275010266,0.274951160996864,0.19906781057172662
0.5,0.0,0.027522819534077536,0.026963328757391603,0.029558171202327177,0.02686212506087715,0.026346462701750117,0.028913213299561202
0.25,0.5,0.0027297913160924114,0.0022739285664969966,0.0021784285418369187,0.002429425701942156,0.0020252375731133476,0.0019432535585007793
0.25,1.0,0.016515273753953896,0.013635031467108538,0.01129902068888522,0.01585070102408792,0.013100296753532747,0.01084211593747375
0.25,0.75,0.22387251561841803,0.1895100947606474,0.17393781394682606,0.21553505487786673,0.18217037836488392,0.16663488868668053
0.5,0.25,0.012076128263192598,0.00777280652761414,0.0036334045795174408,0.012086967754690758,0.007786239272662865,0.003624212733592813
0.5,0.0,0.11785237252075365,0.09381027564457756,0.0866524674283281,0.11051495019764923,0.08745635117778017,0.08009178332250932
0.25,1.0,0.005411697526002346,0.004030181436228353,0.003365322044281749,0.006911112896804461,0.005123612397297084,0.004234047662728724
0.25,0.75,0.38125566605127914,0.2958374705549134,0.19782553298332695,0.38070093845691566,0.29533202839786843,0.19740071060868714
0.25,0.5,0.058044206024614686,0.040763405654874685,0.03322952645188859,0.05678157045023846,0.03996241863207295,0.0325965978010776
0.5,0.25,0.0241324911479337,0.018764692350172973,0.019089954210070204,0.023627536853449982,0.018140959544500013,0.018398009286601846
0.25,1.0,0.36658298018385027,0.2717031603889001,0.2045643733400162,0.36757050426903315,0.27117827640759384,0.20300120683835743
0.5,0.0,0.11155951329373925,0.08450642300887323,0.059906404798681145,0.12348476479136705,0.0942340788982825,0.06833068919340379
0.25,0.75,0.27448271001719504,0.22729544746477015,0.1997817730661997,0.3031804052844864,0.24882674624619483,0.21507385952607494
0.25,0.5,0.2500171515674744,0.1604342508799237,0.09343450268686282,0.23792115016513826,0.15032171020719343,0.08552037635334875
0.5,0.25,0.020822240269900316,0.01675596751863362,0.014299934063698228,0.020276743882386872,0.016380803111620823,0.014027291388800434
0.25,1.0,0.05541353435469154,0.03939128618392318,0.03483375361109409,0.055379984275294,0.039348267343994325,0.034647012085741835
0.25,0.75,0.9415543941435399,0.8668174924684032,0.7519020872729169,0.9431743787484536,0.8696536647997783,0.7562685821966053
0.5,0.0,0.3236509155878059,0.2741938849332386,0.2258073986596132,0.3109798901188592,0.262851554211749,0.21537490893837052
0.25,0.5,0.20221287447127956,0.16388906312276008,0.13314338376061619,0.1945912325836341,0.1573830243470682,0.12720574859232303
0.25,1.0,0.02051886182386431,0.0125448164630797,0.010167125867690308,0.020574111293763853,0.012518948533485674,0.010083893050691017
0.25,0.75,0.02010872681928788,0.014934637800791517,0.011211603991113872,0.021401900250499595,0.01608236379112349,0.012312609785818385
0.5,0.25,0.00945280500706347,0.007342547262218169,0.005407473820898123,0.00876935262623113,0.006702606215451379,0.004834538120082943
0.25,1.0,0.21188268399628674,0.15378469724439459,0.11774410937125912,0.2137482064273668,0.1550058989767451,0.11842546358515327
0.25,0.5,0.8866134283339802,0.8272962093885433,0.7577928264164743,0.8856657355012985,0.8258989265767929,0.7557949242264401
0.5,0.0,0.1367270771905671,0.1043976374179727,0.07526795475094283,0.13547097929679663,0.10375527319494438,0.07540856373039184
0.25,0.75,0.8790345159378121,0.7757796293964674,0.687068862156888,0.8801666079962065,0.776341680921898,0.6860073561316533
0.5,0.25,0.06117334860227874,0.04376886854659956,0.03444922953470342,0.05602112204711185,0.0395170228592604,0.030232075026497385
0.25,1.0,0.7011178300163975,0.6146313830888909,0.5564722544607044,0.6915342503606062,0.6056765748160414,0.5464102917859337
0.25,0.5,0.22093856868865314,0.1777571793204571,0.11344034096839106,0.22731172938890376,0.18348627433705245,0.1181333057948799
0.25,0.75,0.19062554633143913,0.11792141754866847,0.0942088035759171,0.1791436325884429,0.11021678279395741,0.08782103290830023
0.5,0.0,0.23195939533111676,0.20071160242438735,0.16849334421746442,0.23984920701354784,0.20763793880615644,0.17491326353550263
0.25,1.0,0.5963770985528312,0.4494895169403075,0.29485224526013054,0.5760756047541462,0.4291416389079694,0.2763251837485222
0.5,0.25,0.017407168323822164,0.009876939068653279,0.007198172262165459,0.019031169850993956,0.010846241239982679,0.007952975333283208
0.25,0.75,0.7725653760355813,0.6575282025975493,0.5009868114120273,0.7871618378506448,0.6777584973375157,0.5265033140490287
0.25,0.5,0.01047843006931215,0.007382420259912648,0.005043931176615946,0.010253764356884298,0.00714487262845076,0.004806956525400086
0.25,1.0,0.009450763423208275,0.006313300246848286,0.004616843594457576,0.011776832060395925,0.007848988361334186,0.0057720508258400915
0.5,0.0,0.0194651756441635,0.015241630670785322,0.013086789514078379,0.01959152865242053,0.015256099432409465,0.012983768623917147
0.25,0.75,0.08933875414215031,0.06724601431055477,0.048201838804825314,0.08827417149182126,0.06662029216287912,0.047815860553915845
0.5,0.25,0.0021041735055253863,0.0015110484841172056,0.0011286664626344312,0.0022395373102844784,0.0016218874265105931,0.0012230631624502442
0.25,0.5,0.07080166705103497,0.05435529025002839,0.04778434571130119,0.0717266541882875,0.055005964050485634,0.048249475573934886
0.25,1.0,0.08480173794815105,0.06446968572314193,0.05055266661019364,0.08312380649842233,0.06304515270067212,0.049202237742164256
0.25,0.75,0.27543603444675957,0.20146125582080865,0.16577653192123276,0.2742653746820938,0.20035835574826732,0.16450752595408336
0.5,0.0,0.014427120065618526,0.013122372999211263,0.012668825554141838,0.014230376862644945,0.012948850175862336,0.012509532567538839
0.25,0.5,0.28045634032409017,0.24496528920186755,0.22144559569150102,0.27962360731901104,0.2448983284675349,0.22230015732089559
0.25,1.0,0.1154348033197723,0.08959118595710591,0.07070308415504822,0.10800762965224942,0.08393133657791896,0.06614148779130691
0.5,0.25,0.17734709446625696,0.12456764688116218,0.08036471615667007,0.2055111273934307,0.145636080313858,0.094324117451559
0.25,0.75,0.004317053746336619,0.0023399680237593534,0.0013671039647271677,0.0044606413715557736,0.0024408586824260503,0.001446729314711126
0.5,0.0,0.00010120378169176103,7.374098993317979e-05,7.005405685156507e-05,8.762750286250842e-05,6.378810065155172e-05,6.032072849748715e-05
0.25,1.0,0.05928765658518231,0.042680075794912065,0.01865632241286974,0.05470532880496104,0.03921720928239503,0.016859158982772904
0.25,0.5,0.5316476410426384,0.4870287533495109,0.444132476441803,0.5376915664987137,0.49230556302150763,0.44939315868581753
0.25,0.75,0.13332281803860502,0.08995284173802665,0.06169579967552663,0.1303554617942536,0.08746871384513599,0.05971158872485127
0.5,0.25,0.011011997720061562,0.008317237482025175,0.006364677598450497,0.009874535458548439,0.007381120705739597,0.005577198617896517
0.25,1.0,0.10269582836362989,0.07580925031728047,0.0685034773602552,0.10292682753925886,0.07610877377228131,0.06890917289240628
0.5,0.0,0.11011104784450909,0.07993150751309608,0.0532702161594506,0.1207230707674598,0.08921454278846086,0.06140304984020617
0.25,0.75,0.7864017510435135,0.6852495091100008,0.5967569722614707,0.7734412772881145,0.6686228431728102,0.5780113840139295
0.25,0.5,0.026013460529393795,0.019195675061948414,0.013109688465925529,0.024943656929536262,0.018396752273445394,0.01256033109264365
0.25,1.0,0.018830319487456393,0.01412716252817836,0.010755501328289174,0.014649382280903067,0.011075740385944055,0.008394630151204119
0.5,0.25,0.06904215312755291,0.05266570360351741,0.03716048125418081,0.07594527177363486,0.05753917810519382,0.040389913143847656
0.25,0.75,0.9084880237728159,0.8396445648371071,0.7117171822463548,0.9280577201275793,0.8651271681549031,0.7420144163742448
0.5,0.0,0.16367068743132374,0.14135329160588517,0.09217015508911108,0.18430257461187805,0.15849577664740755,0.10547984464675242
0.25,0.5,0.21124965734989087,0.17287292739375193,0.14076294578698412,0.21067272142869276,0.1721039652130223,0.1397931154713663
0.25,1.0,0.08729384904519111,0.0657906504563146,0.05118941223071416,0.09926420095039323,0.0739943377647877,0.05695132989482132
0.25,0.75,0.021881752814851385,0.012882554002173752,0.009674393678348991,0.028899496061166707,0.01679723951054113,0.012337812860644615
0.5,0.25,0.10363980942619733,0.07581810370381603,0.060473314374706155,0.10350090409935864,0.07563429272449829,0.0602416760988157
0.25,1.0,0.31340893409929205,0.22294675196165237,0.14764145541728435,0.2770809426990988,0.19477207275341857,0.12651689439498992
0.25,0.5,0.185642801570163,0.1325179979064468,0.08827874448362716,0.1845030417622483,0.13155803869560234,0.08747299292561062
0.5,0.0,0.011149328527849667,0.00841705882142385,0.008304764238671547,0.011523481191159313,0.008682474912281135,0.008552356172316311
0.25,0.75,0.7134760659041701,0.5987274630547631,0.5128414448197008,0.7238815698227008,0.611135585158036,0.5256248350712809
0.25,1.0,0.5869359362370834,0.34809765392856573,0.17703301086631762,0.5720731215005813,0.338400012167379,0.1722514719284095
0.5,0.25,0.054978828809784996,0.04209574819161421,0.030892207674146133,0.05611552943999798,0.04291789515044164,0.03141379571790437
0.25,0.5,0.5329116626858126,0.42998802185563056,0.32717316559578735,0.5136106261310993,0.41080359425310853,0.30853267233372605
0.5,0.0,0.013783782493225205,0.009227178220712395,0.004994779986511211,0.014846219107802483,0.009882251761301197,0.005301322733511249
0.25,1.0,0.2837380491839794,0.2231543389026056,0.17814006624639633,0.2836569921236396,0.22318864433071317,0.17797619738355053
0.25,0.75,0.03555754035024283,0.021975085193180366,0.012218981456592504,0.04274280878359438,0.027325726567085207,0.016073963979537087
0.25,1.0,0.0120304367214209,0.007816426809385768,0.007364363336970214,0.011960997910948623,0.00782213145665167,0.007411879565547341
0.5,0.25,0.03415215483110656,0.023478941024376532,0.01593495247123533,0.04605126933883241,0.032160978982992194,0.022769671363639388
0.25,0.5,0.9756377548104574,0.9506361940936915,0.922971560862577,0.9727994345765516,0.945858212357986,0.915590575923596
0.25,0.75,0.11220155661177222,0.0897516943047223,0.07488975570724055,0.11994405764083693,0.09601388554858425,0.08016946277329795
0.5,0.0,0.003146054290466882,0.0024796250672431963,0.0019427328535259747,0.002911066992326572,0.0023056184176393213,0.0018066545444117565
0.25,1.0,0.5441556349870993,0.42372124436269776,0.34390908740244674,0.5440087220496703,0.4231445782215306,0.3426338491821458
0.25,0.75,0.401003522153326,0.32326925060108125,0.2562584755402836,0.3821649807998393,0.3082483662411134,0.24330329101952874
0.25,0.5,0.11210153615816243,0.07849347939126927,0.05413089764221923,0.10588675157276217,0.07458500383205213,0.05194571088970146
0.5,0.25,0.12802824338571583,0.10965270488253953,0.09748304467168167,0.12147421618192811,0.10381778152295784,0.09162199200684928
0.5,0.0,0.6443098634019924,0.49008914969078643,0.3320425008306621,0.644405209621269,0.4919816049702298,0.33537340499233914
0.25,1.0,0.06436770073565601,0.05117032143514144,0.041606622984404984,0.06531249787742377,0.051921858851934344,0.04220624107552062
0.25,0.75,0.08599468329009208,0.06802443399796099,0.0530168023094576,0.08889268605903122,0.07018583074440798,0.054846196287243965
0.25,0.5,0.04309437791318682,0.04103107958757202,0.036836172837357406,0.041672909633941546,0.03964569815589969,0.03545797275038609
0.5,0.25,0.009321033282678082,0.007013965437339009,0.004690319085322248,0.009266289448629283,0.006960088096453432,0.004618198215795566
0.25,1.0,0.02601297649558454,0.021677689611665274,0.01821624388562415,0.025033185047068085,0.020604931269950555,0.017054877417507552
0.5,0.0,0.5867890061445145,0.44803550137098136,0.40095431988238817,0.5937424769252881,0.45328871109079594,0.40567565326829114
0.25,0.75,0.20674171551742204,0.1859196055275154,0.1654906727522285,0.17869197883089938,0.1616482109951085,0.14249070705091982
0.25,1.0,0.7036742194321568,0.5963135500215925,0.47807257027399985,0.6694952594280239,0.5616592699445645,0.44350234730483873
0.25,0.5,0.22599674827389826,0.17402188453445944,0.13098836746442732,0.22426563704540248,0.17213994720474268,0.1278871189552332
0.25,0.75,0.37088836108598133,0.2743183358530581,0.21289835372274046,0.39822721212973866,0.2991762925101167,0.23617242418297202
0.5,0.25,0.23601726919706012,0.16553992335784706,0.11705986833732296,0.2370171291994161,0.16623643751462214,0.11745271671499169
0.5,0.0,0.009423941128088975,0.008265201539458866,0.00748853360223245,0.00933684292319592,0.008213698203937914,0.007461299297810919
0.25,1.0,0.5938729838273792,0.5089167211044052,0.48302289008751986,0.5823114662870337,0.49605786866858814,0.46857164432368403
0.25,0.5,0.05020183218454133,0.040861895541285276,0.035510670430751845,0.045841383246917444,0.03724056917781349,0.0320928071793517
0.25,0.75,0.7789437054996639,0.69958416889617,0.6342381950527223,0.7770428199726045,0.7008497438330783,0.6391893159218165
0.5,0.25,0.019798145805708378,0.011669107400620993,0.00668825732841305,0.019415392961627198,0.011470854088319937,0.006582153018511505
0.25,1.0,0.4253706192266318,0.3954912056033464,0.36832853788643427,0.41907398200664425,0.390219345830604,0.36039286391545255
0.5,0.0,0.12008163920074666,0.09924550764202344,0.09140360637512845,0.11477777605410522,0.09488632417506648,0.08706935143509398
0.25,0.5,0.06354517357316691,0.04549181401005142,0.034709579694980564,0.06210270470331558,0.044745443214843084,0.03441103251474009
0.25,0.75,0.01818770236436984,0.011585671763983063,0.008526952784704389,0.015471360751437624,0.00972315123247336,0.0069725745864706035
0.25,1.0,0.052623402902585936,0.039576948841824056,0.03626928979098454,0.057773579505977946,0.04330168505286702,0.03960510133086592
0.5,0.25,0.0026778837958926216,0.0023766484619007766,0.0026443279483795434,0.0031543176669819317,0.002816238092183454,0.003174154876568469
0.25,0.75,0.139707036129201,0.08865267841438762,0.053308974606662174,0.13014568144623184,0.08189213112539728,0.048481305299903354
0.5,0.0,0.018457631511734185,0.010657546362718873,0.009201117240352552,0.01884905594782582,0.010864235302946001,0.009358415792203756
0.25,0.5,0.10928026359969445,0.05544317929095233,0.023090705599643657,0.1100562207055239,0.05507591726303984,0.02249041069086699
0.25,1.0,0.04925794401899697,0.03541995839544221,0.026069973131505275,0.04872679321395412,0.034981295500348786,0.025644171219798118
0.25,0.75,0.07103618734676598,0.04433476397783398,0.03104820880423409,0.07636044316609492,0.04755251982758524,0.03334170916416246
0.5,0.25,0.19199990275005563,0.13319549234186012,0.10342010878511498,0.18345105843610354,0.1269492721550486,0.09785565318531564
0.25,0.5,0.34377596328669335,0.29683596551568114,0.2992267124335902,0.3231407073952183,0.27891294945906786,0.2816965365569384
0.5,0.0,0.6899966563655009,0.6000205528394207,0.5693579964094131,0.6907964663013036,0.5999596013234462,0.5683715982643621
0.25,1.0,0.5913167282522542,0.4616858184144671,0.37702877838488336,0.6185960071871943,0.48598078566501246,0.3986446623397092
0.25,0.75,0.5737546742801518,0.4233634257331059,0.2735095009701275,0.5771065308700918,0.4260714212440042,0.27556703835911844
0.5,0.25,0.08336514372809467,0.06920163725078254,0.05381112657114062,0.07640586419239859,0.06259688325687218,0.0473955388739461
0.25,0.5,0.1353677279147023,0.09406688241506522,0.07441844099920902,0.13293491987452488,0.09164334737364221,0.0717269337754669
0.5,0.0,0.036611767758067626,0.02585877968327599,0.01833293073329667,0.03885397673957458,0.02734597571304076,0.0192846334219271
0.25,0.75,0.4586220029186947,0.3945600543632066,0.3369861985954987,0.4583309744951217,0.3939705958451747,0.33578069297467694
0.25,0.5,0.019945571890540026,0.011721137600601006,0.0056939035344554245,0.019646052727056107,0.011536774855406717,0.005586443181947454
0.5,0.25,0.4489842397635051,0.32073721656463094,0.2404161864405141,0.43643274330261417,0.3142633571234885,0.23900492298227327
0.5,0.0,0.0031208168386240853,0.0022876404271918727,0.0018267912476572779,0.003009911556380307,0.0022041741219501754,0.0017555445669114045
0.25,0.5,0.009171761353475194,0.0065824453228851,0.005658353267608995,0.00774066343602986,0.005551387656996143,0.004728097492134431
0.5,0.25,0.0031709187065473987,0.0022797847231498247,0.0017006633496357004,0.002804413203752132,0.0019919093360243334,0.001454259397054014
0.25,0.5,0.012945346086585041,0.009523919239718737,0.005699556648605553,0.011990803121202598,0.008836513907222399,0.00526097684370519
0.5,0.0,0.00046425207577960315,0.00032435320776191823,0.00021687989875762703,0.00044661941406010097,0.00031123900901341983,0.0002068904390286619
0.5,0.25,0.015123879488799008,0.014034550640411814,0.010404337781914075,0.017099416667018197,0.015877814231057497,0.011948429761932
0.25,0.5,0.011762244890577422,0.009569330389921804,0.006892943788566641,0.011865049709103626,0.009581826085932832,0.006973337428116122
0.25,0.5,0.33418367135964766,0.30202853192027446,0.2960011452378255,0.32833208207903275,0.2966564819622356,0.2908885646408601
0.5,0.0,0.3086940395370812,0.2576079130594755,0.23800349139900634,0.31306077474678295,0.259908216773587,0.2378727783065192
0.5,0.25,0.11957640112163337,0.08214974174598089,0.05776710337350144,0.12910214767848105,0.08984818110479087,0.06403018651000436
0.25,0.5,0.03245072381487246,0.025712904741929665,0.02304115735705725,0.03304712093519124,0.026421593326373616,0.023914651136612508
0.5,0.0,0.28381693314773915,0.24597383170655474,0.20962643133431724,0.28061067772970694,0.24333912926124301,0.20725864878766442
0.5,0.25,0.09934661233537279,0.07401945565703816,0.05900507465218241,0.1252226383883921,0.09546540722423769,0.07834128432526044
0.25,0.5,0.08911284711982381,0.07299735850013289,0.053280128974635965,0.06942903321857818,0.0568939543750413,0.0409149969490783
0.25,0.5,0.02516659300445423,0.019646911496435493,0.012398497906415562,0.025026053443478302,0.01951600025643274,0.012278330356281009
0.5,0.0,0.09697011056586602,0.05271533859161459,0.027166104468714147,0.09156681927475796,0.04889695051744358,0.024605913682915426
0.5,0.25,0.04268339516499586,0.035812354957702186,0.029654243975393513,0.039193915064102414,0.03229263482196576,0.02610099090176843
0.25,0.5,0.017131608654599173,0.013045558725395812,0.00980093322582043,0.017023286929087278,0.012950742023541073,0.009707088642248007
0.5,0.0,0.016130588550193115,0.008052940453138424,0.004559383489009861,0.015742821406894203,0.007839384536729499,0.004414291742526277
0.25,0.5,0.3970013962617819,0.31932389596485766,0.2715343218725672,0.37601980882445185,0.30137582752832537,0.2551806781488034
0.5,0.25,0.13212597713948515,0.10867305887078516,0.0903890785471525,0.1342743876222352,0.11009755202509885,0.0914845313171746
0.25,0.5,0.09462233251280006,0.06977327621582319,0.05596716039874983,0.09663058759972631,0.07098870585673134,0.05678383660402897
0.5,0.0,0.01785003587636491,0.00957554180378728,0.006773907098547971,0.017371263527126146,0.009230374564561439,0.006417695172706517
0.5,0.25,0.16240871826663694,0.12997285701120076,0.11766693635590941,0.16148383882978745,0.12947408853951592,0.11745281278046271
0.25,0.5,0.17709547511970491,0.1443449851774301,0.11552652363352955,0.17357322363974892,0.14128784268698535,0.1126945739027424
0.5,0.0,0.15671360690029912,0.13012444020819947,0.11653080051696041,0.15977057874613898,0.13274699530155087,0.11884179706840137
0.25,0.5,0.2796005110460461,0.22757123054206319,0.1817922489592121,0.2835533661872057,0.23075696544444013,0.18429937267932872
0.5,0.25,0.011073964404206493,0.00886503042577802,0.007472990608530683,0.009280185498406479,0.007300495360318182,0.005964214513684674
0.25,0.5,0.03493711262017973,0.024270832701254852,0.016806210765523133,0.034633115740946074,0.023949812211951027,0.016500493273205463
0.5,0.0,0.3016362812501533,0.2309278780297399,0.18678529238052488,0.3036115856551872,0.23236366120332996,0.18805301028251142
0.5,0.25,0.015935997267001456,0.008884143158696123,0.00765635171424528,0.01572442488182657,0.008809069449655427,0.007614362906895322
0.25,0.5,0.0002742591677854511,0.000289357910560617,0.00030185858354325745,0.00024290335832977128,0.0002585949525478748,0.00027017160132658535
0.5,0.0,0.0003926660109344615,0.0002871393851568982,0.00023201032580022485,0.0003874675342115941,0.0002831508099956359,0.00022835171292956424
0.25,0.5,0.21296738035751572,0.19077196666272578,0.1532556431735005,0.19387645013323374,0.1732794887242377,0.13699339242379405
0.5,0.25,0.0055584827676660176,0.0033096641144134686,0.0022299023245090366,0.006187530497024363,0.0036107251908199522,0.0023818592027538
0.25,0.5,0.14030696811640453,0.09540735986334037,0.06463620918385538,0.13953324550779422,0.0941846524920702,0.0628746570174743
0.5,0.0,0.0007499797814480846,0.0007598064875247168,0.0006746910688264496,0.0008287820756200937,0.0008384579094531386,0.0007418609444044266
0.5,0.25,0.10273506611353511,0.09100253767580224,0.08103381521753361,0.09582317190379908,0.08413150857046348,0.07384591263894935
0.25,0.5,0.3446912189179059,0.2704983164319795,0.2175493669322628,0.3345730952619641,0.2623460569756506,0.21102948076924122
0.5,0.0,0.003927475591089191,0.0041153902671080544,0.004190904629018055,0.0040237746265817664,0.004207725321205946,0.004274365596958374
0.25,0.5,0.09346754797938295,0.08599399769853189,0.07489560030944886,0.08230477675856773,0.07516239534907887,0.0647432846410072
0.5,0.25,0.0009377066953489832,0.0007375696305027546,0.0005994793242239949,0.0010569640003985636,0.0008250037460694193,0.0006634423383771182
0.25,0.5,0.1622684897550848,0.12827705279300738,0.10389518180053647,0.1503473566720268,0.11898958615153177,0.09593953864767224
0.5,0.0,0.001545434938425072,0.000986734740906936,0.0009053331879429471,0.0019094509818620153,0.0012268377049009516,0.0011331301514596603
0.5,0.25,0.0321620530312825,0.022345200113313424,0.017151448137709524,0.030962874973188503,0.021633644215537817,0.01654276154505807
0.25,0.5,0.00853537553919581,0.0072725549327602446,0.007037170389489589,0.005666856523606767,0.004834351489972799,0.00456530762949503
0.5,0.0,0.0510916734801915,0.04034554621181918,0.028439998188092175,0.051613401743473064,0.040726441806200775,0.028670318874187695
0.25,0.5,0.6606560058041911,0.5410023808975537,0.47112855588148084,0.6602734634015839,0.5402647739008634,0.47004675190958967
0.5,0.25,0.7486077896962879,0.5748166816506196,0.400846918990418,0.7347096745256604,0.5601635843868504,0.3872147508737276
0.25,0.5,0.14298676205678373,0.10158581390350707,0.07326911836803518,0.14054644420187468,0.09830676715709996,0.06917088660602722
0.5,0.0,0.04740659861204577,0.03900869425019737,0.035591803043967696,0.04534528869129684,0.03744424048023709,0.03406182573911365
0.5,0.25,0.4917756766178355,0.3258392154738512,0.21890827213189956,0.44292249367287084,0.2845285158152451,0.185617643747771
0.25,0.5,0.03085805045180201,0.02427353259441334,0.018300024461307185,0.028320660636789396,0.02224474986407654,0.016676085138444874
0.5,0.25,0.013574355002266558,0.012360271698760972,0.01163368765560624,0.013157416625676932,0.011895707172626335,0.011044401615444732
0.5,0.0,0.05023209745415247,0.033884137882432275,0.022920184375608832,0.04569440104333289,0.031131772637170707,0.021390621944874066
0.25,0.5,0.2692976643807433,0.21505307350931846,0.19483109205052296,0.2671181379563673,0.21357321874825153,0.19384735020998844
0.25,0.5,0.0006197637746155893,0.000488480996788887,0.0003656066316974904,0.0006148266153723769,0.00048293964959145175,0.0003597068766229006
0.5,0.25,0.17368230200743173,0.13124110262740474,0.0969705881934756,0.1821472106313431,0.1354533503555405,0.09867925050013049
0.5,0.0,0.14755325651394346,0.10412954628885573,0.08683519338517964,0.16479216902126081,0.11699667769619537,0.09828980499729434
0.25,0.5,0.08479720728862583,0.07028172668382626,0.05117872285275826,0.09466503539680904,0.07943033665599508,0.05911178394173899
0.5,0.25,0.32659141394316393,0.26161823147730556,0.2182409547171129,0.3249394347978287,0.25958251772377694,0.21585450303788578
0.25,0.5,0.327765626648057,0.22298536600464847,0.14203703121335565,0.3323487913037688,0.22659518876904516,0.14471405903374934
0.5,0.0,0.06930363738014522,0.05926585091499503,0.0465393822162381,0.09026385521208691,0.07653548538933952,0.060042510262524273
0.25,0.5,0.0401956453897091,0.03543067787474641,0.024946663673365066,0.04151852602261208,0.036531369707272,0.025736525453593506
0.5,0.25,1.1418682242525513e-05,9.748749475568808e-06,8.337279469250447e-06,1.751987959797141e-05,1.4753932259914393e-05,1.2634740081063356e-05
0.5,0.0,0.016816925588837517,0.011854635586870943,0.009191312259817175,0.018619637028310154,0.013375490998292494,0.010638271291856793
0.25,0.5,0.36554269349016266,0.29350521449102396,0.24410491823920322,0.3662319500588962,0.2938318188670227,0.24417541057066994
0.5,0.25,0.6057506626865177,0.5030197561051797,0.42883563600019214,0.6030086526001168,0.49968733797598563,0.4248342640333025
0.25,0.5,0.5576480389387424,0.4973454949673076,0.44479862984386653,0.5515540664840626,0.48906653695502444,0.43218612830615344
0.5,0.0,0.01415968455287997,0.012415470381734295,0.009181480648367879,0.01405467953994255,0.01231453375271152,0.009089970192344698
0.25,0.5,0.5627391948309346,0.4665145514756137,0.37333084643702985,0.5593244440459434,0.46346491829374725,0.37071601958723066
0.5,0.25,0.18803943987464744,0.15825227487070892,0.12994333851767859,0.17201689543232235,0.14522270691821093,0.1187763141438456
0.25,0.5,0.5142652219238192,0.391151461650999,0.2738426297143244,0.5129024115093916,0.3893680807498512,0.2715674173522923
0.5,0.0,0.32194193790521886,0.25869698051988954,0.20070846726008063,0.32111153219085375,0.2574948121199754,0.19918671612374106
0.5,0.25,0.06297560043199901,0.041581827453901266,0.02729248562300568,0.06817800994268763,0.044958746081872114,0.02950703110263586
0.25,0.5,0.12139214605594872,0.09674226996610813,0.06477007339956264,0.10076367098953831,0.07973420677663845,0.05220481285944234
0.5,0.0,0.7415515409420378,0.6533277259796337,0.6115446409868918,0.7497197208587023,0.6618037596513212,0.6193605068252158
0.25,0.5,0.36321299790036776,0.29569389803629575,0.25479802045609923,0.36755494935013155,0.29890839477589726,0.2569866106780416
0.5,0.25,0.0028146474367636287,0.001859212213217054,0.001334239930486869,0.0028317035495788456,0.0018674802173721528,0.0013362833600301105
0.5,0.0,0.012999139316187014,0.010681486060758916,0.008520485392064736,0.01404386764739618,0.0117510516853504,0.009770623125863853
0.25,0.5,0.0014130637888978281,0.001309617239656169,0.0007854418654843487,0.0013333853027797105,0.0012355665546698313,0.000736895031856033
0.5,0.25,0.004550092783385917,0.0029789156609432155,0.0020266843491141273,0.006164050738355353,0.0040257687668869835,0.0027571199838272165
0.25,0.5,0.9040862684839872,0.847421825250624,0.7894211952740918,0.9028025518813388,0.8448823091060851,0.7850824401662901
0.5,0.0,0.052934896168709944,0.04517995847541234,0.042692057854188614,0.050879042744524594,0.043638894501243586,0.04138630163378132
0.5,0.25,0.6016498013264666,0.48119285200463713,0.38023222377491495,0.6123663296744256,0.4969882463554177,0.4002177760415978
0.25,0.5,0.14291637078729236,0.10707752119862757,0.08672920380601268,0.14208152863436985,0.10619678350219797,0.08574624070756198
0.5,0.0,0.03287073854488931,0.0308067757115692,0.029882517494438487,0.03444168445758666,0.03246006242993915,0.031843668509733525
0.5,0.25,0.025170299040721877,0.020871431689786002,0.015445743719128768,0.026905686206945445,0.022167435800203528,0.01635293238174229
0.5,0.0,0.04108781017142704,0.02902313684185298,0.02362231673148152,0.041262806450357514,0.02909575627921157,0.023625104992553325
0.5,0.25,0.0017140654629856922,0.0016686912772747586,0.0021185710715093675,0.001557702997439847,0.001521632588781907,0.0019307373214784151
0.5,0.0,0.07640488485960995,0.04622959992209119,0.03565667601420053,0.08027014453133363,0.04888488013062542,0.03739015603069218
0.5,0.25,0.03180222925731779,0.022864569376517374,0.018087550803834507,0.03333827762088737,0.02400586506674618,0.01906015235032621
0.5,0.0,0.05094466627284899,0.03798527698390708,0.0304352523450645,0.057800645121755645,0.04325203376274489,0.03495120506063909
0.5,0.25,0.009732248505161412,0.007210640851517014,0.004884611298365149,0.010005167375554569,0.007437223785282443,0.005051306235769881
0.5,0.0,0.00015454236820733325,8.853333268965535e-05,5.2486414811370175e-05,0.0001630454058327846,9.135916769609231e-05,5.302623358627301e-05
0.5,0.25,0.005684094587709687,0.003955877151951448,0.00348414118462681,0.005704772777453293,0.003960156433286177,0.0034793311738716692
0.5,0.0,0.5154687612002813,0.4368757679944034,0.3642303796873567,0.5179370741911477,0.43805315981156345,0.36423910186223596
0.5,0.0,0.3037878543617004,0.2543575312871291,0.1984868089041869,0.30050432093870205,0.2507218660547499,0.19463768467519404
0.5,0.25,0.01423802533892271,0.00840259359784068,0.005578296110336112,0.014152991078289379,0.008431690323866259,0.005627054851984337
0.5,0.0,0.003995940378786145,0.0026993876925559546,0.002146622008504351,0.0037037339604076847,0.0024856377200614954,0.001956590282669035
0.5,0.25,0.02226293266511925,0.019008670745391587,0.016807017745804398,0.024658371443876392,0.020933580052215017,0.01836262674142697
0.5,0.0,0.17636201494292914,0.16147194421444844,0.1378480380533953,0.17378868524096314,0.15915499437948144,0.1357406582243088
0.5,0.25,0.0009043736892314636,0.0006881179872835208,0.0005770738947813436,0.0009066565786587377,0.0006907516797836077,0.0005798148811111403
0.5,0.0,0.021239283167011846,0.01416012574878478,0.01040824376012961,0.026720595509174827,0.017615703008220573,0.012714783544490738
0.5,0.25,0.08709011907998188,0.04731953269152589,0.023482871760917567,0.09960918323232792,0.05517969329746508,0.02839258416603685
0.5,0.0,0.011426310739454104,0.010634060943855994,0.00860838893639193,0.012063424592196892,0.011223251488170938,0.00910112881452152
0.5,0.25,0.053240101629361325,0.04091224238833113,0.030070828766443736,0.050144166459640704,0.03858966004652142,0.028511556641431235
0.5,0.0,0.0010307275136142158,0.0007958124214834106,0.0006133588404391155,0.0011315736516508412,0.0008717186043670777,0.0006702097651590799
0.5,0.25,0.010519970654428557,0.008215900513866115,0.006792333504106796,0.01081137527717757,0.008424195826814751,0.006944943106910295
0.5,0.0,0.01428078285778045,0.011720779593228259,0.010461444977943879,0.014231513297161102,0.011665985812931545,0.010377164363432057
0.5,0.25,2.2624167576812404e-05,1.8726729967832867e-05,1.3466019978647381e-05,1.3146194921098697e-05,1.0676241012808063e-05,7.281765166622378e-06
0.5,0.0,0.7189938920427907,0.6008392481285699,0.5069397534036053,0.7293955542227833,0.612509351507177,0.5186554795184428
0.5,0.0,0.16896801071534528,0.12524976474433525,0.09633609437905244,0.146572575085973,0.10916855685769322,0.0844779449630253
0.5,0.25,0.09278701663786015,0.07121057890097815,0.053460537783962425,0.09242283087559089,0.0708792370198078,0.053313037984042744
0.5,0.0,0.5934607502873102,0.5026635953351919,0.4252342259969545,0.5953828878468919,0.5056023394328331,0.42738332816821767
0.5,0.25,0.028593039480396043,0.018259985855329064,0.010062697283254818,0.02951101214574181,0.019005682962407233,0.010620397093445977
0.5,0.0,0.0892525619252249,0.053242375977658796,0.029730749573402382,0.0899616469387593,0.053729437006887815,0.030025612622764708
0.5,0.25,0.03306132959766861,0.025915742028478683,0.020197764408684482,0.035865073054847985,0.02798855375771958,0.021672943843729198
0.5,0.0,0.04181572467406536,0.03292706390234512,0.02323334558079504,0.04111298555585341,0.032301093219034516,0.022702892567987965
0.5,0.25,0.01158511068264012,0.009714156919400585,0.007640455790560496,0.011517849547706183,0.009542038641844774,0.0073075729635131426
0.5,0.0,0.17045493296666758,0.14194457712817354,0.12048796126698547,0.18476263591443076,0.1534753497793636,0.1306323553183617
0.5,0.25,0.06543648480433084,0.0533578827740917,0.04141434485648299,0.06828101759055949,0.05537353849020721,0.04279446465970804
0.5,0.0,0.04537768549471344,0.034646865066409904,0.02852437313262124,0.050008112006330374,0.037831840068776934,0.030843076399204694
0.5,0.25,0.5270554973314765,0.40390555532644834,0.2629150304702713,0.5338278857623172,0.4121856743558464,0.27228498932990464
0.5,0.0,0.0017715237757605085,0.0019459721928178908,0.002222494129399788,0.001817367002189374,0.0019960397785860895,0.0022861401290699135
0.5,0.25,0.16191207121095363,0.13319553659488137,0.09264556163133753,0.14065737389516664,0.11468019987704658,0.07789780077564801
0.5,0.0,0.0012889295646474341,0.0008461583950469809,0.00046516323239775836,0.001300712508613966,0.0008536153615215092,0.00046815226617424877
0.5,0.0,0.031701245296445135,0.023957802260621164,0.018694669725820456,0.03695945425324443,0.027439960958418164,0.021023417636464425
0.5,0.25,0.057922041625047216,0.038742847642031286,0.0318485951239873,0.05764553847008014,0.038301147587391116,0.031216184827819404
0.5,0.0,0.08699784017597612,0.06756295388365097,0.06097455632777282,0.08454791138266893,0.06563843723849117,0.05919067949988821
0.5,0.25,0.035201565592074546,0.02386477785073715,0.015729375069602147,0.0277084508714196,0.018729222373285337,0.012192449024105545
0.5,0.0,0.022688464305254508,0.0217517035315824,0.017861671550161606,0.020522260316093943,0.01975495683222983,0.016185334519873917
0.5,0.25,0.03149602501049298,0.02716900775414821,0.02723856910196909,0.030221808027735886,0.026072795021492512,0.026079766980478203
0.5,0.0,0.040457640304471076,0.02983808494638973,0.02208520591721208,0.03863081393482948,0.028333212231680616,0.020855853106525157
0.5,0.25,0.017734943899113675,0.014103915301438175,0.013207454598042734,0.015811566566777957,0.012551986834481665,0.011677444339073695
0.5,0.0,0.12458582287948627,0.0979657726825347,0.07457224119062456,0.12562034785770226,0.09862712658251194,0.07496072215530092
0.5,0.25,0.0326716689685016,0.02247720527054997,0.015521198213841236,0.035782322472166284,0.024567733312145346,0.01693985247282459
0.5,0.0,0.29610682744361094,0.2388424880119605,0.2308845064064884,0.2983689258961477,0.24023229065193663,0.23159127095564003
0.5,0.25,0.03222385280970741,0.024951183276110678,0.01800807517559211,0.031096605709002634,0.024004562592000234,0.01720007122324696
0.5,0.0,0.18312463983808358,0.15182113567378064,0.11465663512078317,0.18588196064835827,0.1550000618292583,0.11849257384111211
0.5,0.25,0.22045023425065924,0.17707500982772217,0.1641249514945109,0.21623976390516053,0.173471819908403,0.1606061824174312
0.5,0.0,0.0025233711420774574,0.001803340981308521,0.0013892951217107097,0.0026976948076153917,0.0019276717710363656,0.0014821466886238976
0.5,0.0,0.013609365032598686,0.011584911236914186,0.009629800805004751,0.011801788847202177,0.009841143783630657,0.007956355162628381
0.5,0.25,0.2268164259567813,0.2025588847923212,0.19171385861844525,0.20836458795168955,0.18626813326800484,0.17663186192278857
0.5,0.0,0.00014417458749615975,0.00011779723283855681,0.00010611830508877595,0.00013960170274818218,0.00011402540766258795,0.00010198834624342012
0.5,0.25,0.027688553516478254,0.0250623515217947,0.02065912800546099,0.027881702571804,0.025004242685827016,0.020268905197037945
0.5,0.25,0.29706402642042695,0.23579343464784508,0.18777331077248238,0.29585354999508917,0.23384311702229343,0.18450618329691737
0.5,0.25,0.004927940269887965,0.00336650660476312,0.0032215840921357985,0.004104680890828161,0.0028074235764822264,0.0026802390690287003
0.5,0.25,0.44722134898351174,0.3573474333419673,0.278384203142944,0.44463606856851434,0.35477786678477385,0.275765968610187
0.5,0.25,0.02607671437273773,0.018782450824797126,0.014785860100188897,0.02456087139762686,0.017594522479594032,0.01371925287230491
0.5,0.25,0.008068555080991358,0.007240839617145278,0.008107966779489217,0.00842475189526981,0.007538154049665069,0.008368899113346151
0.5,0.25,0.045835721310047095,0.028920557978757477,0.021845403622388848,0.0412755407983566,0.025551303980553275,0.019050832649751714
0.5,0.25,0.17734728052557824,0.1438183250621088,0.11939930989984082,0.18069091622614852,0.14640477470778868,0.12151855612045592
0.5,0.25,0.01751692873290267,0.013907272094097145,0.01105620384328998,0.01728021071538266,0.013708141358305226,0.010834467155075522
0.5,0.25,0.002744545710966717,0.0015789761674862568,0.0009443490679759137,0.0028277449118719877,0.0016330246957820815,0.0009823840728291344
0.5,0.25,0.01752596111710425,0.014872944802985844,0.011649517210668758,0.018231266412179314,0.015448678528628967,0.012082157123173842
0.5,0.25,0.24909234227034904,0.1788813959180343,0.09807404131375719,0.25105517042120473,0.18017253048742632,0.09868001846800478
0.5,0.25,4.0373212232491795e-05,4.092244195685879e-05,4.454204513559823e-05,3.798846208313833e-05,3.817640790104715e-05,4.096398622976949e-05
0.5,0.25,0.0011863279238391033,0.0006650407016337567,0.0005955940689809092,0.0012649501433806831,0.00070949237241269,0.0006323733132117537
0.5,0.25,0.14933538331131935,0.12272748537754974,0.10269184941239429,0.14832427648966295,0.12175252334720099,0.10165841883617577
0.5,0.25,0.049030480157324474,0.03349206248470782,0.026796333473085743,0.029855731872150182,0.020391834317526336,0.016224913235513005
0.5,0.25,0.3823618461506626,0.31781207960147506,0.2794177702293428,0.37785337043609124,0.31271441632450137,0.2732961992766296
0.5,0.25,0.10410169775048284,0.08010424248499459,0.05565438679475099,0.11778754952974113,0.09118164289133301,0.06446413257265537
0.5,0.25,0.019525040539541738,0.01588711298088641,0.013504450016254,0.019848273817383077,0.016117985090763676,0.013657055760531
