0.0,0.0,0.38303906802176657,0.31062627932193976,0.24417202727577036,0.3806720355855393,0.31304725217851637,0.24956252813500346
0.5,0.0,0.20726129046734076,0.17038747054343284,0.12797778153820893,0.19598418585892086,0.1602996931986187,0.12009739730250968
1.0,0.5,0.0013020302917899906,0.0009568993972880468,0.0009088611457304108,0.0011745726105426568,0.0008541996879523062,0.0008191704733622185
1.0,1.0,0.006353461959377027,0.004590644890204221,0.0033396224924184814,0.008258567854459775,0.005830790667744723,0.004147948957540892
0.0,0.25,0.809731670399013,0.7422081130450172,0.6725051724263056,0.8231215037609313,0.7569306382184798,0.6893160112530025
1.0,0.75,0.06383110310360074,0.04518600883521262,0.03685743266869146,0.06327988775815885,0.04479883237301652,0.03650400219186811
0.0,0.5,0.22883425725554218,0.15700203427254733,0.09827432302306183,0.2310064152928446,0.15797788635446142,0.09838415703383108
0.25,0.0,0.007224583642155169,0.00539296685046009,0.0042612115462267175,0.007924157176777191,0.00598242361340251,0.0046650367789577984
0.0,1.0,0.9666223577728444,0.9258159080576468,0.8747429266901051,0.9664550380640193,0.9251017976388474,0.8731097766082256
0.25,1.0,0.940672431782416,0.8683005355156896,0.7983488706727613,0.939643864373046,0.8660858544935626,0.7966668176819458
0.5,0.5,0.0137487240853984,0.010215712811023181,0.008059318470832633,0.011358782265144862,0.008283372806532907,0.00631338519394975
0.25,0.25,0.01277208537252994,0.009950485137772302,0.007494578109898731,0.012390068203434135,0.009633960737089664,0.007231656179936707
0.25,0.5,0.9001576580864258,0.8152626565964485,0.7040488406499097,0.880136844862268,0.7881945207746053,0.6722223930539384
0.5,0.25,0.14883093045824924,0.1163825748981,0.09229235580315964,0.14442005688824822,0.11103988773234497,0.08549783347110895
0.0,0.75,0.24776548671633214,0.20701147404525388,0.16932092662568055,0.18984110154140776,0.15748225861184673,0.12592669636584441
0.25,0.75,0.11426031952043103,0.08877935094784739,0.06441090184995846,0.11644503887622482,0.09113971927579834,0.06681184537221163
0.75,0.75,0.002837611933203199,0.002030703124808908,0.0016729292486490355,0.0023953065784663163,0.0017211821768392532,0.0014191161027827803
0.75,0.5,0.17104582302222737,0.1271584872075321,0.1017086520714392,0.17082545824273132,0.12683623750683037,0.10132448397270444
0.75,1.0,0.006347007707563357,0.005873640019876447,0.004715892011521228,0.006630464484141285,0.006186142778747961,0.005053203337870071
1.0,0.25,0.010773671799298667,0.007975965445256916,0.007591917378322877,0.010964894923216173,0.008053868011668519,0.007638568469615192
0.0,0.0,0.31205799045922555,0.2513833178770143,0.2110437736767813,0.3088372482336045,0.24841777456833714,0.20810834986923077
1.0,0.0,0.008297796921547085,0.005729592374525083,0.0036470798868143417,0.010485025158496253,0.007106845370953185,0.0044043073382958875
0.5,1.0,0.0010440373258018276,0.0007563582809844149,0.0005042272462058017,0.0009307106965573686,0.000674947849043761,0.00044033257624220834
0.75,0.0,0.001360685359101943,0.0013351049000052129,0.0012962312097224427,0.0016704100502386021,0.0016438732414802981,0.0016159137328799478
0.25,0.0,0.004043659732536398,0.0036181713987726294,0.003659623146593516,0.007482091123728218,0.006823104613898012,0.007133610634296517
0.0,0.25,0.6706580947627209,0.5125830472213813,0.3546118137224389,0.652802707146303,0.4930427146278158,0.3357986825447685
0.0,0.5,0.6773678640960847,0.5680135558176915,0.43130303226964206,0.6568292710285247,0.5482130811973183,0.4149268220881146
0.5,0.75,0.0011337444864467638,0.0008245044189287842,0.0005889370611174005,0.0009750277870834712,0.0007121655775113034,0.0005115415296267356
1.0,1.0,0.00821530372928736,0.005778400351129864,0.0032578736009633014,0.007915684075243345,0.005568274981184174,0.0031256714991005907
1.0,0.75,0.0005902431948645592,0.0005969732768165148,0.0005890477892916968,0.0006808074320454605,0.000684586886183447,0.0006783089513685558
0.5,0.0,0.03872655313975071,0.029707163265558,0.02286155162611181,0.04242903544499921,0.032357253441402056,0.02466526969541083
0.75,0.25,0.003327982550934472,0.0022607829746377206,0.001532132839587752,0.00342005764962372,0.002305422511706623,0.0015504945555779859
0.0,1.0,0.9454541622673134,0.8989595006507348,0.8237055110647543,0.941500575601573,0.8944579386160436,0.8202736976323843
1.0,0.5,0.002279270406633671,0.0016374793693498813,0.001283673325139012,0.002372867143788815,0.0017142885870345959,0.001352299756231523
0.5,0.25,0.5517261350586569,0.36432972506477646,0.21942472109959632,0.5654010950162647,0.37878332701633843,0.23325828861462639
0.25,0.25,0.8582931332404842,0.8046187953476301,0.7428449579711508,0.8008735064776944,0.751653894239194,0.6963124647298669
0.25,1.0,0.2835016088002126,0.24065341954839803,0.19361885631490416,0.2874322069378952,0.2440410453852433,0.19721571634461077
0.5,0.5,0.09738907784734385,0.07685746920184433,0.05984070867533142,0.09805739604923258,0.07739569918016387,0.06030330394029426
0.25,0.5,0.5525261354465221,0.45958695993621035,0.3864231757828188,0.5657330391554612,0.4750682603637172,0.4023065162739812
0.25,0.75,0.29281217310888574,0.20746494448973196,0.15691723362330134,0.29142886653025823,0.20631484912551623,0.15582798051186242
0.0,0.0,0.6717410090360323,0.5641940623994735,0.4144824879665625,0.6670881688807297,0.5534704805841855,0.39715191411215345
0.0,0.75,0.013653483717327441,0.009894370576196354,0.007977552400086574,0.013748468229550448,0.00997307230089639,0.008048621296384173
1.0,1.0,0.0027554333068475767,0.0019724216432958075,0.001480311010508828,0.002765635540778355,0.0019674743840358833,0.001475041374528585
0.0,0.25,0.012496350818015145,0.008912546685065026,0.005273833117217519,0.01867820570578449,0.01332869617364496,0.008173412247159062
0.0,0.5,0.14574459204474743,0.09987927114288131,0.06751250555242516,0.20142779063997596,0.14097090285256553,0.09838361820127173
0.0,1.0,0.027533517296411292,0.018076727884600574,0.016404209389007995,0.026808482946335754,0.017547762502964304,0.015873311980253657
0.25,0.0,0.12447801357230015,0.08562548538590875,0.05891361911916393,0.14041244227236738,0.0987939815004728,0.06979761814203589
1.0,0.75,0.026510647899611772,0.01929357267970977,0.017403946244962443,0.024240565796127767,0.01773271726016612,0.016036297925990928
0.5,0.0,0.2753894454299419,0.22075995840857776,0.1585723954676007,0.27538359317318584,0.22086996937056236,0.15866327592754081
0.75,0.75,0.015862868199047475,0.010391284812705126,0.00838165347707398,0.015157028786579985,0.009891343682064568,0.007972452331069801
1.0,0.0,2.2671586363820495e-07,1.7795113360641324e-07,1.7168630928043882e-07,3.0357535485414644e-07,2.364316015190937e-07,2.2586779069300178e-07
1.0,0.25,0.12552642582229967,0.08106459609883787,0.046632903561566796,0.12035930958867325,0.07692213849738638,0.04317817972896765
0.75,0.5,0.0017870574830707309,0.0010161478653614164,0.0007824707164025835,0.0019676886748281053,0.0011350518601328519,0.0008785356148042212
0.25,0.25,0.13962017756492306,0.11676799236374014,0.09893524047876512,0.1178304303514045,0.09939813745517634,0.08513526310120612
0.5,0.25,0.14845564177202752,0.09920314499143024,0.07356262998919472,0.1695678123052059,0.11425837522647408,0.08619216258749351
0.25,1.0,0.20368805357342368,0.1666617663320995,0.1296745565163282,0.2020045149219889,0.16493546819411642,0.12872997739611736
0.0,0.0,0.6478250588512156,0.5935476540710312,0.5317058509290397,0.6456796794610923,0.5911562611813197,0.5288884153576121
0.75,1.0,0.0233421598701663,0.018959069591867772,0.014781632657080657,0.02101263177916113,0.01695114303986922,0.012808568059990533
0.5,1.0,0.039920695275917795,0.029590729912893243,0.02351051443097485,0.03758349317120391,0.027495372726930145,0.021299590631540632
1.0,0.5,0.08515769932942119,0.062439176725999745,0.04611137910445806,0.06515209624409146,0.046851788908510605,0.03369070111491057
0.25,0.5,0.5982100699324598,0.5127069786550661,0.43449637064637403,0.5549651393544903,0.4660008626650908,0.38292067528726026
0.5,0.5,0.06819572134079699,0.06986381883267923,0.07267572242750986,0.09353613879416744,0.09435115440848241,0.09782103423835742
0.75,0.0,0.1406679020036914,0.11656977522737266,0.09160537835939808,0.1538245796157125,0.12835468085070867,0.10210914655858061
0.5,0.75,0.31833666731205235,0.22945273568293267,0.19466949898412178,0.3307045188161105,0.23952146290553045,0.2039866082820685
0.0,0.75,0.4722515201721542,0.3816219782887018,0.3152757603106756,0.4569482108360233,0.37195792626948054,0.3094409634709765
1.0,1.0,0.00012555787172385813,0.00010959640560748163,8.338961707909931e-05,0.00013537503142102558,0.00011809094419912292,8.989809412796035e-05
0.25,0.75,0.37957209513738777,0.3144526541197533,0.263532241313156,0.38038062959999763,0.3150445759798517,0.263773915669697
0.0,1.0,0.8693178585421725,0.8043456731686518,0.7576347313156636,0.8739520658835613,0.8085966049371585,0.7611669052832954
0.0,0.25,0.13145787096322226,0.08088559971524933,0.05158117647522931,0.1894792328037599,0.12396890140019645,0.08392870655321572
0.0,0.5,0.25856242658514017,0.17517301054456924,0.14461770448238664,0.24797691335508631,0.16774479871458636,0.1380300010226001
0.5,0.0,0.41261168968541007,0.30655734425090864,0.22039385517955634,0.4014444919108452,0.3021040323595079,0.22185437938786778
0.75,0.25,0.00013850046830754525,0.00013390781193511891,0.0001532887679960293,0.00015599018053336078,0.00014908304408578488,0.00016885796419341403
0.25,0.0,0.0033338868450691894,0.002016172473191191,0.0015978802903603428,0.003689149232444233,0.002228692986837033,0.0017592567298017059
0.0,0.0,0.506292160880973,0.42859722860310867,0.3519573291546201,0.5321260583855026,0.4559748985637708,0.3794022890311983
1.0,0.75,0.0029976471763898394,0.002601077490573589,0.002255090436727003,0.003024468015060844,0.0026255140451920678,0.002273852656851094
0.25,0.25,0.056949203299850426,0.047683229733554544,0.04208927355739267,0.08376704688708925,0.06940974413490797,0.06136945952063966
0.25,0.5,0.5134183776714025,0.4012436641361312,0.3505166999315956,0.5110087179165081,0.39900545502392615,0.34831953780917013
0.25,1.0,0.1344756585279705,0.09547419869305962,0.07347545246373222,0.1728634503430977,0.12463192105248999,0.09742365808625797
0.5,0.25,0.31855272761904985,0.23225419142145465,0.1686587478999847,0.32933947547859543,0.24873596799685527,0.18872535355010334
1.0,0.0,6.669634907541244e-05,5.10491806058333e-05,5.6125212959390325e-05,9.235878826086008e-05,7.004556191747557e-05,7.712676685156516e-05
0.5,0.5,0.036462626451204905,0.03147614100309948,0.028259521475508254,0.036214213523466654,0.03123466013859022,0.027086348154883977
1.0,0.5,0.010022978990141374,0.007438935306933181,0.007641815045810962,0.006038456248459667,0.004558932046356379,0.004741476997535576
0.0,0.5,0.737780840797446,0.6931722597798472,0.6317423388844687,0.750731513551804,0.7065544178448491,0.647293065988159
0.75,0.75,3.139501209481477e-05,3.1691385938059646e-05,2.8473006818074964e-05,2.990546417969142e-05,3.0206580762914825e-05,2.711477406625029e-05
1.0,0.25,0.0009777699316160238,0.0006241396399906396,0.00043837811437441587,0.0009460573087376467,0.0005946861311681984,0.00040032498346087575
1.0,1.0,0.0314052255719639,0.020646823134493286,0.016538504076367366,0.03213193606879239,0.021255125498494287,0.01720603638133056
0.75,0.5,0.05530957782452606,0.04149876214267123,0.034549780651397244,0.04145420875652972,0.0297718499748707,0.02349036255518644
0.0,0.25,0.36294117784188284,0.2678492889047701,0.19941507655038104,0.38663347805645776,0.2923771032652446,0.22570218823354438
0.0,0.0,0.8553712185432993,0.7738150781554393,0.6990060796318367,0.8476442601716111,0.7627554014353848,0.6828729765873583
0.0,1.0,0.3148272989328834,0.2637493835953454,0.2132965060182037,0.32211138680572216,0.2704694708434068,0.21943828814888833
0.0,0.75,0.2628563949538594,0.18662673231985638,0.1204548774656794,0.2630697094148531,0.18754558203224625,0.12226317575781787
0.25,0.75,0.18516003099350142,0.15861137409177462,0.14291219498758512,0.16565382864841416,0.1399901520139728,0.1233663279251439
0.5,1.0,0.06130247109595521,0.04539256003895742,0.02900300706959591,0.06048171419074855,0.04473646589829827,0.028502947634751807
0.75,0.0,0.06312714560560151,0.051929581861202,0.0422472838745892,0.05020114168139944,0.04205302724488602,0.03426899142294182
0.5,0.0,0.031398744664410616,0.02190462630939294,0.017222321994325718,0.03524791964393015,0.02506602273972447,0.020137305441321973
0.25,0.0,0.18649134264348965,0.11095655983140429,0.06508791721382057,0.19813097982949457,0.12104204951951203,0.07361570095030445
0.5,0.75,0.5403205023877599,0.4316048303243716,0.36103432548962167,0.5334164315995279,0.4365028502870141,0.37565958219441764
1.0,0.75,0.13958637592136358,0.09073494603854082,0.05627001852050606,0.12291657584540672,0.08086452450692272,0.05105274455350228
0.75,1.0,7.892549899857215e-05,4.8970694327077346e-05,3.902323155080545e-05,7.85861234461338e-05,4.871488276769753e-05,3.875701806077547e-05
0.25,0.25,0.08748770226817304,0.059279501091582976,0.04055002856899814,0.14667988360528117,0.10130402091066382,0.0724330333189609
0.25,0.5,0.6399113224426535,0.5575768059343322,0.4945536240466809,0.511356400453856,0.41800781556268507,0.33895489199364315
0.25,1.0,0.003256410957994671,0.001974231190914555,0.0015332710788551474,0.0029952199258652668,0.0018399725561103475,0.0014332270421117954
0.5,0.25,0.12832314492017138,0.0944971382142692,0.0794393614636183,0.11579869019756728,0.08289491411610883,0.06623777272677911
0.0,0.0,0.30640467963490026,0.23908164273007992,0.19924691590700805,0.28582833982922884,0.21988128077400348,0.18279624163796293
0.0,0.5,0.5828337844932545,0.43637937912187497,0.3588868895807412,0.598052826886426,0.4473534107933421,0.36629508931702603
0.5,0.5,0.058825858468938286,0.0440250283758814,0.03905996113682619,0.059831463519172234,0.044720589874211014,0.03964883222740889
0.0,1.0,0.0115141922002715,0.007698467735288372,0.004003205038627722,0.011342515318389035,0.007570013586502888,0.003915498241882642
0.0,0.25,0.195958530998949,0.16998117834913617,0.13429751155926217,0.18452515666524438,0.1600503161113871,0.125702759592071
1.0,0.5,0.0012190203327211435,0.001045615501228836,0.0008545399770287787,0.0012079806732483434,0.001049568329038686,0.0008626314158807213
1.0,1.0,0.0004077543660234717,0.0002905944838034191,0.0001661575535318871,0.00034869305589935173,0.00024889030151931113,0.00014092392505837825
0.75,0.25,0.17680168615512204,0.12888580492041513,0.10089090001508272,0.17218534028512944,0.12372744879880782,0.09388886082408265
0.0,0.75,0.14246056620686054,0.10361145028950725,0.06725696150591787,0.11641941780629694,0.0831846649743122,0.05209742113075366
0.25,0.0,0.5425954312550432,0.405698359792689,0.3038587606274148,0.5614219364222715,0.42247149714341936,0.3178043063169891
0.5,0.0,0.027862928471903303,0.01657222489891952,0.012558824289082837,0.026303368518683645,0.015152023352221988,0.010794402570678208
0.25,0.75,0.0325059432569087,0.0298602053323328,0.029452588982936456,0.03950116856104269,0.03629620300265668,0.036082368324586334
1.0,0.0,0.0010632296757758786,0.0008654007592320268,0.0007807671123771787,0.001597129343987591,0.0012772194889627553,0.0011569450046979846
1.0,0.75,0.03621364335330046,0.025735557502246986,0.01986246375853895,0.03596635744982857,0.025476318974064993,0.019493965449591588
0.25,0.25,0.03718313644116811,0.023156353522225004,0.015960103638208212,0.0367251992182559,0.02271982708634579,0.015497557486350844
1.0,0.25,0.026321138018656542,0.014029049301900742,0.007337391118777292,0.03076256110748332,0.01674653424432293,0.009040425190391721
0.5,1.0,0.0008593773362317592,0.0007195692172088375,0.0007125110709270688,0.0008426007557427173,0.0006981994948463965,0.0006809807273866486
0.75,0.5,0.1308176872625929,0.0925109034098488,0.07802768818113526,0.12229416548399796,0.09053690520180413,0.08034754851358417
0.75,0.75,0.0060048457507597686,0.005626877351180282,0.005342873255543612,0.005392430079025012,0.0049337798639994546,0.004511559788969999
0.0,0.0,0.19862903071659965,0.15431584539440657,0.12283903959487885,0.1716593783654976,0.1327199022135661,0.10429951695288997
0.0,0.5,0.7545002486267942,0.6824355283644014,0.5952980006565334,0.751396895568113,0.6784738037452687,0.5900038360741444
0.25,1.0,0.18856388648805866,0.1322454339412129,0.09478870784804116,0.18973927335555207,0.13289053720904087,0.09575731180279068
0.25,0.5,0.23752259941639375,0.20757868904294607,0.19021572180248913,0.23933102322774924,0.20898443360771113,0.19148552805286834
0.5,0.25,0.3386983044972911,0.26106087293061997,0.2100313200125733,0.32416410677420515,0.24848967020786938,0.19792389571293878
0.0,0.25,0.21055881227646556,0.15606782565869481,0.1501518486668021,0.12573321887867162,0.09306436401823515,0.08920463419020463
0.5,0.5,0.09008569246544673,0.06795499251793113,0.04414978476555642,0.10039066547601871,0.07550275833952658,0.04983166071088707
0.75,0.0,0.02185883132791544,0.014705217562436923,0.012133898052135716,0.017419361912234255,0.011684020259464578,0.00940128243710081
1.0,1.0,0.004507444562719676,0.004025137676410884,0.00421537259406235,0.0034360521158112167,0.003053438503834438,0.0031633136203614853
0.0,1.0,0.6885652314235217,0.6276206070166976,0.5717314644129716,0.682029918829878,0.6208967073711122,0.5643537791305211
0.0,0.75,0.8910645269044505,0.7974960751875684,0.679980227363034,0.9002839436541499,0.8050322308010482,0.682378349336455
0.25,0.0,0.2077582665622557,0.14761209349318793,0.11970188735472675,0.18361361417772482,0.1265060268555419,0.09828072387308173
1.0,0.5,0.004328722486941272,0.004322807682918928,0.004800050904132935,0.0048101735766915565,0.004882079510690529,0.005561895314827536
0.5,0.75,0.08316768802912922,0.07263620190957043,0.06217430411281777,0.11895222056558008,0.10427340785837735,0.09227390935698643
0.0,0.0,0.6890347928116568,0.5486801441668518,0.3934298729993737,0.6916915340380709,0.5490038213277362,0.3878167307534037
0.5,0.0,0.04685787316782242,0.03272936149065642,0.026877257021541867,0.04470643333304869,0.030998391606042452,0.02528929505423494
0.75,1.0,0.03435500416893822,0.02713112084713376,0.021124036264209556,0.0337097085633683,0.0265894003105005,0.02062806723318855
1.0,0.75,0.007498859215914533,0.005977380150744116,0.004859581257422141,0.006480662856505837,0.0052968900971657185,0.0043805924307711575
0.0,0.25,0.18789206467322517,0.1658763169859293,0.15346305299948604,0.27188252376206534,0.2427379412243943,0.22809776139450655
0.25,0.25,0.1362767909945326,0.10482438830170482,0.08019278426714338,0.12514137902500566,0.09582430634799155,0.0730836918158837
0.0,0.5,0.4538066222865269,0.3506185948903868,0.2705462657530957,0.47275747921106603,0.3731986643681362,0.29998442116947976
0.25,0.75,0.9852244020528242,0.9426465343512411,0.8724018071503397,0.9803457031454007,0.9304199345566939,0.8526198312435007
0.25,1.0,0.6753847633852992,0.5810869282136375,0.5023214720632778,0.6704121259530378,0.5758004798427044,0.49782996660178835
0.25,0.5,0.11347960770901522,0.09253594758402006,0.0843393275450478,0.12011324021773606,0.0985040827194843,0.0903463796087417
1.0,0.0,0.051833816225771434,0.04074079607497816,0.030277517495668205,0.06099499963310295,0.04917270586892597,0.03746969315376081
1.0,1.0,3.880786335730413e-05,2.6021491326355672e-05,1.9266053921551674e-05,3.6637966067898375e-05,2.4585063444715338e-05,1.8257089036799456e-05
0.0,1.0,0.8095262179205136,0.7189439321219653,0.6305611239927016,0.7962041505742719,0.7030216981717702,0.6118168876953783
0.5,0.25,0.025430743621384755,0.016487019216602228,0.012270101832326796,0.02043867935105248,0.013036085676808917,0.009357635432203915
0.5,0.5,0.09500654426708388,0.05829745556247101,0.051694239663854,0.10040055475127341,0.06198036174221988,0.05518568941504287
0.75,0.25,0.00010978767298075454,9.170370135169748e-05,8.279754642959158e-05,0.00010711299839138988,8.922458199089878e-05,8.018512332741423e-05
1.0,0.25,0.0253110820589586,0.017994318107963037,0.012518172070242084,0.026195852237263617,0.018867706568729936,0.01343076901901219
0.75,0.5,0.07632198590124917,0.05779373956001832,0.04976237439657338,0.06917171589014481,0.05242531581942744,0.04488386627916752
0.5,1.0,0.16257705787913324,0.11772229106839482,0.07953881900060322,0.15061154631426743,0.10853821542116648,0.07340226856339793
0.0,0.0,0.11717323092810161,0.0896375429447751,0.05441183987257814,0.1313399191620469,0.10125337181622496,0.06268918493545739
1.0,0.75,6.2669144504923224e-06,4.587316519311102e-06,4.227382442323346e-06,6.008115289946048e-06,4.555014435747573e-06,4.397501586428376e-06
0.25,0.0,0.07046421617249266,0.0433312830757695,0.025424703877186428,0.07539050119283608,0.046972708791166884,0.028038960094834975
0.0,0.75,0.2039981965185549,0.1779117452845128,0.14823337125071911,0.16821746520363612,0.14833905179552376,0.1238379368339666
0.0,0.25,0.42510806951787194,0.39797098672992615,0.3695891865645373,0.49203086490293113,0.46212489219344666,0.4350268752594214
0.75,0.75,0.10459414837219017,0.08876957790134332,0.06457560590185596,0.10876714621905681,0.09192642873601742,0.06644153491124893
1.0,0.5,2.4212000575118964e-05,1.3418229085182531e-05,6.953341696869231e-06,3.3554255799206345e-05,1.8859811211191513e-05,1.0097712368484224e-05
0.5,0.0,0.17854979429593987,0.14173043532889595,0.09695139765602445,0.18038867510786416,0.1482491194195068,0.10692270794650505
0.75,0.0,0.001569487621252419,0.000960148841316899,0.0006506945553678145,0.0019524956005314564,0.0011557981131000705,0.000750710347962924
0.0,0.5,0.9186907334032453,0.8263594237626166,0.7053319029538553,0.9202287255106005,0.8281869074934654,0.706931877960551
0.25,0.25,0.03475662361326615,0.029556462357107405,0.02122030337366776,0.03751348060448023,0.03164878617840927,0.022698002081345203
0.0,1.0,0.06519700343908452,0.05302308339159256,0.04328927578030206,0.08548977041873607,0.07046626852308036,0.05946964754621287
0.25,1.0,0.2537558898055955,0.23065871653709835,0.21892854630754444,0.2375650542610458,0.2145247928873294,0.20059260091537778
1.0,1.0,0.000249701508564959,0.00022217320931539053,0.00018925390285573496,0.00024098634952907094,0.0002137611279746654,0.00018108614791645383
0.25,0.5,0.01073967064925696,0.006171495126896298,0.00433351994865161,0.010841275088913305,0.00629063808245478,0.004455436265098478
0.5,0.25,0.17980178296796112,0.14038044930963456,0.11850790079050455,0.15983800958058292,0.12703770348774268,0.10972241550430417
0.5,0.5,0.03224438986860845,0.023666181269828224,0.020127991809023138,0.030155883726148414,0.022227532670580752,0.019012300531006
0.25,0.75,0.13361048343323723,0.0998011189403879,0.08962846010867342,0.140084768442428,0.10508049512612216,0.09493852887806209
0.5,0.75,0.011786578794130254,0.0074714160659143936,0.005305471057357014,0.010703062087303428,0.006801584867374588,0.00480174495287411
0.0,0.0,0.4574720294443957,0.36157568615999136,0.280118926371276,0.4967936507376116,0.3985291866502033,0.31290477468333133
0.0,0.25,0.2185134615622979,0.15766951821624586,0.11603083828317262,0.2635206141267893,0.19640876478735603,0.15079672084389284
1.0,0.0,0.11173550736204163,0.07909830709343946,0.05573908972105179,0.1263551596007646,0.0867112306997937,0.05896590304206084
0.75,0.5,0.018939085115749155,0.01067714323102309,0.007258149147482795,0.01860744736547182,0.010455830364797913,0.007069936874995242
0.25,0.0,0.5601741282693956,0.3943755884909981,0.24803235936761925,0.5691795785688709,0.403356285562275,0.25613408945318206
1.0,0.75,0.020642115754496038,0.01679337704017725,0.016472595765334885,0.018820760702129347,0.015445782020304444,0.01516810623183984
1.0,0.5,0.0008405622389799916,0.0007760273265278173,0.0008587784468108151,0.0009703559368529069,0.000885572097511389,0.0009712619999049377
0.0,0.5,0.032513791267889,0.02716267264946759,0.019973533870591087,0.03278578229654516,0.027282728302254533,0.02002295809110144
0.75,1.0,0.04094759898919109,0.029952292277435788,0.023306212745232258,0.03996174538449515,0.029131083389021484,0.02251991221666172
0.5,0.0,2.9166136046310243e-06,2.4264441245147594e-06,2.272925925139724e-06,4.694700336704827e-06,3.862286236833157e-06,3.571797903667573e-06
0.75,0.25,0.02708705081609597,0.021946017476386248,0.017325491725504794,0.0260639238061946,0.02150949490118359,0.017183558406220212
0.0,1.0,0.8693020668932001,0.8012947176151278,0.7250674917500352,0.8679651508673403,0.7961224408201728,0.7131847559474969
0.25,0.25,0.3233950950072655,0.28843985465003363,0.2381412701243557,0.34134703584333126,0.3074128903628326,0.25729385240070535
1.0,0.25,0.004130933633531342,0.004753378002150699,0.0050499096676801525,0.004742349755591846,0.005396131776303825,0.005767811909735521
0.25,1.0,0.2392788093098115,0.15403423003246475,0.0989709997101541,0.26575205279149194,0.1718290918200831,0.1107040833732752
0.0,0.75,0.6546093057865676,0.5822545409291217,0.4782294387134747,0.624379758544552,0.5559123332151678,0.45402999733909855
0.5,1.0,0.00733161923884551,0.0043168563568719565,0.003196933854648587,0.006252086226971487,0.0037959492350130297,0.0029414931204745365
0.5,0.25,0.3675406513615157,0.24422305326621263,0.16381886096726284,0.3669285475750794,0.2424637368282171,0.16143624671228618
1.0,1.0,0.0002788707412084701,0.00019140689932628518,0.00013682682193594253,0.00021988162089758845,0.00015357880927924228,0.00011044256642422923
0.75,0.75,0.06919557314355074,0.05465034008306224,0.04161653805861243,0.06918166031022499,0.05469371458618666,0.04177202633775079
0.25,0.5,0.028071019947008446,0.019298934784892197,0.014066911353880718,0.03000175106144709,0.020807213142409964,0.015480559128016158
0.5,0.5,0.0705843109864116,0.06336751375141014,0.056263574605476374,0.08782729856670901,0.0778454029183473,0.06915496384333175
0.0,0.0,0.18467463867735046,0.15286774502758338,0.13844724406713094,0.16935993139341488,0.13851725664821402,0.12300842737140705
0.75,0.0,0.14157571647396971,0.11433307206662713,0.0900825486143303,0.1444634175195001,0.1168741668448493,0.09230151048858071
0.25,0.75,0.011125217246654495,0.00825373545007313,0.00585171202665391,0.009037464841687437,0.0066648773029951425,0.004684866518942288
0.0,0.25,0.8551883568469751,0.7636513354340858,0.6514260989647231,0.8669968993397001,0.7800215284757523,0.6757449114648164
0.0,0.5,0.24895342180537494,0.18153533973671443,0.12312406614581228,0.26287729913507296,0.18842663343457078,0.12503578441041174
0.25,0.0,0.29924325906627713,0.27622026804292044,0.25313309240567894,0.3538589091482045,0.3243831345355873,0.29584631946342277
1.0,0.75,0.0021669782553490613,0.002312597979293729,0.0026141193815960584,0.0020491530546689063,0.002176685467215167,0.0024629878414059725
0.5,0.0,0.001008201107319473,0.000775280445888149,0.0008221320517084463,0.001087202863935377,0.0008301294053878472,0.0008783802304488386
0.0,1.0,0.3364442360785246,0.22722145740447863,0.16275479308174257,0.3453799260232344,0.2343287373846853,0.16874172540401688
1.0,0.5,0.2060797060134204,0.15795765486930624,0.12558964552500285,0.22229214317892187,0.17071916707665002,0.13661785542266047
0.25,0.25,0.3347726819239891,0.27616392685716096,0.22027976719855547,0.31775958925972536,0.2606559738603609,0.2063252393996321
1.0,1.0,0.005183275521621011,0.00308586324179283,0.0023268787599201035,0.00512449646910218,0.0030501881091994365,0.0022967154047758287
0.25,1.0,0.03816980306840989,0.025354003744825326,0.02047821885264256,0.037002842784810364,0.024603503910389457,0.0199164711003188
0.0,0.0,0.7437793575138925,0.6097610952916749,0.5049390196071448,0.7467428852497328,0.613831184965195,0.5097383431771021
0.5,0.25,0.2149489963638357,0.17945420408545287,0.1442493852087331,0.20630592185897023,0.1751614877418246,0.14266144483821586
0.5,0.5,0.7756035683464746,0.6518723111738985,0.545210013155927,0.7947272162451249,0.6779204521468143,0.5772461643120578
0.0,0.75,0.40607229598347994,0.32813467603711155,0.2560388786190819,0.42840158612443147,0.34775181050320625,0.2738110805207916
0.25,0.5,0.10676853153388288,0.0679150229281027,0.0413036108405076,0.1644799702469335,0.11031046319934357,0.07158199049821301
1.0,0.25,0.027060942294647394,0.019165754545140246,0.014048901494232102,0.027633056321565652,0.019490898841934556,0.014144668011464745
0.75,0.5,0.03817466464197761,0.02972580874258135,0.02434654618112253,0.0408780777063672,0.0317276215409138,0.026012260899197726
1.0,0.0,4.726040936375853e-06,3.346765154343956e-06,1.9724089708184067e-06,5.203710598644662e-06,3.713254545512079e-06,2.19632457776342e-06
0.5,1.0,0.07822045475677042,0.06889879427549939,0.06352720193590233,0.07834565966109897,0.06881236678871872,0.0630692493921231
0.5,0.75,0.024447488124505146,0.019168200023298,0.017724531552003375,0.024694151800186637,0.019456794669693855,0.01816712562560774
0.0,0.25,0.3238070445522545,0.2833785357678097,0.21879149607739845,0.3334282288346143,0.2916326139969938,0.22564607360251543
0.75,0.75,0.11107756302203109,0.07335006458791593,0.05447238615779448,0.12439815816536892,0.08277603454279292,0.06235011400942192
0.25,0.75,0.19230249152533774,0.14133869014780676,0.10205258771917447,0.19471707356319579,0.14210560165970376,0.10162630290999053
0.25,0.0,0.3918389148452055,0.29179139646534746,0.24977548811227335,0.4198996658440739,0.31685643273392183,0.2767494962400274
0.0,0.5,0.5841055508622326,0.42553163404812333,0.28711357537366144,0.5880917004403163,0.42979295362358505,0.2927768614069415
0.0,0.0,0.08737878717279712,0.0629605027503457,0.044071343054809864,0.10712111630772547,0.07828756980676588,0.055825639581846054
0.75,1.0,0.018135259930798897,0.012280721322954324,0.010573704384342797,0.014332448047033597,0.009777431657457702,0.008454204144242805
0.75,0.25,0.0003861813372167955,0.00030380407757679695,0.0002361820591674224,0.000498537678136346,0.0003915950236071941,0.0003065000905192461
1.0,0.75,0.0004853318172133303,0.00036863255917141124,0.0002616160044360827,0.0004914699050647675,0.00037244044834339185,0.0002633954381868753
0.5,0.0,0.14466298192036164,0.10823936863505368,0.08129362547143404,0.170212253979932,0.12730464669138808,0.09546406354242376
0.0,1.0,0.18469545753892558,0.11382465067002823,0.06674656839907889,0.18624476713537108,0.11435305026158415,0.06670526941326038
0.25,0.25,0.08325736255180838,0.06405575521524964,0.038264189608790744,0.09805536433007989,0.0762369917864183,0.047333162861045386
1.0,1.0,0.022510766376783398,0.014013611284864336,0.00969353474851875,0.01737607603613922,0.010585704966409759,0.007052968815450589
0.5,0.5,0.17941383364856822,0.1515389105282261,0.11929759315634891,0.18228998481013703,0.15388547190943347,0.12106930748736477
0.25,1.0,0.4416373683943463,0.38321371376832336,0.37452607962425266,0.45298619619151115,0.3927996529365938,0.3833428966607362
0.75,0.0,0.006902415034192755,0.005269552121495602,0.0036519887743095003,0.007365742590979774,0.005404261342190075,0.003530874131874473
0.5,0.25,0.3180570520608743,0.18886245431148618,0.1329501248048086,0.35566362645722993,0.21298723184046875,0.14897594332343078
0.0,0.75,0.6090209167837131,0.5552650220316981,0.5322872171557349,0.55039861761669,0.49646437349744055,0.4745365080153937
1.0,0.5,0.025565024433494177,0.017088194198014772,0.013290454600148882,0.02438778568392741,0.016221119254022143,0.01254563874006931
0.25,0.5,0.050643001132162024,0.03316442738755088,0.022811222405487386,0.04515704927272246,0.029985132981897644,0.02090611088532235
0.0,0.5,0.6634625982779441,0.5465127819085848,0.42437371188117023,0.6451104946401974,0.5286565894049005,0.4067700410422137
0.0,0.25,0.938136435190182,0.8661486687002536,0.7669923134514115,0.9373707322029812,0.8640697266892223,0.7630711962062822
0.0,0.0,0.6160685898125895,0.49711895826734387,0.3874384394365544,0.5525171052531237,0.4422667966081577,0.3427816877126466
1.0,0.25,0.0007466240395763712,0.0007447928241262058,0.0006620861343826778,0.0006348584497034571,0.0006356851143582976,0.0005680790025763827
0.5,1.0,0.04420170178094751,0.035175534890098614,0.030742199853193264,0.04555667437095279,0.03622620229304818,0.031670865290353234
0.25,0.0,0.14405252475496444,0.13055159733272048,0.12905110117389007,0.1365586016727529,0.12359985468523704,0.12166457107861084
1.0,0.75,0.029807530126488735,0.02132635540538841,0.015819756146374986,0.030859918184969137,0.02220178951432228,0.016589738589189995
0.75,0.5,0.2827133231683864,0.2165065479206829,0.16911029096279218,0.2885820047179062,0.22121119017151636,0.1743421634353154
0.0,1.0,0.5188441203102945,0.4132406689174759,0.32424711365635595,0.5213676200264296,0.4163932486419858,0.32834667678252605
0.25,0.75,0.01635243192945124,0.0123968569763655,0.010395771728414882,0.014711702544076721,0.011076931243498733,0.009099326887633263
0.25,0.25,0.1888709895829832,0.15829019786796783,0.14187376871901836,0.18739812607924322,0.15695585724450767,0.14048014606394332
0.75,0.75,0.1227439216501135,0.09708264727159177,0.08469469682878727,0.10940293392756129,0.08652239478031298,0.07504203439063528
1.0,0.0,0.029809310361948338,0.01793375589565649,0.012128783891292794,0.03617926029143681,0.022003759626783248,0.015243655511445908
0.5,0.0,0.13434728663335926,0.10348549428657638,0.08067951905445336,0.13156150218251828,0.1013484826309261,0.07905834161037528
0.5,0.75,0.18714242256992664,0.14278415122442556,0.10116490953120794,0.24902309676037016,0.19237546221690105,0.14252515028314028
1.0,1.0,0.001278603401235312,0.0007451964650586618,0.0005250728321775089,0.0008057266703549448,0.00046892423240751935,0.0003296663347767126
0.25,1.0,0.1442701184123869,0.11788438554897906,0.10660073375261703,0.11311213576281598,0.09221544921618197,0.08289879445547677
0.0,0.0,0.49642795083138713,0.3567223148669011,0.2734474207464084,0.4606150560264537,0.3266592632341162,0.249183228553286
0.5,0.5,0.04902827036237034,0.0296753067004647,0.02559721655981262,0.04380344179830664,0.026469011502542883,0.02300266766165482
0.5,0.25,0.1596853170075998,0.12608634700381605,0.10922824181263846,0.1682598309936395,0.1331451914336521,0.11570051841672402
0.25,0.5,0.2695549632200318,0.21529158375071178,0.1576971250209407,0.24499913732618317,0.19535099653414778,0.14220473824917612
0.0,0.5,0.3284052552383908,0.28131821460838047,0.2422892790428942,0.40753717798201583,0.35352267412449756,0.3090171965366424
0.0,0.25,0.427945990962176,0.311593056640151,0.23515846145898212,0.4388111785150476,0.3208429398887146,0.24308413526309303
1.0,0.5,0.15264946839046833,0.12478202286797824,0.10068527613643874,0.1293592802915794,0.10557232754522894,0.08258240853781262
0.0,0.75,0.11353396758159184,0.11361356163689684,0.11234196317099732,0.10886271909535283,0.10844677685840165,0.10525530276359552
0.75,1.0,0.0023794097034623984,0.0019845275229277703,0.0015796385863413587,0.00253379636160167,0.002152914219774704,0.001774097966725785
0.25,0.0,0.1013591641980468,0.07525588612059231,0.0656270478649138,0.11564919444201616,0.08482896856417521,0.07295973095278474
0.75,0.25,0.2979384494674171,0.22126819484745175,0.15382116088346542,0.32482037013058906,0.2368408596554642,0.16314271840676187
0.75,0.0,0.010007079339785396,0.006861382818435957,0.005193075136428638,0.015156919252277246,0.010390284385360493,0.007878418872392157
1.0,0.75,0.1354834426921694,0.10591802675781359,0.08776147664780565,0.12647956678866024,0.09825334185218093,0.08062474256499841
1.0,0.25,0.3168977455908897,0.22530329046154973,0.16488790176316803,0.29523241875335104,0.21246063510946356,0.1587619236318354
0.0,1.0,0.8127793356253031,0.7301349683717655,0.635562977031478,0.8134378976479522,0.7304654873956131,0.6351395830469986
0.25,0.75,0.04425046435945701,0.03575492730477148,0.02916755655180414,0.04200543173624671,0.03394870150191731,0.027500710721115817
0.0,0.0,0.42305196105778464,0.342982855107551,0.287535694431419,0.30560634273188214,0.24757033563570408,0.20843817534471243
0.25,0.25,0.00046723972065321195,0.00027284800379456797,0.0001456312186245423,0.0007360796570732298,0.00043892454893956767,0.00024116047861832968
0.5,0.0,0.6755633165936642,0.593231953061452,0.5360202896818569,0.7126363999510622,0.6290733389659791,0.5774573555675834
1.0,1.0,0.0016415807716662068,0.0013603187062998234,0.0010994758315219233,0.001648166610754176,0.0013531587871296047,0.0010786484827097764
0.25,1.0,0.006884056714533959,0.005614706823426685,0.005386054985319189,0.005874995763226476,0.00478451014724568,0.004543917098732919
0.5,1.0,0.03736866700475261,0.020331240827022534,0.011092014941363693,0.037376608614357765,0.020280768280927397,0.011022901931862172
0.75,0.75,0.0022378252157171374,0.0012755488817439709,0.0009916248103236658,0.0022881682291837624,0.0013132452710853393,0.0010277514648784347
0.5,0.5,0.09394052763097882,0.0667043512687644,0.054145554657009765,0.08921009172869432,0.06164536990978087,0.049245418787466244
0.5,0.25,0.022076369607499813,0.019118932104568387,0.018217681507622818,0.021521795856767723,0.018697030857725006,0.017800291328148532
0.0,0.5,0.7204567833464721,0.6438503966294715,0.5790256704029515,0.7168607978040283,0.6376819214454673,0.5700146901729822
1.0,0.0,0.00013915217344784292,0.00014672408367255585,0.00015507140418091758,0.0001685034034117905,0.00017786979589773377,0.000186395078835222
0.0,0.25,0.41753294218478754,0.3070552051945057,0.22674492923054257,0.4417217609749655,0.33053433501355656,0.2496880178160099
0.75,0.5,0.007064722616271446,0.005560322957452457,0.005371367274072725,0.007096806539454548,0.005582989626983892,0.005378466238572632
0.25,0.5,0.8132698314232474,0.7357192803476721,0.6766407269368443,0.8159698617934337,0.739012023320216,0.6803144354726243
0.25,0.0,0.03181845100880132,0.027033404352177826,0.02276279276088311,0.02712166341545874,0.0229625006526758,0.018882295797310045
1.0,0.5,8.696968410482064e-05,9.162853215993749e-05,0.00010154369565129606,9.112106823161437e-05,9.548879718068726e-05,0.00010454638314094655
0.0,0.75,0.6100388710722716,0.5153195272344873,0.4470049257684521,0.5887132932517146,0.5057874540147209,0.4410436690545425
0.0,1.0,0.3242066898102347,0.24546550652642207,0.22624121791048724,0.33558649487051184,0.2534308965121963,0.2322479718927022
0.0,0.0,0.7396867708081931,0.6585606897875514,0.5766481169042115,0.7617172681505315,0.6866469650934005,0.6113765694234145
0.5,0.75,0.1474354853250156,0.1141374382205218,0.09301808240692377,0.14228825648185417,0.10957571974849423,0.0884947842009629
1.0,0.75,0.0183193015893246,0.017518230657517897,0.01636692593624023,0.017379060268337687,0.01637506545007117,0.015100065778004157
0.25,0.25,0.010733061119719278,0.00721026838245431,0.0045958930525848984,0.010016305413138471,0.006601546565882188,0.004067176272854356
0.5,0.0,0.2231593499427198,0.12990512299484136,0.08321443242766191,0.22164978964436344,0.12866499602114279,0.08204938720643495
1.0,1.0,0.03719085503502084,0.025332261468155592,0.015509717407750756,0.038153045897397764,0.02590384690385883,0.01585129828990517
0.25,1.0,0.011263141556156042,0.009797442659972955,0.009673140822657578,0.010192003930166171,0.008852888414980331,0.008672424308222015
0.25,0.75,0.24673078625161238,0.1938937847582376,0.15081094181525712,0.22504239423260441,0.17675865248368094,0.13607856724496825
0.0,0.25,0.8540891700549987,0.8137183220030031,0.7712653881524856,0.8212922017811721,0.7784185005009381,0.7343279391681676
0.0,0.5,0.5696803668441561,0.4627650159668987,0.3626525769720751,0.5385654052772904,0.4422329038424587,0.3529461483045775
0.25,0.5,0.17889761500126145,0.14478130856185312,0.12357414620597529,0.17400627640022504,0.1403923379319152,0.11917671133884733
1.0,0.25,5.3866658633716646e-05,2.9519023150736956e-05,2.4974434708502358e-05,6.009365368631059e-05,3.301352852336237e-05,2.799543312714814e-05
0.5,0.25,0.07797715535487681,0.05694509273622517,0.04793600204406512,0.07129967011631111,0.052282579072469026,0.0441835936743421
0.75,0.0,0.00013341367458352682,9.997813719408999e-05,9.648361148217877e-05,0.00013093445440082174,9.807625983415669e-05,9.42983647334028e-05
0.5,0.5,0.7168330993042589,0.6072376024053683,0.5062345485724444,0.7664611684351974,0.6645312873417697,0.5735741112690151
0.75,1.0,0.0015266847452902743,0.0010472951088102977,0.0008518216319163274,0.0012573437957057454,0.0008616117842797921,0.0007000120018718636
0.0,0.0,0.73911712158737,0.6125048617262183,0.4928793573545037,0.7610362685373473,0.6329106445052133,0.5092168890733055
0.0,1.0,0.1677706286358862,0.1352291350681294,0.11556762098792572,0.15485109893510662,0.12556583580122693,0.10639459836822829
0.25,0.0,0.05264053962027959,0.03795002011853321,0.03067520953077807,0.05394682448589472,0.03883849722236332,0.031227785407921593
0.5,1.0,0.089397305314179,0.08304060875479691,0.07482042472791073,0.0881444879081541,0.08233302462472525,0.0745870991177574
0.75,0.75,0.035500923111231764,0.028022996554971202,0.02339849264138194,0.04380454574807047,0.035106021197692794,0.030025797977284663
1.0,0.5,0.010059501709402285,0.008109533527338675,0.006409042753037664,0.01005235490188694,0.008075313494184888,0.006369324424364109
0.75,0.25,0.26165661581882493,0.17518817518176688,0.1435057759948759,0.26732591063830746,0.1805321854965044,0.14891587945196216
1.0,0.75,0.006049422110042446,0.004387123278084326,0.0034128744094735763,0.005286290901961754,0.0037608636283577024,0.0028379039804813377
1.0,1.0,0.00011921552397153867,5.264005383431858e-05,2.640071079706985e-05,0.0001130021813621207,4.897563768568869e-05,2.4295045832012363e-05
0.0,0.75,0.396776802039833,0.3161763604074729,0.24110513842917025,0.38743788933930123,0.30823641139515834,0.23442316001016827
1.0,0.0,0.0022300377738755373,0.0018030610041427364,0.0016052142203291098,0.0025754030114352178,0.002017133167378171,0.0017206797031430465
0.75,0.5,0.019830628702305564,0.0103095507667329,0.008469810189586258,0.018270482367281793,0.00943868682806892,0.00767668668246968
0.25,1.0,0.24079870415630267,0.18720887003535336,0.13368540436787257,0.242849729872463,0.1877506056281455,0.13307659455402854
0.5,0.0,0.0007958947141706307,0.0005880107170901372,0.0004925875110444178,0.0013318166978125712,0.0009622900392463052,0.0008211486059137574
0.25,0.25,0.06969901545886348,0.05198251982964541,0.04568096557495671,0.07683481932110325,0.05742967893244477,0.050597719605004476
0.0,0.25,0.45453032162652185,0.38252684521418145,0.3151064953488928,0.4491400017026329,0.37744085994181664,0.3102459730760687
0.0,0.5,0.2168703644479042,0.18556303824866938,0.15372643218790705,0.23280878634955138,0.19961713850098695,0.1655068028359128
0.25,0.75,0.8609859116894015,0.7847722427117894,0.7029631648473027,0.8459872020264054,0.7682211188743815,0.6866761738965186
0.0,0.0,0.6915347706966954,0.5728818636195672,0.44208733261743705,0.6849142576892202,0.5658023401680471,0.4349299942846423
0.5,0.25,0.0306699258365124,0.021924311046609524,0.01651801191003266,0.04097078299784851,0.03009281130495689,0.023631166040260054
0.25,0.5,0.22572315367300377,0.17522467788016027,0.13593943714291568,0.23533218326638106,0.18298040782145186,0.1420716342971714
0.5,0.5,0.03140845385732327,0.022200374554875446,0.013811619108593853,0.02713678842399836,0.019006399629941106,0.011472355482665009
0.0,1.0,0.6158339236057533,0.44514761562830507,0.34495562807250857,0.5983493611456169,0.430390402766621,0.3355080640827004
0.5,0.75,0.23590497754887674,0.1523037212102447,0.10653844963699155,0.18794889675676796,0.11787878144454078,0.07968326721403352
0.25,0.0,0.09649824003894636,0.06590120270761912,0.04651920610934046,0.10287438173046481,0.06914073598680592,0.047866695068842335
1.0,0.5,0.015084910032752474,0.011839863852628918,0.010171987385345194,0.013349048706699618,0.010486258771874146,0.00889922521690778
1.0,0.25,0.0056424265355031755,0.003853159562982267,0.0033453849430178373,0.006844856832262325,0.004699013215936465,0.004125638179643287
0.0,0.0,0.19495323971611211,0.16910747659379843,0.15031850593226814,0.1831819105688437,0.15863077334842945,0.14036725604725453
1.0,0.75,0.027082971918043208,0.012627087408660587,0.005831735224065437,0.027122411901070897,0.012991254680160935,0.006241587516479852
1.0,1.0,0.017471865447104773,0.01108930055241053,0.006651941280682361,0.01817230107121126,0.011470750229212512,0.006864988982958287
0.25,1.0,0.3130142296449181,0.19456876861264938,0.10520909772479425,0.3123142108208862,0.19392073369908147,0.10459202610949214
0.0,0.25,0.6830959699705523,0.5804814186493643,0.5013064702473776,0.6904727199864658,0.5893314426320115,0.5111096614756883
0.0,0.5,0.8339696067992937,0.7706861769514602,0.6813923716165875,0.8323461108181722,0.7687867822282428,0.6793871322861735
0.75,0.0,0.00021639926878203042,0.00017581101102848162,0.0001323622049320683,0.0002045575118791998,0.0001660951581448078,0.00012472355200199292
0.5,0.0,0.10447453215289326,0.09012203354903314,0.06742357786164432,0.10886139009793117,0.09382962042502119,0.07020117524032876
0.25,0.25,0.27936922113789986,0.2083357076484591,0.1288566602654151,0.2590828465952294,0.19306256405281164,0.11851674152807978
0.0,0.75,0.2844286906875595,0.15768717254440268,0.08505186067331127,0.396237137150802,0.23958571976100218,0.1420566495808111
0.5,1.0,0.02720030232776227,0.017449720031490257,0.01341056108460359,0.02928364394245775,0.018984180870399214,0.014876446401542953
0.75,0.75,0.005462318378236297,0.0031903177190004683,0.0019355832522859329,0.005211142420654902,0.0030089219030965397,0.0017932665477601306
0.75,0.5,0.0007182175057398599,0.0005865008648379133,0.0005049284519896835,0.0009951971661921188,0.00080994637554066,0.0006939714864984126
0.25,0.5,0.5134430766244515,0.43175671184754827,0.3775140535542464,0.5306181025702328,0.44853700490276893,0.3948359329123178
0.75,1.0,0.1528122912230616,0.10707117952999068,0.07267998286343536,0.1306613103317359,0.09122164051606685,0.062305392577725716
0.25,0.75,0.007153985111082006,0.0062516828187981766,0.00672676639554004,0.005622197203815293,0.004951756078988012,0.005260174809172069
0.5,0.25,0.21648465327942001,0.18452963410263845,0.1529704202971912,0.24432888771138384,0.20851430285758665,0.17374346795769657
1.0,0.0,0.00020928604937242579,0.00014923804532196439,0.00011944962143728421,0.00019204736857503235,0.00013674272331964943,0.00010945372118287278
0.0,1.0,0.5181901389234894,0.4273400851105633,0.3302833756192608,0.513383668458482,0.41664639800700265,0.31310339162040535
0.5,0.5,0.009190384219250891,0.010353272413818115,0.011324074270331108,0.00825190870949366,0.009214899089787898,0.010028371306891826
0.25,0.0,0.04883041868726967,0.034990712815053504,0.02600276326354667,0.05272736771137143,0.03740238269474738,0.027556100572029174
0.75,0.25,0.029441148707050058,0.02038487626582064,0.017564266173188958,0.02897943381142265,0.02010464803247869,0.017201203070168036
0.0,0.0,0.48051681604816665,0.3761581326233936,0.26705070426207167,0.512762801566099,0.4059153319471763,0.29341964598844494
0.25,1.0,0.517391464137072,0.3875216124432088,0.30507277712580305,0.5436987067884953,0.41197834110490794,0.3263774227736379
0.0,0.25,0.9511059768106653,0.9036291585056424,0.8748038740501339,0.9568589706674813,0.9161814464011337,0.8943790638276098
1.0,1.0,0.00040838463524695,0.00027437903217797377,0.0002153439297909454,0.0003414341896275097,0.00022521009860732022,0.00017410141619778052
1.0,0.75,0.004860918743197495,0.0030546435751258594,0.0022176885380962297,0.004708748673760699,0.002958406961929838,0.002141542770008442
0.0,0.5,0.7145685872274925,0.5859699454681129,0.4489526041259292,0.6976201348304447,0.5694158829047069,0.43382938027732254
1.0,0.5,0.03624085639660313,0.027492296028879815,0.023024437851348,0.04659213046903099,0.03565675820088876,0.029885824648648418
0.5,0.0,0.0029961234960931282,0.0022450120949771835,0.0015941146701209385,0.0029933605140726183,0.0022087979640691424,0.0015336760433188878
0.25,0.25,0.01748282095252418,0.018081220955031174,0.015136801219765239,0.017742547225204963,0.01832158383909832,0.015328209535672932
1.0,0.25,0.01754962175462982,0.009250904792394432,0.009698469594517034,0.018773265068838363,0.010010303583109503,0.010560208784589076
0.25,0.5,0.1876896085423745,0.12042928647075501,0.07960797283235699,0.1747964963988513,0.11247027819162214,0.07426553970276584
0.0,0.75,0.05516858996273233,0.0348136101464781,0.02273198306888924,0.04439994134877134,0.027592088292244354,0.017505090446454874
0.0,0.0,0.17441873074896153,0.1488714930201036,0.12465923767547371,0.18234994990435727,0.15620046027937995,0.13199093060845124
0.5,0.75,0.006305200412828893,0.005283242429558688,0.004397408285529925,0.005499727546235622,0.004618762918499275,0.00383186476875208
0.25,0.75,0.4396980072012089,0.3311922183479029,0.2637042000075751,0.43334119956512795,0.32764488285748283,0.2627965737079798
0.25,0.0,0.40959129748056,0.3288507391270795,0.2572155049832643,0.39170423678003674,0.3159417766542235,0.24840435969754726
0.5,0.25,0.07385518450675,0.05447527056897672,0.04733744034145837,0.06347902177824283,0.046653505392932226,0.040185550015203964
0.0,1.0,0.25741004316699445,0.20118680130344002,0.16701720613551452,0.31023340607269767,0.2353100388394762,0.18888129723035174
0.75,0.0,0.03422170627490151,0.025517937551638004,0.022030907609104422,0.03464487875754374,0.025653723483811675,0.022102836625938926
0.75,0.5,0.7168300585774247,0.651663257465299,0.5851014070278486,0.720862365720313,0.656170990329106,0.5875071169018513
0.5,1.0,0.31868994217511615,0.2513459948919329,0.1881284677272398,0.3292087837778813,0.26246164605058886,0.20158635762922872
0.75,0.75,0.0221308916818711,0.015296181777607165,0.013221682597090223,0.020779044569830596,0.014552438980897753,0.012617047882665267
0.5,0.5,0.03364881516780793,0.019491767375111824,0.013514079579451166,0.032201379734716484,0.01861799313141499,0.012932979096107466
0.25,1.0,0.9373447061237359,0.838478376559212,0.7040491450787116,0.9450530690208561,0.8563096039285345,0.735586018646547
0.0,0.25,0.11732255300239802,0.09928638121088007,0.09035577044110366,0.10136711849784352,0.08594418796450376,0.07807434473384978
0.0,0.5,0.42380715188229734,0.32921445205383393,0.2050117210597172,0.3863428536157728,0.3080105427931401,0.19981543033207894
1.0,1.0,0.09617174889875657,0.06566894397473,0.05030861319393243,0.08508447383024509,0.058402224237997236,0.04491642887179914
1.0,0.75,0.003781091779896495,0.0027396034678268677,0.00202619170065077,0.003798032948926444,0.0027487686537086553,0.002032785322676034
0.75,1.0,0.002372204086317442,0.0013779873339484494,0.000801141379247694,0.002305053006107727,0.0013333999458450263,0.0007759969664876687
0.5,0.0,0.8194409911412353,0.7192084145976498,0.5972721707980904,0.8390253368475704,0.7373108183102552,0.6085338249597378
0.25,0.25,0.3437908820298823,0.2626171774240753,0.21071396918182206,0.35012950104368223,0.26705971721845523,0.21280893452955418
1.0,0.5,0.0038482628128725382,0.0026676917359340635,0.002084041161042993,0.003037843880022928,0.002090269938282985,0.0015882593078608842
1.0,0.0,3.928449415324664e-06,2.9389298918935935e-06,3.355500034274428e-06,3.3825053624703116e-06,2.5297968698767548e-06,2.7166771782161092e-06
0.0,0.0,0.2518677081448102,0.16731811838831723,0.1266537849506627,0.25333976711969153,0.16766743608065104,0.12618878591039961
0.25,0.5,0.172485366916175,0.12770547410781286,0.10793907938077563,0.16013213402031667,0.11738811481788902,0.0975625356841241
0.75,0.25,0.0009741199279660329,0.0006686110768205911,0.0004127450847597469,0.0008557905088272255,0.0005835182935516325,0.00035496197643469785
1.0,0.25,0.0008903094475601891,0.0005915680558477021,0.0004383989096089502,0.0008522351942015227,0.0005667725434526094,0.0004189758982160452
0.25,0.0,0.36917018430896376,0.3196105571035984,0.27370610090075853,0.3419102221757164,0.2985021515925309,0.2562639378231867
0.5,0.25,0.12756736751101205,0.11554335959182227,0.11654213763598564,0.12488104276479728,0.11441755213780613,0.11620431202620818
0.0,0.75,0.7344387667505026,0.6225974758264555,0.5271293344133823,0.7379038965402764,0.6257533012826619,0.5298043457576362
0.0,1.0,0.1374646148907257,0.10523404500732236,0.08883692924373388,0.10991848536165283,0.0811089268454821,0.06696731788158683
0.25,0.75,0.0728930253186495,0.057995239386974595,0.04670985234652947,0.07616510437214097,0.060551887197694776,0.048792136600413816
0.0,0.25,0.4610524883535322,0.3560306713962439,0.2850418104614978,0.4631131671926588,0.3548426003210019,0.2820156051066085
0.5,0.5,0.3578607670463757,0.2496360047173728,0.17795667745315902,0.35434723608148244,0.2481649115650637,0.17844692276918495
0.0,0.5,0.19339871979548862,0.13970183292478688,0.09251303394701837,0.19769062269096904,0.1428854524259111,0.09457684482715134
0.25,1.0,0.33934806911583526,0.20381196170395477,0.09900138980617168,0.351402019432149,0.2126033367636836,0.10406530293890115
0.5,0.0,0.038566683480959596,0.030003611753955717,0.02160657706169422,0.036859047980136506,0.02871565336913051,0.020710135740619973
0.25,0.25,0.09624977439306925,0.08275618694316189,0.06282960267410753,0.08625022698252294,0.07329143300119767,0.05416196411865859
1.0,1.0,0.020456574202702194,0.015539520784353167,0.01332520297746198,0.01931131202671965,0.014508766050522537,0.012371979914297837
1.0,0.75,2.944115158332039e-07,2.388649690265865e-07,1.8280856317609562e-07,1.8492019027149809e-07,1.511909646367826e-07,1.1600689842072853e-07
0.5,0.75,0.10082657847690712,0.07225376288929775,0.05350673766097458,0.06743890911628092,0.048941951168509745,0.03567810343601385
0.0,0.0,0.1842440562079044,0.13540269690487272,0.10046590957019597,0.18015384628561903,0.13212013660589683,0.09762815451007079
0.5,1.0,0.1447173243997235,0.10487791645545919,0.07759450049068328,0.13628326104886024,0.10003013734937105,0.07541006150449225
0.75,0.0,0.056733277506983204,0.03516935767429752,0.03010562241282666,0.057347019728382076,0.035545364905934185,0.030470231393103453
0.75,0.75,0.000794826592797726,0.0007178301509613849,0.0006237940127423736,0.0009700132810244178,0.0008722825177569504,0.0007706430971455847
0.75,0.5,0.0029432531891522284,0.0020569286577777346,0.0017049814933274288,0.003123927406417648,0.002154654447367843,0.0017440561386499187
1.0,0.5,5.692862410744404e-05,5.7862414456932854e-05,6.072125961864572e-05,5.263918541176249e-05,5.3458035946363225e-05,5.5917869653643315e-05
0.25,0.5,0.03270272588346601,0.02180428890105346,0.013985170149119597,0.03274153767658605,0.021754725723163615,0.013847368127845927
0.0,0.5,0.748547655125606,0.6184180297416076,0.4911624188261581,0.6864199896854541,0.5547055329008214,0.4304173512794497
0.25,0.0,0.08054425550317834,0.051311710294104085,0.03322161701694171,0.08462745359252688,0.05490932909062751,0.03632091537448978
0.0,0.75,0.5849788840882819,0.48798311803439676,0.4144127295700544,0.589964044206379,0.4909176961608367,0.41752476010842043
0.5,0.25,6.263336632650329e-05,5.644430930695776e-05,5.053891875972383e-05,9.12005246355152e-05,8.188712132739528e-05,7.40411155083498e-05
0.0,0.25,0.2907455426905118,0.2282692215912483,0.18888662631474362,0.255433715358352,0.2021526071238713,0.16895386222149555
0.5,0.5,0.01790545134547039,0.013406505899863141,0.009186641660904993,0.01770995511361284,0.013262579843063671,0.009088797701712226
0.0,1.0,0.5604120946164591,0.41440139747236593,0.2952634323768195,0.5293250769454587,0.3836698344771743,0.26558339682779397
0.75,1.0,0.0771661697507744,0.05260127025681083,0.03212800968859342,0.08010743385655106,0.05502853901060001,0.03420298566991331
1.0,0.0,0.009246347268466182,0.006489119732263293,0.005077871994543459,0.010493131757391416,0.007242006506186782,0.005543662554199802
0.0,0.0,0.32643243402335476,0.2333593337117006,0.1584621720122964,0.2956938334975845,0.2074098131730674,0.13800156968307276
0.25,1.0,0.4588592273998754,0.40611724090887846,0.33612160465421914,0.4929138824818504,0.43696769968858906,0.3645966687542188
0.5,0.0,0.0028969801305454013,0.0023512942914118984,0.002150966093036333,0.0038496761696371617,0.003152438365906285,0.0029424186759420268
0.25,0.25,0.18512509328532623,0.1324960732800342,0.09640108181565932,0.18350868486070593,0.13630185648507154,0.10275702856001523
1.0,1.0,7.87660837997528e-06,5.814803786696743e-06,6.321401484266076e-06,7.558638373761362e-06,5.562710699846818e-06,5.991106265534896e-06
1.0,0.75,0.05819137923313855,0.043504506760172146,0.03166777877000815,0.05596458873831489,0.04177995393524159,0.030364274932235702
0.25,0.75,0.007980217757107555,0.00580575865433719,0.005342399774502016,0.009608324387520573,0.007045921996000404,0.006551513104553264
1.0,0.25,0.0007918756589192499,0.0006170908283573695,0.00044939924805453835,0.0008422580759628318,0.0006624983892744574,0.0004898411268973168
0.75,0.25,0.02818989845784492,0.022602108501666995,0.0191263591517169,0.03170346929203127,0.02604718398879713,0.02286229562499098
0.25,0.5,0.2436181502277579,0.17521822933878384,0.12693915097722264,0.24015888089398563,0.1724998725024094,0.12478901502535844
0.0,0.0,0.5442426357192518,0.42541402233478665,0.3317674796863579,0.5346656602094219,0.4167378068846338,0.3246476808073415
0.75,0.0,0.008529993120432011,0.007092228318604565,0.004946950300765973,0.008095306675740765,0.006717610128939011,0.004634316238830816
0.0,0.25,0.8641987226575859,0.740047247562351,0.6123815694327309,0.8730402159831335,0.7610722993839991,0.6480006460374863
0.0,0.5,0.7057710123226464,0.5801940853519874,0.46129493217742923,0.7226949074034134,0.5984887885516472,0.47876970428008603
1.0,0.5,0.15660574226963853,0.13861690463714038,0.11900183494047045,0.1520328139933299,0.13405509768803625,0.1138828090075672
0.5,1.0,0.42337038700309737,0.3579045624829912,0.29101069016603676,0.4209186385363195,0.35532072411465054,0.28819116455734073
0.5,0.75,0.26352615720334915,0.20503095356864853,0.1770116794975709,0.2713487073807752,0.2111024140619645,0.18252905260218322
0.75,0.5,0.01111101250741009,0.006210000531036819,0.0034455390730488977,0.010191020216510971,0.00563311409246281,0.0030677793446017843
0.0,1.0,0.3352363506092968,0.25866639553283743,0.20224022266504915,0.33461104914426454,0.2567063409659679,0.19944353881794008
0.25,0.0,0.17583065711701207,0.12119391240536714,0.085122117878498,0.1812728037503606,0.12646610279421067,0.09025975408456643
0.5,0.5,0.15460428986069097,0.13360316040761466,0.11902081069148107,0.18148344698573082,0.15208502037647031,0.13214078996864065
0.5,0.25,0.1864734515112032,0.15948139680998996,0.13518277758342845,0.19344899602962018,0.16415819451149738,0.1364419229656475
0.75,0.75,0.004051181054501196,0.0032320119448852047,0.002870209987862804,0.004764435995058602,0.003943823630917276,0.0036395485235336533
0.25,0.25,0.547720261775422,0.4745124662230824,0.3948383046412951,0.5920617573380026,0.5226928484160103,0.44641397523857584
1.0,1.0,0.00013688847482784539,9.43143809628566e-05,7.742334574145637e-05,0.00013412685071423347,9.21778459105349e-05,7.511237401214288e-05
0.25,1.0,0.46614697265043603,0.373734480164738,0.2605707202475678,0.44446310573708514,0.35919246251601744,0.25402924526531623
0.0,0.75,0.28163108285669103,0.24436842609857967,0.2589259103400716,0.29432123957292444,0.25169143433251373,0.26432225129016684
1.0,0.75,0.013832904009818292,0.00951805210038481,0.008428713780596508,0.011774755444834528,0.008055997834486073,0.006970093143204625
0.5,0.0,0.016221859620805357,0.015233220646607926,0.014498238995121815,0.017373958090875496,0.016136927842476778,0.015039097448804384
0.0,0.0,0.32365351084256855,0.26059158010413086,0.20095750144875657,0.3668674555766831,0.29502030664707246,0.22760213979461175
0.25,0.5,0.7585880540304535,0.6202045161802452,0.4981306013495337,0.7596730903787996,0.6291952287901904,0.515541544212194
0.25,0.75,0.2944863809939985,0.21585020991753456,0.1603277184317614,0.31700827301516066,0.22935005773160455,0.16714165006368742
0.0,0.25,0.40617820757051826,0.34033931804608697,0.3241782676272962,0.40164256998068537,0.33566965283361305,0.31878535284801
1.0,0.0,4.153735662093538e-06,2.732748941802754e-06,2.364106903685048e-06,5.028060332756823e-06,3.288640896270678e-06,2.8219619969682697e-06
0.0,0.5,0.9840754321070166,0.9116616708412668,0.7576569303473419,0.9838235222219577,0.9123542370165589,0.7596735135672933
1.0,0.25,0.0008751337615796606,0.0007019952241047456,0.0006149237904966576,0.0010337550997880918,0.0008204548186809824,0.0007141381953987835
0.5,0.5,0.1504318226744542,0.11270780580903617,0.08738461135055176,0.14789805586944982,0.11079459209648057,0.08580564273866542
0.5,0.25,0.04123410951876272,0.028088481855756298,0.02235015455301803,0.04031328342253393,0.02752225765074734,0.022009755620518434
0.0,1.0,0.1991008310024559,0.13474769188409685,0.11825630694856415,0.2148462002025655,0.1457918739085149,0.12788802576020775
0.75,1.0,0.2492860092886584,0.1769397093509515,0.12022642073932877,0.25366577497045406,0.18269309407468937,0.1265181627053893
0.25,0.0,0.27373606979600007,0.18242993740521607,0.13985749170818262,0.2689045293496075,0.177198009623721,0.13391211546890325
1.0,0.5,0.0001026180673001642,6.33544464114788e-05,3.984949997792864e-05,9.360532900015706e-05,5.891390547474451e-05,3.7277091037846155e-05
0.25,0.25,0.0005095302811117808,0.00031075974225835967,0.00026876485988891474,0.0005821495092025453,0.00035130882343281655,0.000303406727747646
0.0,0.0,0.5313469627872905,0.3647405554906953,0.2619519696049374,0.5019053474228217,0.34005622834254856,0.23866054467119246
1.0,1.0,2.237563174689594e-05,1.6008543957224397e-05,1.3101293668604796e-05,1.7196109498240908e-05,1.2300079667237895e-05,1.0042833117118732e-05
0.5,1.0,0.07847633335261084,0.057269510566720805,0.038181589859418,0.07402825036584082,0.05480624180288873,0.037121896478136684
0.25,1.0,0.6302322631768728,0.5303694768204514,0.43688806586195805,0.6316792217214022,0.5316838193476996,0.43765826707365363
1.0,0.75,0.005983821094602826,0.004564009626616072,0.004022677339211245,0.005403973452317246,0.004150404591690471,0.003680010051712701
0.5,0.0,0.02800815860318573,0.021231774092154043,0.017246220785101185,0.029014425266068344,0.021821975878622113,0.017488838847892096
0.0,0.75,0.7655696513094816,0.6015540958131893,0.4797434619587069,0.7694760947653587,0.6043148895662763,0.4803429814530098
0.75,0.0,0.0005745419353213599,0.0003855826284795416,0.00024127175548516178,0.0007665456594732056,0.000516036760737193,0.00032566170545600404
0.5,0.75,0.01184575737002258,0.010101572191429709,0.01001000448958711,0.011229278903255313,0.00956469199519272,0.009473183803006768
0.75,0.5,0.0019731878759261523,0.001815199581791882,0.0014968749713382135,0.0020276601869549937,0.00186817892871316,0.0015463192132967318
0.25,0.5,0.3346162450545124,0.2584199904310227,0.2140189946992208,0.3451692692246242,0.2661931807017931,0.21949439765183731
0.75,0.25,0.02820992264896327,0.02550950470049096,0.029337886244664713,0.028399837792715932,0.025199593231360673,0.02841097746647514
0.75,0.75,0.0031874400064714203,0.002177304709825023,0.0019977537814697133,0.0029945952823970945,0.002056293968321743,0.001882836472233862
0.0,0.25,0.867435114602524,0.7923949089148448,0.7336648703143208,0.8661748147204658,0.7904278368067461,0.7314203490634555
0.0,0.5,0.18541556765222456,0.1495656953644926,0.13515259466819307,0.18181059199692284,0.1464591500802569,0.13209151008743913
0.25,0.75,0.6825355450223056,0.55888367024563,0.44874901870350226,0.6810636854617822,0.5587217893605411,0.45596516262316533
0.5,0.5,0.42332881123258315,0.3111047784743426,0.21414700003274256,0.4046445752777721,0.2964599625621901,0.20405835641225578
0.5,0.25,0.16552519437867785,0.12423252991666933,0.09270860535417391,0.1676128459621702,0.1263867673361938,0.09565001099202797
0.0,0.0,0.6550017347981607,0.559489890925608,0.46296334796169636,0.6645660014285724,0.5754845172039038,0.4851698000659327
0.25,0.25,0.6775650705772145,0.5303805733554419,0.4035494933529786,0.6775668532155668,0.5300518083772428,0.4026024884595054
0.0,1.0,0.3614223569431432,0.2579125346659479,0.20283848119202097,0.3458084146228375,0.25087559157654593,0.20235192954069703
1.0,0.75,0.005984644096958092,0.004090212393624615,0.003536036262443476,0.006602544378340847,0.004516149948612824,0.003919716540180418
0.25,0.0,0.11842244121449697,0.09359990490715342,0.06260069942970925,0.12070194642745102,0.09509239577800821,0.06362509395576843
1.0,1.0,4.887102199147009e-06,3.6371564602344364e-06,2.6636754493214454e-06,4.910131295554621e-06,3.659539321132499e-06,2.7006251885897115e-06
0.25,1.0,0.013231195149536079,0.010618067131181297,0.009375245809796984,0.01230194259496653,0.009897211776988213,0.008732697021238689
1.0,0.5,0.028625275862307786,0.019226431211125994,0.013123635925702648,0.032678875998703005,0.02142011376185793,0.014373848647422194
1.0,0.0,0.3511093827547619,0.2688730245804336,0.19185012031504323,0.35313298900348955,0.2695391441638674,0.19062161209979644
0.5,0.0,0.20271935117117712,0.13353101699769454,0.09325335153436554,0.23664616117772885,0.1596824993101158,0.11342918440144645
0.0,0.75,0.648588863145744,0.4944430561439507,0.36096284860500205,0.6994978824150884,0.538653380442438,0.3941963144437114
1.0,0.25,0.12740224966462788,0.09627079906613767,0.0778736345887373,0.15435426903568206,0.11644682136616691,0.09365254420078128
0.25,0.5,0.2351982183441288,0.1742338595526196,0.128867678490313,0.2124518634279805,0.1551625612125529,0.11363534147665422
0.0,0.25,0.6270332163131351,0.49948207219165164,0.406757034384865,0.629455405266669,0.5049662630264311,0.41395576099851206
0.0,0.5,0.8979668096347739,0.8036453448675238,0.6846659514316473,0.8904425848825064,0.7895689805000106,0.660897831060406
0.0,0.0,0.9267457813525679,0.8945610343681745,0.8477305889171844,0.9434302573738922,0.9161295077475211,0.8765635302545831
0.5,1.0,0.0773843790623241,0.05619055822790642,0.04469209560167253,0.06691498168513754,0.04720372318758692,0.036713094725927875
0.25,0.25,0.03685068889495258,0.024100708889812195,0.020967560999366697,0.03669970207821105,0.02354274237228038,0.020042386905250398
0.75,0.0,0.10528003808563491,0.07005004053721253,0.050062476830815994,0.11847547748921694,0.07827587492673227,0.05521102165087477
0.5,0.5,0.03413350688994399,0.022362849210354585,0.015732874506167893,0.034043640904146355,0.02229145602402738,0.015657545581896137
0.75,0.5,0.04315336158377947,0.030741331824553297,0.02287486410036954,0.037153977506934166,0.026266389573015303,0.01935676392579533
0.5,0.25,0.4332935354098104,0.38006769085114067,0.31281083655513187,0.3713050059008134,0.32199475223688157,0.25774824255267426
0.75,0.75,0.009425168855167532,0.007844315900971566,0.008427146728957946,0.009333545649800934,0.007767190441674399,0.008335997154516717
0.25,0.75,0.02153166961895192,0.013584430423960514,0.01075771834352246,0.01938151152115819,0.012262825738607486,0.009613094314240733
0.75,1.0,0.014151736844315255,0.01026396312391209,0.008662883252444686,0.013680322627018127,0.00995948349506759,0.008388025173774571
0.0,1.0,0.8937304280819778,0.792422366639235,0.6663105255276364,0.8829064534618449,0.7768613891130948,0.6463971899444166
0.25,1.0,0.10719615254040094,0.08848984215799749,0.0676374376272113,0.1267395923907071,0.1042067787191221,0.07993111737189074
1.0,0.75,0.07347369694710748,0.0542171886763807,0.04931694751825433,0.07375638385479166,0.05421994536022878,0.0494164219277915
0.25,0.0,0.3629159455272509,0.26573711701796,0.19143871677889113,0.36640907103632414,0.2714007896070778,0.19846629443521613
0.5,0.0,0.07599647077505611,0.05072762259319852,0.037214248761878066,0.07894977519248647,0.05186430503834916,0.03684569541633009
1.0,1.0,0.004605696522598013,0.002811770851595341,0.0019277027998252372,0.004590576111682565,0.0028128803628098,0.0019414283546009825
0.75,0.25,0.00010673977777231336,9.905394187414984e-05,9.44868556005396e-05,0.00011750735836346671,0.00010802851255165002,0.00010126780319774653
1.0,0.5,2.2560926975279116e-05,1.2992072398243515e-05,6.558913452803239e-06,3.04713785264088e-05,1.717152896685281e-05,8.71912081867876e-06
0.0,0.25,0.5255808532781423,0.41226679151110746,0.3268318800590799,0.5160328931236293,0.41147422067000794,0.3325576077179009
0.5,0.75,0.43482825888235266,0.3455391715406303,0.2757688986089373,0.4310200683598785,0.3352554479097567,0.262352880805686
0.0,0.75,0.7120728425248491,0.5926083395129809,0.4856329442701959,0.725697241807733,0.6063012504396755,0.4983153435126708
0.0,0.0,0.5385171182883078,0.4490038291732439,0.37177312733086,0.5166235543441828,0.42737252741328213,0.3502834611002885
0.0,0.5,0.8830041392371143,0.7797514090916429,0.7236143217572719,0.7146534823068432,0.5922007384912502,0.5378395556349254
0.25,0.5,0.17084401039086183,0.12718886707529387,0.1042692964899723,0.20715330502731444,0.15435423171038454,0.12841929713840816
1.0,0.25,2.212880531815564e-06,1.8358272280138976e-06,1.8102931682584256e-06,2.451452525753517e-06,2.0339983473061096e-06,2.0041345161203594e-06
0.5,0.25,0.012347127036717254,0.00900831190392648,0.006945207642057749,0.012527124731454231,0.009113423422892675,0.0070319917690941924
0.25,0.25,0.2858865117892686,0.22615946518842223,0.1820043015086803,0.2953404640007127,0.23377781267851228,0.18889740031601476
1.0,0.0,2.429873768861057e-07,1.927546912083855e-07,1.4512275303690814e-07,2.836779430248626e-07,2.315513898398791e-07,1.7336151314495396e-07
0.25,1.0,0.6045003355650507,0.46797681467723484,0.42249428814560863,0.5880140209165488,0.4489873219110416,0.40101496601241426
0.5,0.5,0.003527632896124233,0.002570467559543599,0.0018691236031411762,0.0023734414870391074,0.0017440648349074106,0.0012711302899204302
0.25,0.0,0.006259043256375496,0.005316864635885765,0.005065322635149361,0.006030008906861228,0.005130895309595984,0.004891377489810278
1.0,1.0,0.014459226430944438,0.009518284950495115,0.006629973510021259,0.013510396621077447,0.008881561675936789,0.0061386571065755735
1.0,0.75,0.004075482306741374,0.0034071637378968456,0.002816271923206548,0.003209526557564346,0.0027001043317783635,0.002227533200003573
0.0,1.0,0.18654005725158618,0.13497316037052787,0.09582559541840985,0.1909075122604631,0.13815296888509465,0.09810771228047532
0.25,0.75,0.001305851873835584,0.0007895736855194624,0.0005788574227423293,0.0013074835913796656,0.0008013471509519254,0.0005984839734578529
0.0,0.0,0.19040455875888385,0.13203609592390064,0.09813917077205003,0.17035387653373646,0.1185704324320187,0.08797814753690714
0.5,0.0,0.11463892276641419,0.08911038687610762,0.06580280525245175,0.11389144750187252,0.08805610563373767,0.06474821942911335
0.0,0.25,0.4746116154708748,0.4158174862700358,0.38555367330579204,0.4392021028544625,0.3840052891472505,0.35395946154162206
0.5,1.0,0.06473267375793335,0.04714155144191079,0.03716921429906006,0.062351216586380875,0.04541442606679302,0.03577934487617429
0.75,0.0,0.0036429520118839154,0.0021254954391064507,0.001550997170413182,0.004259170282502556,0.0024958179103635736,0.0018356839594797503
0.25,0.5,0.7707374594021495,0.6982249363275748,0.6047556433489619,0.8117319061199155,0.7380802977680743,0.6387985446962321
0.75,0.75,0.00012142126790970487,8.178294601646208e-05,5.9091224338558845e-05,0.00011945167981775029,8.0322490903173e-05,5.778835076808431e-05
0.0,0.5,0.4933725463511882,0.3775645958115006,0.27778638484834417,0.49450150537954407,0.3779922775601501,0.27716342590501863
0.75,0.5,0.0006140051980648709,0.0004126677398839096,0.0002692867745842653,0.0008793883822335591,0.0006054393681321768,0.00041094976611089074
1.0,0.5,1.2586939396319607e-05,9.822053524621843e-06,9.106535610703403e-06,1.2643145123503174e-05,9.823952419885096e-06,9.031023763594881e-06
0.0,0.75,0.6257122019475105,0.4967531008188445,0.334094763143,0.5848082855324096,0.4613217630429296,0.306551922341729
0.25,0.25,0.0010620013006433782,0.0007652264219648597,0.0005793387613965972,0.0011427393655616402,0.0008240100618048807,0.000633328489294871
0.5,0.25,0.04090387309526944,0.02814345875536306,0.017178641839549758,0.04116690555365321,0.02856638697352698,0.01769238752785185
0.75,1.0,0.001793501388689167,0.0012361683942687662,0.0009532097641518078,0.001141925253739906,0.0007909398415190116,0.0006025430682463639
1.0,1.0,0.02469935615072194,0.019493732368028538,0.013742424522999341,0.025500922900128842,0.020156605930989335,0.014299847755725348
0.25,1.0,0.14344318156130365,0.10434968663917976,0.07825562107228556,0.14470384540289816,0.10528665006362692,0.07919044707481881
0.5,0.5,0.0020935407500015657,0.0013593461699701326,0.0006956134226758781,0.002969265399894727,0.0018927034040164825,0.0009699376339067367
0.0,0.25,0.8374536857281438,0.7533540188104801,0.6782816160547687,0.8493874556088215,0.7653727960999648,0.6869702766396408
0.0,0.0,0.09954868841112385,0.08304245920920916,0.06856998506591538,0.09823306863398162,0.08188171708941683,0.06749187901884257
0.25,0.0,0.008036320166612154,0.005495478807249432,0.002987314794737017,0.008927735995268749,0.0062853015237265275,0.003555324388200942
0.5,0.0,0.004925942226775559,0.003206705615900196,0.0020407065009514502,0.005278158425803037,0.0034218203483756815,0.00217686090318292
1.0,0.75,0.0002722668074258694,0.000194133536085217,0.0001538509552403422,0.0001853361466865877,0.0001330530557643872,0.00010387710130466132
0.0,1.0,0.7803875486937795,0.6892635626094585,0.6789624712785804,0.779944632212709,0.6886785672973461,0.6783166567732644
0.25,0.75,0.06967788987659973,0.045040435643852295,0.02690096299281075,0.0632343063783588,0.040743157001555064,0.024200917976941128
1.0,0.25,0.019824245848360178,0.012554667845436684,0.008770797970240274,0.021038751031821623,0.013345369314595623,0.009351558189687026
1.0,0.0,0.005689568588185034,0.005209553705199488,0.004975613544964563,0.005369747175252737,0.004893675045143819,0.004635902680643955
0.5,0.75,0.006361786671422287,0.003525144747417275,0.001930480803291612,0.004090702881765829,0.0022771033606518998,0.0012062164615171955
0.75,0.25,0.0034243462062922836,0.0023418921569043905,0.0020421471115976697,0.0032456654213954828,0.002193858698683826,0.0018664748230248218
0.0,0.5,0.9772138874914392,0.904606174818521,0.7766524604775882,0.9768711207098917,0.9058426578162201,0.7835210213962353
0.25,0.5,0.06005775246745748,0.03621977075231686,0.020545851002534476,0.06478661859269241,0.03974057888359084,0.022991731774915758
0.5,1.0,0.23573335545831786,0.18538536934530425,0.1481823869658747,0.27940348288233885,0.22459999993731528,0.18438830546614782
0.25,0.25,0.00033262009583578944,0.00023120863426884242,0.0001729898001819885,0.00033797018679904145,0.00023368739329410193,0.00017323387577794502
0.75,0.75,0.04422393086599097,0.03480586687730758,0.03138810652415236,0.051788257299534846,0.0403810859476168,0.03608392935556726
1.0,0.5,0.03971991982063461,0.023202619594264062,0.012622490096545036,0.03868064514859215,0.022759080473017557,0.012581311492110836
0.0,0.75,0.7719140217989011,0.5656970705082917,0.37366833483741424,0.7707447609952207,0.5638280936825141,0.3713758874775187
0.0,0.0,0.4553886275154484,0.3818000965439303,0.2839686964619025,0.5769320346751566,0.494019409852134,0.38789947958412585
0.5,0.25,0.08977225429195856,0.06028627164236677,0.05126019663233916,0.092385323395628,0.06260715340750655,0.0540704279380495
0.25,0.0,0.2192834076222845,0.14534985572894432,0.08990672238379194,0.3128729121383995,0.21014796358124266,0.13068002534694834
0.0,0.25,0.6960890233076364,0.5558725304716163,0.4491811402276443,0.7093213359221011,0.5697920305541779,0.46381120614687976
0.75,0.0,0.2848415657424528,0.26416441714226513,0.23246442337023232,0.31343740323887037,0.29074782030906043,0.25757176627977585
1.0,1.0,0.015379188955832346,0.009702287589509861,0.00641776825095719,0.013643688022820122,0.008568997213354579,0.005631347603312298
0.25,1.0,0.028518085727344822,0.026344954951225352,0.027094973389502952,0.030715361123401896,0.028470660084967014,0.029408528921392674
0.5,0.5,0.160637576564015,0.09145990609148813,0.05028705882818407,0.12530422737399138,0.07300983155611707,0.04096129255392411
0.75,0.5,0.040287490060921805,0.026931188603854572,0.018795234451556286,0.03986111699721273,0.02660818391383779,0.018523140737495836
0.5,0.0,0.0002746979119430115,0.0002118378866391435,0.00016995306539491217,0.0006874101422769119,0.0005013821701004284,0.0004017823208282145
1.0,0.75,0.001103798734514938,0.0008534314497543605,0.0006880307316315948,0.0011449320644345562,0.0008878410959352045,0.0007179593953984265
0.0,1.0,0.5533191945327707,0.4594234087516752,0.3681488022934971,0.5107167582689778,0.4179451220191559,0.32563384788900773
0.0,0.5,0.7214544857265927,0.5845016160213402,0.4295487917884945,0.7815307075562892,0.6480467915156153,0.48846028114273743
0.25,0.75,0.1131831066114154,0.08543217400772829,0.06724012225195053,0.08905328023748815,0.06715213591496827,0.052859066095217955
0.25,0.5,0.6248558720034865,0.5126711043834657,0.39634936769539664,0.6120935192051038,0.49958225394519795,0.3848495554614717
0.0,0.0,0.7151150967987719,0.6324466949779006,0.5245064202986345,0.7466624222427369,0.6713095652958627,0.5785669777014866
0.25,0.25,0.5796061519612987,0.50940805289142,0.43289456711922447,0.5397580605029366,0.4705578559826713,0.39598410186673605
1.0,0.25,4.11280997781871e-05,3.426178808885183e-05,2.8849561276800273e-05,3.9479716050783153e-05,3.301287831436461e-05,2.7448925338013908e-05
0.5,0.25,0.004063534274172054,0.0027552314887586693,0.0021443939342631335,0.0022402002793464604,0.0015292953082279848,0.0011832892778018689
0.25,0.0,0.23585423909559666,0.15989365906984232,0.10270070240408025,0.21300315978729278,0.14504516733853623,0.09398697962972924
0.0,0.75,0.885054244946916,0.8030451229591682,0.7116967482182927,0.8958717232212079,0.8145909327512747,0.7208092819462304
0.75,1.0,0.008474283636656477,0.007516745264699587,0.00652922947206247,0.01339067872864319,0.011898459072271717,0.010474862820075481
1.0,0.0,0.0019592944771777976,0.001568751962016779,0.0011172501838534465,0.001798456079288302,0.0014334156190348724,0.001010180218497414
0.0,0.25,0.6900683708086022,0.6156915955492426,0.5275614892680246,0.688676450249832,0.613832548853662,0.5251073234540153
1.0,0.5,0.017730758675519653,0.01639812428460985,0.01266871290095728,0.01912505704728873,0.017667475793326393,0.013816197120636975
1.0,1.0,2.010722934819853e-07,1.649054830465957e-07,1.6030972460612247e-07,9.688711077870948e-08,8.134098039569437e-08,8.08341367175558e-08
0.75,0.75,8.781499828636186e-06,5.25575103882403e-06,3.7894827285001043e-06,8.718643570659879e-06,5.205999212942736e-06,3.7138647304146843e-06
0.25,1.0,0.3174788263221644,0.2411152328957955,0.19622475566314557,0.326853962894743,0.2512447709314667,0.20791656171109207
0.5,0.75,0.17135081549972853,0.11909178697800682,0.08662017455731108,0.17042819270076937,0.11832315239086533,0.08591918311462798
0.5,0.5,0.4381479167343707,0.3455082311750821,0.3028464903494008,0.43075360548548847,0.3383077278423945,0.29523022229153373
0.5,1.0,0.0005060699839342098,0.000311908530765459,0.00018399871035601478,0.0004923887155141582,0.0003071903200447812,0.0001834017089895612
1.0,0.75,0.006712638550608885,0.005274089514769598,0.004056497121776248,0.0053509944483274285,0.00413743657548693,0.0030793682891901986
0.5,0.0,0.0030207627081915156,0.0021070649957404264,0.0019992390430820794,0.0029235267293792333,0.0020390303205096716,0.0019259539814602267
0.75,0.25,0.0008811137454260987,0.0005319499768422498,0.0005125271311504642,0.0014883528910526467,0.0009356967985731934,0.0009499703611359767
0.0,1.0,0.8680270183149388,0.8095612600516421,0.6783996730330399,0.8549994499297341,0.7942017705140891,0.6590554589840356
0.0,0.5,0.8754885155193285,0.7988006089815961,0.7328894653873165,0.8723541398160515,0.7973696541269724,0.7349469746176868
0.0,0.0,0.8253391332937818,0.7686745116450202,0.6746601918334755,0.7972524995668304,0.7391418354987774,0.6419926933813308
0.25,0.5,0.17336707492995296,0.12758860915583137,0.11253721658742533,0.1993999029901541,0.14935715508807723,0.13498204917007572
0.25,0.25,0.005675964421607782,0.004335493648523814,0.004475879579896258,0.004675167248800793,0.003604733867002885,0.0036106564159310572
0.75,0.0,0.0596345087901653,0.0377593651778837,0.030237241653658042,0.07995988758130868,0.052956537278007754,0.04552818253168833
0.25,0.75,0.5779628917813227,0.4421899232716884,0.32394954946834,0.5939153317730798,0.4573927592449454,0.33852206987499867
0.5,0.25,0.03159593869100963,0.023296300381990376,0.015065855884285884,0.03221072514788048,0.02381428991668444,0.015397398627063463
0.75,0.5,0.061709204811393636,0.045591461302827985,0.03094163414583595,0.051765183051824204,0.03792025128237375,0.025063858606977463
0.0,0.25,0.6531208605123834,0.5650397088972098,0.4837199361492823,0.6332638123843009,0.5541810932200595,0.48161820153319923
0.25,0.0,0.047983204450096184,0.03345511150898939,0.018543806506161276,0.07837104500059378,0.05557000652535027,0.03320400351441599
1.0,1.0,0.017598133310728792,0.01389797304903273,0.013339069412300786,0.016460565270254524,0.012985852286444444,0.012326162049246303
0.5,0.5,0.39289606929081744,0.34099907736157764,0.2992609235588136,0.3911663078545089,0.33892884323506833,0.29670506243761907
1.0,0.75,0.0008149395797196757,0.0004434030170913372,0.00026361002748043205,0.0007722171295558855,0.00043056720847056695,0.00026444630828437177
1.0,0.25,0.012460995949152287,0.007786476016868549,0.005241501183930519,0.018199641900644714,0.012073518909286873,0.008843276471955264
0.0,0.75,0.06510335489258812,0.04516489745722829,0.036046015697083544,0.09095131656838085,0.06326427195160655,0.052078681372938695
0.25,1.0,0.42655306190161335,0.3735517269564598,0.33220681918522965,0.46610494280548365,0.41185579641895087,0.37356335931401663
0.0,0.0,0.13808007669850786,0.09354880521567155,0.060718508199697374,0.13114619766319757,0.08844791634206639,0.05695497382409709
1.0,0.5,0.006752480344790035,0.004993038590860754,0.003485918018558909,0.0067816457795376595,0.004943641301239365,0.0033694474886356574
0.0,0.5,0.7316553679568631,0.6115932451729713,0.48521845119345974,0.7279756161367035,0.6032895575288573,0.4717198732820592
0.5,0.0,0.028111900551775593,0.022760685884119836,0.01953501028613691,0.03225416806825099,0.02592502012648179,0.022133017969133473
0.25,0.5,0.012002143368311402,0.00759669569926158,0.0056230335434765966,0.008475454368557234,0.005326098434861204,0.003792419229135313
0.0,1.0,0.17470262776019807,0.1250833063614234,0.10552497954535445,0.19477960915661852,0.1426885331879284,0.12413240900027356
1.0,0.0,0.0006629362304531039,0.0005687004329884005,0.0004732541932699341,0.000904071114329108,0.0007542986077516689,0.0006122130614339971
0.25,0.25,0.03701877185216784,0.02720316790500865,0.02406798853554415,0.03705950076110476,0.027204001236497688,0.024048930438338
0.75,0.75,0.028506557465345472,0.021397710689311067,0.018011041766087033,0.02181481599034152,0.016936064702168574,0.014421851915999762
0.5,0.25,0.03544981356255039,0.023649549746513676,0.01712320898218067,0.035491581850720655,0.023537719944300983,0.016709087137660283
0.0,0.25,0.5292437149858746,0.4692057230820179,0.3960737554340801,0.5201917523261248,0.4625479694350745,0.3908874946329197
0.25,0.0,0.26837743756145405,0.20681737553440294,0.14863487764851224,0.2212798775353031,0.16762787543243207,0.11669803591574901
0.5,1.0,0.3849232231626981,0.29982948862881864,0.19933258755311234,0.4514985734285115,0.35954371474537594,0.25049616490174775
0.75,1.0,0.11455578294556579,0.08341032162284223,0.06664749232198175,0.0911794831485313,0.06522447121593133,0.05012831405895102
0.25,0.75,0.7407904880899259,0.606878185207943,0.5474967957194056,0.6684336380409537,0.5202067694737746,0.4453803917447251
0.75,0.25,0.0021075014836491324,0.0014104410234272446,0.0011053094415092168,0.002221757246628542,0.0015013059012248808,0.00118944921298203
1.0,0.75,0.002948855621583202,0.0018617371595279764,0.0014655237035520186,0.0018003564960999974,0.001130436142959823,0.0008661879912178483
1.0,1.0,9.413871552954589e-06,1.0883847256892842e-05,1.242535882317597e-05,9.595856638400235e-06,1.1055993346165138e-05,1.2600954038877177e-05
0.0,0.0,0.6386117368052502,0.5585572831042508,0.493446398614486,0.6124466659660798,0.532616453672397,0.46802095909907127
0.5,0.75,0.06270790444368057,0.04738565318588028,0.03701618424227193,0.061242618408858696,0.04625774662602011,0.03605550014656478
0.75,0.5,0.007001907618076286,0.005854320046403516,0.004938549725363117,0.00585232008157166,0.004878955141283892,0.004050247343732272
0.5,0.5,0.18939188861505896,0.15442737737267542,0.13060297720346348,0.18167373401232223,0.148005634482971,0.12513202758818076
0.25,0.5,0.04076613305475196,0.029917718697318074,0.025536334670343774,0.038456497238043674,0.02830726290408414,0.024330691184317077
0.0,1.0,0.44130629919331577,0.33055128931224265,0.25778105568553045,0.4666261887853409,0.3552975387926889,0.28184482172698067
0.25,1.0,0.5138692887069778,0.40958081587246575,0.3257157295657308,0.5311020984611009,0.4225623293057895,0.3347193499189789
0.75,0.0,0.0026953352900961347,0.0019317671471135167,0.001285889771788673,0.004821593840069971,0.003487224548304413,0.002368958310583369
0.5,0.0,0.05571688303102584,0.048847923869437926,0.04296142160510397,0.0674750920770314,0.059143404841095926,0.05319020232169058
0.0,0.75,0.45490153395678545,0.35254575879648553,0.2872182605174347,0.49390362716437497,0.38485848021447255,0.3108921685517346
1.0,0.5,0.13043213860492942,0.08923081387214693,0.070131324940921,0.13119452982669755,0.08984001574334655,0.07026589699899444
0.0,0.25,0.7217213483138327,0.5769820690565732,0.4628766498989586,0.7311549761985435,0.5858759460407195,0.46874625047337426
1.0,0.25,0.000560888993800801,0.00035851801365360814,0.00024472074101344887,0.0005452618582970636,0.0003479113109055021,0.00023596142824988675
0.25,0.0,0.42462721323490493,0.3313820110852824,0.2627770714101305,0.41423777678888307,0.3234736083672407,0.26032245747294713
0.25,0.25,0.29452859503129836,0.211194060276518,0.1658386753515808,0.2990154030392548,0.21520777761421916,0.16980844691514063
0.0,0.0,0.9749342992600991,0.9351969792509827,0.8712344990281575,0.9715698535455836,0.9273041757278861,0.8554832562649817
0.5,0.25,0.004493008989802982,0.00398390090573697,0.003848652839920086,0.003463969598432315,0.003065398080596804,0.0029134185930412837
1.0,0.75,0.014562631926159253,0.008106502271038929,0.004647526407220215,0.015742765400962755,0.009116207337249604,0.005397408906585133
1.0,1.0,0.0016375174395005798,0.001199459973352246,0.0007476176031400161,0.0013223866261808936,0.0009637239627597882,0.0005960911718843054
0.25,0.5,0.566500609005568,0.48703750459398043,0.42415697119085727,0.5352486362878406,0.4593180225153567,0.3966073739557532
0.25,0.75,0.1490464412528354,0.1311783521067199,0.10154372468052197,0.15632120831254248,0.1376183948085029,0.10712743660713231
0.0,0.5,0.3050462374804319,0.21847776918587525,0.15365662331257146,0.3040067834897,0.21766246506552633,0.1532081862195961
0.5,1.0,0.003909083104208788,0.0025970861314644766,0.0017795173618800897,0.003979492161572118,0.0026344738348451635,0.0018136970903076532
1.0,0.0,0.005376739930762153,0.004529309465306719,0.002781194456972891,0.006132931102552197,0.005146780864811684,0.0032428582775176906
0.5,0.5,0.015779778864137062,0.01233725712505973,0.010525447794004883,0.009240631367195662,0.007156283880784486,0.00584699572370595
0.75,0.75,0.10689779965166468,0.0761362803601997,0.061942149502265065,0.08621212992434246,0.05888245652689705,0.04590975153332555
0.0,1.0,0.37186078118245525,0.3091931401142807,0.2424119157546094,0.3329972697257334,0.27774551540572323,0.21797218175253197
0.25,1.0,0.20907158451951458,0.15342962034490482,0.12119721776825265,0.20742319694114775,0.15281464745437745,0.11997151318418209
0.5,0.0,0.07035186746119637,0.051090826495765684,0.033658339042829555,0.06333352360922151,0.04663282270283775,0.03110219076343812
0.0,0.25,0.9715303779840796,0.9165278200764655,0.8273828956543365,0.95017668254273,0.8741477300047751,0.7574556877719144
1.0,0.5,0.00026205463806827645,0.0001770968542830209,0.00013941799626948637,0.00020201869038050102,0.00013720259329397244,0.00010702342902346729
0.75,0.5,0.21368383918318812,0.1407168558434546,0.10149930740885771,0.22056571175761086,0.153742355546157,0.11899661661491412
0.75,0.25,0.036249303212939954,0.022855814804951358,0.01737489266485648,0.03550063105045553,0.02235730951999837,0.01695383701870945
0.25,0.0,0.5549011950415753,0.45477793676106193,0.3660720154938134,0.6292600505226282,0.5222957147171323,0.4282329760369372
0.0,0.0,0.8039897302358874,0.7105396339847186,0.5874034893764154,0.7213042723936947,0.6259760239145915,0.49059999238185703
0.0,0.75,0.3517259358322129,0.2823354793994721,0.24006538043637993,0.34095332302187276,0.2732318842166257,0.23287279899584046
0.5,0.75,0.051494854382845734,0.03808705675997892,0.029627115108353363,0.047250680568022174,0.034935538527107735,0.027233390553986325
0.25,0.25,0.2443977076856516,0.17225345970315953,0.10920092914254975,0.2861822934468957,0.20732745783890372,0.13846586491466073
0.75,0.0,0.002195712426849572,0.0017642352925997251,0.0017822893156608233,0.004556206264668794,0.003687086643594961,0.0037935884774698003
0.75,1.0,0.04158848419270633,0.0328384876033011,0.0211269535447296,0.04261787483778545,0.03380847587643099,0.02208287521911445
1.0,1.0,0.021374825152772448,0.013873554636722574,0.008643654873688122,0.022228592515129098,0.014472429631677608,0.009084930496878751
0.5,0.25,0.07847031629632373,0.05698350738367919,0.05020130211583207,0.08119882739436468,0.05916427717624262,0.05221909707812755
0.25,0.5,0.09665337667397278,0.07842897535529036,0.05786899595214656,0.061379602407107936,0.047643333244972386,0.031867011791222866
1.0,0.75,0.016677645006919706,0.012282604514886275,0.00909301949711716,0.016597905188320716,0.012184668419816358,0.008978882634012919
0.0,0.5,0.23550742696017535,0.18257538290736708,0.15233483485322497,0.31541327884602066,0.24864948786571994,0.2089805547532797
1.0,0.25,0.00045418974519451094,0.00042130630379455525,0.00042778811225674396,0.00045935669584684646,0.0004324300880584886,0.0004379524331928897
0.5,0.5,0.24018065138802003,0.18297368482670373,0.12821287840135742,0.27988126463647867,0.21891314018639618,0.15908893311285488
0.0,0.0,0.5766998361888407,0.4879574326402992,0.393809855096795,0.5777710399173497,0.4870499590772094,0.39179793649178984
0.25,0.75,0.017682505540478566,0.013477913355718685,0.01107923013575296,0.017552070012163856,0.01336479468773033,0.010957987158560112
0.0,1.0,0.7473082353339189,0.6501225655460694,0.5720580641514389,0.7244483211596677,0.6287053151521158,0.5514182046705728
0.25,1.0,0.08196029738149524,0.05338185721705879,0.04652731504685148,0.07934450584088504,0.05157814993643428,0.044820187414927326
0.0,0.25,0.4638283729435062,0.37799552356253663,0.3000579434429116,0.47438823109317874,0.3848382201239434,0.30390459145487314
0.5,1.0,0.0006485500698637514,0.0004594716753314465,0.00031755720632986595,0.0005278389281810902,0.00038778252718996153,0.0002750012745411645
0.5,0.0,0.1493479711876411,0.11156853178399895,0.09688579917167506,0.1610238459152986,0.11837346504030588,0.09899916583374635
1.0,0.5,0.0022579322537177315,0.001761328268390483,0.0012587164428837783,0.0022681816658560727,0.0017746606571107382,0.0012723782636383518
1.0,0.0,9.878934223217506e-06,9.345497460566676e-06,7.992344051910294e-06,1.8983540277961453e-05,1.7847918706070942e-05,1.5308509088374223e-05
0.75,0.75,0.017483761790720975,0.012120524508957065,0.008466574419295991,0.014926083081153285,0.010419440809491975,0.007224175921295983
0.25,0.0,0.47365583718530413,0.41016514167052875,0.31567470844313505,0.46494709912599586,0.401756448030423,0.30665052345091126
0.25,0.25,0.0216478891118026,0.01915774790962388,0.016179323689412772,0.02352554565746756,0.02088837745804928,0.018057340476091643
0.25,0.5,0.6285266176211185,0.552549074667395,0.5030740426485871,0.6361572716668792,0.5580722097611979,0.5062094823797612
0.0,0.75,0.8167653835545203,0.7074682748702359,0.6328325053287516,0.7916854651062244,0.6769746223430799,0.5990355820541202
1.0,1.0,5.579970643543319e-06,3.9802075610939625e-06,2.4917067689145256e-06,3.226245596454902e-06,2.31162298525156e-06,1.4003791014571831e-06
0.5,0.25,0.004330513557314397,0.0025781800888371453,0.0016614851106302453,0.006525998988789361,0.0039672796528624765,0.002614727227140956
0.0,0.5,0.9680069951621237,0.9304351621598463,0.8786919299705187,0.9675866251707281,0.9303757914211528,0.879625081804798
1.0,0.75,0.0026969893988142424,0.0018190334503456196,0.0012611177386360195,0.0027661398691362082,0.0018531512875306078,0.0012741787125332138
0.75,0.5,0.10548038115828051,0.07418284268843955,0.0658629895375702,0.0992653958940839,0.06984178429208321,0.061540910421226336
0.0,0.0,0.20981197289686482,0.14460736204996716,0.08663544139483936,0.2360065664703117,0.1642337241169456,0.1000924985916094
0.0,1.0,0.1778018647085584,0.11536336032867456,0.07020879626944443,0.20314698531557407,0.13557755277736105,0.08613521387959522
0.75,0.25,0.008225562935959552,0.006130403303770793,0.004821803775475475,0.008633762486014551,0.00613944742018413,0.004465300618715418
0.0,0.25,0.1305276679260714,0.09640570294974604,0.061005743921542344,0.11633503716728888,0.08534908083472081,0.053347700294002154
0.5,0.5,0.07313921384310329,0.05439950685497741,0.036158116163267584,0.05492928132991248,0.04119504005582231,0.027153090644609135
0.75,0.0,0.016838584459544337,0.012817956844191736,0.009559704538263603,0.018476830053336224,0.013983909898546143,0.010425626638157492
0.25,1.0,0.7433489828248686,0.706108072567593,0.6434170612534383,0.7277917816720162,0.6893109718012506,0.626072548617572
0.25,0.75,0.5059104771961377,0.35142114762414356,0.24735595047551961,0.5129962343227296,0.3547904543086553,0.2482263090868706
0.25,0.0,0.555188911109507,0.4604549038346454,0.38076368149337125,0.5916248311473644,0.49472164670890917,0.41187421841416894
1.0,0.25,0.00020810823128769584,0.0001875181124315617,0.00020578757914491153,0.0002155485812239677,0.00019425024582975237,0.00021324560626556632
0.5,0.75,0.40960097778313,0.3424800501508606,0.28815601488899234,0.40603087344792077,0.3393157314119021,0.2850827757800267
0.5,0.0,0.017945773843030866,0.014579209551553562,0.014393884958997072,0.019162074632581128,0.015727320278786983,0.015551359608321103
0.75,1.0,0.03500280672800593,0.022492770847133414,0.015451824580014373,0.03263212850408159,0.020798055556943362,0.014124247725912698
1.0,0.5,0.009946778471645934,0.0068163047122227205,0.005075468856269749,0.010681394767179553,0.007272986637287371,0.005382455706893663
0.25,0.25,0.27095192870434004,0.21612062258811648,0.19245726830642795,0.28559004465056304,0.2302629714527834,0.20672908384124644
0.0,0.5,0.30265749675325326,0.21760643730734364,0.16285091488859493,0.27569429849216043,0.19390896172623673,0.14049135046557892
0.25,0.5,0.015475493881765168,0.01308636154391829,0.012704370846326807,0.01525185266496365,0.012879301788937147,0.012472741000267629
1.0,0.75,5.699996584729305e-07,5.174626035442387e-07,5.135748617490776e-07,3.861284560979783e-07,3.567887634225997e-07,3.4986965180561214e-07
1.0,1.0,0.05629391117998728,0.04290454908237051,0.031005263141258288,0.04781548676817504,0.035721314216803135,0.02506752419058389
1.0,0.0,2.2927487754342835e-05,1.6005471336288934e-05,1.330360407203468e-05,3.125658090352701e-05,2.22284566051556e-05,1.8924978540946213e-05
0.0,0.0,0.9209460572270103,0.8731287495952038,0.8300375030026872,0.9173407721141549,0.8706612334681654,0.8295422529187026
0.5,1.0,0.0345337602680027,0.026427117972464886,0.025896336904278172,0.028928153500634046,0.02234233766766691,0.02196502034172232
0.5,0.25,0.03618770737681043,0.02367714741442084,0.021800734716152737,0.03582867464992845,0.02331046858613972,0.021317861241598846
0.0,0.75,0.3409356623217208,0.23043596974409297,0.18341059137627513,0.31760012449770725,0.21401254821326976,0.168010971044263
0.75,0.75,0.0673972278535504,0.04455050169663288,0.03012154358252228,0.06221796078570063,0.04120928012692904,0.027986375214152148
0.0,1.0,0.8594007558821618,0.7829987132662422,0.6982110365722278,0.8561238722620461,0.7778266032025984,0.6895174605612394
0.0,0.25,0.8213008134598998,0.7323065931816654,0.6312000234047332,0.8294922485925357,0.7362929895798023,0.629616287822228
0.25,1.0,0.4880999814680681,0.3916127090265288,0.3200287412136362,0.5635627146362239,0.46474268942509755,0.3910882027011108
0.25,0.0,0.32316939311905735,0.2763494540605478,0.23694731404207436,0.3970866805944524,0.34329967384725313,0.2998139171118863
0.5,0.5,0.001020941384617502,0.0005988611649685449,0.0003202709604874787,0.0010210568777877516,0.0006086098025201991,0.00033835455794739566
0.5,0.0,0.0071046366754590196,0.005303583445076643,0.003710843826515764,0.005375568436610911,0.003970509002884759,0.0026222377303954936
0.25,0.25,0.19067344757167426,0.13249877810251265,0.08125473696902719,0.1699915625156242,0.11835295331010431,0.07185328572162941
0.75,0.5,0.0018245196309445433,0.0016412309731873576,0.0011689539312134123,0.0017234044801508475,0.0015479099621797943,0.0010998649900274549
0.25,0.5,0.33388027619646377,0.23137899966322284,0.15800471063888943,0.3416565448803395,0.23752511095985707,0.16296297852720287
0.0,0.0,0.5204273445691912,0.39090313760869433,0.2819605197963767,0.5394166323847549,0.4065686727040867,0.2958927021037483
0.25,0.75,0.36252151616950545,0.2535375371716402,0.1711150731889055,0.3118825584609105,0.21827810721799334,0.14775611827648738
1.0,1.0,3.232107267892026e-05,2.869803312099961e-05,2.668147471907023e-05,2.4168575152749838e-05,2.15367841173153e-05,1.9941811525536757e-05
0.0,0.5,0.5223582860635304,0.43633164116287804,0.3642819188260522,0.5110904834313719,0.4285254257554749,0.35593768281674254
1.0,0.25,0.00707535832645545,0.005630963948742851,0.00387663700310259,0.005905100940306163,0.004776391865125129,0.003264813380928988
1.0,0.75,0.06834621186514822,0.04737410922683938,0.03542556828459098,0.06432243918968583,0.04504176916719138,0.0339549167461245
1.0,0.5,0.1309305958090652,0.10768524041106853,0.08730381800934461,0.12985055999046424,0.10623887693342415,0.08545986072372291
0.75,0.0,0.003544748416953847,0.0024751753584766334,0.0018876387320644339,0.0047107508964918665,0.0032493563329369923,0.002469154610058699
0.5,0.25,0.36573380443035874,0.3098827081883522,0.2521765574632987,0.3381159684100705,0.281317296673131,0.22128013628716914
0.75,0.25,0.0003215828810725352,0.0002619966638446325,0.00023561685805750798,0.0004578113600536282,0.0003799258352019663,0.000362180345451546
0.0,0.25,0.2786599534431531,0.16833151401102797,0.11586922615662043,0.295910174395665,0.17897829525162667,0.1234317102510526
1.0,0.0,0.00031294002720128056,0.0002850733477479661,0.00032036011220037963,0.0003264263136857348,0.00029608405989112185,0.00033114601455452863
0.0,1.0,0.777360452219942,0.7026310220868017,0.604750251231875,0.7827309833262153,0.705354441632513,0.6028803121593445
0.25,0.0,0.14081485367104885,0.125279271526749,0.0965246139915471,0.1212134524529993,0.10943530277473479,0.08407861025026375
0.0,0.75,0.024959262075019972,0.01556545735626469,0.010223542589440582,0.026037952012301524,0.01607689805784407,0.010367555812432983
0.25,1.0,0.19650364050109992,0.16188603028343074,0.1373714199472772,0.1930044283862895,0.15836392858970738,0.1344032087198107
0.5,1.0,0.06407276329366263,0.04863585378829127,0.033097316116420195,0.05895415699697959,0.04438609690958484,0.029813363701321483
0.5,0.75,0.14790671745929818,0.11487068098325381,0.10802214883258787,0.15950747127026887,0.12374115148990195,0.11506306674986266
0.0,0.0,0.6333491921670875,0.5062009470227675,0.3913030046902931,0.6288284898706217,0.5023825857939219,0.38769121048416044
0.5,0.5,0.058103398149434105,0.050269344318002895,0.04375282752193199,0.04275795068189192,0.037291029013239996,0.032392542711469074
0.5,0.0,0.0050453441014390865,0.0037595990426817494,0.0033068032036109862,0.004688040625259182,0.003381417725202507,0.0028292839824939353
0.0,0.5,0.8128095846183947,0.7457753108571819,0.6863926367356883,0.81411470727891,0.7471157081424527,0.6879467054433072
0.25,0.25,0.040130062862202664,0.03741899350179878,0.03157559749662919,0.0238737259958417,0.02335920087051091,0.020097825720104767
0.75,1.0,1.761468333616456e-05,1.683685160491777e-05,1.5453252378838656e-05,1.615652504538545e-05,1.5410278684901968e-05,1.4225563843339728e-05
0.75,0.75,0.04598311076042827,0.037942225910143734,0.03399018931672437,0.04222281062668143,0.03475264124984179,0.03098446052638959
1.0,1.0,0.08646948305554125,0.062191052586175966,0.049029782818949874,0.08493544641938566,0.06106849815176674,0.04809153441461944
0.25,0.5,0.004828955869300766,0.0022609962842001785,0.001311923871856857,0.004451959297735453,0.0020665905961154696,0.0011849763068138008
1.0,0.75,0.0007691017674159584,0.0004955977804234069,0.0002461751186102479,0.0007578716487148807,0.0004898783975162413,0.00024496202196222505
0.25,0.75,0.9408294837523613,0.8399957662031672,0.70043345682266,0.9488384304681634,0.8506330208527313,0.7100001063987206
0.75,0.5,0.00016132205923280463,0.0001075846741575015,6.901719928398276e-05,0.0002096265383579876,0.0001378001049610056,9.066984376582266e-05
0.0,0.25,0.46929359881111066,0.365551521086956,0.27882669396796733,0.4806279221016808,0.37623208989054113,0.28809385788128405
0.5,0.25,0.16295475030588635,0.11683579171717884,0.08534175479826622,0.1845665212307699,0.1327692398249094,0.09767912692031444
1.0,0.5,0.001775221990806486,0.0010415781600560114,0.0006459515375846214,0.0016054918727725909,0.0009383866665102492,0.000574563470672973
0.25,1.0,0.0357117931461054,0.031922884790896,0.025265884158857776,0.04243705518856833,0.037811506872910794,0.030244325291034935
0.0,1.0,0.09529869995047824,0.07803486115589275,0.07882130878147564,0.09008241268946149,0.07436360962971,0.0754264387070761
0.0,0.0,0.981547289835253,0.9382277940091717,0.8455792478285765,0.9821032139488394,0.9386035163485753,0.8445283080133816
1.0,0.25,0.022750231030023604,0.015190042653868363,0.011344452818361717,0.024250512426963966,0.016216480811957812,0.012080221961554116
0.25,0.0,0.0009058069278353731,0.0006359555958536101,0.000410756156750125,0.0010733334486301427,0.0007434941252493221,0.00047555317587733015
1.0,1.0,0.0039027883983981937,0.002532903723908353,0.0020077521458317094,0.002593058741230503,0.00175073237606449,0.0014194635078512707
0.5,0.5,0.04974173862595288,0.03766969491411576,0.03570928336737078,0.06169477125948797,0.04777821154579698,0.0461339632985851
0.0,0.75,0.436284082183342,0.3499083864491218,0.2681051125588506,0.4428997735634832,0.3544106987951132,0.2707256575894975
0.25,0.5,0.1234816580427518,0.10727581506646344,0.09943461892043981,0.1252956833354496,0.10872633482247895,0.10073828870811175
0.0,0.5,0.3500674314691239,0.2564953359895956,0.18343681409652857,0.35979018905089255,0.2663808036301414,0.1945050309022649
1.0,0.0,0.024881820219812223,0.014531135003400752,0.009121296760322473,0.02079227124031091,0.011885728182867483,0.007291410604866044
0.75,0.0,1.7189004443363132e-05,1.3539102269310987e-05,1.2051951108538184e-05,2.0303813473843135e-05,1.594719817732404e-05,1.4184559329555313e-05
0.5,0.0,0.0069670651198459055,0.004357878538370441,0.0032133172649342345,0.007277537284473556,0.004540854962070684,0.003334945366746389
0.25,0.25,0.9827321535701784,0.9583566645848898,0.9257669833127888,0.9814163756993086,0.9563591671475453,0.9245315884170073
1.0,0.75,0.00042554932908767107,0.00029322807429466025,0.00020659859278449044,0.0005052075428954028,0.00035221425977849385,0.0002561599490376043
0.5,1.0,0.0024570535623010814,0.0021221802099444798,0.0018878603765468682,0.002627000179528327,0.0022865697580277677,0.002075003112139373
0.5,0.75,0.00037745584312842695,0.00027785245700051586,0.00019517989493933463,0.00037441621225431376,0.00027635180956564476,0.00019173572878061762
0.0,0.25,0.1842199850136732,0.15439863135169896,0.12002823564330001,0.19867540589850696,0.17088447281962837,0.13853280452328143
0.25,0.75,0.4668935504519218,0.36442483111151136,0.2945023045193419,0.4721423548207957,0.3695354379916831,0.2989167790172791
0.0,0.0,0.8851179818613724,0.7474361038839693,0.6357735590784912,0.8901541614654441,0.760105637336391,0.6562812919890993
0.75,0.25,0.19341013111841365,0.14816682493237576,0.1293707259523904,0.15564901410263166,0.11897556370522322,0.10204291645134289
0.0,1.0,0.2832279560157863,0.2212176279573529,0.1897618225198754,0.28257682746051316,0.22058523494918125,0.18906330719523667
0.5,0.25,0.058908623507610614,0.04038366897288437,0.028642108327478377,0.0581821405239058,0.039378449129704785,0.027225553215355136
0.25,1.0,0.007379603905634857,0.006868831996508451,0.005613777684447152,0.005691764601295057,0.005323291905428906,0.0043171663894667756
0.75,0.75,0.026544112482083215,0.02163681472797707,0.017762623799747912,0.021759272832232335,0.017810281771289405,0.014820313103319105
0.75,0.5,0.11725730344503371,0.09218719965042388,0.07093777212301822,0.11493003711822158,0.09043496943443208,0.06946413090838022
1.0,0.5,0.0015991287608509985,0.0008697851849714944,0.000437423909242729,0.0016202123870886487,0.000894417944799053,0.0004596544565647065
0.25,0.0,0.0014491931662623525,0.001006622702352411,0.0007388461533375246,0.0015017206810916672,0.001034577332477804,0.0007492439946217289
1.0,1.0,0.0009307591320992792,0.0006128103072094992,0.0003606071981794301,0.0009029176486398116,0.0005948455142779085,0.0003495673576178193
0.0,0.5,0.1348145141047662,0.0930904020272143,0.05569087000728201,0.1352085381345458,0.0936982479244286,0.05645060687932779
0.25,0.25,0.36151202194182663,0.32649327505781645,0.3033822917033868,0.3463658129938785,0.3139518287364066,0.2925728175246468
0.5,0.5,0.11656418970304172,0.09580695915323445,0.08131791375474162,0.11697418992770403,0.0962461505110348,0.08171287261675086
0.75,1.0,1.993859745419435e-06,9.983974365024295e-07,4.936428437130047e-07,1.685360381475931e-06,8.695892919075021e-07,4.494420051681658e-07
0.25,0.5,0.08552635748533899,0.055527648145285546,0.04159439836693235,0.1381218598028302,0.0909535089645217,0.07056050807708636
0.5,0.0,0.02932522514173197,0.0274890314631957,0.02865495449839739,0.03365415829803875,0.03183290401108818,0.03359076535387695
1.0,0.75,0.0002872292517230868,0.00018694560723608866,0.00011060224619952042,0.00017339009205796785,0.00011204066936032486,6.569901284936286e-05
0.0,0.0,0.06723038210536836,0.047079524422012686,0.034163821884881984,0.08617484948577636,0.060558235886279954,0.04434899773310663
0.0,0.75,0.08929642542186556,0.06386430756334605,0.054297823557809766,0.08775241055059069,0.06219545571596763,0.052269212519490016
1.0,0.25,0.0011312260574456445,0.0008380909375520496,0.0005925909532205065,0.0014477650885936777,0.0011097753971354152,0.0008194711584961212
0.0,0.25,0.6895069822411406,0.5748404069211063,0.44017376879903125,0.7077475616677185,0.592319930818073,0.4570545812434942
0.25,1.0,0.0570982947563865,0.03045426024304243,0.018378702443204276,0.05286086643866694,0.027932030763921034,0.016674719167694363
0.0,1.0,0.9310430847653285,0.870037459412954,0.7797784136767687,0.9105770919076069,0.8415600804280723,0.7413747489680785
1.0,0.0,0.002106721943409995,0.0016668630521275984,0.0015844459826392931,0.0021588854507790245,0.0016951979600008382,0.0016098963777597675
0.25,0.0,0.08552426792177192,0.06537632951653383,0.06518354767586654,0.07610542543285792,0.058808320517249046,0.059650411367665024
0.5,0.25,0.0001585691440333381,0.00010963503077154879,8.202148880909199e-05,0.0002756540809012442,0.00019311475561467617,0.00014887143575514905
0.25,0.75,0.3512361762470635,0.26672880394658494,0.21482797589351454,0.36930722856627907,0.28065557019153187,0.22690773405283504
0.75,0.0,0.1555779588686763,0.13762761327388484,0.13181996676260221,0.16308030260268447,0.144655511446524,0.1390668014381533
1.0,0.5,0.05540516357954606,0.040726385348891725,0.03222422425765603,0.05515713206114525,0.0403768010124661,0.03181369075305984
0.5,1.0,0.12553655391608753,0.08792448410313014,0.06428180219117907,0.10385749567263658,0.07248374532480495,0.053253456499347096
0.0,0.5,0.9885874645659478,0.9629151406878828,0.9166425428676229,0.9866910888011146,0.9574863272074337,0.9050767092492019
1.0,1.0,0.1528911729873812,0.11034873815500079,0.07617540105328213,0.14710171879116218,0.10518943629938138,0.07185668645463039
1.0,0.75,0.00010684233531454979,7.582885496271174e-05,4.489071520052956e-05,0.00012380026866432026,8.785239066955164e-05,5.356179262894223e-05
0.0,0.0,0.4810832210542376,0.3652820066139193,0.30875668001795686,0.4390999600907014,0.3302147080088258,0.2735419080517313
0.75,0.5,0.22306338849027008,0.17462995706643236,0.13963323180516773,0.215886330963019,0.17030528188462957,0.1378969645083199
0.5,0.0,0.3736103996952531,0.31518753421012136,0.2841100540371406,0.35957780424866237,0.3023614283657199,0.2719781497260968
0.25,0.25,0.9281582122520913,0.7939610622425467,0.634123507277544,0.9288701614543495,0.7947161960309111,0.6331681362670004
0.5,0.5,0.0189129966940339,0.013300342545902843,0.008755159104481547,0.019734164929452125,0.014466539782155952,0.010026262853175871
0.0,0.25,0.6307515325730187,0.5914519560046756,0.5339572348073334,0.6661694353568826,0.6273142667943437,0.5727017836448615
0.25,0.5,0.6574111377842868,0.45579099382736876,0.28207709400799486,0.6765684837021773,0.48813013852154774,0.3221776746476054
0.5,0.75,0.344348701149211,0.23354080283909828,0.1631801034625916,0.3558292796000505,0.24610101156359165,0.1755491360764192
0.75,0.75,0.0012287962514377915,0.0007551158103404898,0.0004960004413794294,0.0011196774403192666,0.0006827450237925081,0.000441175971480412
0.0,1.0,0.6918858552558116,0.5749720677658623,0.5020668191652156,0.6834854125281118,0.5687401090977839,0.49541371944217716
0.25,1.0,0.009820128568447162,0.006812072339675623,0.005730766440012136,0.0070964246490075045,0.00489942101022689,0.0040658781570313
0.75,0.25,0.13953164217068548,0.11060964224436076,0.08377518005816698,0.15722321791970262,0.12641064095289156,0.0984316950731946
0.0,0.75,0.10925976925838277,0.07130150599623053,0.06225779004447374,0.09036720944815202,0.05946456899814645,0.05208191881450597
0.25,0.0,0.005565450621177526,0.0038669798881445505,0.0031720583532397484,0.004890211836452885,0.003402689811528914,0.0027820678796229847
0.75,1.0,6.7139037789321065e-06,5.202547637583876e-06,2.9691568391720935e-06,7.1998624456837135e-06,5.618692235920264e-06,3.2577921093013273e-06
0.5,0.25,0.07957780132786407,0.06097752663886957,0.05368192603501232,0.06668938401735314,0.05059224535741258,0.04436589843652006
0.25,0.75,0.201786892703255,0.15119596761372867,0.1190858493159157,0.20102464049723467,0.15099657935783917,0.11895547082608782
0.0,0.0,0.11120803003896829,0.07676574072240283,0.054681149762800585,0.11283067058709584,0.07796448884300977,0.05570386060788224
1.0,0.75,0.1002074224990942,0.07050587453095591,0.05150071336599449,0.10114441938433938,0.07136826244533567,0.052372934001885474
0.0,0.5,0.46158665648923625,0.3689551790935792,0.2720086228896822,0.46069729622919875,0.36803059029473784,0.27151791878720377
1.0,0.25,0.012693323444193938,0.009114652192071082,0.007893026233942946,0.014059115472947581,0.010150310918369376,0.008840295009195476
1.0,1.0,1.5774837946347375e-05,8.716046791978904e-06,4.514672389266394e-06,1.3873590933521918e-05,7.74307753914627e-06,4.114794530440946e-06
1.0,0.5,0.0026556874432848154,0.0019237119969750527,0.0016590504588167576,0.0029038151095988063,0.0020842135168966935,0.0017803598500663043
0.5,0.0,0.09120279253907282,0.07037218553273339,0.0547029125347106,0.09508827498676853,0.0744823942748164,0.056776256184747464
0.0,0.25,0.7298378016020777,0.6309720832808418,0.5762379402288748,0.7398044737561942,0.6398393073282691,0.5802495530219749
0.25,0.25,0.029349420370512802,0.020118874150661603,0.013387905693709845,0.03929110778386291,0.026468088070786155,0.017445810945463602
0.5,0.5,0.20733199732069352,0.14645324189356768,0.10998967488979461,0.20686111960087195,0.14588688218050883,0.10954801288981475
0.25,0.5,0.009877282083012195,0.005898172035132321,0.004268109598267622,0.011558754239227476,0.007115689040540607,0.0054263423799183474
1.0,0.0,0.31076100070989054,0.2588560560062053,0.21699865696591258,0.31018567738120195,0.2553217571581119,0.20949652428319965
0.75,0.0,0.005537814657540441,0.003130571165652074,0.0017828691975925182,0.00570693040458603,0.0032235677988157185,0.0018334093205942814
0.0,1.0,0.45014428907903126,0.3440862603630881,0.28441706846069215,0.44781463659378495,0.34256382753223535,0.2844773534334363
0.5,1.0,0.0016130963807178267,0.0008063949847814111,0.0007210371216428424,0.001503018442088333,0.0007523926093494504,0.0006734321565716739
0.0,0.0,0.0843399610657436,0.06580067771676612,0.05513611252061601,0.08552003757737214,0.06628548923712274,0.055041599238262684
0.25,1.0,0.0186346255871912,0.015367949178562545,0.012816584379230167,0.01727992562063796,0.014249151417913719,0.01173183885223028
0.75,0.5,0.000535408229773271,0.00035866443285359484,0.00036804776034049524,0.0006135535725688701,0.00041722062117344194,0.0004322292107552528
0.0,0.75,0.24930761593746054,0.1987508624135601,0.1871245162388907,0.22248584803532823,0.17889457674169829,0.16951550126043669
0.25,0.0,0.6335638476964249,0.5349260273774912,0.49367908132056704,0.6483567585571334,0.5509485261619089,0.5119925319905542
0.0,0.5,0.9418473877222927,0.8725635459527351,0.8034111629016659,0.9447172793433773,0.8767700191648765,0.8082186504284141
0.5,0.25,0.27518204926406575,0.18799520073319687,0.14656798985696717,0.2839789249653092,0.19426081048332144,0.15139900876606538
1.0,0.75,0.0023377818454908272,0.001730973721538076,0.001298822293384072,0.002019699759393312,0.0015009925948072933,0.0011154205121919336
0.0,0.25,0.1960823796613249,0.12578398251150824,0.0824524037015184,0.21195130295882403,0.13728536821347603,0.09064013949586747
0.75,0.75,0.08431712643963685,0.05921215853795636,0.04292918093404885,0.08546804531519125,0.060203648307217916,0.04377292410062328
1.0,1.0,0.03909521400382465,0.027586447475721254,0.019842005900771342,0.041491998170582134,0.029145885394180948,0.021053919547759148
0.25,0.75,0.00157625450138843,0.001350054939933898,0.0011764305895699545,0.0011952003692969893,0.0010270311413909106,0.0008879244210266979
0.25,0.5,0.002528803071853769,0.002340601677266574,0.002419690078691583,0.0024185299011958428,0.0022393218974536833,0.0023068223509479235
0.0,0.0,0.7213680325176672,0.642549994470307,0.6030600704627707,0.7050852358765166,0.6250113008119833,0.5842723832036376
0.5,0.0,0.02351477514007061,0.01805040628568677,0.01318139542512764,0.033619973264364944,0.02530549777110258,0.018293857269117364
0.25,0.25,0.26286966177308235,0.22236376592785234,0.21018004633116139,0.31036712769399755,0.26613470115246296,0.25362424772986847
0.5,0.75,0.0033545505983072488,0.002561435255570066,0.001724498446508571,0.003972676943570175,0.003058258172385697,0.002120791411297951
0.5,0.5,0.039156432577806766,0.03527888004665036,0.027002904198589528,0.04143317465891838,0.03690726706727887,0.028051431096891122
1.0,0.5,0.013320881099180726,0.010292007207688636,0.008909306512123072,0.013239625856363846,0.010216772707966282,0.008820935592216417
0.75,0.25,0.06755182213868982,0.05035891689172045,0.03970794512616438,0.08191966162010267,0.06099836375694567,0.04826623824021847
1.0,0.25,0.017335643710132964,0.010231786025733602,0.008335744981505355,0.01925396709383498,0.01138084024730679,0.00923895058892632
0.0,1.0,0.5551445252242528,0.47971386740836885,0.44790002670045215,0.5564261848625471,0.4803363082560025,0.4478326756861468
0.25,1.0,0.6357438194940768,0.5173306831052652,0.4104201923695302,0.6062268963374209,0.4929715873724203,0.39227747592120477
0.0,0.25,0.2507885343965145,0.17896138662530858,0.11815357463704645,0.27103639368281895,0.19529180719090133,0.13095816119377546
0.75,1.0,0.31193403427487776,0.20623061566038525,0.1496487568046002,0.2961888809974239,0.19407245868284517,0.13958282552999612
0.0,0.5,0.3732160500035898,0.2704279076241779,0.19455816035090223,0.34858460524991075,0.24881452210526356,0.17522418062985068
0.25,0.0,0.037334724538100494,0.03194301954551726,0.026834623172645844,0.03594819409728989,0.03113281951868274,0.02638315961392057
0.5,0.25,0.016640536635439962,0.009608426207912135,0.004128629864252997,0.013807444184792628,0.007926022361211982,0.0032874897070884757
1.0,0.0,0.0007034918439781102,0.0006650564925982927,0.0006187460176948489,0.0011844566737492235,0.0011229432214689972,0.0010546488890852412
1.0,0.75,0.017935451566378657,0.013506488488549184,0.010927489719955386,0.016336802469074874,0.012321942962485899,0.009912134577752862
0.0,0.0,0.2734564888869008,0.2161308909042663,0.19787743274356973,0.2841913970174075,0.2247484930723186,0.20618734720961474
0.0,0.75,0.2284018871132507,0.1516583213820899,0.10523517038277985,0.23477910604040175,0.1565467784508322,0.10925456453400573
0.5,1.0,0.0011838370631581663,0.0006263869628195806,0.00039281398446733284,0.0011630331630915203,0.0006173653812147073,0.0003878171336380021
1.0,1.0,0.005984189264445217,0.003773648571859023,0.00257378805270847,0.004182009355907956,0.002633215866793659,0.0018016509013352167
0.75,0.0,0.008439116210560704,0.007617299219659701,0.006336213214698128,0.01093105848950826,0.00996650687859213,0.008441646983147644
0.75,0.5,0.011028771412907146,0.008239617089507933,0.006330927914054096,0.011806961465295363,0.00888343872488373,0.006888905279204494
0.25,0.5,0.40281874781390525,0.36098068015618967,0.33566280038584395,0.4015269448468831,0.35962510211133125,0.33405665554126496
0.5,0.0,0.49589997041042955,0.39340284343307175,0.298807767616852,0.5234510253694065,0.4145021930274153,0.31378814954264034
0.25,0.25,0.0336216305709639,0.01833997157898737,0.011312305817062995,0.04547926038235617,0.02370369090100599,0.01379963512266813
0.25,0.75,0.11608888184270172,0.0927838081783332,0.07254330864965286,0.10350882566268871,0.08232180195158856,0.06361461337424168
0.5,0.5,0.05400298573039408,0.045940215319350663,0.04187589848563111,0.06296650620018984,0.05313850801028186,0.04844469783357963
0.0,1.0,0.12343908332439169,0.09539252925933828,0.07810093267216578,0.138704426114318,0.10652651796511214,0.0864982279853932
1.0,0.5,0.02406209119727143,0.01924347630032286,0.01890813493190535,0.02642444356504403,0.02095713457635906,0.020429952490512493
0.0,0.5,0.6138089796227494,0.4526032575387481,0.28909453586045,0.6332061604009634,0.4738337649891312,0.30909825407843483
0.0,0.25,0.27324781078379545,0.22077086542601054,0.15362251200636134,0.25126180200584636,0.2050861075420518,0.14372594321022936
0.75,0.75,0.004713243614251295,0.004341768538887569,0.0042762800910297605,0.00467374944641652,0.004304072108806567,0.004232504755474986
0.25,1.0,0.2813497981486657,0.20730563150312853,0.1566047226716808,0.2922081182898626,0.21596257674486719,0.16344220526990327
0.0,0.0,0.8580987716721136,0.7783656423550344,0.6993519849727869,0.8611361914154437,0.7803524191601734,0.7020661937577257
1.0,0.25,0.05136276248268323,0.04190233544711108,0.035229912608511826,0.050247254861957136,0.04085800358472569,0.03405454548173892
0.25,0.0,0.2397771601009856,0.17223779719079357,0.11896622488376674,0.2606928722683457,0.1896723925309255,0.13268165993139724
0.5,0.25,0.11341926842591632,0.0817988270596901,0.06424589752064658,0.09765289538939137,0.07219147245187896,0.05921143041822907
1.0,0.75,0.0003976659673912142,0.00027527972423513347,0.0001798633931466842,0.0004088023255481854,0.00029408066251279674,0.00020105257692715206
0.25,0.5,0.6703033882690412,0.534779314556029,0.4928984703600725,0.669705916947996,0.5297534683442944,0.48512129451257147
1.0,1.0,2.6331133197388112e-05,1.8575315120172853e-05,1.1784036611062199e-05,2.1547677418354283e-05,1.5096488251487017e-05,9.375071029049664e-06
0.25,0.25,0.64372839067223,0.5165249301764889,0.42431693274281423,0.6293351771233553,0.49670681222997404,0.3988714592857028
0.5,0.75,0.04387142317528159,0.03699174052489185,0.0312820152823825,0.04305251207523719,0.03623685224326789,0.03052573161483263
0.0,0.75,0.4151999738486072,0.32181312551836005,0.25227907920767356,0.42756473898104397,0.33382570469758854,0.26508032122629066
0.5,0.5,0.18651380414726482,0.1561922345075133,0.12482051733474031,0.1746473807144011,0.14559699008629845,0.11524990522021605
0.5,0.0,0.11880084113902045,0.0948090420953066,0.08189021580059619,0.14013843176333163,0.11114643280184455,0.09677716844644713
0.0,1.0,0.8048743060372081,0.7235901258577515,0.625291373194493,0.7906165237313594,0.7005640133975735,0.5964690656893843
0.75,1.0,0.10217484167968804,0.07925729820415284,0.06861391147780005,0.10033542540815488,0.07766322922511826,0.06700473430423082
0.5,1.0,0.0803693210088634,0.06153332509043796,0.04641269164212658,0.08045673070525428,0.06147419112070385,0.04625587651702745
0.75,0.25,0.0005575356058722392,0.000486614099362237,0.0004778858983465195,0.0006650811461541561,0.0005773714734590429,0.00056621853340455
0.75,0.5,0.04141028810706637,0.026719919800113012,0.019907758608099346,0.055804746167409824,0.03621139098526516,0.027443578055548867
0.25,0.75,0.10764701582211567,0.0823208239502693,0.056463053805066554,0.11855757260487643,0.09022668753196306,0.061438624748218484
0.0,0.0,0.1683110492100337,0.13304244421375933,0.10308259693627386,0.1734874216994603,0.13883711877963156,0.10818649313120354
0.0,0.25,0.5990160470694093,0.45966220901633226,0.33099345681681513,0.594716556322364,0.454559472112642,0.3276182864925641
1.0,0.0,0.009336993337017763,0.006710305585091447,0.00416058600909297,0.011928663386118532,0.008494684353841153,0.0052756889149161434
0.0,0.5,0.9344118174624684,0.864995477299686,0.7651470076170805,0.9348672643194538,0.8677624332270285,0.7714608326643748
0.25,1.0,0.6255166088182066,0.536741463617705,0.449625419204974,0.5743469264660106,0.4895901024506836,0.40469697571953955
0.75,0.0,0.11783700132280184,0.07916476090732338,0.05754064854374652,0.15976376709035933,0.10988809280978162,0.08224259807707268
1.0,0.5,0.005473066992157105,0.00372183590289088,0.00279842500290739,0.0049508615353590635,0.0033274381790739938,0.0024513410139160863
0.25,0.0,0.0547320769888624,0.03669578618008429,0.02682935294646749,0.05031806604777089,0.03326411221576686,0.02390642434631407
1.0,0.75,0.0004885711447855101,0.0003974356234317522,0.0003977358840502321,0.0004154954953500267,0.0003297058309998935,0.0003161872261061571
0.5,0.25,0.43192321183092663,0.3313221966678309,0.24843138129267128,0.42968680582933905,0.32771121889432964,0.24276417022643337
0.25,0.5,0.008215563674610182,0.006015229775167663,0.004134919355130551,0.004989769798382393,0.003537533996521347,0.0022871916651121538
1.0,1.0,0.04778766514965049,0.03135720877252002,0.017762955252630164,0.048022098026216264,0.03153230273793306,0.017838783165616157
0.0,0.0,0.40103098390178693,0.2966016554052665,0.20140724753746087,0.43842162085043457,0.3314880418376367,0.23314507942891471
0.25,0.25,0.3780871538077847,0.31835647350888296,0.2769622445673645,0.5445299193845821,0.46709673844292,0.4183023784279237
0.75,0.75,0.0003184402963569699,0.0002628288916992627,0.00019829264989412732,0.0002599851203344272,0.00021371200776232335,0.00015838719765615128
1.0,0.25,2.1721050269984943e-05,1.1001930976584084e-05,5.350042296070612e-06,2.4609767911298874e-05,1.2568204443508257e-05,6.288734132331442e-06
0.0,0.5,0.9468766975607857,0.9005885092236272,0.8475098286950753,0.9367795674831323,0.885870168900468,0.8281303121481833
0.5,0.5,0.39931060280138164,0.3567310229684225,0.32070515576056224,0.4007391263647122,0.35935496441446657,0.32482028956619546
0.5,0.0,0.06859985479601716,0.03796454153584006,0.022894797257984933,0.07129663543658571,0.03891285208766293,0.02294887574208193
0.0,0.75,0.5610156516293625,0.532135437680735,0.47111317251178353,0.5553240563934061,0.5243270337205035,0.46087837931922204
0.0,1.0,0.3132275671725424,0.27937806665735687,0.23007535026432913,0.31413640850789215,0.2801145013504104,0.23091807031323253
0.0,0.25,0.44065634178340096,0.3295447152949009,0.27325397762530435,0.4322735681007215,0.3200440637938675,0.26105359181155663
0.25,0.75,0.13717654296363013,0.10654547852720397,0.09000545434619622,0.13423360483696234,0.10406968826544549,0.08765338072916862
0.75,0.5,0.013872680959436723,0.010651449710107563,0.007245192182176452,0.013849136335114975,0.010613637454732094,0.007190954025406704
0.25,1.0,0.040149648521406456,0.03381110090914152,0.029113389124488354,0.0375297286322096,0.03154339197826184,0.026909543217840226
0.5,0.75,0.015050488612345037,0.011044048346053215,0.009998280102348489,0.013524245801294188,0.009940434072863935,0.00901509221366359
1.0,0.75,0.14105192662378851,0.11260984485834546,0.08800082491115957,0.1476669673484583,0.11746186497959099,0.09159882691959909
0.25,0.0,0.34221257305745256,0.24149879604847868,0.1641859310757089,0.3387404155660072,0.2413940118389153,0.16546480130096142
0.0,0.0,0.6340016453234292,0.5335760058944627,0.4589100971295682,0.6449545286008908,0.5316759873293442,0.44480135533287424
0.5,1.0,0.005518626034153762,0.004341261406310637,0.003640765962411363,0.004340098317615393,0.0034158898745354493,0.0028455789912597007
1.0,0.5,0.013009266114052398,0.008979983666385083,0.005757254549170088,0.013013259835967239,0.009019791842603597,0.005760310185535467
0.75,0.25,0.04808189032021726,0.03624381649106234,0.028479380517820174,0.047797020912943355,0.03599556470295617,0.028209692362458405
0.5,0.25,0.01693076660185544,0.014109942341349324,0.010592633032324938,0.018126499296546084,0.015030577313108084,0.011048347860546093
0.25,0.5,0.2892443434051233,0.22019681492365017,0.16393796586073262,0.3120550330102898,0.2398876508975244,0.1807360227577668
1.0,1.0,0.07343040006218526,0.06014182663603418,0.05678767613558122,0.07220575390487638,0.05896187838756628,0.055316050317119725
1.0,0.0,0.05725154723566073,0.03707588710353715,0.022702171413073735,0.06903715993251258,0.04375004893702328,0.02602989969387126
0.0,0.25,0.18445296186302262,0.13553284010184963,0.0930100785410033,0.18893894387493537,0.13539502156639371,0.08866369851486922
0.25,0.25,0.22262775604328233,0.172546321870098,0.1483701550258988,0.22322146083106587,0.17318075770125707,0.14918251674909588
0.5,0.0,0.43350078760307076,0.3270239279509194,0.2509140575004939,0.44663069932056676,0.3334706967407832,0.25075248867855615
0.0,0.5,0.3000399443761591,0.27886096762260626,0.23698136018200888,0.2994575339406079,0.27795209504398977,0.2359818968934808
0.75,1.0,0.0003087478809642441,0.00021639548352470062,0.0001620051639628084,0.00024197932158687152,0.00016754551784126104,0.00012236282826183498
0.5,0.5,0.004098018704133843,0.0037173244493893254,0.003675502612037751,0.005129986878907311,0.0045802924342418505,0.004444651238059372
0.0,1.0,0.54504423207475,0.4142077725498978,0.30573432606014384,0.5617529274712643,0.4231747403442331,0.30682748060209064
0.75,0.0,0.01900284120433393,0.014332083631225734,0.0158669457531444,0.018897490978369902,0.014285884898687762,0.01563960795330932
0.0,0.75,0.1066295074566046,0.07197653742706323,0.04110266844010535,0.09068931330319385,0.05989678030115719,0.032758211988693775
1.0,0.25,0.01094542943394039,0.01010088826034572,0.008656127683411396,0.010883331965146237,0.00999685010832263,0.008576825898269913
0.0,0.0,0.5495460061157231,0.4856297443169121,0.43220877794326906,0.5060068443729628,0.4461266601987275,0.3942890355916705
0.25,0.75,0.03869135386295719,0.0205285524397798,0.01181313896698355,0.03504563898154078,0.018547825372418947,0.010702498568937235
0.25,1.0,0.0653654162129016,0.04743924966958768,0.045116349272791734,0.04796285862496141,0.03465331322627829,0.032604656392581144
1.0,0.75,0.027617137822407156,0.02791786036158983,0.02576887805681094,0.0264802228866734,0.02681035692277156,0.024681307469078373
0.75,0.75,0.05230844641631305,0.03399555892640216,0.027701456862674223,0.05765845829982841,0.038150344383641954,0.03197201686550033
0.25,0.0,0.04403784159349766,0.03374648032849681,0.0276733408786366,0.059607920486417054,0.04678113958746255,0.039732637171353447
0.0,0.25,0.7983192929250494,0.669354287949923,0.5661661454851273,0.7909551126968728,0.6599491317975035,0.5550664234592388
0.5,0.25,0.019955532725805636,0.011446044784195974,0.008352955522532568,0.020044588757076487,0.011497443133276164,0.008376887362741448
1.0,1.0,0.001547573193024121,0.0009491707238129532,0.0007175598891784318,0.001063034484239389,0.0006368661884866844,0.0004486784972914659
0.25,0.5,0.06854247628420929,0.04080478107414609,0.02201699946341218,0.059835094070444295,0.03451414083101856,0.017515004499353393
0.0,0.5,0.22769238752797138,0.18933653474566403,0.15920190863356432,0.23918318053908916,0.19548435336980385,0.16174513152903613
1.0,0.5,0.16151029759642688,0.12079782131603978,0.08989251637747164,0.1496579227435766,0.1118710655599181,0.08318577813621275
0.25,0.25,0.06001958234328042,0.03710509059638223,0.02493645964908975,0.09986889028218748,0.06804490283579445,0.05196495717169669
0.5,1.0,0.13079020375777306,0.09844246290880387,0.06352510982585957,0.14383148107132793,0.10806274937918237,0.06992532378611804
0.5,0.0,0.05917482579589217,0.042088738595102426,0.03335374453843931,0.06833865721617527,0.04923016419213555,0.03999249276324446
0.75,0.5,0.028826598405654824,0.02129684442418356,0.014604997225382998,0.03631670164652301,0.02814816445365864,0.020716280288610944
0.0,1.0,0.022799329836878712,0.018585813026083975,0.016587425567607728,0.021853884041206806,0.017864184235755087,0.015953961859780152
0.5,0.5,0.24708803096162546,0.19988447350327854,0.1632805904125343,0.22925010070195562,0.18554338189722097,0.15115704185793288
0.0,0.0,0.9101726735224619,0.8477448220508951,0.7781566600819045,0.9225283752872299,0.8654461447094759,0.8007384224308802
1.0,0.0,1.8269791599467844e-05,1.4617217142465222e-05,1.0584406523239664e-05,1.5200250568336848e-05,1.2274236601772515e-05,8.8729907561369e-06
0.5,0.75,0.00877235390797293,0.006955125328884093,0.006214222453343132,0.008623310948574714,0.006821289750142845,0.006068656281981166
0.25,1.0,0.01760744062046271,0.01213217726750071,0.008972352903284908,0.018003186742622357,0.012374834911568211,0.009110371913159776
0.0,0.75,0.5100205288858035,0.41515373230608,0.34485929984839603,0.5277743038116545,0.4302299725705949,0.3564284306850244
0.75,0.25,0.018046964577158597,0.012643920500863048,0.008194092197742586,0.01816474990236805,0.013047458739728901,0.008638033062664086
1.0,0.75,0.0025501244447396765,0.001699311770020695,0.001119670223443503,0.0024981602505603773,0.0016617040950913653,0.0010953630126164793
0.25,0.0,0.16230891145691728,0.12600891007782555,0.08981111741358572,0.16030822945602619,0.12454659586352312,0.0888904582383141
0.25,0.75,0.6064779779982133,0.5231978084479314,0.43306354772030653,0.6045166455828076,0.5210667832812287,0.43075819951550953
0.75,1.0,0.2296193732616012,0.15029484026266082,0.09411794538247908,0.22672432011328925,0.14914215186751534,0.0941900844770116
0.0,0.25,0.013872669564576223,0.010093983766334746,0.007922568200493085,0.02057148189896485,0.015256778635339363,0.012407967584354695
0.75,0.0,0.0007792397170376386,0.0005426975074791507,0.0003741719291958656,0.0005567181734086324,0.0003861415855541672,0.0002582998966760286
0.0,0.5,0.6984466526276852,0.5555496124321037,0.42260396101721087,0.7033697991896003,0.5566696534172504,0.41664749307890747
1.0,0.25,0.001345452386365853,0.0008317871313701097,0.0004986805744301437,0.0014058398403329342,0.0009169013414958016,0.0005621440424616875
1.0,1.0,3.3086332699161503e-06,2.873392914937156e-06,2.5012119688749834e-06,2.9417902017714326e-06,2.566092869971115e-06,2.239772494583292e-06
0.5,0.25,0.6390284614104731,0.544298390540929,0.4617025990180441,0.5989545502060645,0.5036205051796114,0.4194719386247072
0.25,0.5,0.2655872946401957,0.20177508565156965,0.15358785795165808,0.2657290678859139,0.2021115477628297,0.1537316474564525
0.0,0.0,0.6214707062766267,0.5406709640515183,0.4908842187468486,0.5833445745111221,0.5032826730422131,0.4527928022947537
0.5,0.0,0.0420369405312383,0.02991031959836732,0.024947913896226304,0.047194546878029375,0.03364810280126884,0.028337841662181007
0.25,0.25,0.634974837228211,0.506014322963646,0.37816084514174086,0.5906466085834228,0.4717131041791105,0.358028112830709
1.0,0.5,0.00023118165609947727,0.0001237284997073207,8.495673630715128e-05,0.00023233754480522784,0.00012436702612983463,8.533125105625317e-05
0.0,1.0,0.4130716923094282,0.3281277424026967,0.25277936736559226,0.37688856751371547,0.3012021965025393,0.2341663557399547
0.5,0.5,0.001054099260320407,0.000991280953980045,0.0007521504388531275,0.0010840181049684983,0.0010077443046002665,0.0007614961021243927
0.75,0.75,0.002619824121353198,0.002023470546646644,0.0019938399029477694,0.0017459655814806574,0.0013689560020012648,0.0013262926529382657
0.75,0.5,0.008325662002155343,0.006507474577481465,0.004641781401429235,0.010452814285913048,0.008414634653039044,0.006338763330491104
0.0,0.75,0.6361473592332463,0.5574964582337407,0.44838801651307236,0.6540717409577325,0.5750414494851854,0.4652339226254889
0.25,1.0,0.548456410214438,0.44512903548507,0.3130013845574904,0.5668013676822328,0.4622690405024289,0.3266907855189687
1.0,0.75,0.0016134099691564874,0.0012406764161592143,0.001060240894295239,0.001972912833735907,0.0015417368530452613,0.001339544793966363
0.5,1.0,0.08851666958680271,0.05929453146294961,0.03686706777730708,0.07100189981010863,0.04642064274190849,0.027956708928383867
0.0,0.0,0.16439081602651795,0.11585260995597202,0.07631729738477622,0.22252660399989266,0.15641456190123937,0.10368064171559466
0.25,0.0,7.254671449308248e-05,6.075752247070021e-05,5.781742623223174e-05,6.900854455782479e-05,5.695956426210458e-05,5.338774522223311e-05
0.0,0.25,0.7632346257268405,0.6926938828999265,0.5916475099230658,0.6717711154964989,0.5853932542846736,0.46943214954545465
0.0,0.5,0.8663309321440509,0.8125828548197955,0.7096569404888762,0.867214303472883,0.8158052863237235,0.7158493483844305
1.0,0.0,0.00641686167365263,0.004996491049753082,0.00330346634489298,0.006493785843445399,0.005053036656412768,0.0033137186502669724
0.25,0.75,0.45721203473612326,0.3791666220104336,0.33726328621801205,0.45691966761417635,0.3780559950110455,0.3355387894061712
1.0,1.0,0.00827056796852732,0.007140845313486688,0.005529538501559017,0.008122130012600315,0.0069861801358998,0.005389151118554647
0.5,0.25,0.5429375076945773,0.4432472311274791,0.35897383595889776,0.5430280869450719,0.4460829027896833,0.364657787396081
0.25,0.5,0.32561657282638123,0.25683076044388864,0.20806393289749736,0.32709695008917095,0.2577986276751354,0.2085864176815454
0.5,0.0,0.3952590179481871,0.3087703738440454,0.2268875435767661,0.4084159428673695,0.3203886400342013,0.2369686281089669
0.25,0.25,0.40914846061720545,0.3146162368941505,0.2366087460446199,0.4103947055998738,0.31600588872494306,0.23762369350705004
0.0,1.0,0.6209917676345829,0.52837254658317,0.4850442011293409,0.6422214343379767,0.5468211653594819,0.4984368750759489
0.5,0.5,0.07801061591135583,0.053930793352814366,0.03756899140392833,0.07976582767637164,0.0562980197007199,0.040664177057625706
0.5,0.75,0.06766991834984992,0.0525420633220125,0.03972247462350054,0.06927472234430998,0.05446620760608434,0.04168976612804265
1.0,0.75,0.01148842917833659,0.008652991182765302,0.007793855607387767,0.011765986532349837,0.008832703697803534,0.00789770547164248
1.0,0.5,0.008398686872137295,0.00455919269137639,0.002742544936233382,0.0071864821907974274,0.003823747353264517,0.0022291530867073472
0.75,0.0,0.00011758097607517115,9.38576104273503e-05,9.500918546889725e-05,0.00010992549023347564,8.722173250097498e-05,8.600760696286791e-05
0.0,0.0,0.6866969128438166,0.5425705564457055,0.43348798799589927,0.6882712716250056,0.5419815497211875,0.42764541967246306
1.0,0.25,0.2788359264022151,0.24357247787604508,0.2225659767128696,0.3354505392458318,0.298327709535653,0.280126163278109
0.75,0.25,0.0009685439475928259,0.0007130629563067981,0.0005560378155934353,0.0010780614469829697,0.0008025485872149574,0.0006400264320620686
0.25,1.0,0.04110071002320814,0.03049888669540679,0.02721547163408644,0.03511376665531962,0.025829926118471347,0.022926820524785785
0.75,1.0,0.0002907776054650313,0.00016774905133010165,0.00012051399921442218,0.00029493975916683457,0.00016987102180077152,0.0001213457857254241
0.0,0.5,0.7728818233050536,0.7115590155705914,0.6659442009168655,0.7836938202927507,0.722414517106148,0.675988523687947
0.0,0.75,0.7675232618724461,0.6925782824420602,0.6423531397154476,0.7843999893236395,0.710732785886502,0.6601506517425115
0.25,0.0,0.049099944840240384,0.034168792805197024,0.031049556336767203,0.05072288682112103,0.035340923277303204,0.03220087216400125
0.0,0.25,0.6084209409968645,0.4460248461625008,0.39382588141120967,0.6097683594514456,0.44685914595493537,0.3923375938765812
0.75,0.75,0.0005602806765045987,0.000227576641572802,7.972714615700482e-05,0.000585971737208757,0.0002514192754463629,9.38006493065302e-05
1.0,1.0,0.0003541251189990158,0.00029678211659045495,0.00027306190334597247,0.00031168099460421317,0.0002551545757709661,0.00022756061960538254
0.5,0.25,0.03359861093947092,0.028180078990632795,0.023136940539800643,0.03789011731939562,0.03233616928059024,0.027195759447193546
0.75,0.5,0.002411827472904804,0.0018728729677612854,0.0015979801451120323,0.00230448540822048,0.0017676727888567,0.0014870101142310244
0.5,1.0,0.01308242875138721,0.006709967461092536,0.003469999717381267,0.011600411450189418,0.006040249398463704,0.0031878281590850266
0.25,0.5,0.2784032162412057,0.2343909019460535,0.18829730793232535,0.2771328404966238,0.23392070439397428,0.18678516627964736
0.25,0.75,0.13445795611124256,0.11624798783989376,0.10085168687390345,0.1250920432176008,0.10909418148324124,0.09510318506593962
0.0,1.0,0.37558294898283906,0.24971594739171488,0.12956888264093602,0.4162175471830052,0.28380404690215655,0.15339836668181295
0.5,0.0,0.026270348648822828,0.017278302966119208,0.013020223462541058,0.03134507082513793,0.02075660041242955,0.01567200692266635
0.25,0.25,0.13339519497374785,0.08945999742195809,0.05572963397683828,0.14362674388067953,0.09909929931672534,0.06366633375866504
0.0,0.0,0.3458286908063555,0.2687889819138978,0.18582304238462277,0.3783086490717038,0.2968987222146322,0.2113337215813702
1.0,0.0,7.578331384294756e-05,6.979435833653902e-05,7.209927313023279e-05,0.00031816076462964915,0.00028044426957085644,0.000288294735056871
0.5,0.5,0.5982122772524205,0.4828363596828811,0.4091914871483987,0.6124550637088355,0.49569231670570735,0.4195423497190871
1.0,0.5,0.0002509786575977113,0.00016436780030837372,0.00012335454984535588,0.0002404693753468301,0.0001579338890331794,0.00011845235797036668
1.0,0.75,7.202476963175108e-05,5.996972688682156e-05,7.472633767191539e-05,6.966363675509069e-05,5.772455404562393e-05,7.212549916291167e-05
0.25,1.0,0.25044701016484905,0.17952225199721272,0.11517663295308012,0.24900885269290174,0.1782979647242482,0.11415440478886385
0.0,0.5,0.8941913447589247,0.8180451713047757,0.7426093625996213,0.8977960518998913,0.8224422582705648,0.7466181917533325
0.0,0.25,0.2787817650717169,0.23109626738139732,0.18998034525871654,0.28220046245174035,0.23265124480948385,0.1881934469275327
0.25,0.0,0.6136882653111944,0.5303455522695848,0.4347937764609128,0.6165596301026061,0.5359631089963953,0.4419478810258922
1.0,0.25,0.00038218103424869643,0.00033498476944116007,0.00030185816106942376,0.00037677198238106335,0.00032981918702246205,0.0002958334800846618
0.25,0.5,0.16525282440960387,0.12166860618713926,0.08325827700243071,0.17794371675511422,0.13074529777195887,0.08933653945486797
1.0,1.0,0.0008589674579884132,0.0005045367310834159,0.0003187020089483461,0.0008318794211703562,0.0004890469175780066,0.0003094031860693125
0.0,0.75,0.48559258955454865,0.3901512872836277,0.3142977774451343,0.454387700474693,0.36115862397233545,0.2807950923988425
0.5,0.25,0.04487912455963694,0.03711785394856304,0.03140206163512138,0.05051015440736273,0.04216590551637833,0.03640487199686382
0.0,0.0,0.8656031421312431,0.7851852948341046,0.7184138837582386,0.8519658114968274,0.775170016922119,0.7150054738801968
0.25,0.25,0.07943271111345984,0.06535828811219235,0.05831816461282702,0.07892488488890648,0.06488106165863483,0.0578118869595341
0.75,0.0,0.00021852518980569613,0.0001951046353487751,0.00018910363790303197,0.0003924747559752584,0.00034968741626584254,0.00034537156297043126
0.0,1.0,0.02386740393189435,0.023065401812974673,0.01706379572119976,0.019855476925661142,0.019080929356470655,0.014011284003283553
0.5,0.0,0.017234342373626532,0.012681692802269717,0.009524306958253126,0.014783468846608305,0.010924738052885186,0.008243785555867689
0.25,0.75,0.23132236401785522,0.15604418796701347,0.10024954875938785,0.2234404441709863,0.14907154325724203,0.09437940824257884
0.5,1.0,0.9215783015995467,0.849900670854143,0.7848991638189168,0.9201569914705594,0.8477638317852088,0.7822439991186845
0.5,0.75,0.203380968045338,0.15911050078704492,0.13826751765569034,0.2668341786240356,0.20893814875949135,0.18087152181055433
0.5,0.5,0.2966468244601159,0.24086331160783914,0.17909597230427632,0.2872040164629588,0.2328480770763408,0.17039752129266406
0.75,1.0,0.00013499691126939162,6.495416964780176e-05,3.157540877207765e-05,0.00011558418937240855,5.7394717831726894e-05,2.931242378245713e-05
0.75,0.25,0.0004618847779112034,0.0002652185226102999,0.0002186040867375727,0.00047970570805455637,0.000279329008704865,0.0002316560471244955
0.75,0.75,0.10138309512006294,0.0849644785357554,0.06266513414919161,0.11313158060884498,0.09548561115743259,0.07218090932530674
0.75,0.5,0.0001526186410354402,0.00011610855861310387,9.806709863346974e-05,0.00013312780440077887,9.914003479782885e-05,8.102645006857756e-05
1.0,0.75,0.0013405415343075155,0.0006337849490219982,0.00048101582575288404,0.0008601980567402023,0.0004119340280821504,0.0003145248517386623
0.25,1.0,0.4083833449654015,0.3445688404246714,0.28322008160893986,0.40627095895253673,0.34253427925868873,0.2811211131621356
0.0,0.25,0.7478326092870309,0.6611201262047366,0.5898567930728928,0.7430010504379037,0.6560214472842113,0.583185334229746
0.0,0.5,0.8489714915855318,0.7411373558791408,0.6161757566685737,0.825769352969324,0.7132507000418088,0.5844328561190615
0.25,0.0,0.24906434582804005,0.25375618305109393,0.2233316218359097,0.26333298750104084,0.2687463490187959,0.23819176172009326
1.0,0.5,0.374119675889073,0.2906082320516853,0.20090667649129323,0.417219131182213,0.32611150216813933,0.22954308324841044
0.25,0.5,0.030080704576000983,0.022081251786328915,0.01545898357147224,0.04066240141839694,0.03039636338161289,0.02205731032810876
0.0,0.0,0.39673510233218523,0.29476785431902663,0.2032533457802137,0.3967012238230997,0.29480946895848015,0.20333436081944867
1.0,1.0,0.0026262634770903848,0.0020326902958099913,0.001688284965502329,0.00290324012249088,0.0023130839735088227,0.0020193500842526912
0.0,1.0,0.8118379646311433,0.6966183537833637,0.6243178425753622,0.8090246485511844,0.6927688930455018,0.6194094839541301
1.0,0.0,0.15724023231080908,0.11833387571824605,0.08209077531515441,0.15977899891895042,0.118796268699775,0.08000642141024095
0.5,0.25,0.07004181205179161,0.04766575817019103,0.03503715344765168,0.07136039555015683,0.04790248827203003,0.034553441961419185
0.25,0.25,0.023257377677673663,0.01859733934823271,0.015072479400965011,0.02975630509103988,0.02368517502508638,0.019150023008847827
0.0,0.75,0.9765849481340728,0.9300449028050625,0.8465609109691723,0.9760035806685426,0.9278564977979871,0.8408208289809083
0.5,0.0,0.006718880604594357,0.0037783949671537087,0.0023525924341012416,0.009853167322321443,0.00582673155796587,0.0038258768542465127
1.0,0.25,6.364889968457632e-05,5.21786440244032e-05,4.012622064775151e-05,4.469622500313797e-05,3.72577893578141e-05,2.7539812390342533e-05
0.0,0.25,0.05514649183354081,0.03903012384314364,0.027971379544310615,0.05258070127590231,0.03714970024663822,0.026419240131233535
0.5,0.5,0.3635161815522635,0.28183963016430913,0.21079115897376588,0.3460137526073457,0.26634496718609446,0.1967164691516341
0.0,0.5,0.4247016808627939,0.3286299911773024,0.28494945935940086,0.41186234809714317,0.3172775795370054,0.2741510280632784
0.25,0.75,0.21975423314550513,0.16101294985523196,0.12111888778649316,0.2573693542634796,0.19256480859140346,0.1509330999167121
1.0,0.75,0.0006685302578912644,0.0005443714402373345,0.0005894257044832818,0.0005084282841480992,0.0004133188898526319,0.00044440828937242216
0.25,0.5,0.6602198738769345,0.5379377673503287,0.4552770839845204,0.6497214672294338,0.5374810173197162,0.4649370165691247
0.0,0.0,0.5640039476949079,0.45232961928982174,0.357404569733881,0.5640351737539672,0.45635469224690683,0.36517873147115487
0.25,1.0,0.6691117433522433,0.5358066367498129,0.40556566517754566,0.6687416415728079,0.5369101810061179,0.41210805377488413
0.25,0.0,0.193043378875023,0.11177385739814061,0.060562341421675825,0.20907518986742069,0.12176226988480654,0.06576702769273957
0.75,0.0,0.3170194264504481,0.23731608951683802,0.20394745422306793,0.31675556596658094,0.23733551581714296,0.20412905840858264
0.5,1.0,0.003033492958189221,0.002473540438348243,0.0020609977111459843,0.002719952093272582,0.0021510739402874623,0.001737036663856828
0.0,1.0,0.611042360177789,0.5094744705443826,0.4311376557238843,0.605835067386473,0.4990388183940855,0.4158578934492152
1.0,0.5,0.005976818967243891,0.0038944629517958518,0.0025914683717280784,0.006135131533886673,0.00416088236471579,0.0028967190654873853
0.25,0.25,0.3345969885208603,0.2618399100955804,0.225076683510111,0.3345487168310044,0.26045270199579706,0.22282195245365777
0.5,0.25,0.04440755867801571,0.026575068391800016,0.014818834567116523,0.05509341342660601,0.0331662027957178,0.01888738505174925
0.75,0.25,0.06414359239517875,0.04963223859332089,0.04643929917745049,0.06871606715178002,0.052825106376387154,0.0491339493595041
0.75,0.5,0.000943622013568568,0.0008068479036175136,0.0005794814238289092,0.0007890179334656411,0.0006710231620422613,0.00047160019594216784
1.0,1.0,0.004002352579912216,0.003784593697681027,0.0033922877109672234,0.004076294627036847,0.0038268849567095753,0.0034092082992476236
0.75,0.75,0.1485498549623956,0.11370393580105898,0.08882884871556362,0.15126066722914588,0.11543973561476129,0.08960717880054092
0.5,0.75,0.048158681068583786,0.026971363885198052,0.0212022178657002,0.040391528995733506,0.022590634954828603,0.017695513421718045
0.0,0.0,0.5572409629283599,0.47329910206200243,0.4029339323722755,0.6026675046381801,0.5164230895547604,0.44800159354462354
0.75,1.0,0.09446314847653237,0.0753048299757677,0.06009744260032546,0.0914613992611405,0.07252225287545033,0.05778155668308893
0.5,0.0,0.055179157232313036,0.03932842480036913,0.03017613901574112,0.05604345581918824,0.03938629074446243,0.02941107569594037
0.0,0.25,0.037535912379401126,0.028796468427200517,0.026089260010877968,0.037151326058349365,0.028460400173521472,0.02572015752123824
0.0,0.5,0.10131620834786759,0.08000597562397993,0.060415381055003436,0.10101711873034946,0.07987838305843908,0.060421114380973195
0.0,0.75,0.4549547725259214,0.34575881689760524,0.2383628540756918,0.3922964961614883,0.2888095816640842,0.18883366555612136
0.5,0.5,0.042063863963470394,0.030727199730255284,0.022228589850577407,0.04103648275327876,0.029916660553109264,0.021524919657030184
0.25,0.75,0.1811067997576159,0.14916096022542424,0.11838393856532226,0.1734675777143232,0.14192432550795164,0.11100178366512725
1.0,0.0,0.03492384336838483,0.026659506311453085,0.020675675779523672,0.036200157630802865,0.027787531021647882,0.021735169425383116
1.0,0.75,0.014298427229723298,0.01148153850898781,0.008819720195923031,0.010450542438434463,0.008037151206985782,0.005653487614268871
0.25,0.5,0.16222725238050173,0.10762933162290222,0.06793266382242291,0.1902826097575948,0.12600308078070377,0.07794436621772116
0.25,1.0,0.017630177436793293,0.014686599004575474,0.012720200549126592,0.015470120432272472,0.012939710385534431,0.011454093860221226
0.0,1.0,0.31912777538232706,0.2508376098269094,0.19243017374603144,0.3084204619217076,0.24205685771071184,0.18490926149243125
1.0,0.25,0.0008815464489355662,0.0007121621086865204,0.00062808069515774,0.0008781146981715615,0.000708690549483304,0.0006234737015670122
0.25,0.0,0.3929572330030997,0.31649595238348593,0.27032757944079067,0.3972911076901485,0.3219567851433196,0.2776770288257271
0.25,0.25,0.3401387508350229,0.2832577596001248,0.2542740551544701,0.35009112590374847,0.2905938621030244,0.25950448999359044
0.0,0.0,0.9723024292617775,0.927349114519,0.8566623490562795,0.9712696935131495,0.9249340690728862,0.8531808216854897
0.5,0.25,0.013883404838877844,0.010614038009658433,0.00916657852812508,0.012164069820698842,0.009319716983630766,0.008010284987537197
1.0,1.0,1.0385415540881127e-06,9.017122073462502e-07,6.066789608460965e-07,9.88855320183113e-07,8.61348281255836e-07,5.784016881005272e-07
1.0,0.5,0.024129262051239997,0.016930601168129833,0.013814095852836772,0.029336462028398236,0.020852160723672575,0.0171122501760963
0.75,0.0,0.029316491086350704,0.024582424362376454,0.018088323082722235,0.04302302860861451,0.03574075578434355,0.02643209374190625
0.0,0.25,0.5739758170915606,0.49406791356945023,0.3776082311201927,0.5547966132652379,0.48035674086472147,0.37291594174250564
0.5,0.0,0.060733513144549556,0.05271245774800282,0.04272078342709995,0.07301870197834082,0.06341787231667695,0.05255187632438785
0.0,0.5,0.3292816632968416,0.23913781689784086,0.16529847261062636,0.34762598964713765,0.2554513762084085,0.18212452911146082
0.5,1.0,0.13589799483575615,0.09776579964809329,0.06667264624831204,0.17592013187618671,0.12933247706329198,0.09183174494144253
1.0,0.75,0.02863622026226975,0.02115521672317744,0.015969807403042546,0.026090534189573633,0.019132037800183244,0.014174593153692516
0.75,0.5,0.11943309902598043,0.07639583181241094,0.04570132475456112,0.11229849196922759,0.07111336214447284,0.04168630777231064
0.25,0.5,0.693261163846993,0.5511865836826741,0.4240937538976731,0.7210111057164139,0.5751434493267293,0.44240468867065696
0.25,0.0,0.006367565095510397,0.004712482781318528,0.004018997578735695,0.006485151939921829,0.004771528360856481,0.004048298008316742
0.0,0.75,0.3906081819328643,0.28603639310931994,0.2384323223782664,0.4309055207861636,0.3231455718128651,0.2742643192183367
0.0,0.0,0.9126909860399486,0.8601890365497014,0.8306047264924956,0.9049449927334987,0.8488250083888939,0.8192579767652033
0.5,0.5,0.004550876605985632,0.0037674174092421353,0.0029865221283605914,0.00465024826025684,0.003823498580451501,0.002974384705645594
0.25,1.0,0.2981163672994619,0.2704545707128816,0.26060527905059594,0.2980385582280892,0.2710926883072151,0.26162529386328226
0.75,0.75,0.5143236401571878,0.36249297977814876,0.2834918681505578,0.47602720291374967,0.32937304130145617,0.25230383436391857
0.0,1.0,0.767088597787329,0.6143948077488433,0.5100984182364567,0.8011708386880017,0.6538016824677193,0.5513444757030868
0.25,0.75,0.9624109350832107,0.9245830572252033,0.8807197961638549,0.9630471124320201,0.9256539751588596,0.8824735408432028
0.25,0.25,0.7875639080629709,0.6700137414349912,0.578018842769514,0.7718119394241701,0.6470209856003655,0.5471077578262071
0.75,0.25,0.03418038191160577,0.024846564008008887,0.0164022157634669,0.05662882740970088,0.03959868952974044,0.025505471289534176
1.0,0.0,1.6543852201511555e-06,1.4448024494573275e-06,1.463673994006598e-06,1.7308891875345012e-06,1.505761850872922e-06,1.5200671068527072e-06
1.0,1.0,3.979651206154067e-05,3.236763148817268e-05,3.2875514484942414e-05,1.8395604797438736e-05,1.5403394616697597e-05,1.539925575866352e-05
0.0,0.5,0.23077260299358981,0.18270200705915363,0.14522633869552848,0.22904286090765735,0.1810088406444197,0.14346553615519353
0.5,0.0,0.1819408550364039,0.13395576851567603,0.10238435163035198,0.18764561678121217,0.13852205571201126,0.10626844332162888
0.5,0.25,0.14306873770024164,0.12274839066221177,0.10898371585128241,0.13892895653337978,0.11930505139718572,0.10630048521020175
0.5,0.75,0.012679217579436575,0.00777274344739487,0.005774716273077907,0.012450730420403788,0.00762703713810553,0.005681338458064067
0.0,0.25,0.37411272686101826,0.30480078926669085,0.2262947566851159,0.39929042658081504,0.3277284313800912,0.24286968864039116
0.75,1.0,0.45092548885499006,0.3374114495858477,0.25273052294529186,0.4689567109335113,0.35742640847955864,0.27415330533604076
1.0,0.5,9.99548307518694e-05,6.0358580054264976e-05,4.334478211287518e-05,7.80951787020534e-05,4.7677061248529995e-05,3.40073952447284e-05
0.0,0.0,0.05564700885884677,0.04133944187526217,0.03175904368019222,0.04927230952291617,0.03656601534298687,0.02808350166080409
1.0,0.25,0.03426103329226782,0.02675006591322293,0.02050017908987245,0.03329458259990492,0.02589505605821718,0.019728075059685657
1.0,0.75,0.0026890487059164636,0.002064045586504859,0.0016842113526975844,0.0023752309286080298,0.001833908895513714,0.0014983089473505906
0.25,1.0,0.977922974525867,0.9518908972890238,0.9009237471322243,0.9744065685749752,0.9457777253287684,0.8899504648396699
0.5,0.5,0.013693383188369546,0.012002001662365758,0.011570380814646897,0.013208041243270574,0.01153119969697558,0.011009215667749706
0.0,0.75,0.9880698515885423,0.9671453575558595,0.9336376352974947,0.9899563779862653,0.9709374704361318,0.9389217971113752
0.25,0.5,0.14062777901972545,0.1097842761194705,0.08958586338083885,0.1626055210325188,0.12869099478469315,0.10668388186081912
0.25,0.0,0.8574490213584752,0.7730001253692139,0.6946545146776234,0.8612450053857165,0.7739859094334826,0.688386212210796
0.25,0.25,0.1468471558451271,0.1179603184149125,0.08421064584850957,0.15775300880613063,0.12701758418117937,0.09123305537422621
0.75,0.5,0.02279651567873653,0.01540209686108851,0.011095602149248762,0.022010337615377185,0.014822911865934207,0.010541878898070678
0.75,0.0,0.009995094485776734,0.008767466158552839,0.0074414009783674295,0.007669245571202854,0.006819252615179128,0.005654069869857614
0.0,1.0,0.08218224774964211,0.058211353423369805,0.052134123414911526,0.09799445018650133,0.06870804644416406,0.0608120845179394
0.25,0.75,0.4404036453781691,0.28919931642688135,0.21449602930637046,0.4329713767619785,0.28398573188108545,0.21061833856365297
1.0,1.0,0.027865349589901944,0.017304002234962867,0.010946967700663168,0.029193308874896573,0.018285028507745604,0.011680159516485267
0.5,1.0,0.23128570316368535,0.18478986358454252,0.1382161391456176,0.22900432085821654,0.18333837912440232,0.1374157711535069
0.0,0.5,0.4600175079578557,0.41875742575731123,0.3656936949789372,0.434189378605391,0.39291744432226483,0.3394533635628908
0.75,0.75,0.11127265745833115,0.07674995161064868,0.06308830609839555,0.07574596165562908,0.049409090594535576,0.03758317175546089
0.0,0.0,0.41211020205614823,0.30764462741006593,0.23900119957746047,0.3825124674524316,0.2848554017372159,0.22017337715986818
0.5,0.0,0.5521937443927445,0.460043901018101,0.370159213776732,0.5618963926987977,0.4617323645978999,0.36904847980749933
0.0,0.25,0.6799565521542864,0.5638775211697951,0.44152135710706397,0.6508586157861993,0.5369214662149048,0.41765716118225227
0.5,0.25,0.6403733334890978,0.5399192073561958,0.4503959092207436,0.6941017625049939,0.5959764151268622,0.5087183311684573
1.0,0.5,0.00023135620675862612,0.00016491318779765507,0.00012459943620535263,0.00023726710756277747,0.00016773747109566362,0.00012655817969453587
1.0,0.0,0.027923298338919045,0.018084901979978696,0.01167211937287993,0.033578595653610765,0.02076075529130339,0.0129699420506596
0.75,0.25,0.014027456155830897,0.009574325101898484,0.005840097435175107,0.014177355439728645,0.009599342179947179,0.005793072462753068
0.25,0.0,0.9851659316579232,0.9510215605163297,0.903146150273811,0.9841725494923879,0.9488290591533786,0.8996075783849304
0.25,1.0,0.030597258954791595,0.019531633751484034,0.0161777645138248,0.03336039253229317,0.021496259591079925,0.018003430449576974
1.0,0.75,0.002166716865507956,0.001737615328537112,0.0013184489424856727,0.001966493778692735,0.0015734878871367375,0.001182401774797115
0.25,0.5,0.442663270837378,0.359731621010668,0.2858332889989096,0.4617137064642972,0.37306254849894716,0.29425032819561137
0.5,0.5,0.07060648884742593,0.050131489246287186,0.03155722719512899,0.08311674848973993,0.062365817978779825,0.041959512324414194
0.25,0.25,0.5754329272320492,0.48391453145811036,0.40563655140964094,0.5771127064805852,0.4840195992827403,0.4041084662219184
0.0,0.5,0.7277463281173607,0.6339858413753553,0.5527549340163931,0.7603140946160218,0.673938134822055,0.5996376592539786
0.0,1.0,0.05608213981461696,0.03445529594460861,0.016590251911861476,0.053238296842947896,0.032620670464237334,0.015615712958819805
0.0,0.0,0.3726473215577015,0.30832217755847224,0.2874306310501076,0.38961503147773946,0.3222455112735676,0.2998633797829724
0.0,0.75,0.2698941154822403,0.18063520667625865,0.13051713579211544,0.28166382987896976,0.19279254305425675,0.14453856087083672
1.0,0.25,0.045367152357774665,0.037111890627300914,0.030558027637602958,0.05815101010121615,0.047318497026101025,0.03891107699914376
1.0,1.0,3.9775848343692743e-05,2.66748104404968e-05,1.9915386121893697e-05,2.9673968321874966e-05,1.977452139445557e-05,1.4477440913762685e-05
0.5,0.0,0.1555467959524658,0.12337626550144143,0.10046901072343906,0.1546872469028049,0.12262975906034801,0.09988800414211951
0.5,0.75,0.1310069999167025,0.10022469578859472,0.07611826258014343,0.1496794389514272,0.11351431837896508,0.08605861982046814
0.25,0.75,0.3049894300728331,0.23035445339740224,0.18606656635079777,0.2675841627809159,0.20240076650643868,0.16315111594911857
0.0,0.25,0.5639890243871,0.4107228622607376,0.31991324758999296,0.5745471165417485,0.41298494099437544,0.3155615216710975
0.75,1.0,0.0005668342356832667,0.00041545558237976454,0.00029350813458839387,0.0006583506525070781,0.0004826910820375785,0.00034298453182790567
0.5,0.25,0.08542669852224671,0.06353474038006479,0.05195769618813495,0.095132533475204,0.06864153010453311,0.05341498966574265
0.75,0.5,0.003015778328680163,0.0029179120236644263,0.0027740910887796844,0.0058923097813039504,0.005616401543392602,0.005350756343070362
0.75,0.0,0.0017312369879494138,0.0018279293694335452,0.0019466089175899093,0.0031335155925216185,0.0031894029871331053,0.003199129171671533
1.0,0.5,0.001408653293890394,0.0012753400846927665,0.0011082279206825474,0.0010051416687076875,0.000886369484648375,0.0007273781854979511
0.75,0.75,0.0046792727887782215,0.0040378057776007115,0.004571285288624827,0.004382350034769278,0.0037970836338672154,0.004300572637005118
0.0,0.0,0.050329465767549486,0.030527106786588765,0.01789064724352296,0.05343982874857267,0.03202994015292293,0.018446856455792693
0.5,1.0,0.004338364073464995,0.003691410504992776,0.0032439605197260857,0.00436125197103987,0.003700409054810727,0.0032302517646822793
0.25,0.0,0.2927432572487755,0.2387873835934441,0.20037624918325014,0.32739691458111353,0.26819125893146023,0.2289675966578848
0.25,1.0,0.40015949785551297,0.31285317356801934,0.26002344212380035,0.4010247861310978,0.3127564030575921,0.2595120210848507
0.0,0.5,0.4256438336236229,0.34538353527371646,0.2730565531581438,0.36753347198791475,0.285110294161691,0.2119789587219385
0.25,0.5,0.4939746064827323,0.3917301327538353,0.3236911329570866,0.5047214522392498,0.40723236969041554,0.34620737103719623
1.0,0.75,5.4520000656310685e-06,4.782952813142671e-06,5.064225907402964e-06,5.820135895673317e-06,5.094812376205127e-06,5.385955956116462e-06
0.0,1.0,0.3877391809296463,0.30096450115461537,0.22259532140662364,0.3709530692993108,0.2837599530754831,0.20573779478604493
0.5,0.5,0.06602422626518223,0.04735897430680003,0.039069831291655754,0.05024727032734111,0.03534744971662751,0.028150740641528005
0.25,0.25,9.125473062576717e-05,0.00010304699975149934,7.293641787631255e-05,0.00010490626835180095,0.00011646331170944713,8.235888006513647e-05
0.5,0.0,0.6283894523697656,0.5593889800518863,0.49960435611781084,0.6052166095317554,0.5328211045065068,0.4642269601266368
1.0,0.0,0.002892911146463062,0.002031292531109341,0.001412584980927778,0.0034244577814919186,0.002315765053853003,0.0015500013905138665
0.0,0.25,0.9558085145809381,0.9056738952816162,0.8234538971345162,0.9650389081959176,0.9206428976815203,0.8436841991293906
1.0,1.0,0.01671905166386667,0.010083525891736889,0.006041445404749712,0.016983877067021647,0.010277655094633631,0.006176820784623338
0.0,0.75,0.012179148083530378,0.010239173182803762,0.008732165656991642,0.019342028096624886,0.01590570149401116,0.013347104962482925
0.5,0.25,0.26426083579166204,0.16205553613242651,0.10275341649194425,0.24265473172514374,0.14791434385985247,0.09275333300196875
0.0,0.0,0.7726866433223779,0.6568076665050001,0.5584960023221862,0.8380786342581422,0.7345752407266877,0.6434977000125124
0.25,0.75,0.10182883117824648,0.07318792780790351,0.057550356991243334,0.109753678941644,0.07987076311370411,0.06400683631835158
0.0,0.5,0.33416581437628845,0.23886292953172772,0.17336928175265964,0.311096991702695,0.22056039082693513,0.158155893280978
0.75,0.25,0.0027741024806813286,0.0018687864545887667,0.0017880397433209794,0.0027882275069599505,0.0018702143652959968,0.0017836957483485794
0.25,0.5,0.16052294734912131,0.12244886405884148,0.08642189360725461,0.1911041134777951,0.14417333666645427,0.1017655152652589
1.0,0.25,0.038675132543332325,0.026864219467673145,0.020394720210737294,0.036247098204035044,0.02523096339069042,0.018919072893135658
0.25,0.0,0.17727977135856832,0.11559976621260726,0.09626231257327045,0.12619575798908678,0.082734963840708,0.06872524278353997
0.25,1.0,0.19068614262966876,0.15742065918155446,0.13554739634664492,0.2270240762982687,0.192073317212747,0.1700647229363026
1.0,0.75,0.0013599559656256588,0.0012351063877582558,0.0010851425779094814,0.001198862704514303,0.0010825904301753342,0.0009390338290186095
1.0,0.5,0.01559176837081866,0.009579274048440167,0.006002155390824049,0.014434737153635524,0.008806373024903946,0.005442640556609923
0.5,0.5,0.09940129850262425,0.07740706548522858,0.06164399655961983,0.08558680217252934,0.06707844408601682,0.053659181806765543
0.0,1.0,0.6927759290992808,0.5617367566186175,0.4470253095183274,0.6986199504534569,0.569349813660104,0.4581620059716587
0.0,0.25,0.50438796377879,0.41775443977260207,0.31341611725946494,0.5056175513560299,0.41892760432913867,0.31486422464250785
0.5,0.0,0.8694402739145468,0.7917399789756094,0.7198554778063485,0.8368008962793592,0.7442215202615066,0.66135865098603
0.5,1.0,0.011196332635213357,0.010317377646701043,0.00868435790041866,0.011156115967078883,0.01020457291687038,0.008541449420510938
0.75,0.5,0.32299284848305365,0.23422843119941006,0.1665998194479439,0.33323802102389455,0.24417233791965376,0.17509220671836845
0.25,0.25,0.01720785779689593,0.015863430660272626,0.014411255180055593,0.014107888755370612,0.013089663472408142,0.011847952432263331
0.5,0.75,0.0002553318473591526,0.00018929666725386873,0.00011614687886685182,0.00042491753001172583,0.0003214096034809266,0.00020026779845705445
0.75,0.0,0.0030212394879661764,0.0025171852971930253,0.0017973386535319325,0.004116653486220034,0.003422480529778671,0.00247208602404958
1.0,1.0,0.00018484558671583162,0.00011849037824807063,9.075303909500398e-05,0.00018255434102443235,0.00011653998631944162,8.927163867000765e-05
0.0,0.0,0.4075611809245998,0.3274896718423512,0.23645311169102357,0.43163594654083803,0.3447900635796066,0.24620973318532835
0.75,0.75,0.2054237443956085,0.1546208769420827,0.1369851111974244,0.21177586072189025,0.15795730791813212,0.1375314032481737
0.75,1.0,0.0029652803122839355,0.002415444431104752,0.0019999381432114216,0.0026123503416484173,0.0021128815835560477,0.0017100849434148468
0.5,0.25,0.053996773235576945,0.04239914295121627,0.03342467325104481,0.04734008529351519,0.03737877484099705,0.02913768895929958
0.0,0.75,0.22922906799902476,0.19437660040372573,0.16991090258625396,0.20827888480313117,0.17720091505508417,0.15483504004348292
0.0,0.5,0.8300455996862482,0.7315098612047982,0.621622348461718,0.8299958412761681,0.7320973985587347,0.6227186584232038
1.0,0.0,0.0066233442206116155,0.005436845559805725,0.00411807888840543,0.008653610944579393,0.0071778443431044225,0.005553155058294235
0.25,0.5,0.2548306655244591,0.15272875834360855,0.09232020242180428,0.25316587172416305,0.15284829519120224,0.0937475373889205
0.25,0.0,0.004026553903098806,0.0033708716415137285,0.0029880409609972514,0.003903161164607316,0.0032506043917615024,0.002862699956268533
0.25,1.0,0.5033134251434384,0.40296641661772103,0.3039130609655375,0.5287096144958235,0.42908690046256814,0.3308774739309175
0.25,0.75,0.5484473030560051,0.3577685374304167,0.19884602940520102,0.5384115518114544,0.34718632129735294,0.18692146469502602
1.0,0.75,0.0007767573696666474,0.0007636345904207253,0.0007839499833564023,0.0007591152431172254,0.0007609556486404268,0.0008025198468626371
0.0,0.25,0.6259067661489102,0.5258273074447974,0.44004092014176255,0.6016533975216158,0.5081074713654941,0.4269867114556163
0.0,1.0,0.6815789527423557,0.5479260797359182,0.4451914452553678,0.657699719716325,0.5245684332751217,0.4228939924616528
0.5,0.5,0.005618456581299114,0.0037380204130128547,0.002540829051772775,0.00729609530217834,0.004950145361489855,0.0035084186934257744
0.5,0.0,0.1742118824111385,0.1331994392226601,0.09504945087412275,0.18094046869727365,0.14005556739395775,0.10164985393449821
0.0,0.0,0.06167683557159109,0.047144253973821604,0.04416076230317201,0.06916760452143178,0.05287807241577924,0.04962211015742546
1.0,0.5,0.008772589494040695,0.005140066761676332,0.0030216155409632517,0.00971814364858481,0.005748915331908799,0.003436547082503738
0.25,0.25,0.3760796101018288,0.3293558803588883,0.27680523344774655,0.38582754256870677,0.337823425957656,0.28474074627250257
1.0,1.0,2.0641881191441058e-05,1.4729893441423059e-05,9.205483977980933e-06,2.2176407405316567e-05,1.580955465141365e-05,9.978002930566277e-06
1.0,0.25,0.0060382953254297655,0.00455995936557585,0.0027994594957031493,0.009091712630423632,0.006607907207112684,0.003970027434069934
0.0,0.5,0.039822120645131576,0.028236253768096353,0.018725259788946458,0.04118340905321449,0.0290846505952832,0.019292157663336362
0.5,0.25,0.010596831484608993,0.008127281388716767,0.006441668146441981,0.011611604780544904,0.008893325020188803,0.0070066365932967
0.75,0.5,0.046073946107146546,0.03907060769979587,0.03440699504968192,0.058196043987829515,0.049054086699581445,0.0437003200043764
0.5,1.0,0.01673656336447993,0.011402730445012277,0.006721260810603313,0.01703520924930957,0.01157637669491729,0.006796623534916502
0.75,0.25,0.00015855862089564354,0.00012731072632687912,8.911412388867834e-05,0.00018522087869765613,0.00015074828608097057,0.00010695185291642595
0.75,0.0,0.041280763555494815,0.03114056001509924,0.025333184813670306,0.042110010115433694,0.031748665328293235,0.025795644335834034
0.0,0.25,0.11808835089835401,0.08873035666724549,0.07514028983736676,0.10349956509296343,0.07768495934677566,0.06549544099625326
0.25,1.0,0.08613286757116079,0.06254142310091937,0.0496110901421265,0.08535631169492852,0.0620786112559073,0.049293929334986775
0.0,0.75,0.941125968545427,0.8660267921598112,0.7561234659089635,0.9351282452265797,0.8528122588644846,0.7337795718857704
1.0,0.75,0.014033721791335552,0.007809731835924483,0.004927824000630299,0.008788607680257687,0.004887937156539457,0.002991053501633645
0.25,0.5,0.10095445978949424,0.07452767780957892,0.055885040160258415,0.12045036831766243,0.08865061197621593,0.06624543096873858
0.0,1.0,0.11593512925824734,0.07261167681136071,0.05152138313726873,0.10777846603279717,0.06760317365441126,0.04799702315993559
0.25,0.0,0.26262568571168343,0.19191148763626353,0.14937937390601874,0.31191034812787233,0.22827926368118567,0.17795030354687036
0.0,0.0,0.6914657994910264,0.6299728588933593,0.5485328857751265,0.73088867746469,0.6599598605203426,0.5655029079183909
0.75,0.75,0.06794943486237193,0.05227308065884273,0.04139936094341046,0.06781291548647861,0.05213435069554573,0.04123403597775921
1.0,0.0,0.013556127311772692,0.009398484170676014,0.00815429045957472,0.013363353841807535,0.00925893318361537,0.008019842113098807
0.75,1.0,4.429394496308081e-05,4.249955913326886e-05,3.639225316232064e-05,4.8554289284630237e-05,4.665598288910999e-05,4.003785572881391e-05
0.25,0.25,0.27523355650586234,0.22700921013669162,0.23116207839769465,0.25880295260410946,0.21232887152406144,0.21551879545008723
0.5,0.75,5.362981735101968e-05,2.9387711047101917e-05,1.6523177261973387e-05,8.033872204393777e-05,4.329165106831123e-05,2.484689004234042e-05
0.25,0.75,0.6452352468201858,0.5567632452657205,0.4603353415463691,0.6299552491716705,0.5383509570774885,0.4407210967601759
0.5,0.0,0.6021296454603848,0.49673270856787133,0.4350493142454884,0.609709292101666,0.506412662002026,0.44591049761569335
0.5,0.5,0.13309905393080845,0.1010540151761723,0.07928915885999055,0.12026490030201775,0.09034686454989849,0.06991442822909799
1.0,0.5,0.0024020247096776526,0.001949886902010367,0.0017874684961897147,0.0023540461993896145,0.0018873734702667955,0.001699080332602576
1.0,1.0,0.00013233951201008232,0.00010827169722094077,8.898592783190828e-05,0.00015700298335985519,0.0001285098995746914,0.00010538504756052447
0.0,0.5,0.5168060652130555,0.41808732389329084,0.3279141344575034,0.45922502701686474,0.36905622060698207,0.2865134748310838
0.25,1.0,0.10954284557964966,0.09643865494996895,0.07694144148690674,0.1016351293346689,0.0891564753356282,0.07035897682254122
1.0,0.75,0.000677627625905175,0.0004136223734827471,0.00029969677154428886,0.000613800692380706,0.00039429353770603637,0.0002942035525190789
0.0,0.25,0.25180448467817595,0.17702834365590236,0.137083406352985,0.2642376279659824,0.19301931306039366,0.1579169946268173
0.0,0.0,0.10319855748372586,0.08439626121743649,0.0647657622838721,0.10090998456613542,0.08195432474418007,0.06180364488435042
0.25,0.5,0.5979868100050125,0.484945767338377,0.3951126875512636,0.6022367207713184,0.4899265213350089,0.39976090343410575
0.5,0.25,0.1438262446503359,0.12068480056663167,0.0980172860679197,0.18188291612668062,0.15138887904387377,0.12416148536364557
1.0,0.25,0.00030324804468695454,0.00020107757664089565,0.00010519354664428882,0.000382128379156077,0.0002531557839315912,0.00013225258095495018
0.0,1.0,0.22738834051971968,0.1723421592132982,0.12132905294746499,0.22724608374811817,0.1761659634181203,0.12929604567073005
0.25,0.0,0.003172721863629935,0.002376511732439024,0.0020315792155111145,0.0038584343027001644,0.0028851715634448105,0.0024987248821009
0.0,0.75,0.3377306363029674,0.2459671179507762,0.18688528035849883,0.29930647174064295,0.2152737525447519,0.16100150295295634
0.25,0.25,0.35586276215784185,0.24864286693023252,0.19995942072553663,0.43354324737100247,0.3034459079706391,0.23990218895384263
0.5,0.0,0.6027026333162384,0.4699931127645799,0.3457011836425926,0.5932528042825247,0.4595439168485389,0.3340614748680665
0.75,0.5,0.03958564696156375,0.03162783779794198,0.024359220957820504,0.03908410439606935,0.03125683114615729,0.024067221247052517
0.25,0.75,0.041901908147878864,0.03205945399635268,0.02490092816891154,0.044779641397743486,0.03398154621613303,0.026281211908187108
0.5,1.0,0.013993762620780004,0.012600044508464414,0.013331721588747403,0.013375192893138821,0.01203051504038466,0.01270485120861009
0.5,0.5,0.020527441925035306,0.012240600499017429,0.007935590907857781,0.018562000167516857,0.010960429531997828,0.007012817840744701
0.75,0.0,0.009695651961105778,0.007432534507685107,0.006370540979114603,0.01144989530178453,0.008768387701948543,0.0074782448975345694
1.0,0.0,0.01929941930080381,0.01420998328064682,0.010730506258517014,0.020409375050184808,0.014771006651985719,0.010962959567418329
0.0,0.5,0.9140349173234364,0.781912025954521,0.6051794905071954,0.9124740741908297,0.7788540287086108,0.6005720904135534
1.0,0.5,0.027886514998175294,0.019972927684805186,0.01426150404401405,0.02815353085653316,0.019900109022907175,0.01400784669601074
0.0,0.0,0.33369846551685123,0.27732760583118043,0.2274506496862978,0.35228884486216594,0.29771208450387665,0.24977809502423354
1.0,1.0,9.660358717167306e-05,0.00010714417655044439,0.00012159421369939416,6.655524037102456e-05,7.49870349485704e-05,8.576877123656068e-05
0.0,0.25,0.242635810800787,0.18081102490333834,0.13869672745515293,0.27944694101456546,0.21015552487142908,0.16725382911398068
0.75,0.75,0.05575359851023942,0.048015966625238105,0.044175193496118315,0.05411281895860476,0.04653297271514445,0.042695005861278945
0.25,1.0,0.2879994067151632,0.19612471818555832,0.14329228645514602,0.2828990948283341,0.191236933022074,0.13811466195912725
0.25,0.5,0.028542168455858663,0.025089440286770293,0.023146656160414447,0.0322624523997701,0.028557571150497063,0.0269070398082496
0.75,0.25,0.005755727979423697,0.005511937843885262,0.004943461868128107,0.010205782223410176,0.009323647034359839,0.008263014747293629
1.0,0.75,0.0020537675711884695,0.0017238933642182985,0.0017401824735936433,0.0015589199983576663,0.0013024893517981084,0.0012863998105152596
0.75,1.0,0.010341172495836326,0.007865438461950092,0.008306740183915862,0.007788279144037902,0.005803712212842038,0.005969274570133409
0.25,0.0,0.1702384102078508,0.13521428101721,0.11708327352181713,0.19538647760512573,0.15413986846270689,0.1336171822278266
0.5,0.25,0.4170355186998669,0.35717485105885916,0.27893500421508377,0.3522523840948315,0.29666160051851964,0.22400756007578915
0.0,1.0,0.3957016115773335,0.2974452821056933,0.22820530539243178,0.43626152761551074,0.32952194910453014,0.2517701562978475
0.5,0.75,0.0039439677441046594,0.0026265203492544797,0.0019925262659716836,0.0027497717437237057,0.0017855182284820525,0.001302591187835267
1.0,0.25,0.012428658707857476,0.01134245847639459,0.009128095259062663,0.011116398528178029,0.010016418047740228,0.007941054853532137
0.0,0.75,0.38844633706458886,0.2938823921918714,0.21307877710682066,0.4053108993600123,0.3072686000213054,0.2217974540557468
0.0,0.5,0.07130804427760529,0.04858471997902436,0.036993855990647306,0.0726562668172488,0.048487344073149696,0.036009749015988635
0.5,0.0,0.04471273188477565,0.03550265459777868,0.02511123395408299,0.04391256356893225,0.034814728890552704,0.02455881918034808
0.25,0.25,0.7461802639373887,0.6087623296721644,0.489097519263065,0.7594928237210078,0.6173781290798523,0.4908153763824158
0.0,0.0,0.7646665205476342,0.6412644709874631,0.5842926416761693,0.7615946937195032,0.6402891885220807,0.586028611518606
1.0,1.0,0.0004440365338896912,0.0003064787033908445,0.0002525723858924911,0.00037290509962928375,0.00025783530449663417,0.000211518743482908
0.5,0.5,0.1559893363191962,0.13033779610432406,0.11914783747907765,0.14489808061960363,0.12117908678429679,0.11069624098191366
0.25,0.75,0.47519333250911777,0.35354889669250056,0.2504921647907933,0.4656292986579641,0.34389697100409,0.24150864929180693
1.0,0.5,0.0010365536959051624,0.0009256296498232341,0.0007757020560921202,0.0010401445876900839,0.0009283128911081739,0.000773163943472599
0.0,0.25,0.7740092525783787,0.6527413990975957,0.5266727892107352,0.7841106063990987,0.6647212791169048,0.5411993474878272
0.5,1.0,0.003384070982955123,0.0025425136431014295,0.0018599207087430791,0.0031765158739475163,0.0023342422514913697,0.001681667579053303
0.25,1.0,0.12858384267647383,0.09194597731907639,0.06712628864877579,0.12751867088691649,0.09108743989507018,0.06639062902637016
0.25,0.5,0.15044714134597392,0.1200650454207034,0.09350309051226036,0.1850900948892742,0.14829731146720482,0.11701045635099216
1.0,0.0,0.0008242471276438401,0.0006037825897868832,0.0004466818200459244,0.0010240618140886504,0.0007581604704499645,0.0005687501786161286
1.0,0.75,1.695132343182415e-05,1.4736267418991034e-05,1.6655706812751525e-05,1.1180583394887478e-05,9.801074217108408e-06,1.1076336218551752e-05
0.75,0.0,0.020628743248547243,0.014600713494061779,0.011818191782991705,0.018801737376017535,0.013065332001431451,0.01019659400736117
0.75,0.5,0.1150063071044124,0.08554041976987925,0.06054898979104406,0.12093628396864176,0.09024101308829513,0.06436970999517411
0.25,0.0,0.006111538198385502,0.005709429871026961,0.005406162032875361,0.0052962991397912385,0.0049188199983492,0.004599988999849147
0.5,0.25,0.41515061493001393,0.3154915733712407,0.23807494757376313,0.4364817245078364,0.33655068695619605,0.25877006554722204
0.0,1.0,0.8492643175730623,0.7388598279885574,0.6158276955939741,0.863550821285664,0.7561741327859974,0.6349278638977438
0.0,0.0,0.4860347927886389,0.3282481650908955,0.18390540424536406,0.49448951861289203,0.3406831923142888,0.1972422257204367
0.0,0.5,0.6740783889099067,0.5619077603428253,0.424335894873785,0.6666737755239402,0.5556673420043393,0.41951425589685853
0.75,0.75,0.35521063259819174,0.2814131103234755,0.24498707725408353,0.3543949327938992,0.2791400230387877,0.24092574673926093
0.5,0.0,0.12124026252577136,0.09799358608261044,0.08631149309324793,0.11578548897157181,0.09330234808987559,0.08145817529670685
1.0,1.0,0.00010605154994480781,5.5015657011825425e-05,2.8868023007833088e-05,9.152046934324254e-05,4.700534996482375e-05,2.4199570446858942e-05
0.25,0.25,0.06535998844900459,0.04893468800698619,0.03564331134682486,0.07368877054100365,0.05591191236205029,0.04210388800559417
0.0,0.75,0.4110032597800325,0.2978864894819787,0.22371758841545208,0.41004773739136113,0.2969093154220306,0.22269522180157664
0.0,0.25,0.6142803628723644,0.503833250404916,0.4246629275349435,0.6936394926713985,0.5854466770323207,0.5083017788074472
0.5,0.5,6.381161609503305e-05,4.725856066967182e-05,3.7445971464378225e-05,3.089864642624729e-05,2.3178229525466776e-05,1.81538356600619e-05
0.75,0.25,0.1498363134446712,0.11499010177227498,0.09524418429467629,0.221284780967268,0.1700781916337969,0.1424205768121003
0.25,1.0,1.8476834073188897e-05,1.4231326882496731e-05,1.1698366582324482e-05,1.4169355817439389e-05,1.0857581876577704e-05,8.84996664374249e-06
0.25,0.75,0.09949877150226638,0.0937472347169197,0.09015633708925286,0.10116451177379093,0.09511362023084557,0.09127544954434075
0.75,1.0,0.14720671617020742,0.0928020865401511,0.057496300934182676,0.16536804831925678,0.10813072878091567,0.07063944950800327
1.0,0.5,0.014815356013917813,0.010743976921556375,0.006445120151197692,0.012639726426821318,0.009347460266651897,0.005642228262466742
0.25,0.5,0.0014659797235545557,0.0007915021287118185,0.00036748779841400125,0.0033432716391024186,0.0018281888479347863,0.0008942010723624882
1.0,0.75,2.6113061446508823e-05,2.06714847981182e-05,1.562116346409681e-05,2.0475570696287804e-05,1.636077547495507e-05,1.2313504532901476e-05
1.0,0.25,0.08549786835551698,0.06865694218884344,0.05312469453822011,0.08427913800961884,0.06744628317094281,0.05203413255849165
0.5,0.25,0.009056983008334796,0.007085933668520061,0.006816663143775825,0.008927106957755337,0.006983478182661651,0.006706700575080493
0.0,0.0,0.6768879061339417,0.5632374717997708,0.43246222433390813,0.7242301446531487,0.6167554243372748,0.4972141714576547
0.25,0.0,0.02365843184374583,0.018514786508963432,0.016240101049964872,0.024915955989449068,0.019465623761592887,0.016947199294796267
0.5,0.75,0.024501202832757363,0.018838652243055365,0.01653331152056492,0.017976269417571134,0.014141175312143872,0.012486439316554021
0.0,1.0,0.8784250234998254,0.7990379509012091,0.6880379481509149,0.8479199508594044,0.7643253854611098,0.6486253979886603
0.0,0.5,0.44597932018893827,0.33750198008287746,0.26447322605743273,0.44667414105308867,0.3379612131278269,0.26474215548758195
0.5,1.0,0.0261170909574312,0.019625359108633278,0.013033142668405606,0.02349615923544246,0.017536158325248685,0.01152850365431135
0.5,0.0,0.5458960952109879,0.47265294370445,0.4768265879064526,0.4407332669657663,0.378862917617663,0.3838219150985094
1.0,0.0,9.60708245489883e-05,7.142898093304151e-05,4.753597084550254e-05,0.00010355995798638773,7.665015509172868e-05,5.093008729106785e-05
0.25,0.25,0.13703663553411838,0.10185928253586962,0.07302430377096591,0.13848988277377905,0.10253830094218486,0.07310058738359548
1.0,1.0,0.0013291127115793167,0.0012604722922198164,0.000932399109926374,0.0018003048727203153,0.001694942153736445,0.0012569286033873306
0.0,0.25,0.9627253493769043,0.9099818434856473,0.8628702705436537,0.9629727572748364,0.9091043026671615,0.8577484119560381
0.75,0.0,0.053904995287664015,0.040675485713462245,0.035898302333390975,0.056420134211955464,0.042657784561962564,0.037735129425861436
0.5,0.5,0.5944849525761963,0.5227342183487167,0.4460905857552492,0.5981688101373139,0.5247270818830851,0.443293099429826
0.75,0.5,0.09086274857087995,0.06888719209754635,0.049217694750970264,0.09117547493762324,0.06789486207989293,0.04637137455040197
0.75,0.75,0.0024936710775051996,0.0017099328711631667,0.0014425691367135896,0.0025402061126662545,0.0017401622078361267,0.001466839205908066
0.0,0.0,0.2717611339201713,0.17499975281613445,0.10675136404654717,0.26542355817844654,0.16965149378696442,0.10243136580845769
0.25,1.0,0.0742751424759518,0.07327451158511378,0.06968934585369557,0.0652672534622818,0.06585370708249394,0.06589829425224825
0.0,0.75,0.706361231849552,0.5712301617288215,0.45387649444290235,0.7334272296397524,0.5965884239204525,0.4745191207545053
0.25,0.5,0.09024008791335958,0.05890233257764077,0.036699362487470744,0.0553802093051895,0.0345584601877551,0.01992463825657309
1.0,0.75,0.0006271776759668723,0.0004973671389389978,0.00047116391193946505,0.0006822410978658544,0.0005451230311096511,0.0005262414634989998
1.0,0.5,0.0038049179986785475,0.0025958046145412306,0.001863086360841093,0.0036930407427182566,0.002516661621059013,0.001798929685764783
0.25,0.75,0.13836833753655187,0.11091278184114994,0.08171284423152336,0.10608411818925467,0.08450200686904108,0.061046477869898697
0.5,0.25,0.032398988704745,0.031794001641093916,0.02640479773454807,0.03195226706330434,0.031165586497420517,0.025603278590247136
0.25,0.0,0.27827048466393123,0.2015032954548308,0.16579144968099024,0.26512055819387403,0.1904903217051599,0.15520519986109527
0.0,0.5,0.9187923230434161,0.8406171808960468,0.7339644877259754,0.9321314614938707,0.8582681204815554,0.7519641381503612
0.5,0.0,0.11267912918463108,0.09418026210645047,0.0762753136476505,0.10805162129220847,0.09047098222538374,0.07314396949572144
0.0,1.0,0.6838586208354177,0.5869908724378599,0.5180878071372713,0.6793743654724639,0.5820710077299505,0.5123323053224558
0.25,0.25,0.09399428761053141,0.06410665440052798,0.05392898530396906,0.09503311547957438,0.0637122936503236,0.0526692563172666
0.0,0.25,0.4269499515436158,0.31133541764767414,0.25051666724944477,0.39685139459768193,0.2879836555348476,0.2313109351239767
0.0,0.0,0.032553189063245336,0.020554118053185966,0.01631120203129388,0.030680846112689952,0.01898717816998652,0.014426325494394598
1.0,1.0,2.5233131615509663e-05,2.132942230570478e-05,1.977336271652419e-05,2.2292066562790147e-05,1.8900222596540672e-05,1.7403187551612298e-05
0.75,1.0,0.003590051022056673,0.003311875912298534,0.0024668285461635353,0.0030050698625128103,0.00278012284176965,0.002056028780386576
1.0,0.25,0.011522842506561881,0.008450409106071644,0.005490540869072413,0.00931743637444482,0.006935374025014651,0.004565088703765818
0.75,0.25,0.0016428139021957833,0.0009930339421655443,0.000759501828026532,0.0016327472532781107,0.0009889617365382852,0.0007531346580975651
0.5,0.5,0.4600924919718765,0.3813549863945487,0.2724530916218064,0.4656004864189358,0.38740535511224206,0.2758864265500327
0.25,1.0,0.43672808469625146,0.37220274977780954,0.3132960700910472,0.39812063476538095,0.339607606929862,0.2829066088543144
0.5,1.0,0.3051483908865781,0.23671887010242076,0.1792374709067217,0.2903017828731873,0.2247398510781059,0.16959637911631587
0.25,0.5,0.09881934436446715,0.06634564736168147,0.04737371915667943,0.0783508084390484,0.05248434239971622,0.03700926205125188
1.0,0.0,0.013037255526244795,0.010242675489956055,0.009261183897156577,0.013076931770669042,0.010234482976026804,0.009161634117847317
0.5,0.75,0.3335984255593609,0.2261275576572329,0.15490032335604642,0.33574010415970756,0.22814707175095306,0.15675207685830161
0.25,0.0,0.036323812952038126,0.02582906025308751,0.0195316049202775,0.04387977959130196,0.03140165415329366,0.023682577779374325
1.0,0.75,0.010194165677047673,0.008577374291568352,0.007007091041929314,0.009944541056676859,0.00821974400932235,0.006642671421259516
0.5,0.0,0.018591827066727573,0.014636783559881295,0.012657036482358164,0.02366055574324122,0.018464299328234568,0.015946721537063446
0.0,0.75,0.4623030720202712,0.39876676603470407,0.36647595830487556,0.4342824754880926,0.37597497352320974,0.34699389322936114
0.0,0.0,0.46325663297582353,0.3791358677137864,0.2881479228849474,0.44957571414993336,0.36462457564581174,0.27186807011381064
0.0,0.5,0.11411300735169105,0.10332713918760073,0.0974124394035033,0.10275624491551483,0.09420943440120932,0.09016308102216519
0.75,0.0,0.01588537260388967,0.013468566716762886,0.011309610183712238,0.015648123059892938,0.013343936834285364,0.011283380618744121
0.75,0.5,0.008085081290809537,0.005627095218567968,0.004339176763528352,0.007612396493131168,0.005277955194477824,0.004038354347098094
0.5,0.25,0.20516821562196785,0.16212898177720125,0.12865146959635876,0.1718682731745229,0.135126969178601,0.10468574596329128
0.75,0.75,0.010350492083300966,0.006870660084718261,0.00601809856740021,0.010398207398167547,0.0068810865782491515,0.006005033784668434
1.0,0.5,0.04255221415026855,0.02876407765946687,0.019671604958890643,0.03355394056237371,0.022026061511943307,0.014440562622876074
0.0,1.0,0.5033207118460179,0.4364303934701981,0.3673142083618004,0.5039403029766848,0.4363313739018799,0.3656938532632552
1.0,1.0,0.00010866686441901585,8.884180818113929e-05,8.427695642176936e-05,6.8609115436713e-05,5.7643735953183395e-05,5.552004353126527e-05
0.25,0.75,0.014840871928237576,0.011950854290237012,0.008654651313165784,0.016118235158072203,0.012949493101696907,0.009446601360916684
0.0,0.25,0.23824598484463766,0.21791194399123126,0.21539419030119555,0.23296326193539585,0.21349680680822103,0.21104481193974967
0.25,0.25,0.27224409753955503,0.17790921835465934,0.1369407947544734,0.2868928369682968,0.18793980770333707,0.14475547642756914
0.5,0.5,0.13397181110335998,0.10732641469481963,0.08620030229298137,0.1269819032440458,0.10163625127986287,0.08128813741969465
0.25,1.0,0.2870237725720869,0.2285966885703532,0.17933242934724714,0.28580236875273557,0.2271371628149932,0.1781482255643152
0.0,0.0,0.555878287576012,0.46548480838356565,0.38586600242764113,0.5511810588086701,0.460907473764971,0.3813048474382108
0.5,0.0,0.02486631161760744,0.019004472510165682,0.015999265824514608,0.025507096108042804,0.019480638577585863,0.016382315886665944
0.25,0.5,0.030698335095200813,0.016705802649578105,0.008378712481963313,0.031521652604654116,0.017263770649929344,0.008749857663948313
1.0,0.25,0.0042359526001152226,0.002899426365207791,0.002157174427396713,0.005299103439258657,0.003679726850823406,0.0027899212441209187
0.0,0.5,0.5833114878746105,0.5085767633500403,0.4009547308522379,0.5587766974659256,0.4797498381576477,0.3666486052456226
1.0,0.75,0.0007305362775094082,0.0006749557296348296,0.0005755641383047294,0.0003610068221741036,0.0003484873571988345,0.0003034959083774158
0.25,0.0,0.2043148219088906,0.1530998782742634,0.11996702154346695,0.2027895126909105,0.1522451603652376,0.11945605174388596
0.5,0.25,0.029283407890639213,0.028977548022783406,0.02836133807745922,0.031128974840638035,0.03048807712542545,0.029359453999799
0.0,0.25,0.3164895362614558,0.25575153923643335,0.21326739734303668,0.28728848598209655,0.23055547118474462,0.1901339252816514
0.0,0.75,0.1231485375160315,0.07442988980016119,0.05139530065740272,0.13590925122496977,0.08124598084249235,0.055352294073894526
0.0,1.0,0.6353578437559033,0.5691614243237415,0.5339591393206891,0.6352442405828044,0.5687334176818721,0.5329731506978301
1.0,1.0,0.0005358942191704408,0.00044067819060233937,0.0003735401277703554,0.0004973897867678323,0.0004109418557988187,0.0003450772710409389
0.25,0.25,0.002623133006635081,0.0019097649564421282,0.0010908473162849486,0.004198937038500827,0.0030803207325780235,0.0019161871409183462
0.5,1.0,0.04663821672360635,0.03716031702662215,0.03007312884845037,0.03873775425909787,0.030947899380553312,0.025095771548685364
1.0,0.5,0.0023776791024453514,0.0012964226905201048,0.0010018414390573493,0.002495336243454327,0.001346539062018648,0.0010295289979701527
0.75,1.0,0.013185763336007295,0.009230989647778132,0.006417008207041386,0.013001291924360059,0.009091414227382133,0.006297937665744824
1.0,0.0,0.0032485931511101462,0.002461028424507239,0.0013980454009836496,0.003621457132828687,0.002792671582588113,0.001631840173752508
0.75,0.25,0.08642525808456214,0.06467325446838601,0.05190213306362046,0.08618916914701891,0.06428495890690022,0.05121262429353124
0.25,0.75,0.436890266230032,0.3245927634125694,0.25555284430830505,0.4068284686011755,0.30143374376557164,0.23764542478925343
0.5,0.5,0.07418784749914575,0.06509617447980132,0.05685632078389913,0.07085903173189645,0.062053568865366615,0.05393124314799225
0.0,0.0,0.6615801002303427,0.5828498883430615,0.4770848765454677,0.6614126260677697,0.5826297952955463,0.4771748726063292
0.25,1.0,0.47456723614471585,0.3793535491743095,0.3048724670238987,0.4437938999828557,0.3493381026524681,0.27592856221937667
0.75,0.5,0.03182841356202459,0.02317827383374027,0.01760416415867061,0.02477475626111869,0.018085612260237305,0.013540402939268503
0.5,0.75,0.24763927818331255,0.18931725685950662,0.14115323226045506,0.24778563900539963,0.18776231231201002,0.13778037450167147
0.75,0.75,0.021283497117184136,0.01635538631743283,0.015284078128891432,0.01776478216325794,0.013754928890391982,0.01282021446801962
0.75,0.0,0.11822178080972057,0.08400211082873676,0.060365927428639665,0.13674098003050306,0.09799389869510722,0.07110343795680785
0.25,0.0,0.4824121410352392,0.35709018121736835,0.26093291477604197,0.4227490884682644,0.3027911988705243,0.20954939194814293
0.5,0.0,0.11931029242752167,0.09090284453496489,0.07233168066788043,0.12676422308634128,0.0973515066429006,0.07840117838614169
0.0,0.5,0.19519041362172018,0.13319775754081553,0.10652223078769485,0.21437185317089513,0.14625799482030322,0.11775243045609884
0.25,0.5,0.4260129849325991,0.37672543584547347,0.30228072701639563,0.4182381097372041,0.3703602600198974,0.2958820941072735
0.0,0.25,0.9204480279428375,0.8257892845372059,0.7127163949895954,0.88944426275961,0.7821687819406771,0.6615937553316644
1.0,0.75,0.005893532254972023,0.0038513034397754664,0.002542315994618627,0.007314118442903417,0.004998417500009178,0.0035294907160760003
0.5,0.25,0.038494431921164196,0.02555809501224715,0.017025410596874457,0.04015322487532291,0.026471152512585916,0.017470214778911974
0.0,1.0,0.8497068080321739,0.727081368797701,0.5783581780303118,0.8596391269440952,0.744269941627741,0.6036087250150144
1.0,1.0,0.00012069531890723795,9.105658632280189e-05,8.257067052985789e-05,0.00011180255965181907,8.42290269469359e-05,7.599529481161493e-05
0.0,0.0,0.5844611352413457,0.48857761259285193,0.38937453552219536,0.575037655294482,0.47791933328736513,0.3772657764669881
0.25,0.25,0.05533468883936943,0.042860588363443974,0.034279082081479895,0.053660367802998876,0.04156376904851411,0.0332431120103569
0.0,0.75,0.9845692974185443,0.9574357089162135,0.9224894071688948,0.9825842473510351,0.9566409536818934,0.9267897752131412
1.0,0.25,0.001232595776908263,0.0010909668541557727,0.0008852930927955027,0.0013016685378985926,0.0011556122495356425,0.0009483366055609288
1.0,0.5,0.005477767802147593,0.003884598656639593,0.002820975373276413,0.005232058805888062,0.003742368511371663,0.002721525840986061
0.25,1.0,0.4147948704077189,0.3097293263678005,0.2037746081068652,0.503981896916081,0.3969107959370233,0.28376573309824593
0.5,0.5,0.16399904830664047,0.11421364042079274,0.08237128877345623,0.1877054324310523,0.13035562106443643,0.09472927704626377
0.25,0.75,0.6940932210976092,0.5526434018702988,0.4671618336162707,0.6894524196490646,0.5481467799135028,0.46297064656908204
0.0,0.5,0.7225065354873286,0.6094824999260335,0.5082725255168675,0.7459617159951015,0.6341029864731876,0.532576505511886
0.25,0.0,0.3125749727087934,0.24049469980219107,0.21396988231440028,0.3530142094996054,0.27586628452826734,0.2494854706442351
0.5,0.0,0.09331032135600359,0.07038306833829089,0.05430198447592505,0.08730153034961796,0.06583571046635095,0.050629654776302324
0.0,0.25,0.8879719213350346,0.8232489580245073,0.7721403747995129,0.9167758769752012,0.8597845067877977,0.814151669151877
0.5,1.0,0.017450420532471478,0.010855512185158456,0.008751545104554781,0.017195604690890764,0.010880003574405106,0.008838419489525351
0.25,0.5,0.38920522684129577,0.31197669334289246,0.2408498918161921,0.3856380437109861,0.307442578731568,0.23576344253537185
1.0,0.0,0.0010427304380207225,0.0007614714284006618,0.0005149158503858775,0.0010269851605758662,0.0007544858378614183,0.0005116006306131737
1.0,0.75,0.005356090692430371,0.0042418009029461246,0.002502470905336396,0.005201507192844845,0.004148685951040898,0.002530926939706357
0.0,0.0,0.8201618238400887,0.7223603217184632,0.6356783090495449,0.817419451952976,0.7223189963413714,0.6444172295392436
0.75,0.5,0.00038326256319198837,0.00030828837403584775,0.0002429407138164752,0.0003556475996187025,0.0002845041927898029,0.00022196209719427262
0.5,0.25,0.18593389859348886,0.15508677187341469,0.13296601692561216,0.1744994212162324,0.14485899915999978,0.12276608232194064
0.75,0.25,0.016205175238493075,0.014120095891689277,0.012542329198318436,0.02168789637778712,0.018955992785261833,0.017218353765565686
0.25,0.25,0.01950146766037708,0.017368637966756806,0.01566659014091476,0.019266720255822767,0.017200568202385025,0.015631618636901767
0.75,1.0,0.006977087995305942,0.0056205409273335505,0.004189978030784802,0.006090751189895771,0.004834471960716402,0.0035214817902377016
0.75,0.75,0.02464858797664915,0.018815161031108252,0.013212831539524017,0.02483214117005217,0.018845077425120316,0.013133202136326516
0.75,0.0,0.024766292205198992,0.015222017926355358,0.010571026797830285,0.02353302429861215,0.014408934463955192,0.009789206509734694
0.0,1.0,0.36124741754145373,0.2731973236821007,0.2147559741688001,0.41018577644053655,0.31685310624068963,0.255579149121016
1.0,1.0,0.000588216466893221,0.0003177613778614363,0.000214308912490635,0.00036100260362226244,0.00019346130043440546,0.00012574079611460398
0.0,0.5,0.16480829834495747,0.11103586916811115,0.0782549296900521,0.1734853810115058,0.11721280571917558,0.08290433462896518
1.0,0.5,0.2490262299290963,0.18776811084929157,0.148158842521527,0.20565220962560615,0.15425810439085108,0.12101524238788963
0.5,0.75,0.23347792598979056,0.17074276891287687,0.12109651129954613,0.2613161176045995,0.1974930654334306,0.14550886678146802
0.25,1.0,0.5318399666391996,0.439712307463783,0.3543577345978638,0.5532342938085906,0.4591097800818632,0.3687013713635302
0.0,0.75,0.6248525005067336,0.4841559475812445,0.3185889135386988,0.6881525570703159,0.5529091155868785,0.38699478853074265
0.5,0.5,0.0012344962494245104,0.000799806145321158,0.0006155673268883888,0.00112330751080858,0.000769371150315945,0.0006210669040750405
0.25,0.75,0.8302413782241698,0.727290184073424,0.6185885730472896,0.8812723330799106,0.7910327998085585,0.6907616450543288
0.0,0.25,0.5739414111882177,0.47810421966676,0.4022753230475,0.6171721731526049,0.5195050646178752,0.44225056521436856
0.5,0.0,0.0057728371496615916,0.005288034565331334,0.0048017429940141465,0.005770358098555528,0.005270710175252824,0.00476181585783797
0.25,0.0,0.24305325566463776,0.15554178902483917,0.10001679177597655,0.2670069218102584,0.17484957968422787,0.1171344632037794
0.25,0.5,0.7470839702898658,0.6270709525783001,0.4593395471045414,0.7770206994742391,0.6613004224516726,0.49527198030463004
0.0,0.0,0.14542697287935535,0.13309693269761314,0.1286406021860066,0.15764657270663496,0.1442979125425613,0.1398590959357935
0.5,0.25,0.0005243411559112676,0.00038439852545257835,0.000278594613799088,0.0007308239207415301,0.0005224289522020031,0.0003669536793775574
1.0,0.75,2.6285331903297404e-06,2.3876468822070507e-06,2.1784903745381e-06,2.496677038998918e-06,2.258281084244196e-06,2.0421299864459286e-06
1.0,0.25,0.014144326294772913,0.010390560390033832,0.008522204128046273,0.02031250669665785,0.014381432920041015,0.011278422723309478
0.25,0.25,0.4918423204134984,0.4536088555232576,0.396438284186741,0.5808269756282199,0.5408496212893459,0.4839406459022524
0.0,1.0,0.16980362985598063,0.1341834913093689,0.0965908221192957,0.19594969721491307,0.1567836677860842,0.11460940379701179
1.0,1.0,0.00012420065939466873,0.00010320935731911174,7.619881061171618e-05,0.00012024244356734215,9.946040785846488e-05,7.26788545055701e-05
0.5,1.0,0.15474009559716118,0.11566251907985736,0.0943593629456222,0.14777485598294593,0.1102084331919897,0.08984768820346412
0.0,0.5,0.8425338644887604,0.7163400090365533,0.6159878421406721,0.8119794794526115,0.6589670530467613,0.5302635798938784
1.0,0.0,0.00011740318993647136,8.35821294503658e-05,5.154995419509589e-05,0.00011795446937845622,8.384762757962516e-05,5.1414198656840604e-05
0.0,0.25,0.49456970539480505,0.42074973025559026,0.3574113913671251,0.5056243709731277,0.4283378189323269,0.3625196517296574
0.25,1.0,0.6957598578536899,0.5608947390240728,0.4259727878789974,0.6605005715926804,0.5215918801386551,0.38382261238434223
0.75,0.0,0.010623254343051336,0.0050036664689889765,0.0035380815234618,0.0077773715539508625,0.0036003251053994267,0.0024773889980763686
0.0,0.0,0.20857956997308458,0.15919140720336367,0.11199763564545762,0.21059152528447167,0.1598309241364142,0.11213624365580221
0.75,0.5,0.00990316734927732,0.007286919266556224,0.006997186012140499,0.011125877932475992,0.00826989744956208,0.008001111582092602
1.0,0.5,3.66157940707712e-05,2.7254935389464663e-05,3.5180675172719056e-05,3.539551396114504e-05,2.6299511640459627e-05,3.3853022276431055e-05
0.5,0.5,0.3016570385263375,0.22331673369841554,0.19093614014311788,0.2869952258713486,0.21303390595444027,0.1828592043834032
0.75,0.75,0.0005056345718552624,0.0004451379368164421,0.00046337333281665227,0.00047375935560856064,0.0004148296458050815,0.0004245617456317685
0.0,0.75,0.34860432433955757,0.28473387963206687,0.23313370589698446,0.36866894315276655,0.30278405047658596,0.25065729066682396
0.5,0.0,0.12919333116079845,0.09617499814486818,0.07713534858363835,0.1249154707981639,0.09338473892420796,0.0755958322787369
1.0,0.75,7.697064125355979e-05,4.988848017795089e-05,2.5919192469858743e-05,7.979188911855228e-05,5.1742228837636794e-05,2.7058930746726162e-05
0.25,0.0,0.06572683657236245,0.05388715515741305,0.04783881995706063,0.07701032170789657,0.06236232372564321,0.0543032040261342
0.25,0.5,0.4871800379015371,0.44546175190171056,0.3924623481336047,0.4881868875664156,0.44416055135214005,0.39096432746668275
0.25,0.75,0.8732568508478995,0.7706174505943189,0.6214977938376495,0.8893808734976956,0.8059684543161159,0.6834226988421965
0.5,0.25,0.26577731959527573,0.19444269488468213,0.14446502420174934,0.2643663183538585,0.19336151249303202,0.14360533374309437
0.75,0.25,0.08157615675515162,0.05580424701639197,0.03582774557547863,0.0738456015766269,0.049595093132388635,0.030206137526778365
0.0,1.0,0.1034931938077589,0.07347760862128405,0.05540221848724447,0.1016138429821325,0.07168429102212892,0.05372354481087194
0.75,1.0,7.188050382156419e-05,6.0427460786272036e-05,4.7818929297394064e-05,3.7326846328511465e-05,3.188776869400556e-05,2.49967831681408e-05
0.25,0.25,0.7213184191409197,0.6226102974270319,0.4839400388260636,0.6825970799462353,0.5912240909795254,0.4638486684388996
0.0,0.5,0.09501632741138444,0.06827552667185188,0.054895097082954036,0.0887766084048508,0.06383266085655603,0.051545174814587535
1.0,1.0,0.0063532835222135375,0.0046997989199109025,0.0029597392191603733,0.006584302129333142,0.0049089450539075985,0.0031532159303465646
0.5,0.75,0.02949349859899697,0.027506290889936502,0.022897009322576434,0.030087055867219048,0.028069150682448307,0.023498056428448266
0.0,0.0,0.31321308824876615,0.2599083119599147,0.22268836850532214,0.28540383972759953,0.23497144770339684,0.19801402656844969
0.0,0.25,0.7930188624526413,0.6828847763380372,0.6014950012262629,0.7921431998192963,0.6813571242940452,0.5995772644977987
1.0,0.25,0.2236964619075794,0.17392051861700486,0.14251998093147833,0.2407641676457819,0.18814986692067914,0.15643900016109913
0.25,1.0,0.18134711217212307,0.1294745230245269,0.08515992013674445,0.177790864149871,0.1291174772794237,0.08706504498348999
0.0,0.75,0.3583631898742111,0.26219473022298867,0.2161594475366574,0.34141358297286595,0.250033062280984,0.2069305849524108
0.5,0.0,0.7030235006726595,0.5725953542060609,0.42147428139658816,0.7112863766459737,0.5780774002988506,0.4228358366377847
1.0,0.75,1.7250425437875805e-05,1.0570620429861677e-05,4.257383678707427e-06,7.907801109041657e-06,4.980215883687578e-06,1.876395618660709e-06
0.25,0.0,0.11698076325917828,0.07104699216218346,0.04995434857122205,0.11639032715100239,0.07030909191148438,0.04897411696486165
0.5,0.5,0.2095648304329618,0.1669745424461606,0.14133783733458471,0.24623076202725525,0.1944648087865848,0.1617574400206977
0.5,1.0,0.595541768771095,0.5066711158758641,0.4435269467325966,0.5869084528698638,0.5006501205005965,0.4377536647936451
1.0,0.0,0.21650439096400786,0.1723745032385704,0.13147887835235073,0.2223682792744608,0.1776893873325095,0.13529119957707136
1.0,0.5,0.017514114096391253,0.0167107547756129,0.015634520014161657,0.017608278656123577,0.016802078786800845,0.01574533036010939
0.25,0.5,0.3053277420515881,0.23447170220695956,0.20707201770842243,0.3078590938241256,0.23612956301919463,0.20799332668918757
0.5,0.25,4.9548185487857666e-05,4.124822241702297e-05,2.9862063901653357e-05,8.304976336437342e-05,6.803754445039445e-05,4.980484925198869e-05
0.0,1.0,0.4635310798022212,0.43030602539034835,0.4001356969176353,0.48858379417763487,0.45202599596108284,0.42215308548108244
0.75,0.5,0.20613465973323652,0.15440934656715521,0.12017175506957767,0.20313816543124763,0.1524634381977923,0.11852420542263442
0.75,0.75,0.08933371622273611,0.059826033060349615,0.03858722982995366,0.10215185939137672,0.07016058507395684,0.047126825294265706
0.25,0.75,0.0001344732567860607,9.844538812908699e-05,7.036832765827672e-05,0.0001932821696625231,0.00014917816398307693,0.00011110077284581799
1.0,1.0,0.00023064877907741366,0.00011911603755720979,7.191822230079303e-05,0.00022022744580518783,0.00011617234698679813,7.178677167618552e-05
0.0,0.0,0.9447902354409291,0.8688679289731167,0.7829052718255394,0.9569375086388759,0.8887817008354051,0.8090105590521386
0.75,0.0,0.0003808425480194,0.00023230236677163063,0.0001278348379564198,0.0005456283241006554,0.0003359240139709785,0.00018692329297476107
0.0,0.5,0.11970046630813758,0.07284639334399401,0.058618141616935904,0.12392357462488213,0.07513892502945962,0.0601913647606912
0.25,0.25,0.5488334290497106,0.4728753927439713,0.40787836411449496,0.6308581432924802,0.5424410568564026,0.4708773777502874
0.0,0.25,0.827375109328705,0.7669103959576777,0.7089881511764555,0.8079606672611384,0.7452530500665738,0.6839832493260434
0.25,1.0,0.3475699151025605,0.21842913349419213,0.14266770246252858,0.33281832661806765,0.21468498193487062,0.14521722642360702
1.0,0.75,0.00015670507547793644,0.00010236329733526173,6.932620447352988e-05,6.555609927094697e-05,4.545231345487455e-05,3.32867849448526e-05
0.75,1.0,6.73093516032619e-05,5.701532308188817e-05,5.712489093601114e-05,4.575723366273543e-05,3.919828175802387e-05,3.879618682611774e-05
0.25,0.5,9.021417723831249e-05,6.607541725267563e-05,4.4378964961788725e-05,0.00010801895643175463,7.883222517868216e-05,5.357414279683059e-05
0.0,0.0,0.044522618567226724,0.026679598512904246,0.01573283711709328,0.0455669604982869,0.027581090027892885,0.016712047358366844
0.5,0.0,0.07316807715877494,0.0641850556072574,0.04565933728332361,0.08007946319456405,0.06998547568867353,0.050170074904001716
1.0,0.25,4.912498274833865e-08,4.31870763595299e-08,2.9913872934272945e-08,3.83390461600186e-08,3.5322496150236304e-08,2.3049355091231405e-08
0.25,0.0,0.009549699790760702,0.007383991562752934,0.006313655346012137,0.009607992624980577,0.007477240050588363,0.006442401768895101
0.5,0.5,0.03977066515193195,0.03353702791520485,0.02548085144876755,0.039482764075334575,0.03328539404793385,0.025253141277509217
0.0,1.0,0.24814933080119195,0.18727816909892958,0.1400448372909402,0.2697837062075692,0.2026902015523241,0.15138695236090938
0.0,0.75,0.8060793352921332,0.704649644429507,0.6401022886209575,0.7543949470075535,0.6436822093821157,0.5775192282274919
0.5,0.25,0.015172880916292208,0.012523450681046322,0.010609345106371348,0.01947388476868739,0.01593980894920688,0.013425617508961984
0.75,0.25,0.0005370709873816493,0.00036915621033029034,0.00022998833970189203,0.0006654909842409573,0.0004670013939047646,0.0003049464684035108
0.0,0.25,0.17706800209343476,0.1505093865337087,0.1413802339893987,0.13208932220106917,0.11089888739418008,0.10293833227614746
1.0,1.0,8.651056518416134e-05,8.119986592469708e-05,9.058625414448684e-05,8.354839919855195e-05,7.830732568425702e-05,8.69567715596764e-05
1.0,0.5,0.3123834253933707,0.25023805818032463,0.223108353721293,0.2984632519197785,0.23738733270408652,0.21061702128256754
0.0,0.5,0.5536445217185808,0.47937208863528624,0.42139597601650325,0.4578962873531369,0.3938563507785148,0.3418151329861765
0.25,0.75,0.03483166767021606,0.02544896419228848,0.01862592880692271,0.029005119595089335,0.02088971099897552,0.014867742912390902
0.5,0.75,0.0005502012205316209,0.00040050836692429037,0.00029150814457223895,0.00044379957505480405,0.0003287833283943664,0.00024286068071832645
1.0,0.0,9.150493500698076e-06,8.001750941843966e-06,5.787057566153386e-06,5.738205700711596e-06,4.878611830738677e-06,3.273288987193368e-06
0.25,0.25,0.0048734670150597514,0.003823908929755926,0.003438631269541137,0.00378700767778839,0.0029266257051085987,0.0024933381110308073
0.5,1.0,0.10388555013746037,0.0878179389553656,0.07939379593273155,0.10478408936967554,0.08781271547975877,0.07889466877404461
0.75,0.5,0.008286251678462309,0.007772740493344088,0.00703087539951619,0.00809491710601895,0.007593917094027791,0.006850003296078655
0.75,0.75,0.019523085708108012,0.010822343560226155,0.008447921885926357,0.017969075364047127,0.009790191408078242,0.0077373580286512755
0.25,1.0,0.16770107373701926,0.1253226576605555,0.09435858508879724,0.16720744151975275,0.12489215261472886,0.0939226901187652
0.0,0.0,0.7805591593418884,0.6641682731146844,0.5296387222151715,0.7772917101885031,0.6598458298971657,0.5245392821356871
1.0,0.75,0.00011971872277705131,9.953952541263966e-05,8.737261593250167e-05,0.00012060148342185606,0.00010018875691031326,8.777489843592168e-05
0.0,1.0,0.9378007158031554,0.8236268561492179,0.7288553449420951,0.9386190096104885,0.8250541186404439,0.7306862172520694
0.5,0.0,0.024558841788384855,0.018400501822924076,0.01462837321407684,0.03532054772114934,0.026497419425300706,0.021382000871188356
0.25,0.5,0.1802254827322678,0.12996985647936454,0.09642008544875291,0.17892950286167786,0.12884223351902002,0.09531966132157077
0.25,0.0,0.16260075849411482,0.11861637351577148,0.09377522749407874,0.1606042684552368,0.11727405337558228,0.09280264599760757
0.75,0.0,0.003770861576948392,0.002558507765510143,0.0027401330708105576,0.0034860143152706247,0.0023418325569906084,0.002480346365904218
0.0,0.25,0.747854866621775,0.6688409164038299,0.6043328241582506,0.7654546161856006,0.6848124176365082,0.6188980052423692
0.5,0.5,0.0008044320388299608,0.0005936359001075253,0.00045428929177293575,0.0007308701163206699,0.000536389909279178,0.0004054390487089332
0.5,0.25,0.11791806648599845,0.09302183743942516,0.08188715471774066,0.12899292370054227,0.10088893750438377,0.08796793214800935
0.0,0.5,0.28675755772562894,0.2358551966132385,0.19634952002488615,0.30053368088722254,0.248842492461392,0.2089210467933218
1.0,1.0,0.008490975412730029,0.006139967600047314,0.005292574995944488,0.008337241008954832,0.00602570434008165,0.005182086133489583
0.0,0.75,0.3588650639183141,0.27391899600768377,0.21318168211690092,0.35879847501678364,0.2736560099427414,0.21281324856419603
0.75,1.0,0.001741370941154008,0.0013704828349082598,0.001266454460318145,0.001609147175047121,0.0012874443130141966,0.001206518373331411
0.25,0.25,0.16771308480725344,0.11124509863914678,0.07761209964775684,0.1751109882669455,0.11597607885871353,0.08085186976442116
1.0,0.5,0.04664802329653994,0.041802555315143874,0.03926746668006598,0.04899000613119653,0.04371727776349821,0.04099383900564013
1.0,0.25,5.3210419286298105e-05,4.5877092970214584e-05,3.811304995271492e-05,4.8270870177558045e-05,4.147566848078377e-05,3.4072553973807373e-05
0.0,0.0,0.8909688402043692,0.7993630203746844,0.6639083813800266,0.8885787480527594,0.7950631694030381,0.6567528979217624
0.25,0.75,0.3641635218171294,0.27520821300022846,0.18331456084242304,0.3536773752513629,0.2669117582807008,0.17763276971985476
1.0,0.75,0.002098402642299102,0.0015297207714839445,0.0009359720808865823,0.0019214770898912104,0.001398489475335829,0.0008479309221897102
0.25,1.0,0.044377964974645745,0.03591523018712606,0.024251924098071864,0.053707517653653114,0.04293696956769266,0.030060824797664365
1.0,0.0,0.00014966446808872824,0.00010062506125940729,5.480599482754478e-05,0.00014699913940785514,9.929225288929366e-05,5.400698835344997e-05
0.5,0.0,0.031613064014786585,0.023269795642912428,0.01785027338273204,0.03203824062431626,0.0237027713630531,0.018190602843902504
0.25,0.5,0.030346408380078738,0.02545960659155,0.020351659629839647,0.030206315540691975,0.02558462878418233,0.020675291539285157
0.5,1.0,0.3014351484274306,0.25482077126433733,0.20738126376135313,0.22559212037310772,0.19220171830169552,0.15669671535404994
0.0,1.0,0.42917911757399163,0.3564400904826901,0.31688725827679054,0.4243318241642726,0.35272756212092726,0.3145425103845877
0.25,0.0,0.007579765707556696,0.00638002636942403,0.005610631022727963,0.01419297827485011,0.011611656702667394,0.010122011506726869
0.0,0.25,0.25331992848700324,0.2144325015771441,0.2187040915802414,0.23926011764968735,0.19499221587960824,0.19250389854859773
0.75,0.25,0.05323141854265734,0.041964699646050874,0.03500158167945078,0.053944273909746654,0.042687073602332815,0.03566107509066152
0.5,0.25,0.2555818937926063,0.19610812752487805,0.11873528182266424,0.21792177429846604,0.1628315530043153,0.09146945147518704
0.0,0.0,0.8472273543926923,0.7384633424354147,0.5963570367422194,0.8464825476633246,0.7369467724607114,0.59386981054305
0.0,0.5,0.5657982328292012,0.469051632831452,0.3896590469842184,0.5667628853410966,0.4706993426501058,0.39184030820539306
0.5,0.75,0.061277002131201685,0.050917938501108484,0.042591317742845525,0.08496961309052808,0.06943236567640576,0.05765012756149024
0.75,0.5,0.004245530441168266,0.002851625444542094,0.002103996885991277,0.004067528640336215,0.002766401391988915,0.0020566657629248475
0.75,0.75,0.004372185242072835,0.0029138763634068976,0.0019350108588557235,0.004360494444980101,0.002902308034682277,0.0019194232956508683
0.5,0.5,0.128767714100243,0.09447552351554689,0.0584792857745271,0.12592680306053183,0.09211556429912748,0.05653756155860601
1.0,1.0,0.008957734086177727,0.007341249338302047,0.0057701371010661084,0.009068931338244601,0.007428219191164542,0.005831898835595206
0.25,0.25,0.010716818244508985,0.009190560373845469,0.008592437445474665,0.012400664401414963,0.01062338887854053,0.009979223461298758
1.0,0.75,0.000919923116221466,0.000661508903933461,0.00042443788861357135,0.0006547146876050292,0.0004662639287348336,0.00029065473215328375
0.0,0.75,0.03617566217708024,0.02451713339781869,0.014796165787791749,0.03181311094922035,0.021080164096284104,0.012242183628760395
0.75,0.0,0.03453129062034421,0.029329811206692424,0.024826893746442535,0.03934970010630068,0.03320197660692581,0.02827575368009627
1.0,0.5,0.00037429609006789377,0.0002525635959211847,0.00026697234031392014,0.00037556195890986466,0.0002531668071423798,0.00026638521245658797
0.25,1.0,0.10227784834196252,0.06852602761234183,0.048347632399768026,0.09896392885503902,0.06590661081215743,0.04597214847451525
0.5,0.0,0.08484589804359854,0.05882287942603037,0.04008380458081473,0.08201303666711701,0.056600717388391564,0.038376742043203294
0.25,0.75,0.1374083401447499,0.10614722395832044,0.07001239210092103,0.13385054127573248,0.10380136016363739,0.06874163004262845
0.0,1.0,0.3106454614135663,0.2343357071503276,0.17411871569101844,0.29034620722011795,0.21735608698376652,0.159529711253663
0.25,0.0,0.30884947688615594,0.2476592069320891,0.19787583960674948,0.32057215944052275,0.25809695280264244,0.20818081191285365
1.0,0.25,0.0026666353843485258,0.0022068017874921075,0.001639841105191664,0.002603798637857535,0.0021429284375421576,0.0015771674092401877
0.25,0.5,0.0030183627233929533,0.0023806093444689314,0.0021541103242511683,0.004315874602611958,0.0033036384918687656,0.0029324147284157664
0.0,0.0,0.37700455050993786,0.257877521272998,0.1872141690721434,0.37406473890338554,0.2560078570423113,0.18601947207418745
0.0,0.25,0.13045375105201817,0.10888840422138912,0.08835357422007917,0.11299824076114628,0.09334454224380162,0.07440166550861183
0.0,0.5,0.8455454595429869,0.76312512146623,0.6512684499242849,0.8542085157672261,0.7707748020623671,0.6547997437440622
0.5,0.25,0.14644622592031598,0.1212025589188388,0.10403081062329678,0.14937667477570038,0.12213904701440559,0.10412829513851496
0.25,0.25,0.12256299925338687,0.08170860084475107,0.052538467706860326,0.14162163773614966,0.09650414153135634,0.06466496220096019
1.0,0.75,1.3118779420562277e-06,1.1007328237777614e-06,1.0101874037271585e-06,1.1664914092435197e-06,9.809137034855198e-07,8.9984387963149e-07
1.0,0.0,0.10712118754877542,0.09226422926283584,0.07104049640658905,0.10701512856549555,0.092081214632036,0.07013897639471622
1.0,1.0,0.00019464145177372494,0.00015412820638327496,0.00012645015454859632,0.0001317704462522329,0.00010424445514645164,8.53620821472667e-05
0.5,0.5,0.004170640117346247,0.003167374752121477,0.0025233610310184673,0.0033794764745266326,0.0025609791622407396,0.0019770276979911294
0.75,1.0,0.009089189770279837,0.005011096394432313,0.0033834310450241434,0.007834932230830205,0.004308187284113085,0.0028895331079004105
0.5,1.0,0.08208006071787344,0.05665215616273356,0.0345990633283223,0.07820467206005621,0.05321573145058922,0.031714458861879624
0.25,1.0,0.40390355587527005,0.30701647688756173,0.24334391555973978,0.3661437334173143,0.2738980216928578,0.2138988387161287
0.0,0.25,0.30074610536658264,0.2385805276068217,0.18696658579732106,0.33203628922562856,0.2700197741277961,0.21828186278013306
0.25,0.0,0.3298697195096847,0.24561279834016925,0.2074145788684223,0.31082892183708466,0.2299313486376373,0.19227591462985694
0.0,0.75,0.24904834670460563,0.25451405075029077,0.23489576622257358,0.23310143032381037,0.23877302075464946,0.21752795251055823
0.0,0.0,0.027685686065512805,0.01732791764118269,0.014215362632348238,0.03319477667188364,0.020032640181993022,0.01555153320993341
0.75,0.5,0.0010059959505182015,0.000886198838455643,0.000843402975707952,0.0008701897971592487,0.0007865152747192905,0.0007651791934617513
0.5,0.0,0.018981292367973523,0.013179983996075118,0.010057979794475536,0.02472040452966151,0.016790648369508387,0.012665092315265247
0.25,0.75,0.6840865600048585,0.6243981756692594,0.5575588963700073,0.6698466208049928,0.6095660231805256,0.5432661995904633
0.25,0.5,0.5808662534200172,0.5109517269035935,0.4543835150710701,0.5516727287775616,0.48280848208284954,0.4267709103309214
0.75,0.75,0.00021313437739212127,0.00018947918299594413,0.00017088846793378298,0.0001463551947618047,0.00012580880411205975,0.00010801964134787845
0.0,0.5,0.5087132003443806,0.38631944726839695,0.29465590098710615,0.5075922435739667,0.3896088552418431,0.29995014493236594
0.0,1.0,0.14878888710440075,0.12605969103144665,0.11518185805486048,0.16929993032239854,0.14145328130100165,0.13029871382458902
0.75,0.25,0.1447128005739109,0.11870257164438014,0.08731044895356432,0.18374670562028084,0.1494302846172414,0.11109907635688421
1.0,0.5,0.0009959420216109072,0.0006783846249833747,0.0005471069319378241,0.001086607139212381,0.0007410286841149638,0.0006010564376779381
0.25,0.25,0.2529089249537766,0.2015088738615407,0.16931351153728635,0.2743745501627679,0.22080720453298164,0.18716298442927848
0.5,0.75,0.014732114517380213,0.010619300801237519,0.006960143875336833,0.014355746633716304,0.010344049597715177,0.006756327914105631
0.75,0.0,0.41095761452701385,0.28773974743181696,0.17681721143033702,0.40713162486297205,0.28242977733475716,0.1729274072278144
0.5,0.25,0.2309551193386047,0.19509689782644535,0.16117114189134485,0.24149135942457178,0.2050166096512691,0.16989216491672865
1.0,0.75,0.08465368895062564,0.056637082649725334,0.04496665626520091,0.08025278512751588,0.05359002016417325,0.042365386374564884
1.0,1.0,0.0003235829966823367,0.00025743363870278646,0.00018519358877544523,0.00027457939179442725,0.00022003800264203122,0.00016015482605746811
0.0,0.0,0.840880613244696,0.7393926032578299,0.6312088443468482,0.833698650121437,0.7284738325698907,0.6169213905645493
1.0,0.25,0.0007845151478458323,0.0005175180352170461,0.0004045991093056811,0.0010663571148730178,0.0007173694512033757,0.0005758571618641461
0.5,0.5,0.007010168576827347,0.0050319036066289735,0.0032276530320973773,0.005505498603682879,0.003976161994625693,0.0025021262207509665
0.25,1.0,0.04646061488043163,0.02851511376941085,0.019614741623737664,0.04798678433607306,0.02949239783833202,0.020288450099970712
0.25,0.0,0.09351170670037834,0.07098744843927007,0.06074883676306042,0.09227711590162002,0.07017243665971551,0.0603825170082386
0.0,0.25,0.4332718049299651,0.30495347982866006,0.2199077172558488,0.44296130288916236,0.3128371781339355,0.22613494086417185
0.5,0.0,0.014956452697533873,0.01105548729012551,0.009691641372117088,0.018554171335856684,0.013637811485223139,0.011851361618783418
0.0,0.75,0.6461582500929811,0.5647184240418726,0.4888501511083041,0.6320641365688855,0.5513034078535313,0.47609382058526484
0.0,0.5,0.8853085819602706,0.8189313388644577,0.7212435105907447,0.8736052865378419,0.8047614837548007,0.7063631177785137
1.0,0.0,0.04871356262682003,0.03144838897294189,0.021043168917573407,0.055597213086413744,0.0349437831834869,0.02280320531066038
0.25,0.25,0.009558067779349755,0.0068903190857808605,0.005148127058354435,0.009680728928530558,0.006916631648750116,0.0051322689387222065
0.25,0.5,0.540769775068479,0.4517576247342042,0.37080497150789715,0.5507591199106077,0.46293775626558253,0.38335048015336315
0.25,0.75,0.9062141793503382,0.8060349107858188,0.6518523742978848,0.9046226902776101,0.8025788736852106,0.6462324804338369
0.0,1.0,0.40540083475024513,0.323322289950402,0.24881496550111648,0.40613229457421973,0.32756936574490125,0.2537150560349942
1.0,0.5,0.02264962963673489,0.01911794229487307,0.015990800867465516,0.022938853264849124,0.01915678949367694,0.01595679887052559
0.5,1.0,0.3272020808631717,0.23418240517759903,0.14710555495598843,0.3402702103107835,0.247488842178874,0.1593210502237412
0.0,0.0,0.5039182129894982,0.38948522399060226,0.3135531267956866,0.49768361203274547,0.38362393872747413,0.307684908800788
0.75,0.5,0.05074342812654287,0.03522826674185875,0.025170186706438447,0.04439761315523039,0.03114037764458133,0.02247065715840635
1.0,0.75,0.0008016380407761536,0.0005824915559942134,0.000491149092023635,0.0007671652481655578,0.0005571521586382744,0.0004684929819402939
0.5,0.25,0.04675284701736504,0.03987519859530886,0.03953824286981367,0.046605326817942494,0.039923997379464726,0.039592379809855194
0.75,1.0,0.00362881166510598,0.0024046264005962437,0.001786448023434306,0.003186272811075419,0.00210105337751465,0.0015856564243048599
1.0,1.0,0.013184692704107825,0.00761237402456072,0.004650369191234738,0.01293096261552562,0.007427714108569128,0.004501147902151503
0.75,0.75,0.007425054374317508,0.006646721499172115,0.005394421670681271,0.0070045395395297305,0.006179923385990271,0.004884335329872536
0.0,0.25,0.7899167031026584,0.6517920539550749,0.5157990932722735,0.7822034083121358,0.6409456572341173,0.5014976569246594
0.5,0.5,0.5294681889407374,0.4252136822516581,0.31831007330826755,0.528047323471986,0.42373885227896246,0.31751626750693296
0.25,1.0,0.37408297490533116,0.31436171393834655,0.2812352593274303,0.3720773492789786,0.31241518612561514,0.2791530664857419
0.25,0.0,0.10369601760021352,0.08811053998940666,0.06635963069795348,0.10536879966674495,0.08892107041145314,0.06645424203871275
0.5,0.0,0.03538676749984393,0.024757580567882576,0.016373567362708785,0.03594883370791924,0.02472326029634997,0.015492839153650184
0.25,0.25,0.06121018566936309,0.05169136563346033,0.041488989640406926,0.06134152933725645,0.05207116421174951,0.042037936883343674
0.0,0.5,0.22413562768643214,0.18166414785403595,0.14180030759024764,0.21954652376072537,0.178975592747471,0.14082895885792623
0.5,0.75,0.053841724534125945,0.048146070288888065,0.03833912734183764,0.06638133207240038,0.059445346419100376,0.04786500572280372
0.0,0.0,0.34422456487412867,0.27675566127705764,0.23510483759675305,0.3333907557933158,0.266577610405929,0.22461255905954425
0.75,0.25,0.07064950580408957,0.05658084820924314,0.04328372357356902,0.06328247320712477,0.05142783095424641,0.039817313044813396
0.25,0.5,0.328429574206364,0.24057677207742767,0.18118950983366977,0.3713452124248946,0.27574106042484403,0.20944254067864176
0.75,0.0,0.004805183899093457,0.004327478891700931,0.003624590334833311,0.004102697138074873,0.0036751540728650056,0.0030297575159724532
0.25,0.75,0.06496680921786901,0.059777572796761214,0.0548514623052182,0.05753524149558009,0.05313116139043228,0.04879915480700803
0.0,0.75,0.8363382871585381,0.7503075123217553,0.6845200313117481,0.8362423718686609,0.7500449386044945,0.6844821361998923
0.0,1.0,0.033697696599353066,0.029019799384879308,0.021714535986919747,0.041015699310200104,0.034995351318101164,0.02652829189621897
1.0,0.25,0.00014661864722875784,0.0001392745273034457,0.0001542304536649164,0.0001717368803588748,0.0001639965846083058,0.00018248493382500008
1.0,0.75,0.00046392158746300094,0.0004012162308284495,0.00038515132877969815,0.0005202174660395853,0.000449590146450074,0.0004242460532075665
1.0,0.5,0.09942419281573767,0.08344547046721384,0.06546185067551313,0.057507543992035504,0.04886896255609563,0.037514702926226384
1.0,0.0,3.743440105408169e-05,2.0922570908576965e-05,1.2439251716678257e-05,3.4861316008605314e-05,2.0016041909265425e-05,1.21240890597063e-05
0.5,0.25,0.0052483034806423134,0.004057311516920903,0.0031644901605762943,0.005339909742996696,0.004136413433532993,0.003241018819606145
1.0,1.0,0.02068240349693995,0.018664092371299734,0.015624641748958945,0.020199448579790058,0.018330895251404633,0.01549111533974823
0.0,0.0,0.01064890997530965,0.007237269368967292,0.0057545988860882025,0.013919384209769459,0.009200172062500567,0.007319449431778424
0.0,0.25,0.7199485605457624,0.6013218660952352,0.48839362896137584,0.7062918648635403,0.591874038385674,0.48453452048424417
0.5,1.0,0.04226891399934207,0.024600067208306875,0.015194460247751618,0.04066605289534686,0.023677880697152265,0.014504548834726516
0.25,1.0,0.12041643444970529,0.07949696755571423,0.05997812623979526,0.12240574681024485,0.08069481262160771,0.06027301412344788
0.75,0.5,9.081313416592351e-06,9.650431675889415e-06,9.439335512007041e-06,7.364400743115063e-06,7.909714833997938e-06,7.818327007247383e-06
0.5,0.0,0.004194300065764711,0.002291383315646489,0.0012045921415110294,0.00410165343872626,0.002262953766208553,0.0012078758721020266
0.0,0.5,0.22207179053470993,0.16169413460829551,0.13602400025199013,0.22123078941623375,0.16254825258980843,0.13800191483498336
0.25,0.0,0.6908867058619025,0.5230206873138137,0.36080404577763314,0.7254737135337364,0.5616388810799644,0.3987963464315756
0.25,0.25,0.16769097482499107,0.13600568496979215,0.12271592562902855,0.16142306740460088,0.1307360113090852,0.11675128016645875
0.5,0.5,0.3322219559234252,0.22184874547551126,0.14069074804607795,0.3214658251688345,0.21677636769013697,0.1381583506447024
0.75,1.0,6.142147097598638e-07,4.66959923506316e-07,2.781450777478156e-07,8.421328943075679e-07,6.436174464496958e-07,3.9173699839523124e-07
0.25,0.5,0.05729297127223698,0.04466994304330518,0.03777447923254762,0.06524461095724732,0.05082118080226039,0.04299367998321957
0.0,1.0,0.31245143749471394,0.23663453848349847,0.2053731667387314,0.3116798632973474,0.23738420087852175,0.20753359756432876
0.75,0.75,0.09751463119307724,0.0765371543635367,0.06496377935182385,0.08102210211071292,0.06318211305118182,0.05308503607905046
1.0,1.0,0.0008574623842716456,0.0006087032138736292,0.0004136518431125946,0.0006401003866494115,0.000453608331831834,0.0003033355236200519
1.0,0.75,0.020276099909904755,0.015094346520071467,0.011606147863397753,0.02068738342927634,0.015726685151446707,0.012453885355119487
0.0,0.75,0.21140158844325874,0.18359406871464246,0.16487343333560378,0.1701201332954827,0.14718990031944168,0.1293551824818251
0.25,0.75,0.37728871732317915,0.28867557068823857,0.24181866202284796,0.38132461132458684,0.29379161699543244,0.24809730185228984
0.0,0.0,0.4209980412417659,0.3366052888711857,0.2837976793996009,0.42910973086832827,0.34324385111959765,0.28957210384489485
1.0,0.5,2.104550955817075e-05,1.939284047636214e-05,1.8445374470266174e-05,2.7014451088991365e-05,2.4751032313474752e-05,2.3695666601541987e-05
0.5,0.25,0.2678187659522008,0.22294656550643688,0.18260588185556248,0.2637951644820218,0.22011608226961465,0.17994142518239986
0.0,0.25,0.35940235295132394,0.294427786446525,0.25883761156432694,0.3959214177971654,0.325338735830246,0.2875654036086803
0.0,0.5,0.5526456265644022,0.45674134853112935,0.3783088508700644,0.575241464259572,0.485714495041238,0.41441963390468395
0.75,0.25,0.0004184692764394038,0.00030852312180629227,0.00020338870981273516,0.0005735645198277073,0.00041274464175222736,0.0002749336563878657
1.0,0.0,0.055944359618383954,0.031599767789238786,0.017461338045244523,0.0577571568759323,0.03251845411303467,0.017891373503188923
0.5,0.0,0.03575499111244884,0.028269188181914817,0.022232261945556386,0.0390966717918696,0.03043337240143784,0.023475950175750215
0.75,0.0,0.011397671635620554,0.007325515137876826,0.004611752395907276,0.011209271484081684,0.0071886134891391285,0.004500494216485573
0.25,1.0,0.026389441700696903,0.016315968484835297,0.012659005618746777,0.026807157997321918,0.01710937111840538,0.013694490562230044
1.0,0.25,0.0021826865098677484,0.00173524349098364,0.0013323498037781656,0.0030576329720393147,0.0024250039174944504,0.0018978523132422431
0.25,0.25,0.12261005194693153,0.10090630462564054,0.08660309827429824,0.12403608810825917,0.10225119782500769,0.08796892009401092
0.5,0.75,0.5232773866742505,0.48200101096460835,0.42206463304821595,0.5183341364804349,0.47703644567609194,0.417186184203053
0.25,0.0,0.674029920003833,0.5604117743766075,0.4186315190167951,0.683680837446746,0.5708863496083236,0.4308301004626294
0.5,0.5,0.22858026946949284,0.19119049266129784,0.17073953019324706,0.251546913223493,0.21222070205784827,0.19230084221387966
0.25,0.5,0.2595841814121955,0.2258548292613245,0.215860480629264,0.25639183693462153,0.22304850039332935,0.21311898164760656
0.0,0.0,0.5999394289680118,0.4831087913127662,0.36695448591544166,0.6108331520214242,0.492607735933251,0.3745255775149092
0.0,1.0,0.8138102173851514,0.7246632060282852,0.6422952587485184,0.8057473501468482,0.7151529395949989,0.6312035262677373
0.5,1.0,0.029830325707144834,0.028505925067661364,0.028447310624278188,0.024404587407658607,0.023626308376395677,0.023774386989597884
1.0,1.0,5.519025927491761e-05,4.805115116557346e-05,3.875993889534968e-05,5.4173556071068774e-05,4.680752098207286e-05,3.744738223843136e-05
1.0,0.75,0.5181643979848819,0.3809525262865596,0.27219318178180074,0.46793713250677926,0.3474409775616021,0.2563436437200106
0.0,0.25,0.3773195845294821,0.2899752265406542,0.18750595675992598,0.3822285124941769,0.29355925269359084,0.18978766100402622
0.75,0.5,0.000898058758978526,0.000741837921854227,0.0005526894410039507,0.0012151819178414236,0.0010395236109661532,0.0008035989573326185
0.0,0.5,0.6743664738047622,0.5946548850263049,0.524713616050329,0.681542273790548,0.6008568213072751,0.5290852741849761
0.0,0.75,0.7860334286754798,0.6793948026040524,0.5501662041763987,0.7645332486458849,0.6590452371089215,0.5348277594525728
0.75,0.75,0.0016114883416835646,0.0011021664522496977,0.0008471566512233686,0.0012453786652613097,0.0008609270042780892,0.0006683680160000094
0.25,0.75,0.00503984157589854,0.004180853046985233,0.0024694220274317225,0.006063761591001526,0.005032080777826908,0.003033996670773642
0.5,0.25,0.2818773840276827,0.203530834255103,0.14465593914091324,0.2828354481703196,0.2029675272684035,0.14209099781535128
0.5,0.0,0.2113112254109698,0.16647970266008172,0.12471114482012946,0.20641368020064121,0.162881050549608,0.12139893879559216
1.0,0.5,0.001980835669559866,0.0013671565873210056,0.0008780649480111258,0.0019812815826913965,0.0013806389489926518,0.0008958958578029197
0.25,1.0,0.2905531175868912,0.19712225663402538,0.1317398619658563,0.29146806347345755,0.19820845106241225,0.13274765156817803
0.25,0.25,0.2911420856281739,0.23737860571489477,0.21282117866584271,0.28682057493480173,0.23347823862669415,0.20889365888316314
0.75,1.0,0.004276134193271552,0.0028089279043381765,0.002287006852092821,0.002856579750100785,0.0018782406109874028,0.0014628752367197295
0.25,0.0,0.16257988811544788,0.10823883919337307,0.06976235277982501,0.1493083429694011,0.09944763184282812,0.06355066363008355
0.0,0.0,0.24860409561989105,0.17603081564932666,0.1233835444539152,0.23908611674577362,0.16671529567708854,0.11301319901225426
1.0,0.0,0.01002725594453735,0.009118988209217416,0.008494654146101954,0.009569254329482524,0.008715632826450825,0.008120839451265294
0.5,0.5,0.029621826220106562,0.018829533140322874,0.011194595967448873,0.03412601223178269,0.02218227460380262,0.013649501574644507
0.25,0.5,0.24315044055814694,0.19023780571509374,0.1553302249353008,0.2635400913306877,0.208613017209059,0.17301754140492243
0.75,0.0,0.10376190737543844,0.0839788768173575,0.059933378674111526,0.1300364421887391,0.10313487115267239,0.07286661797098248
1.0,0.75,0.037917030701494214,0.024567330251474173,0.01642533614808095,0.0404914158299321,0.026242437222976922,0.017589140460877006
0.0,1.0,0.3851381333927224,0.3180158478461874,0.2737739857752628,0.37128702580154493,0.3074963473966509,0.2680129076939486
0.0,0.25,0.2803433276529168,0.2088523795424092,0.16181388501644678,0.33872241635926603,0.24767655180126713,0.18674725105782886
1.0,1.0,0.0007078753669016447,0.000494851626951176,0.00042472704482987567,0.0006468124004415099,0.0004488916045919389,0.0003842353179486224
1.0,0.25,0.0012101275001553669,0.0009751616304156663,0.000448386909399634,0.002015640602061719,0.001625263698278867,0.000775545614933093
0.0,0.5,0.9780063352142196,0.9544558438593514,0.9226619626952817,0.9768156871807705,0.9515207234216791,0.9156824891992683
0.75,0.25,0.001928253451596973,0.0012402628043201025,0.000920642839631336,0.0017400061749479612,0.0011163215214511357,0.0008287227957288756
0.0,0.0,0.7542044283336073,0.6633276689059986,0.5667274111700414,0.7445304573023896,0.6522854834345475,0.5579503256621424
0.25,1.0,0.16889677791369584,0.12149103988237564,0.08619811987095749,0.16176272600660568,0.11558054177714583,0.08227407734692438
0.25,0.75,0.8454190476102788,0.6409001318103247,0.41895551124132036,0.8443779767395082,0.6362360861457121,0.4102958459511059
0.5,0.25,0.0832145391394411,0.06298694415117423,0.055619863744025055,0.06700686950428558,0.049028545387256095,0.040925678383587294
0.25,0.25,0.1213349814495791,0.0792746822448932,0.06124763744827022,0.15896061264463657,0.10461339290000249,0.0813105746208469
0.5,0.0,0.0003294324100504564,0.00028362429349226836,0.00024244932304939848,0.00036366060929016175,0.00030562087762064927,0.0002562548835021161
0.0,0.75,0.4893221518683829,0.431256813836456,0.3613658782883362,0.5297000439396373,0.47248725645582024,0.40384909148376125
0.5,0.75,0.2601205612312433,0.2604798423859207,0.27102522021929,0.24675183616270202,0.24712704728177026,0.25725872452864884
0.5,1.0,0.012032833434764911,0.007279625164078651,0.0062927384765720795,0.010891174154869177,0.006551043586791927,0.005609198466824505
0.25,0.0,0.07372450772734429,0.04376126777547806,0.02199465255224231,0.07357133792930193,0.04332590967642236,0.021496187592637828
1.0,0.5,0.0018368839524630642,0.0018724681458992531,0.00220146572899127,0.0018582596388522221,0.0018929532577555142,0.002226777187772533
0.75,0.5,0.012775819260195664,0.008132423414338508,0.006637736444038422,0.014675799005396062,0.00933709304267194,0.007643357830472874
0.75,0.75,0.0008999562347274948,0.0006639454762882302,0.0004836184701555446,0.0009064080069114411,0.0006589312954636828,0.000475197650410375
0.5,0.5,0.32811233626211345,0.23904901527688915,0.16617771608348952,0.3157424912000024,0.22959391823235054,0.15929773921834722
0.25,0.5,0.022290835638462125,0.016600125807491706,0.013076233462767317,0.027482115188614986,0.020551664789877022,0.0163531616739514
1.0,0.75,0.003909929715593452,0.002282711187298281,0.0016890142410714848,0.003689562871812324,0.0022025048233382805,0.00168079421365952
0.0,0.25,0.8113402355494633,0.7619776519750243,0.7157539037362971,0.8100986237817716,0.7605106157905417,0.7138442206396304
1.0,1.0,0.00037049929191979025,0.00029350056321986173,0.00027163253553796896,0.00030153308345604035,0.00024587569407630294,0.00023895314085753405
0.0,1.0,0.957374272682866,0.9010842829693458,0.8464191657985654,0.9550761340381213,0.8957575988130223,0.8366384528767703
0.0,0.5,0.4167331989346448,0.3180298838408213,0.22403513473229464,0.49419775029899315,0.382106728191004,0.27441592505370094
0.0,0.0,0.4409731743144606,0.3794361321141213,0.3571744464297659,0.44022053032778086,0.37664128579816447,0.35282944182080944
1.0,0.0,0.0007149788328103535,0.0005488908342777821,0.0003221245917457427,0.0007223857484651708,0.0005542352648717497,0.0003231820569410404
0.75,1.0,0.00043517168508377946,0.0003160946203515369,0.00023354466975800126,0.0004742786556520828,0.0003436836413426292,0.00025497257146711583
0.75,0.0,0.00016904365639702768,0.00011017008404534678,0.00011019767302689054,0.0002477615090641372,0.00016003751746074268,0.0001605123938180908
0.25,1.0,0.3484402443371868,0.2810278255322214,0.22017774314713556,0.42207277311860447,0.34127912971023955,0.27027984432744856
0.25,0.75,0.5191974334246432,0.42966531603733904,0.35642773152026763,0.5014902621512465,0.415669159432672,0.3474640003871923
0.25,0.25,0.5388068233317549,0.4776726915567949,0.42832533679534546,0.5077953896770899,0.44826474212295486,0.3990330858416833
0.25,0.0,0.6230396237810581,0.48939446007974363,0.4051738871015187,0.553486613059577,0.422097674181902,0.33987507553805085
0.5,0.0,0.009907612696719359,0.006884455126300981,0.005776712404338746,0.019003199234861046,0.013190866782063715,0.011555633603313353
1.0,0.25,0.1780962011184417,0.12782465630297013,0.09330331574656159,0.22401797221356712,0.16640311033854838,0.12657280042052887
0.5,0.25,0.48204841073658355,0.38758740632798516,0.29791182928436455,0.47157724807495727,0.383707354725787,0.29981787479769684
1.0,0.5,0.01743140677488686,0.014867703658761666,0.014240530101527926,0.017878071909047222,0.015219157724921328,0.014400669383325293
0.0,0.75,0.5428947890928437,0.3455815522460479,0.2196872399642995,0.4902145632899436,0.30623261534332125,0.19361355723308482
1.0,0.75,0.006904848623459525,0.004198232343493369,0.00284020190552825,0.005570393495114123,0.003302222252764886,0.002149186599065711
0.0,0.0,0.36926948083188416,0.2928798541682589,0.24814581550642445,0.37509597107153536,0.29474199915054855,0.24686275148820513
0.5,0.5,0.02080637246284145,0.010847773971139896,0.006296686712718769,0.018963151764384345,0.01001109890700902,0.005883068182235163
0.0,0.25,0.8933531190934763,0.8170468836042082,0.749063546797067,0.9042323608036965,0.8311268665115954,0.7648731854814115
0.25,0.5,0.8620969712256745,0.7127632525176364,0.5663457865439319,0.8636481982086593,0.7140495890688593,0.5665505610060204
0.0,1.0,0.9391620302458028,0.8989692284930728,0.8565105719276171,0.9224220318103006,0.8736209537675458,0.8217551732838515
1.0,1.0,0.0011745938071616724,0.0010019362589899217,0.0009747129387155384,0.0011053342001969835,0.0009492080551621873,0.0009289849409934714
0.0,0.5,0.12547085238829292,0.10933971975697165,0.10734270056313777,0.11958129408593754,0.10435202626062856,0.10239285887172955
0.5,1.0,0.02036404462857777,0.009745881480902385,0.006091976883860317,0.01869071320327964,0.009056438009526935,0.005752764814611178
0.75,0.25,0.0218797275799687,0.0178206655924813,0.015601736547513179,0.0227988054821614,0.01860756355115356,0.01648754242413286
0.25,1.0,0.0006118602148399432,0.00026759939028586643,0.00012486623107910155,0.0004182691966494456,0.00018125373655819565,8.282623286215429e-05
0.75,0.5,0.06786234874704167,0.06122029658049821,0.04746654651199622,0.06345574540912102,0.05665314035546065,0.043030814185937016
0.5,0.0,0.020476820795985007,0.016789597472471662,0.012718657098773845,0.019932575965420418,0.01632706450156607,0.012326175524518534
0.0,0.0,0.21842848843269935,0.17090509037560997,0.1371333855885013,0.18789279811671167,0.14596929791600233,0.11546301697605899
0.25,0.25,0.332505683680674,0.2558602760064749,0.19368128126022066,0.3165067485669767,0.240282936381094,0.17612268962854927
0.5,0.75,0.326557529856484,0.25139608244614053,0.204350790746886,0.30839581529347515,0.23628319399641096,0.19063110859652732
0.75,0.75,0.13554078408127124,0.09280618326093004,0.06706437547869182,0.17988989953688084,0.12150937258704775,0.08604497998095018
0.25,0.75,0.1269033169207059,0.11510754381072408,0.1039459079745666,0.1265477587492837,0.11475282252831132,0.10348357516607831
0.25,0.0,0.09431063965801645,0.0636575243066353,0.045407684085552846,0.10414119395435018,0.06782908451137493,0.04663298405977234
0.5,0.25,0.0017126247098221414,0.0015621112425530104,0.0015642901042101087,0.0016828270342553742,0.0015350223931662743,0.0015340451999207305
1.0,0.75,0.0010483438227388842,0.0008949834071831919,0.0007308897557842808,0.0010050657066063007,0.0008582076779850567,0.0007107227032615571
1.0,0.5,0.05489819027466436,0.03861378740217025,0.029535382440623037,0.05739585604510855,0.04047309619362094,0.030985035327231403
0.0,0.25,0.5588720558101121,0.4349834097743941,0.3748059180166259,0.5451088299241248,0.42253776254641107,0.36271380091542316
1.0,0.0,0.08363619831992253,0.07104896597158294,0.06725551376010841,0.08155700585213665,0.06934600750115705,0.06543028146023322
0.5,0.5,0.000824180835725441,0.0006367230107879873,0.0006447933209012824,0.0008915089276771981,0.0006733612329508087,0.0006715580880419791
0.25,0.5,0.5576733482019318,0.3810996505576977,0.2343587707021364,0.5530068088126724,0.3741315175679323,0.2281802317868995
0.75,0.0,0.02284681076834494,0.016664686472798174,0.012228756149213149,0.021986496396131705,0.016062808512193882,0.011764142620070306
0.0,0.75,0.7214491441333305,0.6374902695755509,0.5542249257943261,0.6979877107519811,0.6142060285006208,0.5308645236045293
0.0,1.0,0.4276882097508097,0.37016935127944195,0.3112733545958819,0.4328336552360482,0.3656444509479313,0.2982033073857778
0.0,0.5,0.027442985120142094,0.016990854984185733,0.010890501898101368,0.0320819771878853,0.020634707969816368,0.013754745716250794
0.25,1.0,0.13997501289818237,0.12166977843085303,0.11916524525196404,0.1484195413101399,0.12848013947072723,0.1252796832985985
1.0,1.0,0.016616453150300137,0.010597027469452236,0.0075228533680326,0.012298831999093318,0.007871051666270334,0.005575524889336769
1.0,0.25,0.007179311912300257,0.005439149062978599,0.004203554287284694,0.006739146346093738,0.005084242665418515,0.0038736490595647766
0.75,1.0,0.014470755121622103,0.013143346761510188,0.01187499556511784,0.01478247433323654,0.013517038049289276,0.012319858157777253
0.0,0.0,0.7475857168829202,0.6586387461171387,0.5700501758069438,0.7074123794438274,0.6289590860317599,0.5464936448755192
0.5,0.0,0.2569533978765537,0.18061254086054868,0.12254958970592567,0.2579024117073019,0.17726690763833897,0.11733245793672209
0.5,1.0,0.16808977573868922,0.12560046853054008,0.11253368738283986,0.18034753868759712,0.13486206095006437,0.12178866766964469
0.25,0.25,0.017336574745608235,0.011054117629573756,0.00601231518325962,0.01985646207378655,0.012935657104389375,0.0072840005768458616
0.25,0.75,0.03139027072695044,0.023310474005667436,0.020213985737506768,0.0280181230059664,0.020986740049617758,0.018261441148034407
0.25,0.0,0.23542458345002992,0.17418828486421223,0.12681787285711743,0.2293121964857947,0.17003015482277384,0.12397863261208752
0.0,0.25,0.8273342364189133,0.7403612560385076,0.609776760812039,0.8563513052009961,0.777560638765388,0.6561202612428244
0.5,0.25,0.8816286912013453,0.8252361271633499,0.769424547621832,0.8656531846120306,0.8082219933487114,0.7527009209820112
1.0,0.75,0.4001560114842664,0.30058901024732576,0.22154120789314713,0.42511843759926393,0.3197016038697973,0.2354190415164259
0.75,0.25,0.02063362932556878,0.0167749161421884,0.014573845331913526,0.0249127819798044,0.020583492746130805,0.0182623895552817
0.75,0.5,0.008837752818781519,0.006314971933422342,0.004803368537669828,0.008937827380114727,0.006385528744150104,0.004854712764630342
1.0,1.0,0.019094877790660325,0.013356605769169416,0.011624829909657297,0.01885367332303345,0.013190863252944496,0.011450620315774818
0.0,1.0,0.06785143092673718,0.05895236621288569,0.047554951216532526,0.06697805683653824,0.05819709133125239,0.046941723639932986
0.0,0.5,0.6025070514481907,0.44136981866395986,0.31605398621198644,0.6061659283673433,0.45016690671347515,0.3294172650545254
1.0,0.5,0.0646678414451125,0.0594959746042476,0.05484760628358254,0.04277612785331808,0.0403443422134786,0.037524032466986545
0.25,0.5,0.6549037795264299,0.5198824950884127,0.4208738430138488,0.6182842352202904,0.48876993049483375,0.3992362774465752
0.0,0.0,0.2912318519815973,0.24291497464983103,0.20936989335751577,0.33919099578034206,0.2858415408618076,0.24955218255855138
0.5,0.5,0.005174299283679407,0.004294231242459645,0.0039542017763982695,0.004848666439126181,0.0039913902926802525,0.0035030964425564193
0.25,1.0,0.030823820603495644,0.025446515627188915,0.02101980710734741,0.030866107850192392,0.025363870371305275,0.020851611602394127
0.75,0.75,0.0835850146604209,0.07720149238021579,0.06994422653165278,0.11445907059509819,0.106228252767407,0.09706942535391372
0.0,0.75,0.14497859151182113,0.11751695772636417,0.08654754531571618,0.1652630482837405,0.13697239450146703,0.10092344445678003
0.5,0.0,0.005766289705795957,0.0049429647004132216,0.004521386853369336,0.0055848005393005495,0.004785886355699431,0.004360261220112349
1.0,0.0,0.16870495809234742,0.13045355907701572,0.11720238732135979,0.1924220036338088,0.14925104112997845,0.13478909620258772
0.5,0.75,0.22176551399631617,0.18527265514240143,0.14286212842850932,0.22765547241268735,0.18995083719582484,0.146425483648855
0.25,0.0,0.49284213253447207,0.44247043212697434,0.39463015858256534,0.4841611041967554,0.43430435105640053,0.3848728214770938
0.25,0.25,0.27954623032278925,0.22086708699887758,0.18129344192986308,0.2815883621647084,0.22204601612085106,0.18138903655476168
0.0,0.25,0.18264296564252314,0.14371316183222138,0.12194194139817616,0.19213842495171352,0.15232060785364154,0.1305259596760171
0.75,0.0,0.05021406444502885,0.044137012886082516,0.037299997466354484,0.04773661475617064,0.04279919401235077,0.03708105646754589
1.0,0.25,0.34142891918070073,0.25028889216157535,0.21152927037664115,0.33609597195950625,0.24685311289450185,0.2099643306096789
0.5,1.0,0.37780234246352995,0.2756126559001848,0.1915846079155652,0.3719469231718766,0.27039676439918325,0.188094765178896
1.0,0.75,0.000128866915032666,8.939680822561691e-05,6.81678466215585e-05,0.00011423080052841428,7.916507596106293e-05,6.032628001251261e-05
0.5,0.25,0.006243516686171402,0.0032552963056129425,0.0015814074445500426,0.006140298200566052,0.00322606128405023,0.0015786460883175923
0.0,0.0,0.6108428796737815,0.48800421944359684,0.42370889738216233,0.592431993500895,0.4750090328633738,0.4145019983790751
0.25,0.75,0.34663719819041305,0.2423238589340071,0.17335370761168056,0.3540328775805093,0.25391223176507327,0.1852956641587119
0.0,0.5,0.37592476435825695,0.3436925013417632,0.3314071721566486,0.3314430378678581,0.302642460674561,0.2893354803393823
1.0,1.0,2.159527954859186e-05,1.7641530568490715e-05,1.3645735568057482e-05,2.098737917233251e-05,1.7191309130693e-05,1.328185024229711e-05
0.0,1.0,0.8247606309687641,0.6757005849814253,0.5156762503045369,0.826011508055132,0.677455330712817,0.5176762396654534
0.25,0.5,0.12024877092912512,0.09786438043262224,0.09088858364134589,0.11442645604440593,0.09251529340281417,0.08364331869819486
0.75,1.0,0.02811984549927271,0.02584771317177581,0.02464058288292237,0.02720665800822819,0.024989448686607463,0.023800446297082223
0.25,1.0,0.04027734584951448,0.028790696464336296,0.01965739905259356,0.04122273876318672,0.02977953301041525,0.020679497409093806
0.5,0.5,0.029318914088906967,0.022910535478462446,0.018892494086948153,0.03240751576450007,0.025562708324937566,0.021289064123763968
1.0,0.5,3.9670032818683865e-06,2.0188792798636612e-06,1.0630724265325853e-06,3.055862581757829e-06,1.564322918312655e-06,8.155327261283318e-07
0.5,0.0,0.028059458388446812,0.020204174449498735,0.012123617082084648,0.05226183178127919,0.03873844715182306,0.02459769512578469
0.0,0.75,0.8797839275894994,0.756252374432578,0.6480357274264257,0.8803239767948066,0.7571743927344626,0.6493254915488971
0.75,0.5,1.1673501805420372e-05,1.0774557632875492e-05,9.642120951225408e-06,1.0579026080148601e-05,9.736593916453984e-06,8.710420041357914e-06
0.75,0.25,0.0007222889225219076,0.0005926818018829882,0.000585063655694773,0.0008623940070928704,0.0007062618955263611,0.0007020939600692611
0.0,0.25,0.30703597859221443,0.25324512993998116,0.1856410594765615,0.31519795743454804,0.26067864177794076,0.1918120643522384
0.25,0.0,0.6705717530717872,0.5714862846335043,0.4904138715175842,0.6170144831250961,0.5190481495271152,0.43986095340860365
0.25,0.25,0.022691011552391616,0.024319652156738147,0.018407025815161404,0.024962659154509126,0.026409244257203035,0.019896646095302284
0.0,0.0,0.6165059107635065,0.5380227992908481,0.46451381765319455,0.5887263484083223,0.5074209652083899,0.42876539085333454
1.0,0.75,0.08529407751119733,0.04874893996579388,0.026245671702886053,0.09339547434110096,0.05310661173677955,0.028506239406731693
1.0,0.0,0.016670611688068937,0.014687410480629381,0.012245633023481584,0.021600713995521992,0.019070851052748305,0.01629936080025507
0.75,0.75,0.02039109230720304,0.014887791443999432,0.010261007948427547,0.02122498804109818,0.015480288413356469,0.010558840022294236
0.25,0.5,0.17513656041423098,0.12314745920566272,0.07725288389837204,0.1715149906705844,0.12008936759755495,0.07483836560781654
0.0,0.5,0.5026998724521348,0.40778122358572777,0.2957719901315895,0.5036017409186819,0.4089289810265039,0.29684400243742093
0.5,0.25,0.45722456779474274,0.3739011476950437,0.30976403231827454,0.45929161562167053,0.37591467393926403,0.31179088990680537
1.0,1.0,0.007763185083115576,0.006221708403125525,0.0049310156942856675,0.005562322952117671,0.004495136644114162,0.003633195076689244
0.5,0.75,0.0010761195946762392,0.0005475309138436302,0.00030688549449287006,0.0010383754876654994,0.0005292978811648474,0.0002972253305626449
0.0,1.0,0.5266981458044342,0.4187715712722021,0.3603675669552312,0.5871126667862927,0.4682534470051227,0.4019084755718533
0.25,1.0,0.023582389497767475,0.017643436562817305,0.01588238435284728,0.02844351994355243,0.021057950199955155,0.018825427939196948
0.25,0.75,0.0027693919088286334,0.0018544005991572021,0.001397923853305949,0.002496060548857537,0.0016451274325401943,0.0012252419094820333
1.0,0.5,0.011880405963704432,0.008774716510535852,0.007118110520055065,0.01934734748617395,0.014534513057895992,0.012250848131306835
0.5,0.5,0.0016594430951474282,0.0015613553078756004,0.001596981735081826,0.0016873988653893779,0.0015805807221113133,0.0016157734386288425
1.0,0.25,9.59535281919166e-06,5.164001064095203e-06,3.1309010077862354e-06,1.0596691979669615e-05,5.6152451206603615e-06,3.3548164821706195e-06
0.5,1.0,0.004316232697943345,0.0022058926909314103,0.0010954273970404937,0.004138166581814429,0.002122067984033693,0.0010569444889472202
0.5,0.0,0.1943529595244715,0.16773102981215127,0.14426928452284227,0.20455613608824086,0.177159427167199,0.1531872789197768
0.0,0.25,0.48720488709470133,0.39913919326319935,0.3360241477054826,0.47587985930987864,0.3895638580620865,0.3273998737149091
0.0,0.0,0.8028890982269777,0.7033410640755899,0.6025905782389736,0.8059253483404709,0.7063479339022394,0.6055512139246672
0.25,0.25,0.9222466169429128,0.8875825754584705,0.8499586328183832,0.9141855647421155,0.8777713373036776,0.8375941869933522
0.25,0.0,0.03475299622789685,0.026978056472757972,0.021890519994891222,0.026435520797802425,0.020769183810909198,0.016667576744226587
0.0,0.75,0.7770595662845832,0.6696784900675716,0.5711019192908415,0.8137210811182314,0.7071056355152779,0.6043630292413626
1.0,0.75,0.04200788417152934,0.0330720137009044,0.027905860819527728,0.0409096422049644,0.03230772023712869,0.027390400951208926
0.75,1.0,0.00033107299664036915,0.0002812443957891375,0.00031139199898011505,0.0003285689949061865,0.00027878591040497724,0.0003077438872218785
0.0,0.5,0.9252410575483194,0.8168240661589876,0.666707640541074,0.9246600511338309,0.8155728972037245,0.664511713080816
0.5,0.25,0.7260521519587824,0.6403487038767404,0.5468603087748117,0.7074751721682275,0.6165672223944965,0.5174628105752339
0.25,0.5,0.1755111160970162,0.12177775466902119,0.10605825705170635,0.1382273697760088,0.09453893324584872,0.08241448945293606
0.75,0.5,0.0007302927328608488,0.0006863127273877279,0.0005579430092426119,0.0009658604344018329,0.0009142890432886075,0.0007538808727733937
1.0,1.0,0.0004270733147586636,0.00035985985315623026,0.0004076230024854244,0.00033054799689902215,0.00027899668156339263,0.00031593380081051947
0.0,1.0,0.22006426469515028,0.20813245846588047,0.1976572204826771,0.22940264907616215,0.21620265467502486,0.20413097079553078
0.75,0.25,0.3164292182225089,0.24305340787154606,0.1839382632905161,0.29489201222010053,0.2244379248005477,0.1675399646221063
0.25,1.0,0.8861992452877114,0.8379792387936364,0.7884795862129834,0.8871402433841036,0.8385551040274839,0.7889369815904542
0.0,0.25,0.4111346835929752,0.3283285213424697,0.25052151902456377,0.45751054690823134,0.37234473390101785,0.2915245482826745
0.25,0.75,0.11274972676046957,0.09352043566824975,0.07897325970844604,0.09302989888309354,0.07745580321290224,0.06456631792248668
0.0,0.0,0.8352669038273098,0.7943973476213272,0.7292011940202259,0.8125977879913365,0.763503295404708,0.6868460330415038
1.0,0.5,0.005052394861279286,0.0036812266542112226,0.00288964518761059,0.004934410270690415,0.003620769001919988,0.002855974172271014
0.5,0.5,0.37966108223787154,0.30591780465833995,0.24827774622650012,0.38696773084064895,0.3101235085226228,0.25105936968920284
1.0,0.0,0.00038393371905331986,0.00026059325677607603,0.00020091879484329667,0.0005323017050202772,0.0003604856032735082,0.00028081306850191723
0.75,0.75,0.007240877349257602,0.004879780587805693,0.003151138990315161,0.005894864513140696,0.0038870520246255813,0.00241562895460945
0.5,0.0,0.016848888139552876,0.012711604777436603,0.009061033490505688,0.020661862496331396,0.015821704401426384,0.011576862837379132
0.25,0.0,0.18871854165313873,0.14080224972770017,0.10747519609571188,0.19230572890851705,0.1436043275505514,0.1098634719311532
0.25,0.25,0.02128463752874743,0.01717984133643813,0.012902065792255502,0.019174987360773166,0.0154740051630331,0.011546929439669285
0.5,0.75,0.010753144922243107,0.010717133642252685,0.011289812758930373,0.009855647554679936,0.009859128965841846,0.010393564311502068
1.0,0.25,0.027912175841960818,0.01894211759158626,0.014834595820291008,0.03638610673551268,0.024271444200807513,0.018476760171514894
1.0,0.75,0.0017180760159908326,0.0012468238253586783,0.0009955741548663966,0.0017018583132217824,0.0012324998675747878,0.0009818692697648457
0.75,0.0,0.08478537792394569,0.061034168983732595,0.045302085589541075,0.06718359605291813,0.04735940145969142,0.03379167638595426
0.0,0.5,0.5023380493798515,0.41213478309172047,0.33371183658977066,0.4751327472960777,0.3866995930712911,0.3096750029763605
1.0,1.0,0.0006771350182188662,0.0003144407244175529,0.00019574475807848657,0.0006844411241623272,0.00031656327260343176,0.00019405159717500453
0.0,0.75,0.21552551071415427,0.13539750452814603,0.09211857450046235,0.21240183249236932,0.13256072995151902,0.0895379512913741
0.5,0.25,0.010007920703047013,0.008011846214763696,0.005935977183450514,0.01164482277335821,0.009341956256878059,0.007054777407231372
0.25,0.5,0.0002717316863065644,0.00021730133079200797,0.000198214936026897,0.00014187466123039005,0.00011165468806917378,9.699475474156394e-05
0.5,1.0,0.40834021179652424,0.3099577812500296,0.22990391280432965,0.35711829606345313,0.26634846762009545,0.19372439518195084
0.0,0.0,0.3196664211218341,0.2684245590764107,0.23437862554274236,0.3226848160054626,0.26908118436066975,0.23317649310027266
0.0,0.25,0.879391657616676,0.8006147825792245,0.6887483912672451,0.8807008845588657,0.8019495446627227,0.6904042178304701
0.0,1.0,0.8638855849304001,0.7726358224649343,0.6845279977007455,0.86256040594787,0.772760738196927,0.686501893532549
0.25,1.0,0.1806082162088405,0.13011772877324224,0.08360112840992939,0.18674111130091187,0.13601484564880462,0.08894801872206892
0.5,0.0,0.11080124403649483,0.07715556104044319,0.05374019127466212,0.11390045033345264,0.07962636001457024,0.055568016651935004
0.5,0.5,9.921665486656295e-05,7.636319041459672e-05,8.11149664945443e-05,5.131660734147836e-05,3.997113742837399e-05,4.211804391573981e-05
0.25,0.25,0.07392644464014542,0.05559616816048529,0.038161831671799096,0.07697263640944663,0.05759558050216551,0.039444615750077405
1.0,0.5,0.0005302766149136717,0.00042190328580504755,0.00039045472659271496,0.00043118708712597265,0.00034384457313441086,0.00031838473475631623
0.25,0.75,0.23091211816436275,0.1823777849172632,0.150475891957507,0.26403211580090646,0.21272095994075113,0.18119705492520244
0.25,0.0,0.1222000069478979,0.10654695532777758,0.09467780808020099,0.12106217795426166,0.1054876116321043,0.09360940085312675
0.75,0.5,0.3762154921331131,0.3254865026379151,0.28514475695163766,0.35650493799614047,0.3045001960999981,0.2620384384293697
0.75,1.0,0.1031372289255651,0.06669579630245104,0.03871489343638046,0.10269249327288843,0.0663817777597302,0.038469910926719364
0.0,0.5,0.6646877825033846,0.5744274037211297,0.4851268533808838,0.6630351963367105,0.5727673793016937,0.4834124343176267
1.0,0.75,2.441253811324984e-07,1.9720849331328338e-07,1.6004074199216234e-07,1.0996969668219947e-07,9.06281711898771e-08,7.176522942575758e-08
0.0,0.0,0.5685199436848383,0.48397647880573147,0.4260488281594852,0.544380978911027,0.4635769072897509,0.40660495235443916
0.5,0.25,0.01686564995807105,0.012761338085133689,0.010899855536298242,0.017585783710193148,0.01326195529969909,0.011240208585980183
1.0,0.0,0.06347588936080806,0.04773736071316148,0.04239936091846708,0.06251804691591589,0.04693329410174574,0.041506300138836716
1.0,1.0,0.0004439762359894628,0.0003195757945921862,0.0002274294677693245,0.00026172151542502853,0.00018844544467544466,0.000131716516383662
0.0,0.75,0.48937234293767096,0.4382525404430466,0.40372758508190254,0.47917571838573925,0.4291870387824176,0.3947411163443454
0.75,0.75,0.007020223668883441,0.004720490890424811,0.0034329612690034983,0.006216324056667277,0.0041550891477247776,0.0029938009720912317
0.25,0.5,0.08821390143106411,0.07040149795927131,0.050225250418266865,0.09913677394182718,0.07943092113281636,0.057766093783807704
1.0,0.25,0.00015008907244595804,0.0001272841180939288,9.349249782941715e-05,0.00016761734833004027,0.00014491496819013516,0.00010777621712132479
0.25,1.0,0.5838263555392001,0.5047067400823022,0.45819467403539693,0.5817697478018282,0.5009231050617232,0.4506438219055948
0.0,0.25,0.6162768917602626,0.49201571893037754,0.39479004958258823,0.6601998471735695,0.5332968921060972,0.43252433535759927
0.75,0.25,0.2354211752737556,0.18400318768019508,0.15096750158186145,0.2142618770638517,0.1695290875228448,0.1407025896339842
0.75,0.0,0.003357263870926941,0.003309898246745213,0.003136496861634308,0.003826011528252682,0.0038128065841394054,0.003692725745836345
0.0,1.0,0.3750516422565746,0.30796248338009813,0.25914289279150216,0.3676844514809693,0.3022864639053645,0.2565793041405653
0.5,0.75,0.1957362571872301,0.148539699770609,0.11180478366376889,0.192293934182311,0.14541906686681583,0.10925175930426345
0.5,0.5,0.00029004656352416003,0.00025327434607325117,0.00025067442912840576,0.0002985051991069021,0.0002606213645727218,0.00025726877850074104
0.5,0.0,0.06372502140282443,0.041587831629151584,0.022637660094682266,0.10413431406677442,0.07314965776077043,0.045259215452227775
0.25,0.25,0.09048854691953379,0.07820788726434702,0.06995530064982658,0.10652239523693419,0.09478585670602657,0.08594703889920874
1.0,0.5,0.08788004456471543,0.06891820769410173,0.05468529425409663,0.06746546520569485,0.05333946546209423,0.0420867859796058
0.5,1.0,0.06817283326883583,0.0496782063699962,0.034398962397219957,0.0557589649384872,0.03968224404705978,0.026290252701236194
0.25,0.0,0.3628825275478349,0.3008466411184745,0.22363911286047955,0.3596274294789421,0.2999880615756314,0.22692472342983594
0.0,0.0,0.16342128682427892,0.12488134267004669,0.10270890861996285,0.16301114931283056,0.12447547989457841,0.1022476766339453
0.0,0.5,0.7205689269725759,0.6083516826906491,0.5323083602003607,0.721534251912548,0.6080906559869885,0.5258905776119672
0.25,0.75,0.6013971377387797,0.5194904239433289,0.4665106480992147,0.5973577572528594,0.515628277511019,0.4640760405477681
1.0,0.75,0.0025266804053871716,0.0012381516609701881,0.0005495043593544136,0.0031100750275971922,0.0014724447926917072,0.0006452857537291301
0.25,1.0,0.03680578600208806,0.025518113423739885,0.01942551476464216,0.042119981267728646,0.02951656989621443,0.022762846865143627
1.0,1.0,0.0002883490835752234,0.00021115752969946833,0.00015327446643231823,0.0002819815643116952,0.00020672800075716147,0.0001484083324637675
0.5,0.25,0.12929558353421133,0.09630842774541881,0.07450806591446324,0.1315142028633507,0.09741594408916887,0.07506883703463141
0.0,0.75,0.9318562029206326,0.8412401604034647,0.7132881414992271,0.9210658121613846,0.828140602369582,0.7017485282495171
0.0,0.25,0.9682499967937556,0.9208977905540487,0.8716583676745577,0.973979862936213,0.9324668143753373,0.889634304816876
0.25,0.5,0.07134428781520863,0.053922023830947685,0.0456766958191166,0.07084806870031957,0.05511883444355736,0.04771407008580775
0.75,0.5,0.007093909402871468,0.0053339862329999654,0.0044468881820456385,0.008172775736905225,0.006161990675926932,0.005106297259750203
0.0,0.0,0.7113114978743527,0.5586433160489959,0.40415903248677776,0.6870593680275822,0.5290305920184426,0.3689279413052643
0.0,1.0,0.17040590724667093,0.14236489133605779,0.12199904941399631,0.1374614416071971,0.11783121741206026,0.10026236982056735
0.5,0.0,0.03275427070640147,0.022682383299798548,0.015427891802180849,0.03386665797960198,0.023498367770697137,0.016048360458276734
0.5,0.5,0.06369367908687751,0.050965750008344246,0.050047461142804006,0.09603907001096212,0.07660600696253361,0.07504771166736512
0.25,0.0,0.6745123414192334,0.5690714287595919,0.4696098110981577,0.6760025570362886,0.5700731836389183,0.4698326307473193
0.25,0.25,0.04501423931916981,0.03420461239613182,0.027937010210252744,0.07545306182261124,0.059582024918134247,0.051168288260813655
1.0,0.0,0.00017615598537779054,0.0001768207352520479,0.00019413942854495936,0.00018816383955366778,0.00018833737577272913,0.00020598365729318502
0.75,0.75,0.00865201183109654,0.006230255959770337,0.005509267224762526,0.008931787519573242,0.006450099710516466,0.005553569019263738
1.0,0.25,0.003842864789300293,0.0030973724820260173,0.003118929332220577,0.0028515231180041845,0.002292251296378889,0.002315603418490353
0.75,0.0,0.05072033623982031,0.03909710952999945,0.031157435641176345,0.07110646799729925,0.05507856551000201,0.04462372325779218
0.0,0.5,0.6546845205484471,0.5600322796459869,0.46285358645609864,0.6712011180641455,0.5730709380246231,0.47348296576666793
0.75,1.0,0.014705637543645622,0.010588305221587824,0.006850705022433123,0.018167256132939902,0.013388100505166589,0.009103821616968655
1.0,0.75,0.019271503499507014,0.015283818337725186,0.011006247428311244,0.01987456113998287,0.015741040761528158,0.011305934539814322
1.0,0.5,0.017349800927634718,0.014249422870428852,0.012850906335832635,0.010204371408479518,0.00846076133877638,0.007384507720001099
0.5,1.0,0.039268538936628516,0.030158550879282653,0.021130118439944612,0.03523642111137404,0.02713453656331244,0.019018946040450513
0.5,0.25,0.3798306063482627,0.23441755373570006,0.13150335520561962,0.37944925860532996,0.23382889964656206,0.13077914491742137
0.25,1.0,0.3657840175034439,0.304669763961405,0.2709352376918923,0.3389912909041375,0.2815766218050788,0.24986790916588375
0.0,0.0,0.7778932167273196,0.6708839916478575,0.5790475733357624,0.807080159985714,0.7034890317886452,0.6144309500629184
0.0,0.25,0.21101129988363942,0.15114652814298735,0.12782462648788306,0.20867997341284128,0.14926093835178977,0.12594567242036336
0.75,0.25,0.018864763428944276,0.014740497050048429,0.011588889837391148,0.017703305469626063,0.013828734277864574,0.010844232686527566
0.25,0.75,0.09421857941863743,0.07593814833894386,0.0698610939255978,0.08804571201797518,0.07020009785250925,0.06355386415636555
1.0,1.0,0.017142843951053033,0.01253563905458055,0.010128868137661673,0.01444317498438985,0.010708992006662754,0.008737340050166242
0.25,0.5,0.9438161170533333,0.8824481521696722,0.8067639313362313,0.9351365520099985,0.8668296545478131,0.7785244338869941
0.0,1.0,0.6435459780571946,0.4964597566550998,0.3637534425886335,0.6271317876983781,0.4846410367232543,0.35846968016803404
0.5,0.75,0.01608574781776717,0.00781884587162851,0.004254837898088559,0.014078877846960713,0.006908723854218257,0.0038001456903675734
0.0,0.75,0.8219099965207806,0.745986253426566,0.6752331216109619,0.8237856654373696,0.7476273100642803,0.6764371849351887
0.25,0.25,0.004685356168636079,0.004063455211628542,0.003633117805813657,0.005339265153321504,0.004588346590953751,0.004064814477818035
0.5,0.0,0.02132755888453064,0.01681062623116314,0.013434907167873322,0.023350626941054053,0.018083570865893628,0.014218986486696394
0.25,0.0,0.7390637726440759,0.6147548766080659,0.490202504258318,0.753195634041217,0.6294958141400677,0.5042855342751799
0.5,0.5,0.5325771299119066,0.41095229919632537,0.3294247317841028,0.492267426737223,0.371992064294581,0.2923974073936484
0.0,0.5,0.24791157051198276,0.20669838894769743,0.16638512710671394,0.2606685534363232,0.21980470222472226,0.17918430284176812
0.75,0.5,0.010326110377384068,0.006951092347734389,0.005740054577923148,0.010624533963923932,0.007150491098911749,0.0059085158698182205
0.0,0.0,0.7604497163990794,0.6870942516518889,0.6209921202396366,0.7593870850405443,0.6851816265183415,0.6182718742502612
1.0,0.75,0.024063434761998126,0.021970692808388703,0.017040025875801335,0.021409826413460897,0.019583562069699578,0.015177266971823311
0.0,0.25,0.8421581141797599,0.7120962965074196,0.5589723346430997,0.8347560983302948,0.7075827617395207,0.5603492922979211
1.0,0.5,0.0029953714681179022,0.0030260308012921566,0.0032224243020888554,0.0019970376513118726,0.0020249053072886047,0.0021532723709687396
0.25,1.0,0.0017601362796870745,0.001288167268829854,0.0010077251886547733,0.0011103396100529128,0.0008019163602522861,0.0006068264147237601
0.5,0.25,0.49163730233693204,0.3637337804453752,0.2696426297345047,0.5158736722163336,0.3752222271688148,0.2723415389518571
1.0,1.0,0.049784904453267664,0.03847754349239951,0.029266905360014972,0.04589512302986809,0.035221157958360005,0.0266188924663322
1.0,0.0,3.192781158301017e-05,2.419202563297418e-05,1.4589801242248512e-05,4.38191372915675e-05,3.3118190971404005e-05,2.0258963322916657e-05
0.25,0.5,0.31794704959516895,0.23253636476414763,0.17268722190424868,0.29583805362421534,0.2164662596530631,0.16075581524948057
1.0,0.25,0.012911772596515547,0.008125147351376816,0.0048096243994605326,0.011292287614589336,0.007056059920022895,0.004090892801992596
0.0,1.0,0.5444615897627506,0.44719876342230513,0.357335368748009,0.582413845490603,0.4814411062831785,0.38619398941939664
0.75,0.75,0.029696439142951503,0.028422425791827077,0.02819128462602971,0.032132378447861765,0.03092136964927439,0.030490508916139025
0.25,0.25,0.4130459277265093,0.28524668373998685,0.20615762451471342,0.41621700155846386,0.28713820589038985,0.20739670148058453
0.75,0.0,0.5841331690792104,0.46273445120204315,0.3616832199168014,0.6401489345813663,0.5258779865941149,0.4286092242431119
0.25,0.75,0.13510337811372897,0.07908105622442074,0.048238349945142645,0.15388696248686307,0.09047125556667701,0.05591751472964268
0.5,0.0,0.2002440248852495,0.16748421579866768,0.12980015619774654,0.18863882226818907,0.15745215049124572,0.12118517654314831
0.5,1.0,0.06367134532085728,0.050624943211277085,0.043522439530887747,0.07344493264821983,0.05900688797995601,0.051088317680373474
0.0,0.75,0.5795865796171014,0.474125736100687,0.39007086459980367,0.5778075549599317,0.47227854562342797,0.38794083304996696
0.0,0.0,0.3106230327798438,0.2483872726403219,0.19971691009720371,0.3215592506282573,0.25802300920454235,0.20748483185840327
0.0,0.5,0.18985774223633267,0.15085130118779522,0.13701251669483683,0.18530283093727873,0.1460118475874006,0.1320717968735151
0.25,0.0,0.013874106374696549,0.013244952573944313,0.012300753043808954,0.014615733958614485,0.013908009841917757,0.012860513774963556
0.5,0.5,0.5099959581496418,0.38307504206190746,0.30620357358104744,0.4829084712967463,0.3621980751787953,0.2912350076768264
0.75,1.0,0.0024152376292673194,0.0012670403184256163,0.0008322046724920096,0.0016891361073936295,0.0008761730417050639,0.0005587272606983884
0.75,0.25,0.00041985389517695815,0.00020445829010340422,8.409438553225179e-05,0.0005034186088630488,0.0002356734499471269,9.527593601865725e-05
1.0,0.75,7.780232825105315e-06,6.343364603256241e-06,5.781225115075728e-06,5.935241636056965e-06,4.805465084523064e-06,4.331942814239653e-06
0.0,0.25,0.7150007360579529,0.6385462441953371,0.5483720960509234,0.7129783964434163,0.634305801857268,0.5419510106874357
0.25,1.0,0.25163132317369574,0.16286551174571584,0.12231321578087484,0.24996011635768722,0.16223826381925255,0.12205520689023253
0.5,0.75,0.013615897870147053,0.008974463653871112,0.007221093116403177,0.016708666080946677,0.01099354874371783,0.00867481719643326
1.0,1.0,0.0009200666489863618,0.0006521597899245002,0.0005148391571218047,0.0008046436260320533,0.0005705633528971799,0.0004462037599977098
0.5,0.25,0.12766325767459696,0.10483951959135485,0.08785348749659816,0.1256261285838548,0.1031218254923969,0.08621977674565384
1.0,0.5,0.0001618858408813928,0.0001326730759558803,0.00011778113505123144,0.00013281215273863722,0.0001076911600343955,9.405548465191149e-05
0.75,0.5,0.00565940611219351,0.0052890785714223565,0.005025291865379922,0.005137705066827536,0.004820234553531866,0.004556115737736732
0.25,0.5,0.09918650561104048,0.07587025273201431,0.06435160396551498,0.09962330654679241,0.07645679779256476,0.06516074717270226
0.0,1.0,0.6758335653465048,0.5354893581940006,0.425480321292263,0.6456385490253569,0.5066656107095584,0.39958508387799485
0.25,0.25,0.2649747807767656,0.17332214274742563,0.10882452923073105,0.27325602096862944,0.17907195226335348,0.11288893589348392
0.0,0.0,0.831513904600726,0.6992896221869644,0.5532013052608441,0.8208510019750259,0.6930170011947051,0.5519700999665154
0.0,0.5,0.727280012448228,0.6243561837888884,0.5083941651250629,0.7409722385485169,0.6376990189287046,0.5227885848301905
0.25,0.75,0.3202370008619372,0.277213191638386,0.24950555536728092,0.32971115086102587,0.28496516641815794,0.256276021012513
0.5,0.0,0.4329368105667608,0.390794230555326,0.34759884133780317,0.42927239150266716,0.38711853576659905,0.3436909469624415
0.25,0.0,0.021421485500498383,0.016438660735617616,0.01425302641436621,0.02094430067003783,0.016061851534938887,0.013878417612174121
0.75,0.75,0.0004912498977053259,0.00039362467428616377,0.0003400144273428829,0.0003592157097309645,0.0002896527179259145,0.0002471104523404932
1.0,0.75,0.00012445958754170316,0.0001060695846389903,9.07982235794913e-05,0.0001100440880128506,9.36354246356963e-05,7.981091549424946e-05
0.0,0.75,0.9604189695784268,0.9273315493038901,0.8548654560497124,0.9649858165590456,0.9348415432993591,0.8688261414676552
1.0,0.25,0.0002810870132947674,0.00022587307774135645,0.00019331384621401604,0.0002843019799343427,0.00022793018087252648,0.00019443075757852313
1.0,0.0,0.18771057017429538,0.1457593308262919,0.10964540293103653,0.19188471592382594,0.14994042388409312,0.11428522104381889
0.5,0.5,0.4624221585952164,0.37030431786509543,0.30594558570992114,0.4622432271960303,0.370004290851526,0.30560247281040165
0.0,0.25,0.26203921954248965,0.21654695511938304,0.1815209908137143,0.21045407571448105,0.17158113349623427,0.1388084564445322
0.5,1.0,0.19274207041150648,0.11572935795673878,0.06274932663157884,0.17178758731012378,0.1031295992720287,0.05565517840389411
0.25,1.0,0.18642236086372677,0.14595398822026773,0.1033075659741538,0.21523833916872548,0.16625316573282223,0.11633945310164129
0.75,0.0,6.693177920047422e-05,7.413936292266499e-05,8.942686763957486e-05,7.526908109323216e-05,8.30547577260754e-05,0.00010033006855669768
1.0,1.0,6.902147135057213e-06,4.3494783471542675e-06,4.182253355966559e-06,6.982204506456036e-06,4.354050730848158e-06,4.102150996110332e-06
0.0,0.0,0.23441967314518175,0.16963105467466555,0.12474153271517996,0.22282374607196154,0.16152192510476038,0.11916120431306032
0.5,0.25,0.32241843916847146,0.28464445526725757,0.25317925713119216,0.3552781109103954,0.3148433738126101,0.2828530689625861
1.0,0.5,0.014695572472233076,0.01111367856864498,0.007655470917809604,0.011549328411114779,0.008761720799256967,0.005967348664594141
0.0,1.0,0.8231411565437858,0.6506157193709918,0.5104811122566412,0.820682977489048,0.6469265792141792,0.5061078255497802
0.25,0.5,0.4816585293645005,0.3515879504039955,0.2747966139539456,0.5663589276011576,0.421116144434468,0.33086154520038713
0.0,0.5,0.357644413796697,0.280415417102145,0.22881948708168376,0.3277617774293854,0.2553451443243753,0.20727996915031843
0.25,0.25,0.7116646010777816,0.6010776514000692,0.5186465038927609,0.7280946294541151,0.6248909693190857,0.5505289420936793
0.25,0.75,0.1857349919425726,0.1376878230853319,0.11379956767771582,0.16827452139927657,0.12403505971046291,0.10110118655446743
0.5,0.0,0.0009313468098834932,0.0008738608155278715,0.000953841491558971,0.0010366290583159188,0.0009640131897105109,0.0010489555680546214
0.75,0.5,0.3519955431123293,0.2835435106713686,0.2322167065971419,0.34128802096543265,0.2725960009949536,0.22165523820504685
0.0,0.25,0.8289982964813103,0.765703726269644,0.708006047929089,0.809306323751791,0.7436856346991608,0.6878388939609716
0.75,0.25,0.2931363885490369,0.1966458863631484,0.12985692399363913,0.3116816372111486,0.21747263343416046,0.15111449946019317
0.75,1.0,3.221461353652977e-05,2.4483502625294307e-05,2.2487652021618842e-05,3.287279100194773e-05,2.4967410356291353e-05,2.2876506930780138e-05
0.25,0.0,0.44505633643898335,0.3292359530876591,0.23463466753482098,0.4321890812475857,0.31781498378214557,0.22375512894264438
1.0,0.75,0.01979065367267585,0.014375303998838795,0.010291644979077086,0.019656697165517434,0.014282813831097751,0.01023877759921632
0.0,0.75,0.6083932612546071,0.4740851933834178,0.35643930768017207,0.6347418635058237,0.5032318556914601,0.3875525598198927
0.0,0.0,0.16418023148826133,0.12123983865918442,0.09167040724400832,0.16480939048500132,0.1217348921106507,0.09168699291757376
0.5,0.75,0.35396546595996314,0.29941311245454216,0.25007563663496946,0.34504341115949655,0.2904552097790203,0.24031915151867134
0.5,0.5,0.014047358819539335,0.014136246179040524,0.013594614941834893,0.010126973357380775,0.010467730539285958,0.01019798058668342
0.25,1.0,0.04680629733157582,0.03835849761537968,0.028735118100853718,0.04197478917135622,0.034258096688523754,0.025309038480163526
0.75,0.75,0.007221615450243912,0.005148417749062495,0.0031371349482606226,0.006518398866185771,0.004693917158900662,0.0028702303801809714
1.0,1.0,0.003269366933489559,0.0018983493527799933,0.0011419838610333688,0.003439073143229998,0.0019998822411856354,0.0012052288658720434
0.5,1.0,0.5558108747329462,0.45046674250294183,0.3720209117967844,0.5508751956597853,0.443836842711108,0.3624029799174022
0.5,0.25,0.2107410074034619,0.19000950095106695,0.17656751469219867,0.2122935913293843,0.1919238697141259,0.1770426150760076
0.25,0.25,0.43910903149259095,0.37354474703286644,0.3095007940550881,0.4208178337969214,0.355388687561597,0.29097484620841385
0.0,0.5,0.7798968252880281,0.6710525564425016,0.5926909704705837,0.7746078863578951,0.6643763876892115,0.5849077719802872
1.0,0.25,0.000982352511347817,0.0006296949841282373,0.0004837079346738937,0.0014043877590221854,0.0008963092543755602,0.0006967285355549135
0.0,1.0,0.4519834338641172,0.3169529008853239,0.22238127496422244,0.4227614084765159,0.29526110067011735,0.20613492542042833
0.25,0.5,0.6391585213584879,0.5026468180759769,0.40151982551673115,0.6052742054837007,0.4636136255696216,0.35756664823520146
0.75,0.0,0.00038649389807920986,0.00036424041452143285,0.0002917244878293257,0.00031076866028956207,0.0002848124018923759,0.00021351519472645464
1.0,0.0,0.015228000128441277,0.009879200731664706,0.006079383947588335,0.01666112399285402,0.010697368045245237,0.006499482017915836
1.0,0.5,0.002865230157939491,0.002551691692891378,0.002701810969393481,0.0027776135517628697,0.0024700422804908584,0.002606099937364492
0.0,0.25,0.17612578463035522,0.15111252751921855,0.12311696276922468,0.18706225492986017,0.15845868754585257,0.12892439484321194
0.25,0.0,0.8750376764437714,0.7950120921787138,0.7295371485303854,0.8722037625735097,0.7903192918551158,0.7205903087148073
0.5,0.0,0.01996012588699625,0.02183541728636984,0.022607062063351835,0.017646752581156333,0.01926140099112672,0.019630307287234694
0.0,0.0,0.05604960356031352,0.03548685321364897,0.02281837426308142,0.0555526572548104,0.035200892960908,0.022625655741980943
1.0,0.75,0.0003888455120757417,0.0003034260713339343,0.00027181315811231066,0.0003662654643232788,0.0002866172221438479,0.0002564132479692116
0.25,0.75,0.21125809431747178,0.18415842608553723,0.17757570453165183,0.21131777126712126,0.18112676147778417,0.1705489528034818
0.25,1.0,0.015882850674051596,0.010678858904077715,0.008018029227816026,0.015335256790821927,0.010302999944300284,0.007667632723817652
0.0,0.75,0.20967354106076308,0.17068370070286865,0.13585138020899168,0.22822388236571645,0.187066102802943,0.15173104496798928
0.5,0.5,0.010349162521505306,0.007692389432023328,0.005114913676553812,0.011289337142603051,0.008407724503114444,0.005620890185989436
1.0,1.0,0.00046967695630661943,0.00039010217183799156,0.000364998606795508,0.0003947680289343447,0.0003279943721773426,0.0003065503114050294
0.75,0.5,0.6608650940540812,0.5431071961919687,0.43428969073869705,0.6590381918645147,0.5410553262083775,0.4320448743802683
0.0,0.5,0.9070933109815686,0.7864468454993794,0.6343016422664784,0.9215381268816829,0.8162030705434555,0.6793042696069889
0.25,0.5,0.13919359217492544,0.09574747392980476,0.08698783010809463,0.13252627898668545,0.09084252897662404,0.08214517428685342
0.5,0.25,0.2676695699097361,0.21388144134891562,0.16273699435543776,0.30425144976682605,0.2427104216039686,0.18597373542701234
0.25,0.25,0.5855706584933213,0.5090882476697552,0.45385271788619774,0.5602645757934623,0.4850267084979898,0.43153193548777424
0.0,1.0,0.2814282471392697,0.23533192094052713,0.1929541301154658,0.21909358350961305,0.18208656593909955,0.1458847727340462
0.0,0.0,0.21276786076657928,0.14955240963947802,0.12488719070124454,0.2650848808098605,0.18783351365159062,0.15717251813209265
0.5,0.75,0.0669502912923906,0.04937527524005525,0.041308037370534345,0.07448155278594437,0.05409772584340533,0.043615794088789794
0.75,0.25,0.012274022908833504,0.010635075436236097,0.010459368986796669,0.006106846866408944,0.005453944259954824,0.005433366841543941
0.0,0.25,0.49500657172947937,0.42511070366915216,0.3382729913478313,0.4929440988370196,0.4204436599926509,0.3310348970029512
0.25,0.0,0.05233666288712213,0.04399209302083362,0.03837660172496471,0.058395065751377984,0.04855725009745293,0.042137491474890654
0.75,0.75,0.00015706281796989963,7.93243664534149e-05,5.8014794080518683e-05,0.0001334295320993828,6.657031878209985e-05,4.8357654295005936e-05
0.75,1.0,0.02434469033961606,0.013655199877219526,0.00826500971349009,0.022954875075270165,0.01292788227809516,0.0077721605884010225
1.0,0.25,0.006622372490879713,0.005663825499629294,0.005312021321464466,0.009341809571592585,0.00808644500026745,0.0076594552507722735
0.5,0.0,0.01628834286430736,0.012097925968373335,0.008832574961729511,0.014982235861287996,0.011260051870399801,0.008276801913995824
1.0,0.5,0.01270733128649848,0.010243053816941128,0.007869764840806592,0.008655254183719596,0.006979122861185627,0.005216404013042797
1.0,0.75,0.0420832415987642,0.03189773350160907,0.02762232864723957,0.04210448874727657,0.03195075691496163,0.027599129060126737
0.5,1.0,0.2806055419697293,0.24364913722583537,0.23276269723045828,0.2831914203473931,0.24612072902106819,0.23530380601973666
0.75,0.0,0.6528248083375923,0.5724002200996744,0.5051950057251602,0.641079295558808,0.5598042994060968,0.49190798170267735
0.25,1.0,0.3751515578934026,0.22988180301443606,0.12769705023928057,0.37069573778192466,0.22718845528614262,0.12619889163182219
775361177
0.25,0.75,0.9064307795745677,0.7840934833912254,0.6701847699235836,0.8963109299351228,0.7754070415179916,0.6687657850107184
0.0,0.5,0.6406903756425385,0.5859822142395853,0.5411025825934754,0.662361402870344,0.5994777140813483,0.5436078754769248
0.0,0.0,0.2574369059418036,0.21833752067470014,0.1842725194266368,0.25995548288707515,0.22096399649392984,0.18736671149887696
1.0,1.0,0.00020821262661052664,0.00018202614029172448,0.00016101129879086962,0.00021829451066868177,0.00018991121992417703,0.00016703460112943436
0.25,0.5,0.2777712680038962,0.22959662101951106,0.1837232759018519,0.2504750627223893,0.20544789075526604,0.16223848989428702
0.5,0.5,0.011257189824525726,0.007402059102115999,0.00604812150333589,0.010902236252983033,0.007001903191806491,0.00561205061158343
0.25,0.25,0.13849638184434743,0.11254340812106978,0.10578227587250089,0.18334952746379818,0.15265947373154232,0.14635425776240774
0.5,0.25,0.09153382228560125,0.07334636343897238,0.0570527438452777,0.09788384784587534,0.07884950704771898,0.06148437947622254
0.0,0.75,0.10734111524709644,0.08073485293419913,0.06619758968199407,0.10454142262186306,0.07861119447404041,0.06450538761255198
0.0,1.0,0.5539760135940948,0.3810349262132485,0.24047650092356831,0.5560951172412432,0.37731693223880625,0.2341725438650557
0.0,0.25,0.3506309165805116,0.2610351153905984,0.2198771070718295,0.3256880244854763,0.24361828455516366,0.20718886439264383
0.25,0.0,0.5174665558700282,0.3585101241506605,0.2856918113396816,0.5221907255825406,0.3615630890372865,0.28740727264838906
0.5,0.0,0.028146305019796758,0.02266388537679287,0.018613729545504,0.02790024064861585,0.02258584216598447,0.0188105767108262
0.75,0.5,0.1912229032774364,0.15089145983838148,0.1284300737730273,0.1833624595502058,0.14266772489542778,0.11869048956596717
1.0,0.75,0.03209195084418681,0.03309981338035484,0.031121687938942433,0.021252083644519804,0.02186222593535525,0.020066177669635143
0.0,0.0,0.08380572297587685,0.06018731609302852,0.04573856375168506,0.08386787324374223,0.060127749735342295,0.04561847643392325
1.0,0.5,0.10408124734578583,0.0644039142377878,0.04994434794452873,0.08817690785181398,0.05438892298225362,0.0428419600200487
0.0,0.5,0.011138669071662943,0.009070765373193956,0.008619456560863936,0.011057295302657755,0.008987590464752726,0.008496902927736638
0.25,1.0,0.21056537929830654,0.15599406304457308,0.11371252577020963,0.16468368247808263,0.11879555940419195,0.08322827892823792
1.0,1.0,3.2220509437408396e-05,1.598649275602604e-05,1.1631219855701147e-05,3.028469447141635e-05,1.5004710389954212e-05,1.0815614796211293e-05
1.0,0.25,0.014662889608190954,0.011598315602845854,0.009144372609830809,0.023459407637518748,0.018291312788682457,0.014577154497146139
0.25,0.5,0.11629577751219466,0.07306197210312826,0.05787836800492352,0.12296312400803544,0.07619194333918167,0.0594405680613207
0.75,0.75,0.023585353769198902,0.013721744324340035,0.007820639181381206,0.02674384535124863,0.015123364390679406,0.008355037132046772
0.5,0.5,0.020987980031594966,0.01515604509911983,0.011524749374287602,0.030856473745121904,0.022151273193590115,0.017232505238488516
0.25,0.25,0.818213891765261,0.684750986620952,0.5015569550793818,0.7871839963808969,0.6638045723089327,0.494013192822515
0.0,1.0,0.5568474699188322,0.4772786791925955,0.4406452110418483,0.5478245962249308,0.46885723222054376,0.43289523452744705
0.5,0.25,0.004496051572881576,0.0030479416078050825,0.0023485085516505855,0.0034847119916937563,0.002345221891627336,0.0017653555602006321
0.25,0.75,0.30724097472178546,0.22167458250397587,0.1429890075368666,0.2448104970960907,0.17172046179421374,0.10690611805024197
0.5,1.0,0.03236359341531547,0.02370700136411874,0.015851715265398747,0.027180627445089756,0.020061497694993102,0.01356471392518821
0.0,0.25,0.4573929909375656,0.3373174814530321,0.21051183808202434,0.46892215529623305,0.3423707377307972,0.2120233584017125
0.75,0.25,0.23546758218345776,0.19473844603994594,0.1607502122036576,0.24789672470598845,0.2057846818409943,0.17049118948781228
0.5,0.75,2.1054327518199578e-05,2.1794785105777592e-05,2.019420248822179e-05,1.8036222608208696e-05,1.8689563474394433e-05,1.7145925039208088e-05
0.75,0.0,0.0005992132799808036,0.00044142104741007326,0.00028118298087431715,0.0005209316074927806,0.0003860916056915853,0.0002462312810069811
0.0,0.75,0.8901043209067434,0.817500958113446,0.7176006485278871,0.8761645985629021,0.7978971358039375,0.6904833398789156
0.25,0.0,0.7485950999359906,0.6557643422711223,0.5717686623912384,0.7509203168444105,0.6589626484904458,0.5761083579624529
0.75,1.0,0.0032350789300518157,0.0020996714787548942,0.0011954327894859729,0.0030105691399997525,0.001985676494507871,0.0011458085888961245
1.0,0.0,0.0012223158112001364,0.0009534515506223196,0.0006793458354764637,0.0012579277788762333,0.0009814700530379472,0.0007002667051749789
0.0,0.0,0.2315394953416824,0.19157241992079843,0.15603698402686317,0.2905378604732094,0.24056060624623787,0.1957524775864128
0.5,0.0,0.03427378135968895,0.02134881221567031,0.012600293589535738,0.03768156976747372,0.023456295822946838,0.013719908035837447
1.0,0.75,0.00015508581098955254,0.00010496388290548442,6.826868515164008e-05,0.00011382391590741836,7.567846097389364e-05,4.742832343673786e-05
0.0,0.5,0.11742056177484583,0.0831559961666899,0.06051133630276129,0.1183708830565855,0.08356842059964431,0.060458115270279444
0.25,1.0,0.029715100527580196,0.01758134575843573,0.01068657574779619,0.03202222793932097,0.01891774174490357,0.011530988685799937
0.0,1.0,0.6418312736875842,0.5383857631677451,0.4263896925597599,0.6448479021190769,0.5426553787735712,0.43289545451935585
1.0,1.0,9.142045335119864e-05,7.255250831417204e-05,6.369665454708517e-05,7.840576406237254e-05,6.192172121410877e-05,5.412879250277225e-05
1.0,0.5,0.04142682242192364,0.029703092672190845,0.01818420111323016,0.04889931942997405,0.03587555014490307,0.02251679220719316
0.25,0.5,0.3287161722548866,0.2698535616061972,0.22812443244218006,0.3362940437447215,0.27599162411543154,0.23404121582353254
0.0,0.25,0.8733356264073207,0.8002251924954089,0.7336635392870903,0.8707371023949644,0.7971264076054188,0.7309448138315705
0.25,0.25,0.00859467213005094,0.006594853950006585,0.005018674803757506,0.009846092952543795,0.007547518193433356,0.005779211913378601
0.5,0.5,0.13248844026526063,0.10098826312161491,0.0762150062325998,0.10762011009453643,0.08435918069147363,0.06513230109238943
0.75,0.5,0.22524406936212138,0.20206420852010898,0.1751590435814061,0.207094745269786,0.18284465638490022,0.15422633331427904
0.5,0.25,0.1498839317599313,0.11883541456532631,0.09819951935887972,0.1650360626051227,0.131699693029935,0.10887519357481978
0.0,0.0,0.644348987520304,0.5755270449287291,0.5142732705619033,0.6414055988098938,0.5753957543492205,0.5139447339040815
0.25,0.0,0.40911595634129827,0.31170406881253643,0.2129950465824627,0.5397370926874155,0.4207502885388852,0.29730956752778037
0.25,0.75,0.17968391289581875,0.1687593496880273,0.15330775466922797,0.19608142966516673,0.1843098225600921,0.16773453573869568
0.0,0.75,0.6606857264426235,0.5375428032026337,0.41745375392965967,0.6936208696664963,0.5805440197589987,0.4675158344541185
0.5,0.0,0.0009880161881739014,0.0006577697818666017,0.00048331746226137895,0.0009805775523378246,0.0006525483932344756,0.00047840698893941713
1.0,0.25,0.07394603665663668,0.05326046011755192,0.04424658625721711,0.06713162369306425,0.04824690848226876,0.03980553381877061
0.75,0.75,0.0005535731438535141,0.00038829775686721746,0.0002732069046168517,0.0004844302513626886,0.00034842213007724165,0.00023847563222467727
1.0,0.75,0.06274480804994087,0.04623136499038927,0.03955727012788246,0.06149229653337307,0.04523240871450962,0.0386057789407821
0.0,0.5,0.4340565461856991,0.33284703108517677,0.27614374390157514,0.42985696348824975,0.3287777461973803,0.2709252206397722
0.5,1.0,0.05082374645446097,0.04112095471255972,0.03287742371068125,0.05068468916945745,0.042587680947299256,0.03550480288615521
0.75,0.25,0.009502919030884516,0.006546203662424754,0.005016635796315283,0.007496211352179927,0.005291265421871194,0.004176304062804892
0.0,0.25,0.8357591852329982,0.7331601858270775,0.6235341289329384,0.7944681754286167,0.684295428465215,0.5682678277095449
0.25,1.0,0.17400084896882018,0.08962943619244146,0.05496809712981321,0.1618464393541117,0.08366934942833626,0.05198404871340945
0.0,1.0,0.13511108056372367,0.12031005714198328,0.10516010952330967,0.08965402091527153,0.08371466723214338,0.0763060443517456
0.75,0.0,0.0004893575244629966,0.00036820852774699375,0.000350524724374246,0.0005268599213349434,0.0003961383734492063,0.00037703288877022345
1.0,1.0,7.331847285185766e-06,6.48046809959002e-06,5.929625016554141e-06,6.440986675348981e-06,5.844402903631973e-06,5.447057042529124e-06
1.0,0.0,0.00925633061966058,0.007277198857064571,0.00761248635090106,0.00995562253922655,0.007644150319368936,0.0077772944238185815
0.0,0.0,0.6253317206280875,0.48914228670273985,0.40802792068841853,0.6232003118382768,0.48661098841082495,0.40515069395530445
0.5,0.25,0.08231775640178807,0.051930614221803895,0.03197968597498413,0.06843507773195745,0.04218202262469861,0.025074056521010135
0.25,0.5,0.4308440752821694,0.3039757540744973,0.23190101982596134,0.43689098233961543,0.30902586286208755,0.23697983506699472
0.5,0.75,0.4480272625774965,0.346830253130083,0.26050604531332167,0.4966922166315384,0.39130313965806796,0.30103041757418636
0.25,0.25,0.5455411309594416,0.41007684458890825,0.3255422544961233,0.5213279155860382,0.39122277322979426,0.310800836262178
1.0,0.5,0.00041767578776674696,0.0003226795336199739,0.0003445494455640574,0.00039355183832467944,0.0003045474763672118,0.0003244482795461412
0.5,0.5,0.01879778986149372,0.015154729492199981,0.014236852887251739,0.030055658239285465,0.024271670624194996,0.02280530428156191
0.75,1.0,0.022005317423134385,0.015921316847814282,0.011755841624426,0.01795561296335324,0.01298036008897907,0.009558700081540694
0.25,0.0,0.2286184388771314,0.17574830117963958,0.11875358191233443,0.2281547830489179,0.1752867264304112,0.11826815734877427
1.0,0.75,0.0018334875000208806,0.0014881938946893492,0.0010740096184590486,0.00180201000969471,0.0014626679483629168,0.0010513725796342799
0.0,0.5,0.46366596503668656,0.4299398048242913,0.3627718396006079,0.45361969137412106,0.41956055627972033,0.3517971264558013
0.0,0.75,0.3666632158234828,0.2937303077321607,0.26690737669942177,0.3179750681963103,0.25378660606259495,0.228590957968269
0.5,0.0,0.40206513590528914,0.3228612757503896,0.24133222794357212,0.4047934237434385,0.33038855255693744,0.2559043285228175
0.25,0.75,0.4431564759075589,0.29382155491093287,0.19374090262198995,0.44325320996374074,0.29493048339286354,0.1953199863667452
0.0,0.25,0.39149270448552376,0.2692383077690115,0.15519016441601596,0.6169483104567517,0.4635947739919426,0.30044912181505934
0.75,0.5,0.005866816601716618,0.005216433166962631,0.0048546601002914525,0.0044648772281793425,0.003963241085560787,0.003669306118752824
0.0,0.0,0.552731135652884,0.4320002909539954,0.31896148843791505,0.4949042740154064,0.37312711302045165,0.26340864771225014
0.75,0.75,0.01839481459271264,0.010890828774650307,0.0058028331302191205,0.01777490534101145,0.010524190061682925,0.005614819266640869
1.0,0.25,4.590478472898951e-07,4.2690710366777296e-07,4.628856822286309e-07,5.24652491118438e-07,4.811002970450673e-07,5.171719589247559e-07
0.25,0.5,0.3134404732320567,0.24424013272324308,0.18749143254699874,0.28081058943126513,0.2182609156122286,0.16652628944214865
0.25,1.0,0.1954193887886242,0.15697769151702912,0.12381818178432302,0.1729753095593224,0.13777385464087144,0.10661005253997735
0.0,1.0,0.7978414270182546,0.6839657025092185,0.586744731900231,0.7948745071885773,0.6784690337372196,0.5789563155835197
0.5,1.0,0.007375024097350913,0.005359869267501649,0.0035813169572114223,0.007169972616517972,0.005221287274701059,0.0034974485583753046
0.25,0.25,0.02292489703268319,0.01606520976383463,0.011700039954948283,0.02835050621845714,0.020288420841592547,0.015431251022320014
1.0,1.0,0.061229393140521005,0.037443807751627034,0.01615031333909489,0.05598677108789085,0.03402468061002917,0.014372111419356681
0.5,0.25,0.37244496968189056,0.3008373551088558,0.2787456272086184,0.35260762592956785,0.2812629604464656,0.2552499984041876
0.25,0.0,0.6675234491920173,0.5002083170358176,0.41130995892580213,0.6042306694275312,0.45062697508187644,0.378058488931287
0.5,0.5,0.0019226637743468,0.001080009022454087,0.0007405915833178511,0.0017933488044536983,0.0009890630049214089,0.0006652588504976187
1.0,0.0,0.05244156222377627,0.0408136568198042,0.03949150003414115,0.05088572711913619,0.03961283538824534,0.038239650867948005
0.0,0.5,0.580292707658155,0.49120082515860586,0.4140098061363321,0.6529539508795879,0.5610441940517984,0.4818690565994581
1.0,0.5,0.4517835075467336,0.34695589268985516,0.29575035287564533,0.48082728561708155,0.37071006218137215,0.3167251157552816
1.0,0.75,8.047722712989369e-05,5.891767239818435e-05,4.1834231508719455e-05,7.098848800768387e-05,5.165917801108755e-05,3.6441952806054445e-05
0.0,0.0,0.6004817843556105,0.5265477572230817,0.4748369835402273,0.6154857207203017,0.5414309684565295,0.4892696113693037
0.75,0.0,3.597251794140721e-05,2.595106980529671e-05,2.0599514290231546e-05,4.4944845938754696e-05,3.1990318051677846e-05,2.4888759270424998e-05
0.0,0.25,0.685260208632672,0.5666239637297216,0.46606494696951817,0.6534669906177151,0.5378291253038117,0.4389279335020577
0.5,0.0,0.005878570628060853,0.003310460019906869,0.00223389988209044,0.009472344374992225,0.005563713595495567,0.0039382411950737994
0.0,0.75,0.5939004704404528,0.5136198925300325,0.42769420314749784,0.5973003257870944,0.5277903386864211,0.447200976039817
0.25,0.75,0.5968471265908004,0.46480582979639307,0.3753561300688224,0.5904117496293442,0.4529416072167999,0.35882755540337596
0.75,0.25,0.01763307528927993,0.011924750565126985,0.009093535192305158,0.01982727137900908,0.01353375091164144,0.010442987701684725
0.25,0.5,0.6878856693325989,0.5678054643099386,0.45119617912181587,0.691695493326102,0.571208750296231,0.45364326631549734
0.0,1.0,0.3668521836396864,0.28770511168213053,0.2428956845130399,0.36573230533465917,0.2867019755968935,0.2420424674178714
0.5,0.75,0.30880904535288856,0.24985793982590432,0.2251646157225844,0.2695103434404007,0.21807456798840574,0.19624892619328527
0.25,1.0,0.01883730223604352,0.012372270256258866,0.010707546409597146,0.018504565552357577,0.012239787796765045,0.010720040839597655
1.0,1.0,0.0002124000209904331,0.00020682823265805172,0.00018427441460100447,0.00019489051063692475,0.000189320404826554,0.00017015662767605466
0.25,0.0,0.8391939575810842,0.7366195702643387,0.6410788263196684,0.8680038699767268,0.7690792314360071,0.6721719048472847
0.25,0.25,0.6400207346759434,0.5373780675413233,0.47287548588040607,0.6264463805206922,0.5235429936987026,0.4604425125383209
0.5,0.25,0.062084749854694476,0.04495110396950319,0.034090477693626386,0.06325001624789595,0.04560142387919208,0.034456853518177843
0.0,0.0,0.07692729183849156,0.056716966425528814,0.039907236711280714,0.08070717189250287,0.059726131226973456,0.04292429114526164
0.75,0.5,0.033991432821989465,0.027957222352274158,0.01962606939387257,0.034935918972216706,0.028878055167924632,0.02041880495508419
0.0,0.5,0.3417967342552274,0.26299508814739103,0.20327314338027636,0.3399289430877587,0.2617013336358329,0.20152645684134174
0.75,1.0,0.003918825822389449,0.003022242521152907,0.002478235482374247,0.002658261417481822,0.0021123145506556362,0.0017711817518606399
0.5,0.5,0.010273096681628235,0.009196535186014043,0.008062061951289778,0.010468723232593513,0.009383868733623402,0.008237971309677405
0.75,0.75,2.352624489432298e-05,2.2304869921940806e-05,2.3607389144419955e-05,1.4783039286925259e-05,1.4055750144015278e-05,1.4737595405378556e-05
1.0,0.25,0.08660750449114218,0.06821122365267962,0.05398089803380346,0.061623500185505,0.0488016335071082,0.0380278103341547
1.0,0.75,0.0032229227336711963,0.0022264994019609574,0.0015566917410954062,0.003258544592367296,0.0022383720052812084,0.0015533054993176476
0.5,1.0,0.10241382573405966,0.07146067636450504,0.0553405686018118,0.10168709153419442,0.07144899698820262,0.0558675201143094
0.0,0.25,0.3910600631660399,0.3092847747391485,0.26176026591086,0.42435681973064765,0.3382649073182451,0.2896079511657924
1.0,0.5,0.01019168975058038,0.007830783432386634,0.0057427254991813115,0.010841667487043183,0.008279136515387364,0.006025849453839993
0.5,0.0,0.007786730620142457,0.0070724785509845844,0.00730157515875951,0.008138532052530234,0.007383136238195309,0.00761834576602527
1.0,0.0,1.7898137165683892e-06,1.6583661197611121e-06,1.2268981730567674e-06,1.7555098581478745e-06,1.6279550274500565e-06,1.2040574891569733e-06
1.0,1.0,0.05064141006312117,0.03243958826034066,0.02141058930235029,0.04412711702362182,0.028334693967299707,0.01867454184438
0.0,0.75,0.5363906706626924,0.43217502146178155,0.3495631238551331,0.5630699344610303,0.45657257941882956,0.3714132572659231
0.0,1.0,0.5508763245923806,0.4725520082325737,0.3809674742258222,0.5374379145203713,0.4584049425656035,0.36554240996986087
0.25,0.5,0.14811198314108998,0.11605831324447002,0.09582594199989525,0.13717981263800827,0.1067135758021085,0.08663725758617846
0.25,0.75,0.013097762638456634,0.008726543852325408,0.005398404700284187,0.0098420824401253,0.0065659263820903035,0.004007643138309591
0.75,0.0,0.01051226566301433,0.008192909975224927,0.006772365088903776,0.013989215151760881,0.011067487377596774,0.00942401117045244
0.25,0.0,0.6182365039549702,0.4969928376590872,0.39760069457094327,0.5670217235370599,0.4503104502351062,0.3528881272257851
0.0,0.0,0.4773266810763702,0.35790090465396485,0.2893462488643481,0.4704702197553412,0.3544578233613753,0.2888050408180297
0.25,1.0,0.033966459911939695,0.02376263330289463,0.015895820334711486,0.04660931750149899,0.033418127988412705,0.02302088287312587
0.25,0.25,0.08784916146557442,0.07183354415373,0.05348583335627266,0.08711732619922641,0.07274600429513822,0.056435584085379964
0.5,0.25,0.007834488016170593,0.0064334323508505875,0.004541594270128124,0.006513236106665099,0.005407637955684441,0.0037913104668657605
0.0,0.5,0.74715075895792,0.5808092897166345,0.37241467022383423,0.8064139169558286,0.6545930634490069,0.4466829527336845
1.0,0.75,0.005891671916265162,0.005305380650830416,0.004905841438950009,0.005047408937976283,0.0045075284979549934,0.004097889311384995
0.5,0.5,0.2988984147598034,0.22974840002173114,0.17222874584087133,0.3163351407875481,0.24718269862890396,0.18942978486103446
0.75,0.25,0.008227381850939741,0.005539481391305001,0.003751693824647906,0.009944130469383694,0.006662907611367785,0.004516472033452623
0.0,0.25,0.9300267885450784,0.868631127277649,0.7911585606715248,0.9181650550883393,0.8570185015155614,0.7823485255487371
0.75,0.5,0.00028522941141573277,0.0001422281436962436,6.973564899015461e-05,0.00027904549252211197,0.00013890198358512684,6.769858055011291e-05
0.5,0.75,0.11001630894764347,0.07318921788963428,0.05127905355784268,0.15122170294292414,0.10261432131271442,0.07340087764584657
0.5,0.0,0.020550033707906423,0.016064095102446108,0.01239554935819065,0.023639996511209294,0.01804895460869771,0.013285290852708576
1.0,0.5,0.0004947030312547618,0.00043085395436848195,0.0003730782133962718,0.0005704562987842721,0.0004963602371370612,0.00043431552680006646
0.0,0.0,0.07602465422781912,0.06157207526434805,0.04996785629869149,0.07608961396318581,0.06154064996917241,0.04982028291179552
0.0,1.0,0.08455905648828022,0.07137059574630578,0.06121651387093108,0.0693515690766281,0.05865364885205426,0.04973237338675274
0.5,1.0,0.2798852826689805,0.2097398741082468,0.15574995351578524,0.2718610352323134,0.20396591907355788,0.15246986981992228
324517547513
0.0,0.75,0.20199552252130548,0.1558762171509367,0.10872505446442604,0.2036513735067652,0.15733095611075587,0.10983240334255095
0.25,0.0,0.5808629062494948,0.4782711066561923,0.36092315593185054,0.6410478765833069,0.5381557173106513,0.41790636819365323
0.25,0.25,0.5555020920324572,0.4546576613229669,0.36453422585766804,0.5920923690276154,0.4888394018240966,0.40304837353034306
0.75,0.75,5.296497633255903e-05,2.9680563714329367e-05,2.4744210653460108e-05,5.607850718147844e-05,3.1265624445664386e-05,2.600999177060359e-05
0.25,0.5,2.4122448993524337e-05,2.3647132141646487e-05,2.8558480228535466e-05,1.4750999510759755e-05,1.4219086221234356e-05,1.670092632877207e-05
1.0,0.25,0.019277786578386635,0.011836352557574314,0.005328590828310276,0.02584848864030631,0.015998163338145188,0.007508382358929255
0.25,1.0,0.108765471200438,0.08375631958742225,0.06752190323520191,0.10485961743899175,0.0805204910809596,0.06460830145437713
1.0,0.75,0.00012568243921695643,0.00010493770285524562,8.756998914138947e-05,6.75505125378173e-05,5.742900663441297e-05,4.684469853810658e-05
0.75,1.0,0.0020005322090268507,0.0013523334575293866,0.001138170943239758,0.0016900577970451192,0.0011311137796370385,0.0009384914090834195
0.0,0.5,0.5590777423333402,0.5097314591770811,0.4954968231768483,0.5564017964445267,0.50723818840792,0.49291966758024885
0.5,0.25,0.04160169547768133,0.03142534074288128,0.027758251487461028,0.028094919417257835,0.021969296524438242,0.019992318167444845
0.5,0.5,0.35006697436632683,0.2392440074974873,0.1772338154336569,0.35296971009117395,0.2400629829694404,0.17622006012835034
0.25,0.75,0.8004063265359802,0.6685645579424769,0.5122508311462555,0.8109275115494419,0.678899420385415,0.5198939277418098
1.0,0.0,0.004747824903584608,0.004450928797975262,0.004159940465028988,0.005312728953875023,0.005007551654557241,0.004742778136772485
0.0,0.25,0.7222900751332203,0.6440250370417673,0.572519507700733,0.7571421742614817,0.6808954639086038,0.6117329802035565
0.0,0.0,0.26468738097572053,0.22196292425524244,0.21653228683983428,0.2484939342370751,0.20636719692678585,0.1994498336247993
0.75,0.0,0.09262167331156701,0.06454174887540409,0.0462299087986322,0.09951831803889866,0.0704276679982565,0.051075090231012865
0.5,0.0,0.16200590076586274,0.12149561031382694,0.10196459776474853,0.18859998847039783,0.14412121211291795,0.12273350208072242
1.0,0.5,0.003793389973942851,0.0030571781470629666,0.0028518403310364704,0.003713209393317096,0.0029884483893907188,0.0027670615724011416
0.0,1.0,0.6594308809287126,0.5743218519548331,0.5110169958576227,0.6577132919394351,0.5719130278639932,0.5073788449525637
0.25,0.0,0.3943346519756358,0.28125187063717294,0.19893006814391012,0.41688956388410314,0.29811966255185973,0.21134888937222995
1.0,1.0,0.05906233223209356,0.037838244372118246,0.0253919608689821,0.04028716427574075,0.025852227343693857,0.017577040905714547
0.25,0.5,0.1797110654202836,0.12022292404483048,0.07826445498521939,0.19530817692519942,0.13378572550926215,0.09009885452459998
0.25,1.0,0.7719257208561802,0.7152150010356325,0.6447850620450577,0.7322259208822257,0.6723384409063979,0.5983607679961633
0.0,0.75,0.23382449441220432,0.1508508650258955,0.09928572629667831,0.24587597272776207,0.16138862325079661,0.10807025321231023
0.25,0.25,0.48454101031829644,0.39258662877015593,0.29970830768876333,0.4967407451720741,0.40103352272547765,0.3038311694307366
0.0,0.5,0.5609014892926754,0.43437644811490395,0.3562089670263969,0.5069995756931716,0.3912898387567635,0.3224767962632873
1.0,0.75,0.00020044288942133726,0.0001400438165052309,8.962497836684236e-05,0.00018608626301497289,0.00012910830032308862,8.173005855605098e-05
0.5,0.25,0.45534592120077555,0.36802443360873827,0.2854022966726908,0.4483326055168392,0.3629757431609264,0.28355569045871154
0.75,0.5,0.022832796105235253,0.018187597735556116,0.012746564690754858,0.02059831891329922,0.016012456371550243,0.010863054023201979
0.0,0.25,0.9336908368274095,0.864838394481107,0.7700175835111442,0.9374509001444097,0.8726806396834306,0.783464773248327
0.75,0.25,0.20178239347350435,0.16284758760871232,0.13347598132192484,0.2220947477704006,0.17734159987093623,0.14469481597205802
0.5,0.5,0.003974809614234576,0.00322505706798637,0.0030950611376103776,0.0038675945213717533,0.00312960519778982,0.002965261630291538
0.0,0.0,0.043195299706226264,0.03247275353306689,0.022943518266002494,0.040759868495287566,0.030791077435353476,0.02161128286970815
1.0,0.25,0.0006189260075428749,0.00041566120388547567,0.00027432498723856114,0.0005806101958166776,0.00038464549903272083,0.0002480275701893797
0.5,1.0,0.061552952912331316,0.038410757791919714,0.02957749251239239,0.06344298424947548,0.039883369637059296,0.031015320920451228
0.5,0.75,5.567184071220144e-05,4.2843359576605344e-05,3.261372949481256e-05,4.376123879090699e-05,3.429444890867828e-05,2.640164576139803e-05
0.25,0.75,0.7289318770357224,0.6101460841386152,0.5052227224393087,0.7253568331837705,0.6090531955999471,0.5137451253469284
0.75,0.75,0.02862215894565101,0.02052960653757352,0.015508368832527042,0.027889607846902975,0.019954828350771114,0.015093738229552955
0.0,1.0,0.4058864821127893,0.35427809563367607,0.2821327310935733,0.45016706607500434,0.39153807790145856,0.31248221741301896
0.25,0.5,0.10309611894071058,0.07935995020616937,0.0625553551193363,0.09515117497445669,0.07310483316617111,0.05714948984546098
0.5,0.0,0.04097356273610331,0.0319680428650615,0.03383655317968304,0.04186189844196009,0.032495988280266896,0.03406257629372944
1.0,1.0,6.668422056244072e-05,5.7810233651367504e-05,7.766808839737571e-05,5.2569171896443834e-05,4.599717947384452e-05,6.164603992475648e-05
0.25,0.0,0.2674883601408591,0.18543394835170302,0.13464625504169225,0.2720092718404702,0.19150215319989394,0.140290422239431
1.0,0.0,0.058822871044452274,0.0362376485829603,0.01919746735763561,0.055961056586928626,0.0345150594586735,0.018155094782209447
0.0,0.5,0.9705758771916257,0.9245667501356228,0.8317932443092941,0.9730573077219439,0.9287459782340167,0.8370526550652482
1.0,0.5,5.991189171139499e-05,3.5492185190610925e-05,1.858040697311214e-05,6.043975804603807e-05,3.5700071398192534e-05,1.8591424173819426e-05
0.0,0.75,0.02109342257215263,0.022163381421286377,0.016722122919367477,0.020727816671650023,0.02172419064579889,0.016288930642556876
0.75,1.0,0.22125816461524506,0.18470040288006673,0.15032462856789697,0.23310598995823206,0.19302921725913358,0.1558818115714493
0.25,1.0,0.6772688059099272,0.516305172684364,0.368138587644832,0.6421697191282174,0.4866201462599242,0.34700155679272104
0.25,0.25,0.002810849113589864,0.0023658136385011908,0.0018313690682800754,0.0046609733286836486,0.00391015943720463,0.0031569759761040928
1.0,0.75,0.02758700336199238,0.021771487700522285,0.013030757697265916,0.027520597291585625,0.02168762198446128,0.013208951218955933
0.0,0.0,0.6178775346083194,0.51242423933775,0.43789502675799485,0.5723149882707677,0.4689357033856312,0.3968616711401052
0.5,0.25,0.022836569278502417,0.0198553683123055,0.01918818396093902,0.023378093458072402,0.02036970497921653,0.019658117464346425
0.5,0.5,0.3889030457515763,0.2723573136504621,0.22098681142749454,0.4065429825928002,0.28568872235650533,0.23168745035368943
0.0,0.25,0.9668017307215162,0.9192499468525951,0.8589957994010773,0.966147391557425,0.9176446241628384,0.8554111526440875
0.75,0.0,0.0018710061469472405,0.0014566842747222308,0.0014063893408187145,0.0018787305606133842,0.0014528691957813589,0.0013871198173041055
0.25,0.75,0.015288749616807706,0.011427049980459625,0.008559925935155865,0.012471370923159086,0.009454146772006289,0.007269150891018428
0.75,0.5,0.005076375656264398,0.003544963908437948,0.0026759155525227785,0.006134973869029725,0.004187402945102003,0.0031276293960849078
0.5,1.0,0.007300808988896512,0.006338801700216501,0.004481505160010779,0.009265118760901414,0.007989841305746426,0.005701605040187685
0.0,1.0,0.631877399543858,0.5611440355444337,0.46403060222408954,0.6548532170750594,0.591341958446467,0.5037877250666842
1.0,1.0,0.0009505253495347699,0.0006391997132368932,0.0005646598141050285,0.000662990370255967,0.0004526392428725323,0.0003995637751539327
0.0,0.5,0.1383488381819592,0.12189303035532173,0.11987045907448013,0.13134657908590452,0.11633947776908071,0.11547283667209196
0.25,0.5,0.31827907168229685,0.24622422648363296,0.18776144548360896,0.32616219646841516,0.2542332749192675,0.1975179767461157
0.5,0.0,0.0357493418906476,0.02645953026610015,0.016496298629013917,0.03503864631277431,0.025721295521617837,0.01578254270879076
0.25,0.0,0.2638459367169772,0.18200499429117778,0.14794560212175945,0.4107210832983592,0.2765910824094393,0.21952811911225067
1.0,0.25,0.0009505960697846483,0.0005320802924755341,0.00024377862430813302,0.0016343173145851875,0.000906455149008556,0.0004181763543458228
0.0,0.0,0.8842768843415562,0.7404709359267712,0.5917795909065736,0.860308863609982,0.7150003450419121,0.5761287062034978
0.5,0.75,0.021393346629681065,0.01724835436108152,0.013237682201571621,0.03303597109254708,0.02666773347121487,0.02094871240791596
0.25,1.0,0.0010493101996725818,0.000617904439828787,0.0004249818473613942,0.000873662362680383,0.0005196473103898924,0.00036585080725792807
0.75,0.75,0.0005120767820829819,0.00040751329879551434,0.00035042545244057255,0.0005605331200390085,0.00044820493204400513,0.0003921772663779688
0.25,0.25,0.010633159574975348,0.005835037602474724,0.004011429928862942,0.009582310050018195,0.00523993819725499,0.003640274589736814
0.0,0.25,0.31635713980650415,0.27160028715165896,0.2545647378101239,0.3133594633330594,0.2687887139813516,0.2516735832321597
1.0,0.75,0.0009000856460581463,0.0004954918764494831,0.0003720190829423764,0.0007981341002197828,0.00043996015368841235,0.0003319256106086854
0.0,0.75,0.24042005457137416,0.18127932122786783,0.13032974965295785,0.239867235583896,0.18120609912638264,0.13014382723682283
0.5,0.25,0.028135749828657297,0.020096547564034783,0.014420441823841501,0.033500725982074764,0.02410477050192883,0.017670057637156233
0.5,0.5,0.002759007933794466,0.002103659081485909,0.0019071481996292272,0.002927769524886159,0.002217431798433811,0.0019967960675914
1.0,0.5,0.0009678189421097327,0.0006949946688150632,0.00042504293839795704,0.000969977918233278,0.0006941904053738845,0.00042270777524588965
0.75,0.25,0.011029495345901252,0.009470399284203235,0.006849252029050734,0.010580762984479075,0.009078498568681037,0.0065234461036884905
0.25,0.75,0.2796153066427597,0.2213330326270937,0.1628492371591962,0.3020866095227145,0.2443685823205778,0.1880824832844511
1.0,0.0,0.009583209172795537,0.0068873173937500365,0.005493292253659465,0.009438834048508093,0.006782877097537554,0.005394990539206002
0.0,1.0,0.5723500403877678,0.5167609480169153,0.4488564015491172,0.6131713669939978,0.5617801243373417,0.5031905976158642
0.75,0.0,0.16796985570143252,0.11755160542028809,0.08321780338146745,0.1948216630351456,0.14047579538949428,0.10286465590292182
0.0,0.5,0.7759769813050169,0.6921281572914278,0.5980657154810022,0.7331228335046807,0.651327211186113,0.562450699782106
0.0,0.0,0.2607788415541783,0.19446679452687787,0.14855821181086182,0.25440778436123646,0.19030035943730228,0.14561118260893147
1.0,1.0,2.0440206381588943e-05,2.0774799899814234e-05,2.3464568204456526e-05,1.5158833998274446e-05,1.5592463894265052e-05,1.765603532832838e-05
0.25,0.5,0.00849079512873352,0.00571503057838485,0.0031511830944096486,0.00966720845057889,0.006231528493944927,0.0032841051773474517
0.5,0.0,0.05737210570805262,0.05137159462114527,0.04735984946801031,0.06712377073224607,0.05925556732723236,0.053187879501347846
0.25,0.0,0.4551560368477031,0.3941497514471801,0.34567855931446434,0.4529020060657377,0.3883311709498847,0.3362536537724814
0.75,1.0,0.0010864302721671493,0.0008105619054021851,0.0006216664329327104,0.0009175501339562242,0.0006869088320859973,0.0005317711518620927
1.0,0.75,0.11675946127648185,0.08594443630755377,0.05946922369810648,0.11890328574599907,0.08785054923940461,0.06138111546411895
0.75,0.5,0.0021204755998179836,0.0015786239910333677,0.0010796022684449458,0.0020891674795553428,0.0015547265545905464,0.0010600076177261775
0.0,0.25,0.848109848439794,0.7619347841518298,0.6647121765628766,0.8426179738160331,0.7536828907780214,0.655248752079352
0.25,1.0,0.26425413768760775,0.17892505542822956,0.131639581286085,0.261982950923602,0.17938423093340017,0.13385695412785326
0.5,0.5,0.012129264038533871,0.011508409818216658,0.012913305710458567,0.012748388652652709,0.012133853230835046,0.013524891768079472
0.25,0.25,0.0214566152193727,0.014452630403159805,0.010543528109269618,0.025601551389189625,0.017518446767303963,0.013263672502259238
1.0,0.25,0.0016317950930813119,0.0010609990306360562,0.0005381322391472265,0.0013950465201815199,0.0009812701168416815,0.0005452478881143863
0.0,0.75,0.8350386330813019,0.7034143752157043,0.5425924442676713,0.8366275222125762,0.7056961120131953,0.546611099488952
0.5,1.0,0.002758766187812567,0.002580535554841834,0.0014380537556154538,0.00441183310459814,0.0041511809313070636,0.00247978354138767
0.5,0.25,0.16296846551691047,0.14234658850176984,0.11426652606629883,0.14657668686899683,0.12809341914240213,0.10236314261491697
0.0,0.0,0.4139038995260731,0.2992108979440894,0.18877046702063782,0.41111690554932623,0.29117491598081,0.17732528358945876
1.0,0.5,0.0355567295085949,0.025831152797891388,0.021213914528477318,0.03846465057142756,0.02819893243342675,0.023665583560548487
0.0,1.0,0.17643494899758694,0.13925327981442115,0.10002429750239028,0.14925425117028224,0.11602414926247762,0.0807372608204413
0.5,0.75,0.22651785150622783,0.1876167535520178,0.15150288473529216,0.14690982236522399,0.12316618681393221,0.09860252668878866
0.0,0.5,0.8335404452038362,0.6939602829945557,0.5717608317820925,0.7955649815878519,0.644233898201925,0.5164271932142648
0.25,0.75,0.17994922061198892,0.1400015819274566,0.10686881024085304,0.17470424904111148,0.1406573717281392,0.1131102830295675
0.75,0.75,0.06847106076343734,0.0478797824715026,0.03808208684141268,0.06479741278451456,0.044112956279755644,0.03327177365450906
0.5,0.0,0.00894843954759772,0.008147675229355666,0.006646108588697852,0.01058508460530927,0.00970669613659203,0.007992187422943609
1.0,1.0,0.002120282473142887,0.0017438334304966663,0.0009576788682388315,0.002337021668136874,0.0019430356815824945,0.0011234037053147183
0.0,0.25,0.4248473009732625,0.31037086577125583,0.236853353061098,0.4128128324579944,0.2975319810198995,0.224373325719888
1.0,0.75,0.04465395078855883,0.032588154422082516,0.027937013859644422,0.04683575524173067,0.034241912267125696,0.029589317274648308
0.25,0.5,0.15153834821622147,0.12445665919785054,0.10100499170650257,0.17116470587822297,0.1414162865887838,0.11579108857210763
0.25,0.0,0.45402121351498126,0.3280031599270209,0.24159941791364425,0.47987698859241246,0.35027433065048474,0.26014605385342504
1.0,0.0,1.4921962617320261e-05,1.1974658456592735e-05,1.155652004136698e-05,1.6526363756930174e-05,1.2935325566010292e-05,1.2205522840313954e-05
0.75,0.0,0.06313723173185393,0.04572735683432316,0.03670992200770884,0.059425167070695895,0.04266966706104047,0.03401933968426196
0.25,1.0,0.34660895600323904,0.2783297218739873,0.222545958144986,0.3984492779245946,0.33021778572666227,0.2767997748412788
0.0,0.0,0.967525095311027,0.9237564705539392,0.8626617396893053,0.9624456712099339,0.9153021657985349,0.850639804287397
0.75,0.25,0.003292799645734368,0.002360133509002438,0.0018560410479367961,0.0035424169205825473,0.002533820711878021,0.00198721881173336
0.5,0.5,0.027163974139597924,0.01654803410519956,0.01188708702797614,0.0257308669582349,0.01554777149361386,0.011067266730197645
0.5,0.25,0.7112200036015467,0.6029361020804649,0.4961577573857422,0.7108562889021152,0.6017526643634658,0.4938982283857932
0.0,0.75,0.2563679871718778,0.21907756600132777,0.19504234883005478,0.2631840644536896,0.22410520824031277,0.19985596643971504
1.0,0.5,0.03469194261130515,0.024725225435567655,0.01832306378746995,0.044494152403463216,0.03187591828111658,0.02424212149191951
0.0,0.5,0.9431814667189724,0.8679360829336882,0.7702969746315691,0.9185665761198503,0.8413104860699682,0.7460588316679899
0.75,0.5,0.08757757238350705,0.06767675508188797,0.04816208044231951,0.09093203933230287,0.06945399216348513,0.04844469134291307
0.0,0.25,0.2253714223689799,0.16634649039509775,0.11941598801599151,0.18868192820339857,0.13908805001603408,0.09938353111493625
0.0,1.0,0.7063333907587992,0.6113240055960538,0.5185957033159481,0.6739069423689499,0.5792577967642831,0.4876099327976172
0.75,1.0,3.4569656959249073e-07,2.2544752575903715e-07,1.26786798837486e-07,3.548086570104303e-07,2.28751908970537e-07,1.2537229032716368e-07
0.25,0.75,0.7733027253119162,0.6825242224822866,0.5858158282355527,0.7580745902253052,0.6708512398029025,0.5794196363893668
1.0,0.75,1.0132048873234822e-06,6.864244724846813e-07,5.476466089504584e-07,9.316571855100264e-07,6.282001103752322e-07,4.974486185194138e-07
0.25,0.5,0.17496438506886736,0.11238836618319492,0.07629904680042732,0.15107293387879006,0.09608932124718128,0.06405095871714594
0.5,0.0,0.17502426853692143,0.1519770047601232,0.11416619536176076,0.17654064626698118,0.15308013481225746,0.11473849469740172
0.5,1.0,0.003391873070972329,0.0022654349627959647,0.0013089121776904689,0.0027842488113503094,0.0018292776186131787,0.0010221259159222118
1.0,0.25,0.003413706088817303,0.0029091564353157517,0.0022094821922173935,0.004432962840366317,0.003921148334656732,0.003155943789145521
1.0,1.0,5.269249082395788e-06,2.5771396048313022e-06,1.5193795739332216e-06,5.0396850326261955e-06,2.4480489042577602e-06,1.4291812966416018e-06
0.0,0.0,0.1086387118153006,0.06573305551159936,0.04198054738778456,0.10924959029641035,0.06568334059131387,0.04161091311811205
0.25,0.0,0.3356141331420208,0.2833063345072161,0.22951978020110853,0.3577661530998928,0.30200921571439054,0.24429655982478493
0.25,1.0,0.0007554904857097755,0.0005754434587805779,0.00048268647866334113,0.001096357778891277,0.0008361848210849399,0.0007087925803449524
0.25,0.25,0.7097262850611391,0.6081398936788899,0.5348866737294269,0.6939372297194218,0.5896289169425222,0.5133345675596632
0.5,0.5,0.02047455290601885,0.017578217402966834,0.01775004128192359,0.018057079976405155,0.01541549236668227,0.015349863101230654
0.75,0.75,0.05681331295190495,0.03611429290020374,0.02696120997819973,0.05327139041114759,0.033408792939257026,0.024639565170014976
1.0,0.0,0.002565984488764772,0.0013410693227162707,0.0010926220760620886,0.0025410602621365186,0.0013256656320397298,0.0010768060874697394
0.5,0.25,0.0007809629631343462,0.0006843805452942942,0.0006801484801243207,0.0010462661014172259,0.0009181759779437471,0.0009295485704167161
0.0,0.5,0.6688959349092816,0.5156799706138429,0.40662000897114015,0.5996751994335037,0.43834263782716665,0.32912320501947456
0.5,0.75,0.0004895359635010976,0.0004388067135989715,0.000447266281026093,0.0004447967461296276,0.00041280738109672477,0.00043975862792988707
0.0,0.25,0.18464177948673988,0.1318161853327563,0.09546682155556074,0.18521290686817715,0.13164393037626998,0.09487537010550517
1.0,0.75,0.05283579718833509,0.04630268804305504,0.04104416436017533,0.06255667806486487,0.0551130632271184,0.04961457219136012
0.25,0.5,0.4827821067396568,0.372197274042661,0.2751470340591211,0.4946941449037896,0.38539905865875246,0.28870068092169543
0.0,1.0,0.36228737978798353,0.2936101707393076,0.24149281532533418,0.3723113322348659,0.30286210362235466,0.25041507093750226
0.0,0.75,0.3135642593171084,0.2677191409050619,0.23884280963389282,0.3345211653302016,0.2877860438472264,0.25796716979122103
1.0,0.5,0.03984426301181321,0.02690358616525923,0.021473836186548967,0.03921010065853636,0.026510875408966683,0.021226872410963216
0.0,0.0,0.8684855789566873,0.782844889217696,0.705554628200401,0.8587085527483278,0.7703411628195759,0.6905830254603451
0.75,0.0,0.02770726163462467,0.0212191554747736,0.015996003153913918,0.027446439342333484,0.02116637735171978,0.016045091071066775
0.5,0.0,0.029683516635334528,0.02248436794583386,0.017159106926233014,0.02898675950597518,0.021966706924554158,0.016671980810485376
1.0,1.0,0.05599179020023248,0.03697400490564706,0.02986415090852157,0.0590137153480641,0.038447562571780836,0.030492143893205093
0.25,0.75,0.653179309342143,0.5381581205428448,0.4753825058141796,0.6639758942206583,0.545930047642248,0.48061919602246406
0.25,0.0,0.40533949378626466,0.33538086131244604,0.2662087945806928,0.4073718974150342,0.33920424681692785,0.27110455695361524
0.75,0.25,0.09159665936365935,0.0770646575475884,0.06886782554141313,0.09409829633925582,0.07916018247411438,0.07069682594388316
0.75,0.5,0.003441652579197818,0.0029236939755591385,0.0029205282307056546,0.0019467323969888373,0.0016773257107549622,0.001667627499954083
0.0,0.5,0.5969521354134544,0.5350303700106648,0.483200490063725,0.5671308769614212,0.5073190148377336,0.45516281109468537
0.25,1.0,0.08178879856712662,0.059903930568119934,0.04408625701012403,0.05842351550590519,0.0424512586541278,0.03047781572426156
0.25,0.25,0.07877600459203338,0.05744128068094889,0.04199680573227427,0.07983047461337478,0.05808908960197978,0.041821599431053236
1.0,0.25,0.0028284793503745576,0.00226973234223804,0.0017819004587226184,0.00393204751648546,0.003154315304758404,0.0025137833961619283
0.5,1.0,0.020334288194945982,0.014643514420463521,0.011420520132090162,0.019483332004048504,0.013832093020570646,0.010635420973700516
0.5,0.5,0.021711812593835367,0.015914644336376904,0.01091699458149975,0.020772997660243986,0.015089614754347558,0.010162822301717722
0.0,0.25,0.19608232720224483,0.1508430523225187,0.11849828260013051,0.2064013369147486,0.16011794306245153,0.1286544410385051
1.0,0.75,0.011564869047753223,0.008181592902103296,0.005355453729316562,0.011162476331669557,0.008000097294803554,0.005379300363176132
0.0,0.0,0.811471396061627,0.6591984428857138,0.5216030687076467,0.8063980120330527,0.6512756889968412,0.5107748700647381
0.5,0.25,0.16915622049262513,0.12018057282752836,0.06583520014413446,0.20996700346935437,0.15334553403736806,0.08920066411251293
0.75,1.0,0.321807632999787,0.23881854408472525,0.16005959638781075,0.31987961887313354,0.23364789748022952,0.1515676392701606
0.0,1.0,0.8556749248024864,0.7981650292738385,0.7317290750527392,0.8267267017926555,0.7612251233812901,0.6832663508110339
0.25,0.5,0.14455336980465583,0.11274823035823767,0.10050827499717396,0.1287014339846856,0.09956213445477846,0.08767650869742805
0.5,0.0,0.020729496168319983,0.01428521709211028,0.01163402621540488,0.01967645990118927,0.013230382132466967,0.01033933527032338
1.0,1.0,0.010998279777053255,0.00816231418261637,0.006664247262998302,0.00861210592530326,0.006409789520458786,0.00521174252827683
0.0,0.75,0.29951146627435477,0.24464633273272196,0.21142930116901004,0.3069725992205533,0.2521373104076914,0.2203877348158889
1.0,0.5,0.007934268087262275,0.006382009987585979,0.0058653995575471685,0.008255194210401107,0.0066840973177226815,0.006194522008274084
0.75,0.75,0.10973492181458067,0.09370521519680075,0.09270993206068945,0.11875754704884278,0.10096694582724375,0.0988924329500962
1.0,0.0,0.06132192285956228,0.04018260265249651,0.031207273854710005,0.06048020045888136,0.03952780989878302,0.030468804533793636
0.25,0.75,0.12071872323763289,0.09265988793387636,0.08135004913618993,0.11993882807907064,0.09209116834615938,0.08083235474324124
0.25,0.0,0.05004396474343886,0.03821333556528306,0.02735529764993605,0.04596067319443087,0.03465530205824796,0.024182874513588914
0.0,0.0,0.6520120455703815,0.5491225998506396,0.4586415760443835,0.654943517323665,0.5515266738571155,0.4601919969778705
0.0,0.5,0.4723046810123891,0.3956659673815841,0.32609941203096193,0.47159738492783165,0.3963023987580073,0.32703879064546093
0.75,0.0,0.0030836674272727294,0.0027503846603430526,0.002419704832860692,0.0038706556624323873,0.003416953815171375,0.0029944273869721982
0.25,0.25,0.024946242208107705,0.017039862689586238,0.01350100002065413,0.02529171315394574,0.017256684750959095,0.013617557673053171
0.25,1.0,0.8742203917494704,0.7669815250121574,0.6519165953335355,0.8419732065998906,0.7277440382934018,0.6127118961336548
1.0,0.75,0.0006795578962183191,0.0005628254921817843,0.0005313505858719481,0.0005143854197282582,0.00042492929001314295,0.0003960361763925002
0.0,0.25,0.0008179899736424634,0.000670974716002859,0.0005736740054202993,0.001023947711436879,0.0008422926960348631,0.0007121413824001666
0.5,0.75,0.0036374108068515376,0.0025782030396754863,0.0018905794996149083,0.0034365932613495964,0.0023730692142953647,0.0016914210849432454
0.5,0.5,0.14805051598163166,0.1271160732868416,0.11049141102939064,0.16303782351593232,0.14046044750371112,0.12138203862634467
0.5,0.25,0.007088687797639159,0.0069684626802024585,0.006676155779058446,0.006554803941664966,0.006462745195396469,0.006141535069382087
0.75,0.5,0.04047875426235881,0.02399731985372755,0.01759261249833688,0.05927092040534887,0.03598012486699209,0.027503766117936812
0.0,1.0,0.004333683773255714,0.003370819656598023,0.003153885109816068,0.004511424994630087,0.003494020112529528,0.003274188269036249
0.5,1.0,0.0009287273939293517,0.0007216774257864378,0.0005800590348171708,0.0008995013755532799,0.0006975597608935846,0.0005601518903584068
0.5,0.0,0.14670263654484494,0.0995470798462077,0.06931707559164735,0.1254184347376518,0.0821085095216848,0.054307473604878864
0.25,0.5,0.006064635707747179,0.004554911290933217,0.0030713615718021003,0.006029356290883525,0.0045269903226159425,0.0030440668718612063
1.0,1.0,0.047175329057657533,0.03466255579537214,0.02670561965086704,0.04925754172112573,0.03610969593110791,0.02769219740236506
1.0,0.25,0.00014177715209662267,0.00011559716970621636,8.632396254448782e-05,0.00013105170479266182,0.00010542717658412748,7.60175909259031e-05
0.75,0.25,0.0006092045226944176,0.0004151438632366,0.00029887093587643854,0.0006505754022873012,0.0004400469620791103,0.00031488844816651707
0.0,0.0,0.38516217094512595,0.29167622491618617,0.25731344509895093,0.3782748003605789,0.28322743838207853,0.24761773143174748
0.25,0.0,0.0077088928316830785,0.006539667221728385,0.005663624347275409,0.007124459728794275,0.006011066012075572,0.005165722638429515
0.25,0.25,0.0555821881245826,0.048077607153399704,0.03767878489166154,0.05885808379768476,0.05069247009303979,0.03933681771978814
0.0,0.75,0.12760304662771504,0.10474000493372138,0.09433556608047133,0.13302381759280701,0.10970741482558444,0.09964336528398587
1.0,0.5,0.04944265226286426,0.035672067017193054,0.0227337118592863,0.04777127152554195,0.03439250621835932,0.021781627035871387
0.0,0.5,0.13185536489684513,0.11615969249375058,0.12436351702059312,0.16560753929575667,0.14653463248842835,0.15615377586188606
0.75,1.0,0.22878527037952257,0.16451785907581307,0.13967466431080777,0.2149900606788112,0.15378855223713184,0.12981290081832508
1.0,0.75,0.15294358427145416,0.12661701754643806,0.09217970037270684,0.1854119658626674,0.1541816549815611,0.11392641105455659
0.0,0.25,0.28223139692612853,0.2217845729093697,0.21531274790983856,0.3087792255456224,0.24656981380066412,0.24221491456166633
0.25,0.75,0.08330272410515915,0.060716792978961376,0.04416213644942868,0.0787628528210984,0.05728970588704374,0.04094684749725397
0.25,1.0,0.011482028805362421,0.008097795903124205,0.006339329517547565,0.008426996945365417,0.005910998700421777,0.004502587387087864
0.5,0.5,0.0008033046290096824,0.0005317133142462849,0.00036010351461202017,0.0007388259101048789,0.00048687673437319834,0.0003243377967884209
0.75,0.75,0.010773070663077533,0.009571918737616203,0.009529831420440282,0.008350876041716582,0.007325707064408937,0.007180114443478547
1.0,0.0,0.009150450207288552,0.006327971611635563,0.0038657787034503954,0.008764869017059196,0.0061190429941597735,0.003745407574782811
0.5,0.25,0.007146190380983408,0.004727965774018572,0.004218089099139455,0.007323734345224042,0.004844057643730526,0.0043363113105190365
0.0,1.0,0.343788535455508,0.2372537196709461,0.16678790235915586,0.346118669002629,0.2419273833723481,0.17249562532835183
0.0,0.0,0.7878078671489461,0.7046090826350009,0.6129229827265611,0.7763777362923113,0.6930463489378402,0.6017488826952913
0.5,0.0,0.022184841778853936,0.01872409729974711,0.01642898024355488,0.04090123092540443,0.034218031513229996,0.03053875412188012
0.25,0.5,0.40738107041801064,0.34186186187145795,0.30069759275009056,0.4289127405540988,0.35891005621729355,0.3151622585709708
0.75,0.0,0.0009927467227349718,0.0005987073480213656,0.00047379665961388984,0.001618878173415439,0.0009727224342870322,0.0007801359162186161
1.0,1.0,0.00012469320560448693,7.613212262924662e-05,3.286401483748591e-05,0.00012051742229424178,7.253820057917526e-05,3.12453570487925e-05
0.25,0.25,0.2640520246663425,0.2124137888855283,0.155550864024518,0.24263512795554254,0.20052527930501873,0.1506383117106378
0.5,0.75,0.048870895165834316,0.0374410790931633,0.024566693030181663,0.05128960839413732,0.03933596067719958,0.025928707836122777
0.0,0.25,0.2843481475280194,0.1916475348016039,0.11391208509151884,0.28192121580920737,0.18845197278644932,0.11084415606824327
1.0,0.75,0.00988450482036407,0.005528042406125588,0.0030608237316067655,0.009629951977584317,0.005581462406646587,0.0032317376167481093
0.0,0.5,0.48901252540658857,0.4040581360665393,0.33383275644817423,0.5385899491708382,0.44816226694655215,0.37574345721371016
0.5,1.0,0.0021701529165767397,0.0011955859260328605,0.0006529122670408949,0.0021449551199674843,0.0011792505034391443,0.0006424227844210595
0.25,0.0,0.08028594345929196,0.04942125727301794,0.02921204258937049,0.0723977156014941,0.04446850405352931,0.026273683264415926
0.0,0.75,0.6528895968475409,0.5427310966755701,0.46187588728705675,0.6485250839335199,0.5380612884942361,0.4578836170375563
1.0,0.5,2.105482833902883e-05,1.5533918610532993e-05,1.276583325937608e-05,2.582054058863914e-05,1.893609565906118e-05,1.5615093917897838e-05
0.75,0.5,0.10815440385261976,0.08827872988116825,0.07205973010553801,0.10676059923646641,0.08700537951215248,0.07070317361159928
0.25,1.0,0.2501314157336767,0.2061633424793975,0.16291791455385718,0.2883157333029035,0.24262821838471982,0.19871909618769246
1.0,0.25,0.37313966758669714,0.2995622453712675,0.23652046794583914,0.35652907400505807,0.2863553216773176,0.22449931754657093
0.0,0.0,0.39318606240086884,0.2849812295222358,0.23751319475995591,0.40843723597012294,0.29773728721959936,0.24975324089776507
0.25,0.75,0.3888650667049476,0.339174933765365,0.30145767281372327,0.39291831272272826,0.3421535436229831,0.30345459768859107
0.5,0.5,0.02675387813691965,0.023755569535752308,0.022377637873257195,0.025285103832506817,0.022483711947615004,0.021177621428584925
0.75,0.25,0.3661611680459542,0.2350788327386515,0.1384909684979917,0.3269375003913966,0.19973411422213083,0.10870063723866341
0.5,0.25,0.22663046808403098,0.17548192512032268,0.14757769723452097,0.2275892817313765,0.1748872631096975,0.14524153356808678
0.0,1.0,0.9266247550874165,0.8633850093088838,0.775540554586216,0.9229453228772019,0.8568841959364963,0.7648673786507967
0.25,0.25,0.4952923457690045,0.3217729256960513,0.199198501940256,0.4515172674218516,0.2853283221059659,0.17030058602383646
0.0,0.25,0.15529561782364998,0.12078791114239162,0.09758119695178014,0.1376259615619575,0.1068744497167744,0.08668620782668357
0.5,0.0,0.3348278414909128,0.2527939142977309,0.18991240027809242,0.35317510663882756,0.26744755596336456,0.20277846241071606
0.25,0.5,0.35578209300729857,0.29610865286807386,0.2440587320030443,0.3066158822987016,0.2522033292331972,0.20197130108256178
1.0,1.0,0.002797522875415348,0.002312805597595835,0.0020705787126331643,0.0023349669095362735,0.001986074905339308,0.0018111360747808947
1.0,0.0,0.018017319945512922,0.01358040649445269,0.0102100485856631,0.01853310385260365,0.013984617729436266,0.010535241966031617
0.0,0.5,0.32975575757864495,0.26215738312321113,0.19277851982020433,0.3312406251947425,0.26653526638193803,0.19766772400488986
1.0,0.75,0.11862816514230423,0.08948491431313332,0.0744328701036997,0.11916429176534515,0.08844995248441312,0.07190310024456836
0.75,1.0,0.00013001055715289311,7.789668422908402e-05,5.5694035215658744e-05,0.00010955330161210863,6.506309609577432e-05,4.612076568810686e-05
0.25,0.0,0.1989358088752622,0.15391796832194737,0.11653433174860295,0.20936823110927139,0.16135268738939734,0.12149433833086698
0.0,0.75,0.020623929975796762,0.013820153978456373,0.009948270796566683,0.019584927144405406,0.013130183673688123,0.009415140224078522
1.0,0.5,5.790767059310475e-06,4.430114953213327e-06,3.1262636435158697e-06,1.3695713951933364e-05,1.0416579630745382e-05,7.56890334752125e-06
0.75,0.75,0.3066105571102151,0.2520629916567084,0.21254460214411253,0.3283011365406,0.2703833512766771,0.22971288476794294
0.25,1.0,0.11399551664571927,0.07692234727421643,0.0573706235679774,0.10290111510302502,0.06985332287976598,0.05236442082463921
0.0,0.0,0.03184948737857185,0.023502598941999242,0.021608906955809082,0.0320038281420183,0.023647367360369875,0.021776367297523525
0.5,0.5,0.09021318460649197,0.05916876826373574,0.04333136385278091,0.08777757442896261,0.05744498040781376,0.041927635260579965
0.75,0.0,0.01549032502405201,0.011880782575916404,0.010286549464207928,0.01890871317963827,0.014459462320635996,0.012547739307267047
0.0,1.0,0.9397613446233384,0.807946526416931,0.6027695368602427,0.9190055456152741,0.7618016231707977,0.5351344610200717
0.5,0.75,0.017303504827032024,0.012648466939686243,0.007929023299917182,0.0186012238003046,0.013751056012633933,0.008761957265486675
0.5,1.0,0.14401271854705722,0.1013641071790029,0.08426748743184853,0.11109079873687344,0.07554184984347634,0.06172431624240926
0.75,0.5,0.000969125438056162,0.0009046467027592486,0.0008832788149821802,0.001008020762572226,0.0009508069548381792,0.0009330641138369788
0.0,0.25,0.11132109368194876,0.06961919802452554,0.055528247857718815,0.11776957847644487,0.07488045883771699,0.06160610303949432
0.5,0.25,0.008241372544073311,0.00832969125349814,0.008666902399306342,0.010047129401637322,0.0101326706812499,0.01055927231318643
0.25,0.75,0.07305453616283586,0.0436848625925057,0.024819256787355304,0.07229234704889209,0.043016973166377426,0.024080769687432002
0.25,0.25,0.2947541393758839,0.22768440709982285,0.22453726771441573,0.2859016616574941,0.21578828523116012,0.20673268025056002
0.5,0.0,0.003935238829880006,0.003384857540663644,0.0029937942836606446,0.005077922078746466,0.004334542639626515,0.0038332750609858524
1.0,0.25,0.039903106140461775,0.0336101247193521,0.03360614302263132,0.0399451707513252,0.033031663794045985,0.032518696408583736
0.25,0.5,0.2378928156736987,0.21545555949244144,0.18554863568453273,0.24226161815459335,0.21807007438735104,0.18650331482475146
0.0,0.0,0.1590984721495068,0.11562360540444849,0.07902926997331106,0.16555717869656128,0.12246147312431566,0.0873687101988283
0.0,0.5,0.20718424479571806,0.1647802818444828,0.12442993620963239,0.2069572474784922,0.1627838370547885,0.12251794154392415
1.0,1.0,0.004325436531608773,0.0026247389646117947,0.002213719561053873,0.004061771698610328,0.002464251183155186,0.0020732531793621334
0.25,0.0,5.84370589753469e-05,4.514981520487016e-05,4.381001707631782e-05,5.791229317686497e-05,4.440609812228491e-05,4.256465974961099e-05
1.0,0.75,0.0006475333170288256,0.00034053061858130285,0.00025741651882638106,0.00048270849230203083,0.0002556783758709269,0.00019336925026069984
0.25,1.0,0.031165207095482428,0.023332107575581018,0.01929818529797722,0.028930956328203083,0.02163072536918853,0.017790066466272902
0.75,0.25,0.05187456481210018,0.04236529970254588,0.038096706161893534,0.05019149916747623,0.04100874679140731,0.037010586457032923
0.0,0.75,0.09643689175180592,0.07288684843157145,0.05504068361561576,0.10420299800745347,0.07815767289192,0.05777040009522816
1.0,0.5,0.012860612611193423,0.010842928395818019,0.009111466475584029,0.012516263829768004,0.01063774398097217,0.008973907135888637
0.5,0.5,0.038584099489898716,0.03051189202063609,0.022677540146730735,0.03945363081559472,0.031296090279434585,0.023276371607956925
0.0,1.0,0.5842232205457987,0.4381657081379957,0.33676124667268104,0.5902451388257666,0.44251784264213145,0.33931505523448735
1.0,0.0,0.0009728604110986749,0.0006824581977258326,0.00040549396539280025,0.0014135884456104586,0.0010011748133111897,0.0006076431373142066
0.0,0.25,0.7035210113850625,0.5747346517596674,0.46456667733361934,0.7143289116438238,0.5706026233282611,0.4522751000092389
0.0,0.0,0.5381854020565053,0.4372265939692753,0.32237695680447376,0.5056525392531,0.40017418714359265,0.2823178459944746
0.75,0.75,0.003345950007401566,0.0018045888875033445,0.0010741590793534872,0.0033658501248523542,0.001818101476291245,0.0010833945431194536
0.5,0.0,0.003344991761439431,0.0022982109428759667,0.0016595502279297403,0.0037244818761572596,0.0025707284549782994,0.0018811907513056614
0.5,0.25,0.1417969186278396,0.11153415679285739,0.10472215935639817,0.1283190340863094,0.10017739606250342,0.09269266920655272
0.25,0.25,0.22668439348087444,0.1830238463054722,0.17532562464928803,0.23654103279570293,0.1915613312684361,0.18376909481163062
0.0,0.5,0.23183776825399938,0.17778146130919603,0.14128934322262632,0.23987373935274636,0.1861757718904652,0.15484861798771288
0.5,1.0,0.0294873875196624,0.022419701021920257,0.018813499084871177,0.026819226703258092,0.020450695158183096,0.017051261497850856
1.0,0.75,0.00015064151863464215,9.335990299252916e-05,7.404919806219823e-05,0.00012445564389595987,7.881805913623197e-05,6.319344656724457e-05
0.25,0.5,0.11075669915154118,0.08443694736347895,0.06411915395348688,0.11496549557792168,0.08756906165273404,0.06644690369463402
0.75,1.0,0.0004216245514254702,0.0002769515848164428,0.00019634746020547045,0.0004277427731490535,0.00028642836217451784,0.00020703259907528526
1.0,1.0,0.0023203175482917615,0.001848716995570876,0.0014866428719808589,0.00265024162256422,0.002102972007448356,0.0016945955387104306
0.25,0.75,0.0694211010108019,0.059817653844711716,0.048640328239286545,0.06857647601264294,0.05909665448164825,0.047992715072687986
0.25,0.0,0.028514311505071666,0.019963948906280615,0.013688704861079426,0.02994614548129837,0.020359552625292654,0.01352600630630052
0.75,0.0,0.002926101128201908,0.0026064187186707333,0.0026202893074448452,0.0028535096781945324,0.00248868467794372,0.002444945574968438
0.75,0.5,0.0007447206836174169,0.0005511588857212146,0.00043491167255449437,0.0008626348170082121,0.0006274015479480477,0.00048704002365485
0.25,1.0,0.2120799708249257,0.15888530290153546,0.1032153203645183,0.1998262586247056,0.14918127803103132,0.09559109050219938
0.0,0.75,0.037107616661192555,0.029559724557005618,0.020463080640226394,0.031225895231984824,0.024931525013214162,0.01716947987283024
1.0,0.5,1.966701461131315e-06,1.4359967307475685e-06,1.2769035593329647e-06,1.5037309475385285e-06,1.0752226862198455e-06,9.11562084149331e-07
0.0,1.0,0.7177805427640211,0.6045267856554107,0.5125384009858025,0.6877467111982203,0.5736579887086616,0.48284299820384247
1.0,0.25,0.0005845803643268477,0.000513389022758437,0.00043914522261800926,0.0005018102359968246,0.00043292044419085407,0.00035775044207708717
0.0,0.0,0.3639947388168996,0.29286691856711067,0.25563680080029283,0.36391135483566095,0.29103089779553337,0.2526508847265523
0.5,0.75,0.03346598999704775,0.029651026329662655,0.027272146885542803,0.029490483291261693,0.026265851795154393,0.024271014839454708
0.0,0.25,0.6932936335252304,0.6085590167173126,0.5211009215951883,0.6884936240868058,0.6026783302610015,0.5135316136099236
0.5,0.5,0.012602699681079299,0.009506582718397216,0.010420132056375153,0.01089338645852056,0.008181968569635378,0.00884117540429008
0.5,0.25,0.004329361705394552,0.0027935295386742887,0.002724569735227056,0.0031573379005327418,0.002007603527335311,0.0019088910005613524
0.25,0.25,0.27552990488168594,0.20491740980627227,0.14003420737240535,0.3961207475267404,0.30789753760568783,0.22480753980780632
0.5,0.0,0.00511842827240927,0.002578962465751178,0.0013438401213220486,0.005333417670476237,0.0025458107504057192,0.001220693257167782
0.0,0.5,0.24952601056468438,0.2264130407317354,0.19772863977218302,0.255593491733211,0.23216258729121053,0.20315687573011088
1.0,1.0,0.0005421241382659314,0.00039833430092584,0.0002744336588756946,0.0006136166610550831,0.00045804191279041895,0.00032744170331167055
1.0,0.75,0.001516012426977964,0.0009557542377074402,0.000634528218811381,0.001978608605157639,0.0013107835955372682,0.000928430236724398
0.25,0.5,0.501323140864746,0.4125197559964566,0.3443322194589713,0.5064220631741567,0.4119878171013809,0.3345867907000719
0.25,0.0,0.012135185602962784,0.009845056466174396,0.010311834880214032,0.013942941602572811,0.01128111401163756,0.011968292225093435
0.75,0.25,0.2676849081126934,0.170947651274439,0.10734552881117998,0.2759245861943156,0.17882612674323983,0.11467360631601997
1.0,0.0,3.678693981479242e-05,3.495615992554768e-05,2.5839790586568157e-05,3.7611910330137555e-05,3.58059881717665e-05,2.6504710608277193e-05
0.25,1.0,0.6341113927320922,0.5299243613728473,0.4344373936732284,0.6024113358640194,0.5021120251784836,0.4115008563026885
0.0,0.0,0.703371374070642,0.5965862553791309,0.4861609917549008,0.680427274048139,0.5743475221988108,0.46541762799413544
0.0,0.25,0.283237038600748,0.21748975346299315,0.18023647974707013,0.29396779321209887,0.22584534107914056,0.1873327262924116
0.25,0.75,0.0015483819605892624,0.0013626805661079988,0.001382767758415282,0.0014152718325965985,0.0012472733909576483,0.0012633733151372617
0.75,0.75,0.0027579741116873224,0.0017282010323076413,0.0012981378991829828,0.0027246370001270392,0.0017030606184011976,0.0012729095022654402
1.0,0.5,0.003623934545059715,0.0025159731707816713,0.00171086606459403,0.003327364098554053,0.0023011465277669174,0.0015435988239415055
0.0,1.0,0.9070990585096094,0.8377863723260638,0.758999104090026,0.9119121357449191,0.8449748418696701,0.769706935967523
0.0,0.75,0.1715138821924599,0.13528524192522162,0.09733762893071474,0.16662193273068415,0.1309025211616457,0.09361884201078685
0.5,1.0,0.03356275569919198,0.024016779431464186,0.017673976691827686,0.03390913865801193,0.02439475627022003,0.01811483819548898
0.75,0.0,0.036340535320871226,0.024450936912184584,0.01900339993496103,0.0455101890137386,0.030249298196359353,0.023225117948491247
0.0,0.5,0.9563636966995538,0.9015714759656039,0.8155380602118123,0.9577069544180147,0.9043136639646847,0.8194184656055779
0.5,0.5,0.10835131165398937,0.08646637332655449,0.07399871584361595,0.1229004967026095,0.09944527635061462,0.08668694341748262
0.5,0.25,0.006927501742130193,0.005723640384938111,0.006090811308574473,0.005833849914766875,0.004872366233106162,0.005232347122092751
0.75,0.5,0.022269459377472045,0.01757647068584356,0.015310210937697688,0.016249258660406607,0.012750506042481846,0.0108756831150143
0.25,0.25,0.017564442506214806,0.010528518213214988,0.0068646044059940126,0.017974799633570182,0.010813238420723792,0.0070525471860507505
0.5,0.0,0.13843642210172136,0.11200400807080824,0.10237146162616484,0.13707875786396018,0.11078869315170281,0.1010588882452641
1.0,1.0,0.009564102706601574,0.007570653868287591,0.005585322020946748,0.008686167692154134,0.006870576075559964,0.005067217444018501
0.25,0.5,0.17073584417213183,0.14394256589703947,0.13942552814510045,0.16942744752423244,0.1437901829459559,0.1394414948843702
0.75,1.0,0.08124906041736624,0.05403765614178535,0.03855243816998977,0.08661258654945747,0.05771177673635142,0.04110508882820296
1.0,0.25,0.1052638944919273,0.08566525947658743,0.06614025602599172,0.0950531785429346,0.07717306826793169,0.05848088821818709
0.25,0.0,0.6253677757963276,0.5396026153972138,0.46745148215657106,0.6358835973496859,0.5499027417110238,0.4775855497203072
1.0,0.75,0.2509189999849162,0.1916764362631017,0.14218794624808972,0.2273133754248411,0.16849993627484183,0.11934612650198995
0.0,0.0,0.228195743275583,0.1896137359087966,0.16199599265036313,0.22137716497136495,0.1809923461117242,0.1504157442966706
0.0,0.25,0.8261248267777557,0.6978154773765377,0.5618871208794363,0.8269414520742626,0.6986583224340628,0.5626672993735866
0.25,1.0,0.7041140344285569,0.5829577432697106,0.44683278750012745,0.7103523588084789,0.5947081382434949,0.4642885618431032
0.0,1.0,0.21362203353823206,0.16645582563875982,0.12872190979504772,0.2115028043769407,0.16467202287284455,0.12716662965191095
0.0,0.5,0.3084858277755935,0.2516868468102744,0.2150311616992575,0.3071061174452959,0.2503177629226825,0.21352232792497305
0.5,0.75,0.03008684588660082,0.022698423172157867,0.01806286420318015,0.02164631347155266,0.016714027672223852,0.013463974767566667
1.0,0.5,0.0008896249555950808,0.0007819266867401531,0.0008286474596341797,0.0010217175933660005,0.0009093799395955005,0.0009813604639077322
0.25,0.75,0.38240818721479275,0.2896870832451852,0.20525136069671102,0.3977063146942863,0.29990377457559503,0.21118266325100377
1.0,0.0,0.0012068766243860107,0.0010551929280752104,0.0008462443081980187,0.0011872091648930105,0.0010328669342372088,0.0008222371520650862
0.0,0.75,0.9515504275420541,0.8897690011393483,0.8058892734774503,0.9488653910572644,0.8856585417582272,0.8013248073651997
0.75,0.75,0.03188668330809097,0.017155742406767205,0.012672749106619419,0.035582022058977536,0.019087034360378397,0.014068816289478314
0.0,0.0,0.8006316260444134,0.7243533226857444,0.6434547751455479,0.8070618038516587,0.731709861160051,0.6518158778998326
0.25,0.25,0.12108937820453425,0.07751262047451568,0.05088878458422119,0.13392198496883845,0.08560724165743872,0.05581497578095873
0.25,0.0,0.6515417207049218,0.5265028766759329,0.40353271167219085,0.6408964166870811,0.5151520573678017,0.392810118763382
0.5,0.5,0.10258752251483938,0.0810076383942574,0.06653323086240526,0.09261484717508561,0.0735108895827481,0.06034563172648799
0.5,0.25,0.010938841171755698,0.006375167979623564,0.0038600957416131676,0.013408484016169564,0.007806763015268059,0.004695642808196787
0.0,0.25,0.4944632061087747,0.38477520537116305,0.321817436300041,0.5016042000570634,0.3894957649224713,0.32393749427705454
0.5,0.0,9.325847016472544e-05,7.51537727778917e-05,6.48049264022621e-05,0.0001248482316564825,0.00010118390134472577,8.7279880264024e-05
1.0,1.0,0.03758946583292022,0.023223141729942665,0.01765096274945166,0.036896907931299516,0.02275615787351848,0.017235310199775533
0.25,0.5,0.19734540437458192,0.13618156551627436,0.09342830088990872,0.15693455292868852,0.10931547485600535,0.0763111480070463
0.5,1.0,0.011807277836656582,0.010360156202448456,0.012028701441521683,0.011060498471767155,0.00954330429032424,0.011014788709333923
0.75,0.25,0.01076806428956012,0.010253773444502845,0.009324975594261264,0.01006493544010345,0.00958818691868868,0.008681992606717648
0.75,0.5,0.0005163753500860846,0.0003842793701049896,0.0003014716784230931,0.0005284113240346944,0.00039281994744155835,0.0003078847264069706
0.25,1.0,0.4193341146555697,0.3723604123742902,0.35070275364216974,0.4210729107954637,0.37490486258342826,0.3541374190467004
1.0,0.75,0.0008395282599393816,0.0007861202632406528,0.000877545460457152,0.0008070969766837965,0.0007533340659388044,0.0008342212477704392
0.75,0.0,0.00028758440881637704,0.00028262440584403414,0.00024187042915424506,0.00027390143392658217,0.00026972460628682526,0.0002310212656738697
0.0,1.0,0.2435355516701161,0.18075750915043676,0.1616420541575163,0.23979303790089335,0.1786602588779923,0.16032640283044397
0.0,0.5,0.685468086879374,0.5344083241361781,0.3986644928545049,0.6818974618973153,0.5304044097321738,0.39354702099258954
0.0,0.0,0.5038323798727835,0.3703224688707316,0.28323586625061614,0.5371648956270543,0.39897960441717606,0.3083397440695095
1.0,0.25,2.441061496838426e-05,2.372537006922748e-05,2.253956785491784e-05,2.366535953812754e-05,2.3027573873513063e-05,2.1743144879016185e-05
0.25,0.25,0.038023171607334705,0.030504396342698525,0.02433988078556748,0.039778950753992404,0.03196144866068851,0.025639848730553805
0.5,0.5,0.05427871078324553,0.031602187659876435,0.022973313731885048,0.060744950137793685,0.036088366761803825,0.02719369351843537
1.0,0.5,0.07665297026373286,0.05870550129217722,0.04619226999911441,0.06634176162694083,0.05207601952349661,0.042382569689564775
0.0,0.25,0.31272872348517544,0.25382380171209573,0.2189207070897803,0.3018738651411449,0.24126064602537056,0.20703537345524436
0.25,0.75,0.36355152354004594,0.27495909872728763,0.21900522526887212,0.37439678572503254,0.28323179459292813,0.22514267210782446
0.75,1.0,0.021497884450118243,0.015804635659498745,0.012911990601132461,0.022483402109118478,0.016568980828693514,0.013471524039906702
0.0,0.75,0.9164610587297946,0.860702339704569,0.7755433408347593,0.9097874354387077,0.8530744657163294,0.7692145296685192
0.25,0.5,0.0316083085087574,0.032999662867460144,0.029332427132509498,0.03635798354953934,0.037496788178841944,0.033017887537317714
0.25,0.0,0.027752762910952855,0.013647122436777792,0.010399488403887602,0.0430053659562758,0.021689963426489767,0.016932117167039795
0.25,1.0,0.08836451567032966,0.06164892936070854,0.04121999907414475,0.10036588171763672,0.0721259619149014,0.050411747563261944
0.5,0.0,0.001782246416355271,0.0014174728801614744,0.0010464562037222347,0.0017776696678164505,0.0014127497800644484,0.0010409188821243198
0.5,0.25,0.03403773871674809,0.0260830755230671,0.0229159039647977,0.03562789863030935,0.027777636874043665,0.02465380514707416
1.0,0.0,0.19395295404980817,0.141226616970067,0.10695188054630289,0.1943520310389829,0.14191744567850195,0.10777788263247767
1.0,1.0,0.005868809720162016,0.004245759979099706,0.00296807654889808,0.005725496795050411,0.004143608281238942,0.0028851179146851536
0.0,0.5,0.32086655503531547,0.24023392766833673,0.19501232694887283,0.3292822956634751,0.2516998723574697,0.20884032315360157
1.0,0.75,0.006005519786723035,0.0057080887320059,0.005212411318267107,0.00617924310309792,0.00586872096601776,0.005359952539933488
0.0,0.0,0.563161837108745,0.4795776509531745,0.39062352791271937,0.557499126357238,0.4766535697780647,0.38998353053173274
0.75,0.75,0.0012057741350344209,0.0011047570252209482,0.0011359939678610154,0.0012012538318857402,0.0011008978103197453,0.0011311165611869178
0.0,1.0,0.513321442139681,0.41891631598161116,0.3283876799228507,0.5131616064578401,0.41790342275532233,0.3264163659553234
0.5,0.75,0.09298101854156793,0.06770364228654824,0.055159827722679244,0.09678990146725008,0.07027388925001454,0.05718261380591272
0.75,0.5,0.023124109900575673,0.013372190203825296,0.007673591040456174,0.019099873732758454,0.011140073504057768,0.006636335627405954
0.5,1.0,0.028407322625856435,0.019341669306518927,0.014928219516772145,0.027416131730632176,0.018637413204852127,0.014342524529847855
0.25,0.25,0.4028501040005458,0.3034403267376691,0.23145712914151872,0.3678865540191596,0.27010603003131517,0.1998787683216462
0.0,0.25,0.16460007929038167,0.12299838406481511,0.106554231063406,0.1614514865380947,0.11960616902206644,0.10216641411999228
0.5,0.0,0.01006364485527711,0.008860879497160079,0.006911494787848138,0.01137294221614682,0.00998623194834014,0.0077387870481390175
0.75,0.0,0.13140617052694725,0.10555004355184583,0.0891371824011663,0.1463063168051283,0.11751847126146253,0.09929642915459003
0.5,0.5,0.016026493362572114,0.013594352962824408,0.011418014310081714,0.016660369215046877,0.014148579218814739,0.011880252643440725
0.25,0.0,0.08310383383421782,0.08264679169880995,0.08382927845521493,0.13098035490201232,0.126604007391107,0.12662873919401207
0.25,1.0,0.14090324842836943,0.09311082436753182,0.06572210989756688,0.13614082463786292,0.09033502749634481,0.06428945140624998
0.25,0.5,0.0005450444068869631,0.0004007010341886552,0.0003116685218319537,0.0006031320293748976,0.0004411194133355778,0.00034426845479929025
0.75,0.25,0.00011805711359569315,0.00011020604020284264,0.000109854249649044,7.904749712073222e-05,7.442187734718608e-05,7.298407908851168e-05
0.5,0.25,0.07122146498043624,0.05957487680737661,0.049702361543235485,0.07163981650446039,0.05984409751665698,0.04979590388822641
0.0,0.5,0.013926322051169393,0.009479538107823648,0.007871074038084291,0.013159144012309554,0.00897747280707395,0.007463821126781789
1.0,0.5,0.0029144570831556305,0.0020343624356878864,0.0019196894399126085,0.002084774309165205,0.0014703728235416769,0.0013411218399299596
1.0,0.25,0.014517262289719612,0.008784148839322103,0.005404060642749009,0.017938988555681545,0.010714710238129754,0.0065984619196663985
0.0,0.75,0.1208050655955647,0.09397127937945116,0.07451211488975507,0.08980036643691891,0.06935454883998715,0.05354154451077431
1.0,1.0,0.004560818779635101,0.0036075204365855207,0.0026424708217400728,0.003511280202125988,0.002764996263061259,0.0020798907591107474
0.0,0.0,0.6380578370115246,0.5826248205447728,0.5008664810387522,0.6234793926872408,0.5690353468083462,0.4926676114034023
0.25,0.75,0.02522818540168359,0.01778792618998304,0.011374063291957226,0.023297469230580514,0.016568705754117286,0.010745254707167251
1.0,0.75,0.02459345275962954,0.016856434897794537,0.011782903871087047,0.02649729123307898,0.01843561321328646,0.013103647273333907
0.0,1.0,0.09011553560820484,0.0685326148041876,0.05345023659255388,0.08990680128477524,0.0678842328876268,0.052606758479167515
0.0,0.25,0.8432936400367111,0.6892659819911843,0.517472400988054,0.8393560547947265,0.6831126654706041,0.5095646176608581
1.0,0.0,0.0026003911185560336,0.0018245900337034993,0.0014601734694452695,0.002864634126284793,0.001988470354917893,0.0015586700354082161
0.25,0.25,0.12396998059661135,0.10555316348064703,0.09231947801765639,0.12358157860393437,0.10494493389963622,0.09146263379528308
0.5,0.0,0.35279939392006376,0.2688096375589908,0.18203471246924385,0.405881662163706,0.3163154308886825,0.21933945970741942
0.75,1.0,0.07251765577101987,0.05364981563193072,0.03366945625608553,0.0724434501433544,0.05350848714642176,0.03349345045903773
0.25,0.5,0.09794831816638239,0.08271579847166155,0.08032963130369741,0.09799467825492147,0.08270337159630292,0.08024575042280824
0.0,0.0,0.13476823920249426,0.1034591112075568,0.07125150398959657,0.1414081886988432,0.10894310090928105,0.0754264450379023
0.25,0.0,0.21461756014253086,0.1591548090304331,0.1105618604187143,0.1930064111197789,0.1456161101324207,0.1039190891834263
0.75,0.75,0.012440201155193509,0.008077343401860282,0.007114956094166458,0.011962200541017598,0.0077343965434326645,0.006793387741188983
0.25,1.0,0.14285589445066738,0.09798691530127612,0.06024009159893817,0.13914201678666327,0.09485723106816413,0.05749464308766572
0.0,0.5,0.7841816696152123,0.7216785153509713,0.6596104287567381,0.7837579211586114,0.7214574429057252,0.6589251506170348
0.5,0.5,0.041659151236714154,0.020922306343233665,0.010353624941446204,0.0408569567017939,0.020632755476301723,0.010288129164264026
0.75,0.5,0.019899432930089223,0.015449835587775684,0.010349973456213024,0.017624697524148192,0.01333851210005832,0.008697695506666325
1.0,1.0,0.002457979687271017,0.001595955390251702,0.0010251671448004984,0.0024860309863906638,0.001628848947952788,0.0010660471112909908
0.5,0.25,0.782293917186295,0.6924365719046826,0.60566661085258,0.7841451431864833,0.6946066190188166,0.6079710067986923
0.5,1.0,0.051675726443658254,0.03991988063308061,0.03421432422911974,0.040044762362609565,0.030965422863173164,0.026322196450247692
0.0,1.0,0.20103406585758932,0.15828710471824936,0.13431949452475822,0.2233246740844259,0.1760196145475884,0.14841140443170997
1.0,0.75,4.081010435141863e-07,2.238378296048893e-07,1.1849505554550888e-07,5.959224175233757e-07,3.3617961525678197e-07,1.8339596996597152e-07
0.0,0.75,0.5733817177229235,0.5086581866120146,0.41293906431376604,0.5815736189676605,0.5138675486067723,0.41654010552303855
0.5,0.75,0.06140913196723763,0.057577398137774405,0.05476384264639811,0.06290794422193202,0.059899221188615015,0.05776299014786268
1.0,0.5,3.7268129179368614e-05,3.30698046869804e-05,2.217900553846963e-05,4.3328035049805536e-05,3.832717816676379e-05,2.418305461104886e-05
1.0,0.25,0.017707699856491455,0.0170777210427987,0.016209723987429814,0.017171794421410924,0.016496302710858002,0.015562691360501812
0.25,0.75,0.29254945893841977,0.1927053335296296,0.13430225424689213,0.23714981849185002,0.15232301799173453,0.10231248753920208
0.0,0.25,0.10194902627750535,0.08322023561889946,0.09020746184972128,0.14151713825450885,0.11324783475104483,0.11821397033254422
0.25,0.25,0.1075267627745099,0.07499055430593093,0.06127619159977615,0.10338831054622222,0.07142155382071425,0.057908789402118854
0.75,0.0,0.038826149371594676,0.03344154929435006,0.02858154387753664,0.038843233556988044,0.03340851694930469,0.02847935816930558
0.0,0.0,0.3079559326731043,0.23404602284368559,0.1973858419851937,0.30687277084682585,0.23189862282292628,0.1940379887721162
0.25,0.5,0.3001701308565411,0.2399005077455213,0.18135832661842288,0.2895645785254407,0.2310856067995477,0.17418695027873032
0.5,0.0,0.1473464092389275,0.129209073058832,0.1110339458025682,0.14725529545647897,0.12926386472761087,0.11052281318720092
0.75,0.25,0.03022598769808449,0.020534741013391145,0.012916169782597353,0.03366806652266341,0.023075631389348095,0.014775933980265776
0.0,0.5,0.08775154253079909,0.08625599095436154,0.07706768253351803,0.0832411235150029,0.0814856021750543,0.07232340685843353
0.25,0.0,0.3323469318776482,0.24242663907607565,0.18287807523063715,0.3319893667581304,0.24232091588611826,0.18367461394168838
0.25,1.0,0.6358865522446115,0.5531896498499617,0.47279395036678584,0.6399895155822029,0.5545529292303433,0.4728177994808491
0.0,1.0,0.751012454675847,0.6308206965633529,0.5323754004426455,0.7857259065898912,0.6695215603244885,0.5711023250204615
0.5,0.5,0.15265430933114077,0.10806925903370157,0.07934049261445142,0.1388224553093057,0.09460334063435238,0.0647023480914255
1.0,1.0,0.00044048554330289313,0.00019802338005570075,0.00012364169868084307,0.00040489503588081455,0.00018024645381520266,0.00011018393635020551
1.0,0.0,0.005029493576645949,0.0038195710785166037,0.0031220376384109016,0.0055807639704714695,0.004232222845353295,0.0034715892790263547
0.5,0.25,0.07039986265612996,0.04143152581356113,0.02929883385280818,0.06842860294658826,0.03909072475894715,0.026891357063472787
1.0,0.75,0.00031607750024442716,0.0002527076601819278,0.00017673527803196976,0.00022010768866276287,0.00017560024960650011,0.00011942403724241046
0.0,0.0,0.2215784860461678,0.15658437339558673,0.09914178445088995,0.25597567156395584,0.18315450257153998,0.11879904971303523
0.0,0.25,0.25161611506792136,0.20137939583003617,0.15736676267927985,0.2946548125547288,0.24496362619021417,0.19752678996447504
0.75,1.0,0.01756587594523018,0.009868696141165367,0.006365220497362767,0.01189131328188242,0.006246807476470995,0.003682449370157048
0.0,0.75,0.9421794579199794,0.8355162897694066,0.6975240994705494,0.95138866878429,0.8509809815487601,0.7137804584806589
0.75,0.75,0.15697753759671018,0.11693233528524472,0.09071518547057367,0.15357148080901295,0.11412481203792257,0.08810884796583518
1.0,0.5,0.09123363716045585,0.0743584153963095,0.06220193538502272,0.09007236785322614,0.07355478922484948,0.06160307138191001
0.25,0.25,0.3017954339310477,0.25236799369299556,0.22973418970435522,0.2753044834032605,0.22781866352041724,0.20458799104983327
0.25,0.5,0.7949272620078014,0.7097014645230826,0.65109074059401,0.7931021211866088,0.7096512222994874,0.6555946873434989
0.25,0.75,0.16989522471807916,0.11334844875754513,0.078580563086601,0.15950286060145968,0.10757920578261704,0.07511352236841617
0.75,0.5,0.0025737264384482206,0.002341987788386457,0.002381760643859976,0.0026003612357559103,0.0023675917705979765,0.002419859930385293
0.5,1.0,0.5461833730883775,0.45669599280484763,0.3546029684758075,0.547683293090987,0.4583004483686739,0.3561733214037255
0.5,0.0,0.036526525853846636,0.027364305047039794,0.022200746069114707,0.04074420311581828,0.03067736587206249,0.025110081816912655
0.0,0.5,0.6207172312309717,0.5064329473841462,0.4317541545978061,0.6303765397358976,0.5174433203519677,0.44291261540358895
1.0,0.25,0.00327451851564331,0.0021552178771659936,0.001401484286889243,0.005336253952953562,0.0035563783573753227,0.0023469122020740585
0.5,0.75,0.09471103994643482,0.05876664716179747,0.034203875560407715,0.09023720540726976,0.056095264226802666,0.03287375254970193
0.75,0.0,0.002362435358831627,0.00179758815516462,0.0015229755536685374,0.002350251547916349,0.0017836289812742656,0.0015020144657993395
0.25,0.0,0.14746401245170726,0.11645935992363743,0.10047814802792843,0.15161038268808014,0.11935718810235751,0.10280556473725388
0.0,1.0,0.42718770370008385,0.36367495001409944,0.3191998312308617,0.4628949022445731,0.3944111772863944,0.3466418767681132
0.25,1.0,0.4418129345192846,0.35633253917956875,0.288494703694377,0.4341944384882517,0.3494191361236103,0.2820835261510458
1.0,1.0,0.0008848092961962761,0.0006421671662354411,0.0004483362641389821,0.0008508760874165189,0.0006168159554896802,0.00043255803650865676
0.0,0.0,0.5766699532313613,0.525483547035972,0.4928546578969428,0.6063579756581171,0.5531071341118847,0.5194740852417579
0.5,0.25,0.2958826043046232,0.21013185388771527,0.1801080726504095,0.281032837498534,0.198536070782787,0.16895984741870307
0.5,0.5,0.007841213074089581,0.007337439123045297,0.006724198840199924,0.008114558512058223,0.00759099284252962,0.006949955379600414
0.0,0.25,0.4270470358384135,0.35174828293737104,0.32041094689644933,0.4256946328860529,0.3461402053628275,0.31124882829585643
1.0,0.75,0.0018225895813683834,0.0010013717208122719,0.0006387085568304585,0.0019195634212019197,0.0010561845053256302,0.0006771094007591572
0.25,0.25,0.5083819981662252,0.4201648512298498,0.3464474326952739,0.4705832512474156,0.3894498673794754,0.3186203891117576
1.0,0.5,0.03558668301373502,0.02759583339963778,0.01981918235474367,0.0358761757465329,0.028597290800861486,0.021367581468041186
0.25,0.5,0.03003777659972462,0.019406696196263118,0.012827223696913581,0.03307060648820792,0.021371688542314082,0.01426417874858199
0.0,0.75,0.9474266055832354,0.8762762953928842,0.7735886679509433,0.9545687942655738,0.8891728876027021,0.7925449869760438
0.5,0.0,0.03139733208895901,0.027029150975266925,0.022332251305536732,0.03493343320126019,0.029922337101935592,0.024783043221415557
1.0,0.0,0.008697283667959965,0.007651827370503961,0.006803426489445208,0.009214246058607989,0.00808179287710753,0.007070170525012465
0.0,0.5,0.27636916791129185,0.2748642364407935,0.2903748670176276,0.25619402650708323,0.2584953898302401,0.2791384629132414
0.75,0.25,0.020402487971553085,0.013256072365368188,0.008781123802286572,0.01539687223745878,0.010254833943420305,0.006896339422893694
0.75,0.75,0.02728360463716384,0.019916020613650054,0.017558901824762385,0.02680160092947037,0.019528861193045755,0.017139453876482857
0.25,1.0,0.025860678259435943,0.018509849562299285,0.017036469856986258,0.022302244424151185,0.016041142230806438,0.014839163596272131
0.0,0.0,0.4054130242012146,0.35455488531265,0.32593680497910604,0.4033689764559094,0.35255101929898947,0.32384051808438574
0.25,0.75,0.28875636129075233,0.21338620988047863,0.18142276781373035,0.28107038487142777,0.21259615244201302,0.1846645109562821
0.25,0.0,0.0025744027320613316,0.002027878484221257,0.001739170117332045,0.002852023948025084,0.0022582349613571306,0.001942419007688212
0.0,1.0,0.5096482006441377,0.40816110655760673,0.3395781854934531,0.5435254009732753,0.43873353982662566,0.3663723132504849
0.5,1.0,0.39476935722117124,0.34874001352157813,0.30715593610895,0.3939044685879245,0.34790724132862527,0.3062098439881631
1.0,1.0,2.9884368211607892e-05,1.8077418825868108e-05,1.5168697412693e-05,2.759380217709495e-05,1.667255188719796e-05,1.3912268791882454e-05
0.0,0.25,0.3870046740253368,0.2571209127792162,0.17746846040480735,0.37562031776260607,0.24085520699458285,0.15947406198437186
0.5,0.25,0.01523494286192184,0.013150200922932176,0.012823276598603162,0.02035851288526047,0.017633498258047497,0.017285898826647328
0.75,0.5,0.01962699951441893,0.016226473672731,0.01415993399760418,0.018367763263997028,0.015301959928872177,0.013486041165503337
0.5,0.5,0.01319399788984521,0.008922748214180487,0.006060741656604862,0.01314789857107479,0.009099073319205675,0.0065241156232842545
0.25,0.25,0.1755990228581018,0.13243628057065915,0.11232147706506868,0.15010372729012367,0.11423882526107465,0.09821250804781378
0.75,1.0,0.003962977860686556,0.0021986549911203745,0.0018798206635994852,0.0039175636948218795,0.0021704664148498587,0.0018503057871425144
1.0,0.75,9.116276297682635e-05,4.24672555178196e-05,1.6934029790638405e-05,9.952611039976134e-05,4.723510467941061e-05,2.0186960437929002e-05
1.0,0.25,0.00818488374885784,0.006639540482859196,0.006677472428325504,0.0060192499210883765,0.004904744198598987,0.004953508688520403
0.25,0.5,0.18960930859512026,0.1644126865490988,0.14832631429899668,0.19453917902791873,0.1692861323132704,0.15348347028849618
0.75,0.0,7.560309244480923e-05,6.166573526300567e-05,5.188940006561893e-05,8.883995567710024e-05,7.24713135825672e-05,6.091745293534956e-05
0.0,0.0,0.10449146685266808,0.07565583195475944,0.05572267175766965,0.10410218567736584,0.07529778805104281,0.055360445539694436
0.0,0.75,0.7749311774337361,0.6117590154208059,0.45557791321286456,0.781361109761205,0.6350694707991351,0.4958838659917115
0.0,0.5,0.49315975065433926,0.3600111139480465,0.2932853715616396,0.45899009427122384,0.33468932221507885,0.27198808573711664
1.0,0.5,0.03731991463328033,0.02831435230165691,0.022390860757538156,0.029809258362325286,0.023367173986259093,0.019224076827183856
0.5,0.0,0.0826724795426087,0.05334095633852298,0.037820640315241016,0.09074201056878928,0.05894342327465463,0.04222741582903944
0.5,0.75,0.005180701887630645,0.004307902574594125,0.003645869380763722,0.004815999460463183,0.004001234149765498,0.0033724198138699313
0.25,1.0,0.3513453416167409,0.26286750252706936,0.19626468376473027,0.3481299768455344,0.2604923879862002,0.19497830637731095
0.25,0.0,0.01452966475039319,0.011475049026245632,0.00906371038616094,0.016433482587458692,0.012652464822855425,0.009784290252979888
0.0,1.0,0.2968702016884739,0.19549302520352674,0.15212069376822457,0.28408315966401254,0.18229342302678497,0.13826611011824286
1.0,0.0,0.000762132670117488,0.0007106000775072285,0.0006561703308903821,0.0007502943622235136,0.0006986508144830594,0.0006434498114806786
0.0,0.25,0.32669463425503087,0.2757026306980819,0.21185973102898292,0.32401733574439484,0.27308848319408774,0.2093957143100993
1.0,1.0,0.0070571534352825704,0.0043898036621327075,0.002577239000057352,0.007029774111874998,0.004372255305695738,0.0025783208314896777
0.25,0.25,0.46970238952755894,0.39727910561050184,0.28937756811915627,0.4131825723771805,0.34008460094050263,0.23253257198696464
0.25,0.75,0.296703421029219,0.23470618467010929,0.1935939650184837,0.2656780680970241,0.20859986725008328,0.169633049937586
0.5,0.25,0.011382324994324566,0.007461577007205067,0.006075668318802796,0.013116913250631024,0.008735772791419016,0.007373960842165461
0.75,0.75,0.0009722285207824921,0.0008517121274308481,0.0007985836972812521,0.0007038647466540704,0.0006182269196886025,0.0005722031454185039
0.0,0.0,0.760886458306691,0.6587024684173082,0.598965861684621,0.7489242980754829,0.6487093282016886,0.592768096386041
0.5,0.5,0.3985815805530242,0.3662711734240063,0.34128853534093895,0.402792380428068,0.3712270701660596,0.3463719971162884
0.25,0.5,0.5423389961633162,0.4512864586323597,0.3974794082025528,0.5502644156846059,0.45896823389960906,0.4069576102236254
1.0,0.75,0.004580608259176389,0.0038076400857538495,0.00223490109197666,0.00435021736820651,0.0037009572116729617,0.0023007244943618055
0.75,0.25,0.002974955528102008,0.0019524382461716394,0.0014132804892182937,0.002689575861365423,0.001822610212424025,0.0013749750603646582
0.0,0.5,0.02682809733217617,0.019076325623980095,0.012692117978889916,0.024468192421869706,0.017245939143666678,0.011382194366396536
0.5,1.0,0.00806747562205079,0.006572345340490671,0.005314637688432544,0.007619120379776412,0.006311788041259425,0.005194377462182542
0.5,0.0,0.21349883159189287,0.1522604424767373,0.13089125851959804,0.22430843183237625,0.15954204369002123,0.1368365004482417
0.75,0.5,0.006004372173967765,0.005016534981816534,0.004909255637839061,0.005721742464648849,0.004831290365583829,0.004786731510317832
0.0,0.25,0.7972470255952758,0.697505683362424,0.5929857090230155,0.8326232711902392,0.7362969596219047,0.6272933380459514
0.0,0.75,0.6904674550829621,0.5954152119070681,0.4947349076145964,0.735986336685378,0.6411603763731603,0.5453696582965759
0.25,1.0,0.7003790820682914,0.5946688326502956,0.5033195741045753,0.7459968799446361,0.6451235057837594,0.5567579629908088
1.0,0.5,0.0016694407528581312,0.0010972118046209678,0.000875008719395387,0.0014661606856088971,0.0009729467519736801,0.0007784021246248773
0.75,1.0,0.005017766415826186,0.003540156340399614,0.0024254949152018312,0.005159865138100184,0.003651444127034331,0.0025072343252015017
0.25,0.0,0.23129273918420334,0.1948572271912159,0.16998092419583044,0.24298404594359924,0.20509249191340784,0.1794967680918469
1.0,0.25,0.045146824829385146,0.03281034905844915,0.022590083927888638,0.04780496619774144,0.03494388789699754,0.023920965817106454
0.0,1.0,0.009058005349970255,0.009008820121965355,0.008261842730560187,0.007076594078727627,0.007085209444286145,0.0063885268435995846
0.75,0.0,0.008438439239225382,0.00832332617659981,0.00794546809670571,0.012198303081772943,0.012106160635888097,0.011801406586445351
0.0,0.0,0.9658822029262932,0.9176742236036319,0.8308264428084056,0.9310258165940922,0.8638836401820538,0.752506277629106
1.0,1.0,0.0002685715286708801,0.00023141240662205576,0.00018830176448658698,0.00016929277790789232,0.00014897639924082995,0.00012204865418963262
0.25,0.25,0.030693165744787643,0.022839823648105995,0.020024334346790185,0.028819173492147132,0.021416054566079756,0.018695609270584
1.0,0.75,0.04350150882039061,0.03257010000700611,0.028380708170369973,0.04262285793756404,0.03194906632632544,0.027847174349365456
0.5,0.25,0.18823439150733146,0.1154362497043313,0.0814449194429765,0.18701675597892675,0.11402368158754728,0.07965161714114599
1.0,0.0,0.4132899392452507,0.2668057334981986,0.17308852153362442,0.4278558429180842,0.27191848059959345,0.17215351339448315
0.5,0.5,0.2623416609691176,0.20408989761684848,0.1663596274871929,0.2474727485737208,0.18941201898667948,0.1502458793655419
0.5,0.75,0.01117190140751334,0.007180150105947747,0.004127150493454579,0.017776711384680732,0.011748907497727168,0.0072302035817815025
0.25,0.75,0.5904883609485834,0.4833354996132,0.3976945535338723,0.5843106620301407,0.47641474188364674,0.38867153103812
0.0,0.5,0.11606165758854892,0.08979313964051061,0.07120119668983038,0.12481732297744541,0.09871252525740337,0.0796435772516696
0.25,0.5,0.565449318435831,0.43079631324321843,0.33602541627437776,0.5701263708382514,0.4349717814512952,0.34019848011347775
0.5,0.0,0.06428440166614924,0.05281742821622881,0.04303086760674235,0.06324396380474306,0.05197527548334435,0.04220382574548043
0.0,0.0,0.6088809909741577,0.5176840976161483,0.44488597885335,0.574080777054992,0.48446295210308943,0.4141235193329734
0.0,0.25,0.2850424381633636,0.21795554876321843,0.17360006477023116,0.2579332585384355,0.19553394536358137,0.1542364608073553
0.75,0.75,0.0016077351359030656,0.0009869150631149903,0.0006662309844196468,0.0015225781547431039,0.0009423969172039914,0.0006420471979480258
0.25,0.0,0.02976110475175031,0.026755873396722474,0.024202430960591492,0.032614778870605154,0.029290977422719466,0.026489905996683438
0.0,1.0,0.4980064522112426,0.45505849816711375,0.37454907860612585,0.5002761676486351,0.45834528544105846,0.3778877613481084
0.0,0.75,0.7385872789375061,0.6095524019401664,0.5054848769076008,0.7432365058492861,0.616525468269307,0.5148453011874499
0.25,1.0,0.030964152713756188,0.0197444998540508,0.013927448609071913,0.04534562283659005,0.02948878493853435,0.0214072542189101
0.75,0.25,0.04102540888727546,0.0321186122991971,0.025626931441032452,0.034932171060574446,0.027665436095850815,0.022401668553087895
0.5,1.0,0.01030804658981399,0.007839157923181128,0.006464950010820925,0.008836435391105901,0.006737692353545377,0.0055295265875653365
1.0,1.0,0.0009180468202333314,0.0005301201099885411,0.0002406103848805463,0.0008140974427609526,0.0004706469148452186,0.00021224245928341823
1.0,0.5,6.848042130402909e-05,5.012704145901381e-05,3.91625066926693e-05,6.5574738529528e-05,4.800429736473433e-05,3.748467265374256e-05
0.25,0.25,0.7259831803059178,0.6099937657297114,0.5566750698262077,0.7480458066655018,0.6323928445579469,0.57776539738956
1.0,0.75,0.013531120227186944,0.010711890405480373,0.0079847790632952,0.014879666448121442,0.011885301826836336,0.008907498150012128
0.5,0.25,0.4292908331202091,0.38003652114279696,0.3369288947468425,0.43218897545969137,0.3840928105204878,0.34170401876991463
0.0,0.5,0.83668221116319,0.7038952264874225,0.5485261625427096,0.8314903336526417,0.6964605518721544,0.5411325667856932
0.75,0.5,0.18523163955327637,0.1277533876177812,0.079417299010625,0.20071089685010368,0.14138343932488506,0.09217050872385713
1.0,0.25,0.0013225836893138165,0.0008742809676358654,0.0006125755087708074,0.0017610404761018161,0.0011534294081290142,0.0008081340175983831
0.5,0.5,0.18855355725383505,0.10898746273116311,0.07472891533527659,0.22309389452932737,0.13227353745221682,0.09237579333383761
0.25,0.5,0.7978251092965691,0.7058150059453101,0.6301101843983463,0.7966992812936485,0.7033526757077528,0.6254817746753235
0.0,0.0,0.43790151130118815,0.38373202989570065,0.3603678668713637,0.45559853876942036,0.4023128826938861,0.38031450744535245
0.25,0.75,0.1488017874674481,0.10961874972954255,0.08356767928860498,0.14021492366368138,0.10356497223427896,0.07880917696988754
0.75,0.0,0.00028528277785144773,0.00025076540347135357,0.00016266657930108508,0.00025161878613655375,0.0002182740331790889,0.0001374629164465624
0.0,0.25,0.45805147203829477,0.3618439897541752,0.3319108438935545,0.45833524246767154,0.3626121864585867,0.33389366824298916
0.5,0.0,0.0001588256678554112,0.00011698730568787674,0.00011423049559766696,0.0001417299684448592,0.00010407549986002351,9.85561504773802e-05
1.0,0.0,0.003585285326515697,0.003244454985807499,0.002840386220760882,0.00380050864826309,0.0034499434890451486,0.0030277462442263037
0.75,1.0,0.07567831362891009,0.06144844512797598,0.05937495050194963,0.054698680754875606,0.04183722199491402,0.03614131067260806
0.25,0.0,0.49670785381615923,0.4076208278786263,0.3491347193422245,0.4961481325940763,0.4069725908001911,0.3483789482225108
0.0,1.0,0.08623925990963766,0.07338025706435436,0.05423592102625252,0.08627004735902655,0.07312794342368378,0.054371915714368946
0.25,1.0,0.009259814878855743,0.005829123976798911,0.004446673909047183,0.009022606812239209,0.00566943924105745,0.004296995105800616
0.0,0.75,0.9220461512738678,0.8589423816803966,0.7970580289996715,0.8991383596375899,0.8251777726443483,0.7509986792280224
0.5,0.75,0.001146773859825645,0.0007547956479573292,0.0005897179556345611,0.0011221485573071899,0.0007363136538693915,0.0005725459869501126
0.5,0.25,0.006762777541116316,0.006280443625492849,0.00487238126585976,0.007775984038165373,0.007250931806593752,0.005679513741015496
1.0,1.0,0.03253008337831287,0.025242677663099178,0.022611507021288335,0.02369563247495099,0.018128084177948423,0.015953525028721494
1.0,0.5,0.19790568995094682,0.16736916067348961,0.14886072319597365,0.2201672934227371,0.185979571434695,0.1663757375032211
0.25,0.25,0.6837493054769204,0.6155349864347293,0.5600294817988716,0.7111138085095718,0.6442856093962117,0.5885436005554365
0.0,0.5,0.9610030500851372,0.8893369782633915,0.7771253158467788,0.9426487953677328,0.8558154675735259,0.726754646830506
0.0,0.0,0.923730245991161,0.8716247032598363,0.8054938878787392,0.9232209695053162,0.8707867117914473,0.8042471792463574
1.0,0.75,0.0021014872530249473,0.0016249514213488858,0.0012844167272183515,0.002011725896066574,0.001561886733493667,0.0012441626988335397
0.75,0.75,0.05014138065238216,0.03291288914863055,0.02310822216637809,0.04919263550009356,0.03234169144801302,0.022824291589411905
0.5,0.5,0.10170946236539546,0.0879781781082245,0.07245688986501153,0.1225510452259061,0.10507221309455439,0.08651441000510607
0.25,0.5,0.5236609338949627,0.4259643729716258,0.3520793582494599,0.494259883008594,0.3984963037514261,0.325577708102047
0.5,0.0,0.014581388172849152,0.009737270462256253,0.010603943341654043,0.01394990792422135,0.009489487717623812,0.010545170433947093
0.25,0.75,0.55612784523926,0.42717845416350986,0.3015514704904263,0.5791328136719205,0.44636089463439343,0.31561893819111764
0.0,0.25,0.9272975919685168,0.810447207975699,0.721552669533558,0.8922519078607659,0.7411215479741736,0.6222076874769141
0.5,1.0,0.04538002458538737,0.031358311005931006,0.023012028362694226,0.037353208602036725,0.025912329181663862,0.019138678486870342
0.25,0.0,0.07004707473986582,0.05578021779421927,0.04557153415399928,0.0799137310426139,0.06408629121789344,0.05321705809449617
1.0,0.25,0.06667079160545464,0.043479156151666865,0.02580335799126876,0.06264108368979382,0.04153313838041717,0.025071963993875013
0.75,0.5,0.0028724809750888536,0.002273421889314009,0.002105795995700932,0.0024622064363908347,0.0019962299601976596,0.0018989809630781673
0.75,0.25,0.17383745570260456,0.11093294889101624,0.06407047518900544,0.1817391825705057,0.11799190389373315,0.06913533243682246
0.0,1.0,0.9086246545926364,0.8203318419318122,0.6758280295332201,0.9079925860039945,0.8174992224112985,0.6687420088259295
0.25,1.0,0.01067717075218888,0.00784943057125087,0.006162723849916452,0.012375996011428914,0.009120517838439923,0.007207596670460115
0.0,0.0,0.9592542831521594,0.917107828128323,0.8643763047516781,0.9678149931780317,0.9320662918860138,0.8876215094869553
0.5,0.25,0.004274099005860399,0.0041683057052386285,0.004194485323650521,0.004960789851614633,0.004968885361345543,0.005075046905703928
0.0,0.75,0.5695592481471955,0.465377560754232,0.3635251712549987,0.5150319971620281,0.4222228521771897,0.33004261903312604
0.0,0.5,0.5192871277834477,0.4291734653925787,0.3565205607149189,0.523533024041062,0.4344031200394175,0.36457703729115765
1.0,1.0,0.01892622704042579,0.01298670483093678,0.01035855833152155,0.01654798818451364,0.011221829929626947,0.008769116823068468
0.25,0.25,0.835926392443788,0.7458305555440047,0.6483413203222116,0.8029584937387735,0.7079016913749765,0.6029665238059757
0.75,0.0,0.2203776747682955,0.1745928274673446,0.1488125181588894,0.22029104711290626,0.17445760722705894,0.1483970769530949
1.0,0.75,8.10451394006595e-06,6.038176436851117e-06,5.250734401718304e-06,8.248639821406556e-06,6.139364676527315e-06,5.327388286069379e-06
0.0,0.25,0.032923264393362794,0.024158561204882134,0.018210241489519996,0.022199798108633262,0.016159634167602244,0.011804294480224464
1.0,0.5,0.06108418758065248,0.049918139728837074,0.04515943621676355,0.05756821425974401,0.04689201104636531,0.042478114579380555
1.0,0.0,0.005172172459102731,0.003483472292376666,0.0027752408384877914,0.005359233792215035,0.0034465099246394626,0.002587384517836133
0.25,0.5,0.21742348681337176,0.1813147177113985,0.1374381146094965,0.22591558142332147,0.1894586313206924,0.14541376821762164
0.5,0.0,0.4502361262510608,0.3800741412209787,0.2961739134314899,0.37022743373481093,0.3071154194236583,0.2275695505339177
0.5,0.5,0.00907008759538741,0.0074442168553696675,0.006487529672351444,0.0070692479266293295,0.005614340524718209,0.004746450087560916
0.25,0.75,0.2219504541796269,0.12141312691944572,0.05637777940913602,0.22852646120681053,0.12629674695666626,0.05959783543973707
0.5,0.75,0.0901307247460581,0.07298756537949591,0.054086769765852805,0.1343892183813844,0.11114413483192698,0.08612259646370235
0.0,1.0,0.745359848308428,0.67035450824909,0.6253303880569442,0.7374571576162028,0.6621755964388623,0.6164681297531835
0.25,0.0,0.37034155584150463,0.2975089355492151,0.23791084482067726,0.39637595316453966,0.3247477681650659,0.2680371356317274
0.75,1.0,0.031053420700585366,0.02502840047006194,0.019486248111949545,0.028502419920455546,0.023160860883188028,0.01806172510030346
0.0,0.0,0.7604905514836483,0.6580962207321515,0.5678094950539664,0.7632485142064243,0.6627183606425779,0.5710129273307214
0.75,0.75,0.0006177433251539632,0.0004403484197685881,0.0003492433898140135,0.0006042268279840002,0.0004304210148831089,0.0003402828693800375
0.25,1.0,0.28402467080315974,0.21583631903753697,0.1604670736659699,0.28107319884551474,0.21313362437538552,0.15794669690482344
0.0,0.5,0.38210382072947147,0.30488159634162704,0.2475175956897433,0.3782215697094149,0.3010111738657778,0.2430060592869594
0.25,0.25,0.45245501070322436,0.3240736233524857,0.22942319957994517,0.44558278122201767,0.3217400174952769,0.23092921058360394
0.5,0.25,0.033259205424847726,0.02465098377079089,0.019298622084954364,0.04592495764750293,0.03430826248907104,0.027101522912074127
0.5,1.0,0.04157418765998522,0.03699760186587209,0.033108507639261764,0.04239928173361984,0.03800250802036376,0.03424065099351825
1.0,1.0,0.0027419195027602594,0.0027268481053590587,0.002518307811087306,0.0023911009750285928,0.0023795261563994696,0.0021621831959004467
0.75,0.5,0.1712773615890908,0.14328723230853768,0.12229701567590179,0.1807399805526978,0.15003734672512414,0.1262435382930971
0.0,0.25,0.8042415811151173,0.7165570522006988,0.6426602846003376,0.8156154791272084,0.7302796536939783,0.658385992219673
0.0,0.75,0.09159260349301612,0.07318201924205148,0.05844564718614631,0.12377740208224308,0.09751605141271091,0.07627727561748265
1.0,0.75,0.004889224311213525,0.0031444387412575825,0.0023528830463133144,0.0037069261794551167,0.0023716774401901786,0.001747468297289556
1.0,0.25,0.005230420998833751,0.0029457933606049647,0.001838327231015624,0.005220650613212974,0.002930649813778219,0.0018214483532305037
1.0,0.5,0.0010019933036176099,0.0006987767270800749,0.000514681870128042,0.000624517314247286,0.00042362675969997987,0.00028832770671582963
0.5,0.0,0.6093260996316858,0.49632428727379285,0.382127755884472,0.6444949544344706,0.5307059077746029,0.4152532013248573
0.25,0.5,0.011833085619116113,0.00807400826449145,0.007742658708665973,0.011464356959077104,0.00780593233687743,0.007424485433678241
0.0,1.0,0.28968591429793733,0.23770506364867727,0.19704508668284493,0.3544336355267401,0.2975494559227684,0.25373984490589485
0.0,0.0,0.7929936388535583,0.6792738031508565,0.5641671828179535,0.7888473209511319,0.6719881079155715,0.5541454804276424
0.25,0.0,0.08755734888154021,0.06001736957618964,0.05217289609888209,0.0796532665656442,0.05387440837049673,0.046651162819467906
0.5,0.5,0.02705811284788573,0.02116579683081876,0.01717287047274829,0.02710577757170629,0.020929445907369337,0.016794792299248074
0.25,0.75,0.44039086189488474,0.34103244582642667,0.2637988619469116,0.42623266602576615,0.3350940469791128,0.2619802352632745
0.75,0.25,0.13749334603878371,0.10739396685808378,0.08244033341183243,0.14172683783008533,0.11124759444743892,0.08576624378957487
0.75,0.0,7.995838353247464e-05,8.03547465505483e-05,8.510237517078689e-05,8.855332365975688e-05,8.8437693079646e-05,9.289910072385332e-05
0.0,0.5,0.5223012605810191,0.4097267272591355,0.3063555838216536,0.4829575164990664,0.3832725225679423,0.2908913639794031
0.25,1.0,0.3252901398707799,0.22505253936096725,0.15801845952599725,0.32081773048342876,0.2266904188331007,0.1627270880621382
1.0,0.0,0.03272276501936955,0.022999931330677015,0.018810095084605072,0.0328283832343188,0.02295944798581706,0.018534104825158826
0.5,0.25,0.8306065691881588,0.7305110034898971,0.613442459177711,0.8126770701286821,0.7142078586824068,0.6028616324610343
1.0,1.0,0.00012852972640597926,0.00011783542818477599,9.761371113259365e-05,0.00012751601419758174,0.00011688380091312567,9.664750070226269e-05
0.25,0.25,0.16027263660211466,0.11277155632781499,0.07786106576840135,0.16284999502179887,0.11511083987837845,0.08003258547314207
0.0,0.25,0.01561868413744516,0.012132159857482616,0.010521050644662688,0.016335633512009395,0.012679363705048297,0.010994364920161925
0.0,0.0,0.22570049373712853,0.19421135602683215,0.1657225696138811,0.1836767817516063,0.15914883801963042,0.1368282825251811
0.75,0.75,0.015664613914405434,0.010095851265823463,0.00706609372972844,0.01401051519609331,0.009045383020320097,0.006280394510648102
1.0,0.75,0.044796565315575965,0.030564496476194747,0.020172779628406357,0.05701722887227789,0.03914981786045102,0.026539370395421313
0.25,0.0,0.02344483260349739,0.016396186269082347,0.012213254158244258,0.021836241221629638,0.015218738518440356,0.011250957674777906
0.0,0.75,0.03686584557914874,0.028868294569217356,0.021723383912210292,0.03256145591853288,0.025311558181849048,0.01873523489984119
0.5,0.0,0.008086998562385372,0.006236095362143201,0.005392488829342623,0.00851838349509193,0.006576779199826799,0.0057874151083496805
0.5,0.75,0.003944227672693867,0.0027115522930271085,0.002088701977869145,0.0037085056356327417,0.002559423580826614,0.001984911915761556
0.0,1.0,0.7370972777942167,0.6350275134355199,0.5222640468499666,0.7416519882381656,0.6411512190268056,0.5300808551334288
0.25,0.5,0.08182383966500073,0.06571236063864128,0.06481116956679156,0.09347452145811785,0.07580901231286918,0.07618811458202535
1.0,0.5,0.014668447886583502,0.00900620224002191,0.005454893097040059,0.01523059859201048,0.009380559176476178,0.00569304472543819
0.75,0.5,0.018735048517428687,0.015072800394823394,0.013707439005691269,0.019471696844219677,0.015443465176826487,0.013860016220144322
1.0,0.25,1.0907346790212102e-06,7.946916229517598e-07,6.062569921638783e-07,1.302955381587978e-06,9.712346037415998e-07,7.566965258831715e-07
0.5,0.5,0.4178817478443714,0.2766178703838007,0.15567395657152583,0.41354600986112944,0.26857516288922745,0.14673957541007998
0.5,1.0,0.023088877779388617,0.01657166832916146,0.011907686899997105,0.019616936708885424,0.013986213627465882,0.009893589466319574
0.75,1.0,0.010486562253555154,0.008240084318529961,0.007794615672624072,0.012163482563953498,0.009535076400027043,0.009176249777104406
0.5,0.25,0.17704075316512846,0.13935981633624506,0.10873823713273512,0.1739166235006876,0.13135764772844838,0.0962986944154185
0.0,0.5,0.8218998185574218,0.7334562010411582,0.6503939532391607,0.8202692543379184,0.7316230489109505,0.6487291947606058
0.25,1.0,0.4635822498672437,0.3621134626297201,0.30018473562979286,0.5100276779079573,0.4040221797943493,0.3393438130295241
0.25,0.75,0.05279233165184882,0.03777633420204407,0.03493779308538536,0.05446488648986303,0.03895429751517554,0.036127974379602024
1.0,1.0,0.14161812695077924,0.10072791941012293,0.06755276440980196,0.13105838589914764,0.09202972164642453,0.06099140093937061
0.0,0.0,0.27739469859276344,0.24235227469443354,0.19758797328795064,0.2879885578063768,0.25189761941392175,0.20581717519873055
0.0,0.25,0.07774948258431413,0.06018744817400945,0.04343003463073092,0.06741166089273576,0.05196159724229843,0.037054668603991314
0.25,0.25,0.10391405671941945,0.10185028977698352,0.09792265630917973,0.10346462888569796,0.10133981838497763,0.09729599138152689
0.75,0.0,0.024028487558856892,0.01930153136802981,0.014850219426772338,0.025284032217982366,0.0206681113005599,0.016129312066548884
0.0,1.0,0.1529785444600107,0.12019838409693473,0.10782404211098273,0.11230023961630764,0.08746834277628535,0.07616550915910292
1.0,0.75,0.008479885481074922,0.004236556512648093,0.0020641628331004025,0.008373299771470721,0.004147925269090358,0.0019941905190634657
0.25,0.0,0.7852986360640255,0.7373549926697538,0.7056907344999562,0.7838582615635241,0.7356034316087957,0.7037840668984309
0.0,0.75,0.6583738069467726,0.4953951050108244,0.3528099027047775,0.6972065604616611,0.5364011705310843,0.39995359391325547
0.5,0.0,0.07676960008722489,0.055686080276184824,0.04173154834635662,0.10731940734764878,0.0792557014423918,0.06091464239919442
0.25,0.5,0.4262477778586695,0.322299155691104,0.23259195382791475,0.42424665686519825,0.3206538172086837,0.2312775631690529
1.0,0.0,0.019415037583255024,0.01330342989128841,0.011017865240740887,0.02114579055467314,0.01456786965746204,0.0120504478298179
0.75,0.75,0.02276486294688329,0.01362559673571151,0.00987605710609274,0.016630182393140736,0.009833072371885798,0.006885773909333981
0.0,0.0,0.5959703099962637,0.4457784958211658,0.37982992499878665,0.5907234901282234,0.44217177983453504,0.37858005014022855
0.5,0.5,0.13380803721331103,0.09480963009483356,0.07078684736823193,0.11785185672526843,0.08169755588621819,0.059646694870285066
0.75,0.25,0.0020112838520440768,0.0015155858966271474,0.0014291101406019857,0.001979513268602684,0.0014896471771173037,0.0013982800485217162
1.0,0.5,3.713856066500654e-05,2.753100771490935e-05,1.9413612982077666e-05,3.438140070999296e-05,2.5522723110071865e-05,1.791405916429234e-05
0.25,1.0,0.08807142969250537,0.06418603978944426,0.045805586834335,0.08419533315495753,0.06186965155108681,0.04430307149282642
0.0,0.5,0.47201595442299005,0.3197733491210236,0.22073749108217977,0.47609231033105437,0.3223778808253488,0.2222524216835804
1.0,0.25,0.2844276949447859,0.2480599789527509,0.22342095386083205,0.3516846459206636,0.3079839193742471,0.27879636745521374
0.5,0.25,0.3972611723271682,0.34246422787216035,0.270424862599293,0.40625340832149903,0.35057232083271006,0.2778398483982969
0.0,0.25,0.4668802088188405,0.38706294444566935,0.35772931098177274,0.4642590172659947,0.3846707295185393,0.3562387116477477
1.0,1.0,0.00018058295025435989,0.00015291800696248803,0.0001336622018917044,0.00015199153097333884,0.00012957874540830971,0.00011319839412660126
0.25,0.25,0.3246619517828099,0.2879029418728063,0.2594088907595473,0.31909412454775876,0.2857797899460356,0.26259959975184455
0.75,0.5,0.011418002797209947,0.011230766311618345,0.009901970700195939,0.010775792715036037,0.010448821512897832,0.008983778527082653
0.25,0.75,0.002204424816388162,0.002417242503918171,0.002699350216527452,0.002135159014306831,0.0023975306323553713,0.0027522418228211887
0.5,1.0,0.28146015028670346,0.22777044976050154,0.2031034029685609,0.3093977958182328,0.25403839892507885,0.23400144088224784
0.5,0.0,0.014067428096994794,0.010813614137552774,0.008218007811163996,0.015815035574867853,0.012471513803526957,0.00974701468405903
0.0,1.0,0.5220390037239504,0.4000222030491444,0.2916601952757776,0.5604378101049279,0.43923509723439125,0.3300907107952814
0.5,0.75,0.17519175518480345,0.11887153319934929,0.08300708463813422,0.15009106754196744,0.10153840656260837,0.07024403202089602
1.0,0.75,0.004218172316862834,0.0027644309520102883,0.0019192682063053912,0.004799342194061307,0.003041097605259724,0.00206348979608173
0.25,0.0,0.23227859175809296,0.14858492559200298,0.09487846178529113,0.2528616297543582,0.16367724607466017,0.1063271938486996
0.75,1.0,0.007552634638047118,0.004604172471097012,0.00284677124064725,0.007280443644552825,0.004446538840467418,0.0027488452092727655
0.0,0.0,0.6408449926613908,0.5555040108708215,0.5046895626228796,0.6399917471796784,0.5544977540100169,0.5033601905860885
0.0,0.75,0.40218250817130374,0.30900534304708027,0.24271414129413071,0.43291946657284675,0.333520906631225,0.26380967873138483
0.25,0.5,0.9964888128028159,0.9903752547851368,0.9763910817812764,0.9971177102891261,0.991543637216761,0.9783423948362465
0.25,1.0,0.3735589758577115,0.32780358801488974,0.2654895720819188,0.383611027781135,0.33369095496083,0.26702592975856076
0.75,0.0,0.0002042626313519813,0.00017786753832949032,0.0001043989043936211,0.00018761913538867248,0.00016086822953920166,9.133728535115626e-05
0.0,0.5,0.5050619497080725,0.4197535261003229,0.33679929941147346,0.5335994083021549,0.4490351790962428,0.3684829557516489
0.5,0.5,0.2796186605613835,0.20782425869857313,0.13436457433041094,0.28089978902344204,0.20855762469540906,0.13451090281687683
0.0,0.25,0.5134740631063277,0.38508821950326944,0.25855083676549895,0.5066259455647979,0.37959864614399486,0.2547059910196219
1.0,0.5,0.0010630560496716068,0.0008696744467914241,0.0008656748503419465,0.0010381686829394887,0.0008508976125256584,0.0008408962860597669
0.5,0.25,0.11353075671204294,0.07692256751600701,0.06344202705175861,0.0908871396247547,0.06150522229960442,0.050330068168719655
1.0,1.0,0.004280546785390804,0.00320066250800366,0.0029988763827685228,0.003672426278441554,0.002765460697613853,0.002607638282981606
0.5,0.0,0.08383783726883431,0.06399982294433926,0.050637352815380066,0.1156920317779756,0.08687190468314943,0.0672667497060413
0.75,0.75,0.0003272787848762615,0.00021059498950015687,0.00019850226489670497,0.00032162007567848594,0.00021232540737270433,0.00020332029817393682
0.25,0.25,0.0398000630254457,0.025662562373897413,0.016541554313012186,0.035411469847266064,0.022759812924172396,0.014692286910328645
1.0,0.25,0.00034437774668949483,0.0003690055978237128,0.00044991805323868483,0.000387368631744045,0.00040777441732997577,0.0004963134838682493
1.0,0.0,3.369290083710119e-06,2.3644256397226115e-06,2.326177842904009e-06,6.033635443603025e-06,4.183880997210565e-06,4.115646778268811e-06
0.0,0.0,0.042666258821324576,0.02772397097409729,0.02170318165241314,0.03656700440940375,0.02411016438789859,0.019130280387055776
0.0,1.0,0.24408256871319145,0.1935754790240175,0.1717794788934368,0.24877303723498556,0.19665278841011213,0.1736166200929844
1.0,0.75,0.00707117657480727,0.004622682021510727,0.0033494807751186517,0.010059179725737444,0.00666372569394047,0.004920975703030406
0.25,0.0,0.7932445614809776,0.6839942202336662,0.5653017121894435,0.7813142861729948,0.6765023098656286,0.5644941552314476
0.25,1.0,0.17079017519640183,0.13680558642364793,0.115038526741579,0.1491117839389351,0.11877495766724921,0.09875981580933235
0.75,0.25,0.005873743185727642,0.0051563751954752934,0.004727320587026296,0.005972228601534679,0.005231181410546348,0.00478739485279045
0.25,0.75,0.3138904046970663,0.26466651332461233,0.22436501744260207,0.308833603994634,0.259564802616839,0.21957681590298994
0.25,0.5,0.0023726648802411265,0.002076513863165541,0.0017819950712565369,0.002360695994233275,0.002064101597270329,0.001767040595501701
0.0,0.5,0.05814033673741448,0.04080649087388344,0.027905309811257828,0.05608013995926675,0.039305294842859606,0.02678430318263092
0.0,0.75,0.09033203680764346,0.07249108520792014,0.05610143887118857,0.055653564522405885,0.045061767984087564,0.034036403476350285
0.75,0.5,0.2830736847438221,0.22416406725858617,0.18851906068989455,0.280174531710499,0.22137733219076283,0.1855829055622048
0.0,0.25,0.1495727566232372,0.13948187207384044,0.131525355455967,0.1602325522593635,0.14848129024351153,0.13963466568790728
0.5,1.0,0.18274720894995078,0.15315780247621436,0.1285423351471915,0.1816976526267451,0.15216714660210473,0.12752350281654223
0.5,0.25,0.16318272878441675,0.1216009426422624,0.10425576773421674,0.15766292484811828,0.11788972387092855,0.10190097650263041
0.5,0.5,0.43921143596242007,0.366006565243045,0.3294500243290217,0.44970252441716774,0.37472822713485054,0.33690588882852357
1.0,0.5,0.12036848733962224,0.07577769155317593,0.054460586511695164,0.12947758051949965,0.08171396718737234,0.05883831922378957
0.25,0.25,0.015864805711933383,0.01247872896149671,0.011831832287378385,0.01627903647535678,0.012786146278546795,0.012121965670658819
0.0,0.0,0.782945470310811,0.6716115031165675,0.5312030393810208,0.7649327316692843,0.65303037586684,0.5146083808067864
1.0,1.0,0.06749946243487792,0.05537082995441378,0.03837435161974989,0.04133096448815521,0.03430428867109492,0.023452663180864253
0.5,0.0,0.07274738855878438,0.04720281504502166,0.03290261027203811,0.07198847896862359,0.04680905035538696,0.03247206050169793
0.25,0.0,0.013366599985682237,0.007612871191787329,0.005068171576478431,0.01035291605153632,0.005767594801201259,0.0036749625834062716
0.75,0.0,0.15486698158628465,0.1460403593474664,0.12832552584667634,0.14122381209439916,0.13324414987523447,0.11666735285161411
0.75,1.0,2.2764599909796956e-05,1.6786866435913872e-05,1.3534189421848808e-05,2.0913909302811007e-05,1.5314308744462934e-05,1.2185436401690453e-05
0.5,0.75,0.20157658892422514,0.14281099819892007,0.09692886138830248,0.176072611522478,0.12494135342045865,0.08548252834107395
0.0,1.0,0.27482542968787516,0.2011127390428974,0.1488877463368271,0.2854436695828074,0.21031835879705496,0.15674890008981646
1.0,0.75,8.387437256907049e-05,7.935084747612287e-05,8.21577078666813e-05,8.484920058582368e-05,8.055673375606531e-05,8.298560296005064e-05
0.25,1.0,0.0014616827833060508,0.0010605299370985977,0.0007707366318395747,0.0014507442960464134,0.0010517077639260464,0.0007631868153208377
0.0,0.5,0.6688144988505913,0.6066278057338401,0.5251446402379367,0.6544867005839097,0.5931526750675282,0.511960720994984
0.25,0.5,0.09347737618910534,0.06712454209700125,0.049309000515560975,0.06348185450454946,0.04416324307680719,0.03084017719512766
0.75,0.75,0.0007416875434429482,0.0004991635054649723,0.00028536661575606637,0.0005432529797053665,0.00036371988114969334,0.0002033337254105927
1.0,0.25,0.14094730501912134,0.11388053483848315,0.09783132319104348,0.14671943375135243,0.11931573048225252,0.10335692756658854
0.0,0.25,0.10122479210453783,0.08124516195091491,0.06933046876426274,0.0924413061919801,0.07485419995984355,0.06429007273420029
0.25,0.75,0.2924251407151892,0.2228042251742942,0.14965673588791972,0.24315159843690948,0.18322909113127417,0.11902901109298059
1.0,0.0,0.0057062950267776635,0.004444746427751722,0.0035959933023113066,0.00571581615565242,0.004446953546384025,0.0035878028692638564
0.0,0.0,0.6021205303099382,0.4485608683713429,0.3387330956426913,0.5960869891340588,0.4433855741341379,0.3346184491629506
0.0,0.75,0.5588746174935826,0.44984377214116544,0.33150438047529596,0.5498351936362541,0.4408276860013268,0.3276139262080957
0.5,0.25,0.09417969341585342,0.07373859780290337,0.05536242518440193,0.10823194227520039,0.08471807549700583,0.06393344061242234
0.5,0.5,0.3123936590039381,0.24767435002864824,0.19422187197552132,0.30939336470488676,0.24221936574283054,0.1867768274340127
0.75,0.5,0.03341831445753496,0.030163938018517245,0.024235470177741414,0.03852838226191113,0.03407050408642398,0.02737213424709961
1.0,1.0,0.3325981378073811,0.26312849424018914,0.21914552894052886,0.3485684724660669,0.27470098303834334,0.22958159949356127
0.25,0.25,0.33768494531916304,0.254233975109591,0.20629007587937376,0.31572537793664257,0.23180595022655393,0.18149971231248108
0.25,0.0,0.14891590813274624,0.14646195181238708,0.12532089142237246,0.1312665128133036,0.1283649990244662,0.10686420989729783
0.5,0.0,0.3456366774177173,0.23967518606590632,0.18006658029462308,0.3756591098592238,0.26353492809628276,0.20099838967592842
0.75,0.25,0.00888009389004818,0.006991353959809876,0.005423032879860901,0.01188938908387005,0.009328134735156701,0.007323482521196856
1.0,0.75,0.011751070904526428,0.006746797353787359,0.003829208246841187,0.010968776712205641,0.006296402777924204,0.003564588382451106
1.0,0.5,0.0012474018453099145,0.0009243211940905827,0.0006503337104699636,0.001302804935923385,0.0009665072264970487,0.0006806243618424634
0.0,1.0,0.7068107721040912,0.6259549054623569,0.5105621483489458,0.6946325411534178,0.610078796348581,0.48854819730730037
0.5,1.0,0.13527138576143072,0.0919022144205286,0.06603671802756961,0.13435742789641847,0.09117893999776905,0.06539366331249341
0.25,1.0,0.010862836757790428,0.008697061289931973,0.006853781117138413,0.006864177541517469,0.005485095582283828,0.004267405180018002
0.25,0.5,0.3529021212812049,0.3061855950124581,0.25631700769746035,0.36270385098934965,0.31486341472531354,0.26380814418291787
0.0,0.5,0.5765917327316936,0.4750010393047859,0.39505997606216614,0.5578206197059108,0.45670895899204833,0.37775301171206666
0.0,0.0,0.3050643466099434,0.2700212589128306,0.22856223228339112,0.26021643705557285,0.22719392523132065,0.18714532313829357
0.0,0.25,0.3857552005109055,0.3044693753439347,0.2531555290781137,0.38263297827303633,0.30183520312548784,0.2509141058282516
0.75,0.0,0.021140982151639287,0.014573354659652926,0.011133474489708028,0.021690947143221395,0.014651858052476596,0.010591513480199155
0.5,0.25,0.19094119868149684,0.12411559340959588,0.07838843364760173,0.22150669570244297,0.14460972960406637,0.09214242803539119
0.25,0.25,0.007799029653605571,0.006453490381688853,0.006661962664495924,0.010100290860524108,0.008273739393560797,0.008548307082539841
0.5,0.0,0.10084572181765339,0.07163524946281308,0.05117784722849661,0.15607787186330113,0.11189248577284305,0.08121349657886334
0.75,1.0,0.00033752912730955487,0.00026754930585592973,0.00018926255405304904,0.00027075233418305533,0.0002181196968558119,0.00015519153468246394
0.25,0.75,0.16645864865747728,0.10351470268625718,0.06358250975325053,0.23889952974034867,0.15543350718918392,0.10119025147943117
0.75,0.75,0.0015546610494040491,0.0010964119604963685,0.0009486064020169938,0.0021383222211245334,0.0015388742840640734,0.0013986429095241837
0.0,1.0,0.6203844502816618,0.5109170470108422,0.43901432727619216,0.5618832323040555,0.4625249851409039,0.3995121056770763
0.0,0.75,0.6475068439712361,0.5048246623307429,0.37998525912851633,0.6481968260030069,0.5054349484399535,0.38031233994045976
1.0,1.0,0.00010413915117668537,8.102277624788545e-05,9.250823277828779e-05,0.00011118667849696617,8.748243065770378e-05,0.00010009524443188589
0.5,0.5,0.7299918321151622,0.6299152448542045,0.5166214607986054,0.7256405019427694,0.6158940537250942,0.49076339752434484
0.5,0.75,0.02969875842518188,0.020459726555210223,0.012781417044733012,0.01931445046839564,0.013103636321211365,0.007779831454776676
0.25,0.0,0.6262700685421981,0.5630490978487582,0.514664740711273,0.5963810558942677,0.5331278889317971,0.484210572780191
1.0,0.25,0.001682441407613866,0.0013503576645225168,0.0011514761239382887,0.0018072871607309748,0.0014631367637969461,0.001249461456294343
0.0,0.0,0.10662958195829386,0.08086195253834294,0.06074049009954807,0.09085994514346529,0.06929464367630045,0.051464618793250705
1.0,0.75,2.2897403948229922e-05,1.2431899189757623e-05,6.811198207890001e-06,3.441237471513148e-05,1.8579714099020705e-05,1.0524858668370385e-05
0.25,1.0,0.4638213959113575,0.3657358297627351,0.2922641863677875,0.4479250736753293,0.35283184836461357,0.28211968080126704
1.0,0.0,9.389840447404652e-06,7.727405278545874e-06,8.794013640622822e-06,1.6038349237579297e-05,1.2968126627654897e-05,1.4585147282031308e-05
0.75,0.5,0.002355958676940495,0.0016174224016167749,0.0012838664613634698,0.0026852759661946113,0.0018239147648204668,0.0014287598620478237
1.0,0.5,0.0003089721077964569,0.00022179181199644127,0.0001892557878333534,0.0004206435320517343,0.00030644695236814457,0.00026610710220253964
0.0,0.5,0.15794216750992018,0.10106677883054904,0.07158270534087419,0.1590902648422764,0.10226804829835956,0.0728181214482686
0.0,0.25,0.3445073896480725,0.30034906441903764,0.2532593273537027,0.3536158053190054,0.30482642803548154,0.2549623853892985
0.25,0.5,0.21508611127808797,0.18048032773522316,0.15238034802546818,0.21745508203430286,0.18293066324490426,0.1551219245366514
0.5,1.0,0.010184342583222539,0.006517739879065232,0.004415867934945528,0.008171935594935453,0.005237720531618861,0.0035317730802506553
0.5,0.0,0.050928878309846715,0.03275727262973516,0.02416880619676176,0.05495572181280406,0.03620959261250689,0.027509614909102198
0.5,0.25,0.0007034350532929556,0.0006648042150857458,0.0005493475262688952,0.0004645215074914333,0.0004390091767045856,0.0003549613047524325
0.25,0.25,0.07350001414743201,0.05807716725515433,0.05565330913811395,0.07321790120233096,0.05783163368705957,0.05532700989919759
0.5,0.5,0.18358305576732592,0.13707468079967122,0.11642666366810794,0.18005891317642164,0.13404492603129725,0.11343702628334695
0.0,0.0,0.10391816498623352,0.09065546241772393,0.07085079254765747,0.10167522193351197,0.08871366983296824,0.06858021418538385
0.0,1.0,0.6763561698420053,0.5889079057580281,0.5171738315702945,0.6718168975328147,0.5766891450324396,0.49551105460696976
0.75,0.25,0.20477300465197845,0.1482450311514747,0.11184979329679656,0.20158083493778456,0.14565804250785774,0.10962602779050323
1.0,1.0,0.00014328721004752687,0.00010043409900695188,9.398805972704594e-05,0.00011645415473082732,8.30028696492402e-05,7.78591482399893e-05
0.75,0.0,0.6620911854687793,0.517065856736568,0.3885343155580523,0.6903843738352539,0.5483602050189622,0.4223908487272452
0.25,0.0,0.6221766399370399,0.49277349366981427,0.3884119703236538,0.590005816368405,0.4614969687521183,0.3592197963957753
0.0,0.75,0.6778588748969994,0.5446441830219639,0.5052380370014906,0.6350959665781553,0.5035203523180565,0.46438622999066825
0.25,0.75,0.24625805275526236,0.17700914358842912,0.12068558573509558,0.28685997597761026,0.2034623671561543,0.13795846883817153
1.0,0.75,0.02177634745584678,0.015806699868716967,0.013411935713689926,0.017453599128767205,0.012494934378110223,0.010533189156711975
0.25,1.0,0.4588144602917541,0.3444468993270051,0.2573323610677847,0.4801355311736918,0.3628020210675069,0.2772470298728079
0.0,0.5,0.008698286098288599,0.007222245229713931,0.006193102016832874,0.009807311983448974,0.008117176700202178,0.006934496253388822
0.25,0.5,0.050389831816895825,0.03762261658805377,0.02592628443519085,0.048444196945717666,0.03584822716550051,0.02440595310340543
0.0,0.25,0.48963919796559685,0.37850538005219925,0.2795723086976254,0.4869904574377816,0.3760575928205948,0.2773260644835731
1.0,0.5,0.000129967040090051,8.246633775566004e-05,5.444915041263876e-05,0.00012208744166630758,7.678189831139548e-05,5.027402072910192e-05
0.75,0.75,0.03801563577892997,0.027289864478927783,0.020704641071848218,0.03331314113609596,0.023743131871654777,0.017778483701582193
0.75,1.0,0.0024350457872148734,0.001952931580962658,0.0016870840380951435,0.001966112162884781,0.0015787747435870303,0.0013496594242268234
0.75,0.5,0.06605500603568237,0.04581136280312115,0.045274669271756496,0.06327712362691051,0.043757308250740534,0.04315864484185239
1.0,0.0,0.0027864145994962453,0.002541119402715397,0.002232336327714135,0.0032738335533740726,0.0029271268531009254,0.002509957413698305
1.0,0.25,0.03218681360597453,0.0266137515303404,0.018455058103775457,0.03178294909333035,0.026199968830169174,0.018051474452539518
0.0,0.0,0.39933371498386727,0.29904165165033936,0.2369890183459068,0.38323066182798704,0.28369053460936833,0.2228307048361785
0.25,0.25,0.8020057023855098,0.6755308936866067,0.6011157474600287,0.7955761844210691,0.6683122971331448,0.594240113162818
0.5,0.0,0.02602973835082345,0.015975778106917193,0.0103747088054571,0.02449847158602325,0.014996136987281972,0.009638368768016159
0.5,0.75,0.12756110848500057,0.0787784130503778,0.04791891745325727,0.11275287198569228,0.06653049716259696,0.03810305232270317
0.5,0.25,0.6992374532719956,0.5743620536316641,0.46193971049054083,0.6172198705169109,0.49046819719229606,0.37692960274658327
0.5,0.5,0.019054091731709466,0.014873645324234852,0.008759398367632398,0.04336690775855123,0.035470569600391966,0.023608757151813542
0.0,1.0,0.08522908886574232,0.059289319184860356,0.04915913835778818,0.07971005385834984,0.055070944921944975,0.045196252939533776
0.5,1.0,0.40177934586470976,0.26157428287387674,0.16512703609071122,0.4209943933166356,0.2777515979688292,0.17900405450175239
1.0,1.0,0.004488011951136128,0.00244258564053923,0.0016209059107054058,0.004431387632295225,0.0023985628418128346,0.0015695991328243952
0.25,0.0,0.18305455370006196,0.14154871041130024,0.11594867757324612,0.1820282310379956,0.14115631307784038,0.11602705661430934
1.0,0.75,0.02727305140424985,0.01980771247242208,0.014841286029411593,0.028606411848782543,0.021280312538972224,0.01651637314814458
0.0,0.5,0.01395432618004111,0.00847331028326459,0.005099606622087416,0.01019681851839327,0.006108867007979191,0.003565740309599663
0.25,1.0,0.028368006578928573,0.022394880047884813,0.01903448091223703,0.02978616678497359,0.02358075379675295,0.020326780460811822
0.0,0.25,0.21683706611775666,0.1707576299425113,0.11615915246503683,0.18625648171590847,0.1464825110119995,0.09780156944967877
0.0,0.75,0.15869060486224096,0.10808694368096505,0.04905061317898829,0.19486472659036402,0.1339820001950709,0.06326411582258962
0.25,0.5,0.08653510985526247,0.05602608787521801,0.03811660771408509,0.08288958570042315,0.05414542270148104,0.037379951388885724
0.25,0.75,0.04915330388032302,0.022388578632732137,0.008341980454039,0.05099014697752402,0.025098009529205156,0.010527499390602046
0.0,0.0,0.31274011228311194,0.2160146888029102,0.15101304088956158,0.33538601109851507,0.2329343490690644,0.16146590854662157
0.5,0.0,0.21946733356325532,0.17127163934040435,0.133060623922995,0.2488631180587184,0.19750136221726267,0.15807336614403789
0.75,0.0,0.0001606674726811752,0.00011723856910550445,8.067317274262908e-05,0.00021593064150637886,0.00015905465511023564,0.00010951109828027938
1.0,0.5,0.00016506909957891835,0.00012443876890155803,0.00012318725101112538,0.00015840610671946642,0.00011884474360823738,0.0001165628850137157
0.25,0.25,0.08751580154592598,0.05298579298751449,0.03283449063239641,0.10962332373852668,0.06583551506200258,0.04015338961995063
0.5,0.25,0.0003568661775332771,0.0002980397329076512,0.0002518252315693026,0.0003499637950499235,0.0002922650637340318,0.0002467134007556604
0.75,0.25,0.0011442220164182837,0.000984738729584489,0.0006092053013159182,0.000980077214679187,0.0008489485336227176,0.0005148826052191469
1.0,0.25,0.0009794663604234533,0.0009481679933225351,0.0008423960764833982,0.0007661363723219239,0.000731515589503573,0.0006464213228341009
0.5,0.5,0.024913472296543948,0.0174247327672874,0.011363651554983978,0.02114613454792358,0.014722952804316014,0.009423780762482514
0.0,1.0,0.39624415669819213,0.2830180963233231,0.2188185560289524,0.3798411211613013,0.26893731943309196,0.20525112605095153
1.0,0.0,0.0007041960699007976,0.0005061252049103349,0.00047866838709176296,0.000618230990275026,0.0004487319462367356,0.0004297943200013421
1.0,1.0,0.0008782320440257063,0.000673062065951413,0.0005214645291361508,0.0009523129102273487,0.0007295938582090322,0.0005669229840555845
0.75,0.5,0.012133278242201562,0.011521186332450362,0.011092706512144113,0.007854420053425404,0.007272026639388307,0.006745683376015332
0.25,0.0,0.8737851866836649,0.7375375070922163,0.602270712821664,0.8586101024099869,0.7145686536204962,0.5719567272249796
0.75,0.75,0.000292741634921434,0.00029168626480036153,0.00029751754490181526,0.00025922718942061884,0.00026236060812157014,0.0002700715945809229
0.0,0.5,0.1230999408073824,0.08456853765795969,0.05861621733804778,0.12353432565305589,0.0876805198489079,0.06224257374772735
0.0,0.0,0.02837721965865503,0.021539638090618984,0.01494767141713782,0.024977466209917143,0.01790908792766066,0.01149890857479241
1.0,0.75,0.004374643021666014,0.0025414900895761594,0.001997944353163028,0.002184934309904074,0.0013003262991333475,0.0010035718520584602
0.0,0.25,0.31950512349716265,0.2626466470636706,0.2149951209690949,0.3410155141829905,0.27707036124082707,0.22237470077069055
0.25,1.0,0.12195588032290339,0.10567788685052226,0.08707786920319605,0.06359022048600238,0.0560112151419111,0.045441784671113594
0.25,0.5,0.8564205941037304,0.8016162786038115,0.7342792562649743,0.8444552104300319,0.7867608987617056,0.7129413783952265
0.75,1.0,2.4729711656235054e-05,2.0977546982381412e-05,2.0060763692208994e-05,1.7974457719560633e-05,1.5423547597759324e-05,1.471560787358328e-05
0.0,0.75,0.5107016957574326,0.41200879605035756,0.36468979694217807,0.43128448622014626,0.34111509093838777,0.29489237008209523
0.25,0.75,0.05172254232465856,0.04180959064971057,0.034758054548001405,0.05215156374865626,0.04265331978607023,0.0358354476986783
0.5,1.0,0.035309219076221754,0.02778953837664022,0.020163727504418416,0.03379138358274314,0.026516136428872072,0.019157884418679938
0.5,0.0,0.02908307034434232,0.02040291624085855,0.01429100786996762,0.027405592966746162,0.018957448633512453,0.01292821418712986
0.5,0.75,0.007958737485493916,0.00569623684077758,0.004628675929971071,0.007803781996011283,0.0055791664245495864,0.004521285449728518
0.25,0.25,0.17606244369784751,0.13624549858579393,0.09786187828816484,0.17043922711403137,0.13223640498574096,0.09554047438258939
0.5,0.25,0.25767523546379656,0.1800172869177784,0.12571207047907917,0.26567510382504533,0.18699066059961722,0.1311747436267029
1.0,0.5,0.0009079740820383542,0.000824049507045066,0.0008622326278101555,0.0011420888295041731,0.0010432752355800101,0.001111387969723987
0.75,0.0,1.706255074118701e-06,1.2373195517056956e-06,1.1725856492450504e-06,3.3718777492364183e-06,2.4416764548007563e-06,2.357108255912621e-06
0.0,0.0,0.8969869324307584,0.8489064820471284,0.7887182381225466,0.8912218601482478,0.8401060852071156,0.7763229488297356
0.0,1.0,0.560833092186163,0.43651875430389264,0.35478089591628836,0.5509188531004594,0.42680499792079696,0.3459282632258849
0.5,0.5,0.0004372795669027596,0.0003238077728768829,0.0002875576774463706,0.0006188254903538581,0.0004663080519209384,0.00042254581516154577
0.0,0.5,0.3954494334989329,0.3370242633252777,0.28678663688825556,0.4242949605560693,0.3688678945467979,0.3221024056357844
1.0,1.0,7.707161408720964e-05,5.813038989543884e-05,5.307946537302932e-05,5.719352169664127e-05,4.350425151478099e-05,3.908879290415168e-05
1.0,0.75,0.002442878073950716,0.0022151473908800234,0.0021985480836442806,0.0024696416067579996,0.0022172457375329024,0.002170541775577961
0.25,0.0,0.38665387318788125,0.3187785084751442,0.2481044513989885,0.35231462845247297,0.2885754134295304,0.2225566503584797
0.0,0.25,0.9862385252479386,0.943054415874723,0.8690475689758892,0.9852353754791414,0.9399697885129583,0.8632763882365911
1.0,0.0,3.616864748756665e-05,3.075265914453951e-05,2.9965440499490903e-05,4.4969823426388444e-05,3.769283867882667e-05,3.6140071731471934e-05
0.25,1.0,0.5525839059859106,0.45446832490987354,0.39750164993688075,0.5369591222647165,0.4384693604220776,0.38096982249735867
0.25,0.5,0.004442502035966633,0.0034948675692314524,0.0031921121852417356,0.004727159353733468,0.0037254430650651704,0.0034282640136131803
1.0,0.25,0.010301021085970197,0.009245325251975522,0.006816831948297519,0.014506272289275701,0.012992809281973994,0.009935758307272557
0.75,0.5,0.005727511842738009,0.004797255610671347,0.004614962691839475,0.0042866397832627134,0.0036134465067989563,0.003484498427034799
0.25,0.25,0.11228274530757187,0.08098373216078714,0.06106373171363366,0.11332243516973817,0.08177738309050886,0.061763498891924784
0.0,0.75,0.2771493717769392,0.19135443683414533,0.15974210754742968,0.27640103003978256,0.19361821636419008,0.16387928378390326
0.25,0.75,0.46895378597949267,0.37271091038449267,0.29454290169660446,0.4659840315363347,0.3695110855252155,0.291458433971604
0.5,0.0,0.00211612404272965,0.001869952954644205,0.0017378897430020412,0.0036367003408463994,0.0033673563182593513,0.003410667251266264
0.0,0.0,0.965325825310752,0.9179573438848366,0.8360321046069836,0.965479825003474,0.9166640507863743,0.8280104746157411
0.75,0.75,0.003338735666672976,0.0025101186481126803,0.002178753781872045,0.002822938161187727,0.0021090802939118802,0.0018262360015314227
0.75,0.25,0.1794944969539991,0.13467082027064392,0.10365883059467007,0.21574605172069827,0.16191316871625538,0.12514334863203602
0.5,0.25,0.5521219864846135,0.45309262017035623,0.41340697694280215,0.5444810477244644,0.4453704110724154,0.4046651537613699
1.0,0.5,0.002963083022630375,0.0021600477341869873,0.0017782647441557664,0.00277860463742452,0.002026027555085297,0.0016570854321287243
0.25,0.0,0.06743299980239004,0.05408616619612239,0.04339416020664599,0.07537659819867226,0.06014858058782968,0.048395217003969204
0.0,0.5,0.7440224128554475,0.6471540425115296,0.5537571854932668,0.7919878526041522,0.6977273397382244,0.6056367814706896
0.5,1.0,0.010058592128667443,0.006948382635107109,0.004487323822597311,0.008207492428841223,0.00560826180471663,0.0035456921323065993
0.0,1.0,0.09992201350247398,0.07846503355233958,0.0684077140745517,0.09949631425892402,0.07842722924156664,0.06804901464242508
0.0,0.25,0.5064285056030791,0.3998300704727742,0.3207042082664402,0.48450864936559734,0.38219307029912974,0.3058011770259965
0.5,0.5,0.08482309813765199,0.07235474419565824,0.06099751528830577,0.09567220179018165,0.08243024780328845,0.07058892548784967
1.0,1.0,0.00022755430776644214,0.0001626204273059706,0.00013189648588707303,0.0002341175393850703,0.00016776614717572969,0.00013663883150205614
1.0,0.75,0.06476973061258295,0.05361363504429861,0.04362117940820465,0.06744793704265739,0.056217652178736754,0.04629642416623758
0.75,1.0,0.0002311451401322273,0.00013407621954186766,7.886545725033223e-05,0.0002104965405957948,0.00012136616885372042,7.059606515058547e-05
0.25,1.0,0.4298880082401848,0.3351486550055205,0.261662616734081,0.376981599226921,0.2884022000314417,0.2182906664433637
0.25,0.5,0.1269134301123891,0.1067153754421093,0.08965203395397692,0.12979235227164587,0.1096746728184933,0.09512988000840239
0.75,0.0,0.006739783902979246,0.004689118244791235,0.0039353499213741205,0.00804116226288909,0.005657073949139058,0.004962283484918006
0.5,0.0,0.009530305915995685,0.007437237699611909,0.005781355570909863,0.008748647129482756,0.006838721734607089,0.005276775601508521
0.0,0.0,0.6633768496609345,0.6426208609688919,0.5958736532182567,0.6461870595161869,0.6262126702697752,0.5798222769498342
0.25,0.25,0.31003863640379525,0.22838730186210432,0.19075203221906833,0.32894362422853707,0.24139114158292307,0.2000990228952746
0.5,0.75,0.003353271154287296,0.002622706864583435,0.0021162016952074314,0.003362460187108729,0.0026712084289826077,0.0022017649723085064
0.0,0.75,0.2447823725128524,0.1800427853589197,0.14472966668333798,0.32359414244528784,0.2462104862866652,0.206171578103563
1.0,0.0,0.006239058629557537,0.004379232645286724,0.0034035574574688976,0.005800880845185263,0.0040710782180432,0.0031464612657852165
1.0,0.25,1.467683208189463e-05,1.4271362520190678e-05,1.4367710013285517e-05,3.659115240184363e-05,3.594289360220326e-05,3.813050654477568e-05
0.0,0.25,0.6942638247970606,0.559535642032415,0.43209575500322794,0.734616143047665,0.6061536236402069,0.48248946607547216
0.0,0.5,0.24360618552391178,0.21123597780773107,0.18269319649476867,0.22327976293771434,0.19284229654124685,0.1652013258291245
0.25,0.75,0.7028000847068804,0.6115461515428889,0.507082902136506,0.7008344033800069,0.6059695728541528,0.49602428113274344
0.5,0.25,0.0001351248058792942,0.00010494348653755647,0.00010810723045495685,0.0001828384167645858,0.00014378761735978074,0.0001501871860890569
1.0,1.0,0.00048613847952228006,0.0003188891053934606,0.00020155537553578906,0.0004864136976068245,0.0003202430143653956,0.00020447443975868396
0.25,0.0,0.08743896697446574,0.08487377439910604,0.07570039210042578,0.08479975708460818,0.08422681268076038,0.07730047401760509
1.0,0.75,0.009916150311346072,0.007683190986173427,0.00486574775049986,0.009703687349208456,0.007534653907049549,0.004785078116133934
0.0,1.0,0.38900363496572243,0.30186141924418863,0.20700906952897746,0.38159374289136005,0.2961715787497152,0.2029693723345427
0.75,0.75,0.07463421718475927,0.04812184305585887,0.037680844294246674,0.06718351506330911,0.04274381517180137,0.03311741203115903
0.5,0.5,0.19687833797474208,0.16275361840732772,0.13593964632388222,0.1978338036114622,0.1633778390827183,0.13498454724219922
0.0,0.0,0.8252954281745335,0.7387301174033922,0.645112912041083,0.8242295272883993,0.7372091527966151,0.6430485743625123
0.75,0.5,0.1801138471675947,0.13995113948875704,0.11365290461719879,0.1754839082675006,0.13713874829845585,0.11114305832936944
1.0,0.5,0.014096806487598812,0.012255699488186389,0.013078811493796971,0.015364474430353825,0.012932680722084866,0.013376121797583629
0.25,0.25,0.5244462213141001,0.48103220883789,0.448782888552293,0.5247296949503885,0.47877968392673276,0.4420318940738823
0.25,0.5,0.0036844350203518728,0.002516467771097819,0.0020311768700908006,0.0037429487982741927,0.0025098004748644875,0.0019718502515949643
0.25,1.0,0.04347154154930033,0.03225720196646642,0.020004748541845974,0.042963357165843874,0.031861066002356386,0.01970944402844088
0.5,0.0,0.14862918588300922,0.1018855963047598,0.07111981228190545,0.16101199635007468,0.11082869515898075,0.07834000899995097
0.5,1.0,0.5286884997251847,0.4120942522208342,0.3147365517467724,0.5404540283753888,0.4235068825124291,0.3252290127458459
0.75,0.25,0.006315862749255441,0.0046335127660375175,0.0031792262333008026,0.006140656033186698,0.004657398135668789,0.0033389281948643657
0.0,0.25,0.40400599326764364,0.3033144632973743,0.24997186347694378,0.4197024766093528,0.316755230502341,0.26327342485088534
0.0,0.5,0.8511456922319599,0.7658586114648822,0.6729939078355224,0.8436361564974687,0.7571223368127918,0.6649206380595518
1.0,0.75,7.44377051553613e-07,7.085294981834522e-07,5.585040561140175e-07,6.46254763703169e-07,6.202621698481181e-07,4.918305928081068e-07
0.0,0.0,0.8491904044709678,0.7362531532931162,0.6123811046657335,0.8557173259250433,0.7459508382257718,0.6250014629923077
0.25,0.75,0.11255296115457991,0.0913336741004559,0.08302012599276809,0.10067686791044128,0.08110066275648475,0.07345958046068879
0.5,0.25,0.015041362216775434,0.00875859811480384,0.005123809542448399,0.015924047868474456,0.009268393588160784,0.005413548392686041
0.75,0.0,0.010559494703121675,0.009803711627970335,0.008336306396627413,0.012105058472512864,0.011224427750317845,0.009627643286509224
0.0,0.75,0.67942097000699,0.5568375844969682,0.44791711486231733,0.700329925274197,0.5710691834761665,0.45347503823689694
1.0,1.0,0.019375502148728296,0.012357853416234965,0.00913194036299525,0.018898851384135495,0.012027451244675413,0.008848346313521605
0.25,0.0,0.14215051338147933,0.09856685510637786,0.06656832807352586,0.13867793437958154,0.09612973844624428,0.06474357039046863
0.0,1.0,0.6319240089933922,0.5554032411859772,0.5042315735925524,0.5769093718068931,0.497727166509363,0.44387534729576383
0.75,1.0,0.002809456451150494,0.0021339837507345916,0.0018328598055609158,0.002304193212484096,0.0017601715462919332,0.0015019146327941435
0.5,0.5,0.034865229930822084,0.027066504985631012,0.021349760876179458,0.03335541572170064,0.024950876874882066,0.018564153697968044
0.25,0.25,0.8756022174210238,0.8049375452922758,0.7200392686201625,0.8781444768854003,0.8095800946186735,0.7270696786210802
1.0,0.0,0.01140007301690149,0.008515014240800922,0.006919300984873811,0.01483570865020123,0.011144469337834195,0.009221001410154805
0.5,0.75,0.006266708910942942,0.005868592224012925,0.006179702223553352,0.006773002125388672,0.006291088493693975,0.006589558087811032
1.0,0.5,0.11411227744654928,0.08775731688698962,0.0747038801971871,0.13231313510394038,0.10312884564342839,0.08928932437685866
0.25,0.5,0.41796143722950874,0.3473348865263408,0.3148601476931474,0.4155953899012488,0.3449084077213682,0.3119937688895148
0.75,0.75,0.001186238691883723,0.000947615487939979,0.0007261936261294677,0.0011421940891708227,0.0009177024904292175,0.000710648455318208
1.0,0.25,0.0047342432537231804,0.0029883240579109405,0.0019752849128757966,0.0033245573590432453,0.002079753241041482,0.0013445458670995336
0.25,1.0,0.007600171996378857,0.007738674259934686,0.008346485442913831,0.0061876897008031895,0.006282952383999452,0.0067284859806080455
0.5,0.0,0.0004885198469957164,0.00040646755336826157,0.000419221430932204,0.0005213005627460188,0.00042964054293492815,0.0004361354779378601
0.0,0.25,0.7297529089329693,0.6327143549633502,0.5435414142559256,0.73089544124818,0.6379116683412678,0.5550562368522574
0.0,0.0,0.04945559406881794,0.032920853678913176,0.02094565654957803,0.0578646599014242,0.038430169726888064,0.02503328895479129
0.75,0.5,2.7675328606591165e-07,2.3340017829553972e-07,2.4584017510598244e-07,3.187067563192869e-07,2.679216938306084e-07,2.8189825973523597e-07
0.0,0.5,0.13510189328345323,0.10453009745251918,0.08271632541251317,0.13285223650402145,0.10256803468390985,0.08077223978245873
1.0,0.75,2.5847863627248557e-08,1.3891940264798563e-08,6.954441245099474e-09,1.766400803404622e-08,9.485867868974651e-09,3.764619838086958e-09
0.5,0.25,0.0017195342836514582,0.0014721806576509788,0.0010789164159458187,0.002432590615121466,0.002047136444910058,0.0015208963846917722
1.0,1.0,0.00255520940848053,0.001993412160681496,0.002053400500042324,0.0024963216904460017,0.0019432677218147454,0.001994119286803042
0.0,1.0,0.4977425895970631,0.3949444624069103,0.3011131275025102,0.5322528657491032,0.4246712194943195,0.32284252469479546
0.25,0.0,0.18187002767348148,0.16638963539254736,0.15675972141871708,0.18641869985534054,0.17107160074319383,0.1616295168360723
0.25,0.75,0.2988380304400634,0.23997729686766522,0.18972464363529729,0.2974320587190813,0.23933313974617065,0.19219547588165398
0.0,0.75,0.8934504355866435,0.792737321075861,0.6887236397977079,0.8868383444494576,0.7824935381771797,0.6756679340785108
0.25,0.25,0.08722690500682195,0.06678210555951147,0.05499111330093187,0.09469113999123535,0.07259449520810612,0.05956398257256956
0.5,0.5,0.31479433825592684,0.2359837724403573,0.16171751513694832,0.2814376139288014,0.21055287603822892,0.14195979268022874
0.5,1.0,0.04312183574058592,0.033640193933004436,0.021769352775381723,0.040717571227184446,0.031561890985316476,0.020063884364071916
0.75,0.0,0.0018387106097543793,0.00158369810482073,0.0013933217264822106,0.0022112879076184866,0.0019189861804601582,0.001708114026108154
0.25,0.5,0.5213254720833196,0.45010888534057547,0.39717686964205656,0.5315325854827821,0.4591581180912777,0.4056413665673805
0.0,0.0,0.6436994794619512,0.5486518061667679,0.4643528898406464,0.6434697345184832,0.5482468144896537,0.46364370590883763
0.25,1.0,0.5527070221334678,0.4040605358166919,0.3202851367341697,0.561683133878417,0.41551958665789734,0.33767773834096315
0.0,0.5,0.8130321522503909,0.7223155798112528,0.6423312265457078,0.8687826298367469,0.7921945139793167,0.7245177329936903
1.0,0.5,0.0030974497751209418,0.00166765194516727,0.0007617890699419538,0.002914413790087944,0.0015598651221935267,0.000699242640590958
0.0,0.25,0.041803599413631876,0.0396923842241963,0.039857944603501116,0.03341225233415035,0.03163872923364197,0.03138251386682944
0.75,0.25,0.03812516205101013,0.023369844643902127,0.013054488066435832,0.032641836132399016,0.01964422954449274,0.010627198197671217
0.5,0.0,0.05653672536860899,0.04066919509157074,0.026360819223663734,0.05362738430978731,0.03878944507912174,0.025185401848873634
1.0,0.0,0.01177053270538675,0.008134410173681994,0.006770289879991065,0.011652799286641091,0.00802403260831186,0.006591429637252455
1.0,0.25,7.940608415024641e-06,7.2355013736036256e-06,6.2009757598735504e-06,1.540984025183434e-05,1.434527897903326e-05,1.2488364221407977e-05
1.0,0.75,0.00017396657738610877,0.00011343404468233675,7.666019133645285e-05,0.00021870473013763103,0.00013992508625615407,9.281311301068129e-05
0.75,0.75,0.0005352325124936552,0.0003592436168644575,0.0002901273048581121,0.0008211889455294052,0.0005545585549209253,0.0004580410815926417
0.25,0.0,0.4566035162960588,0.4119860525860852,0.3158324174517064,0.466284350879539,0.42273431839012654,0.32666295169188175
0.25,0.25,0.09968076367287948,0.07187746382263782,0.049876045628524546,0.08611548464365215,0.06276863113931197,0.04355642738115628
0.5,0.25,0.011637815958706721,0.006865419577847587,0.00446347806028069,0.011215001641149636,0.006606598132875119,0.00427665164000135
1.0,1.0,0.002143879975389673,0.001523078541900702,0.0013556251952570042,0.002202380983836072,0.00156983096216734,0.0014086537128357168
0.75,1.0,0.049472880717600254,0.03736763060448689,0.035416031725945984,0.03996183618197269,0.030549130117538126,0.0291223066435643
0.0,1.0,0.20776133711695832,0.17248923425446927,0.16538563702482,0.19987254941340327,0.16542254534887624,0.1579553238435345
0.0,0.0,0.865133461681262,0.7677561541023261,0.6587017106795146,0.905450944052615,0.8246813969498339,0.7310100358659153
0.0,0.5,0.06062029674568392,0.041010556427269806,0.026376219908523235,0.056379160786411364,0.0381767256115223,0.024536145498194384
0.75,0.5,0.03696812555948259,0.022835176149371028,0.020767110409975698,0.03344801616671356,0.020447218575838866,0.018368942190956417
0.5,0.75,0.12096694920530882,0.10270731082831319,0.096765707044562,0.12156933925749713,0.10518960689151124,0.10115228538957455
0.5,0.5,0.012617092903905114,0.008904115303741245,0.006410645179106611,0.012718594628527091,0.008895605998388456,0.00634760251990707
0.25,1.0,0.17046256712431584,0.15328885248751156,0.13961289083301143,0.17286164996379738,0.15709384193292386,0.14588009055848905
0.25,0.75,0.008543804550855016,0.007209988303543247,0.005945824545557699,0.007820753098602529,0.0066048800087432635,0.005445768468326784
0.25,0.5,0.07801067694201702,0.055059721297922026,0.041421122330010274,0.1005237116447586,0.0720325626756656,0.055589956256735795
0.0,0.25,0.22446177143408896,0.14192235464344716,0.11099202296967658,0.22343768292617283,0.14051378752756105,0.10973138524105652
0.5,0.0,0.007913647444892868,0.006565244740816545,0.005159872693604295,0.009155170083151365,0.007495806596698906,0.005886163103053121
0.0,0.75,0.9761763925109851,0.9227174604426807,0.8667427865912658,0.9769107751685614,0.9213749545517945,0.8556742217326815
0.75,0.0,0.003414857457010867,0.0027198245475285043,0.002265146927759254,0.006907976309941333,0.0054227827841072385,0.0045585988512912845
1.0,0.5,0.0004994258944177599,0.0003133171699406523,0.0002732758214620823,0.00030480991818193637,0.00019236915777431918,0.00016596337787300186
1.0,0.75,0.0028857993964506168,0.0023050609698018754,0.002293200765132397,0.0019927251913565147,0.0016188348496783966,0.0016458800116276873
0.25,0.25,0.7641041655659895,0.6618829742429447,0.5846493571309637,0.7654355916216904,0.6648357887716368,0.5891616131339648
0.25,0.0,0.7934101784335732,0.6458009039305881,0.488573319653163,0.7903022425399209,0.645738523377126,0.4945173617924631
0.5,1.0,0.025931525052678595,0.019525505411760347,0.012953461709640735,0.025142939590153013,0.018934793262365246,0.012524252967790583
1.0,1.0,2.7189573602925954e-05,1.8199602084489896e-05,1.225658678993824e-05,1.632754426739158e-05,1.11227137993275e-05,7.352512057745564e-06
0.0,0.0,0.6657886028901533,0.5207417580349714,0.4156411935919253,0.7304061450817666,0.5780680691305522,0.45999529580918663
1.0,0.0,1.5463972118601177e-05,1.1533771761662592e-05,1.0608256367339308e-05,1.5553293212233754e-05,1.1581973981766858e-05,1.06286651616605e-05
0.5,0.25,0.14134834937705887,0.10813015086321254,0.09702112191033752,0.1386523432126735,0.10627725945895172,0.09542391891621027
0.0,0.25,0.4306751948790386,0.36636287574886994,0.3182311711574518,0.4254331561804603,0.3652798229555475,0.31982589157406305
0.0,0.5,0.5126717262243068,0.4682881272883941,0.44572106695870883,0.5215092247331958,0.4703614594676707,0.4448078866124556
0.5,0.5,0.15394308453802497,0.1071626767933368,0.07890626413667357,0.16591535971072613,0.11582583902016252,0.08612873633928864
0.0,1.0,0.17434706900069186,0.126802141859353,0.09917063409940896,0.18669865725770773,0.1372467978471067,0.10651789005021417
0.25,0.5,0.5370498741325933,0.4313529736490702,0.3302069027454475,0.5153390739100608,0.4120484548568272,0.31064256743832486
0.5,0.0,0.0005688587546754942,0.000366636952467303,0.0002395771456973339,0.0005136501488459677,0.0003242223717445647,0.0002069264417643435
1.0,0.25,0.00038869113633721586,0.00033675494501905767,0.0003332240852877977,0.00037938849183483114,0.00033667412837534716,0.00032810481320133533
0.25,1.0,0.3289457731969033,0.24602319606506806,0.19462363735861987,0.31459965152838665,0.2346531943867155,0.18509092902477886
0.75,0.75,0.06484066993874626,0.042259353909908426,0.029305398121282522,0.04864495174006733,0.03078350223509596,0.020365314453560046
0.75,0.25,2.78709046810377e-05,2.2416319959805975e-05,1.510682576699729e-05,4.01482976168932e-05,3.2881934255435397e-05,2.2032755872647414e-05
0.75,0.5,0.004734310931448382,0.0032262954977810843,0.002174327790233521,0.003946235091058625,0.002618870278601526,0.0016848788713272889
0.0,0.75,0.8155534713601756,0.7393370772730572,0.6608300524980537,0.7734748690875417,0.6967484616716272,0.6193469279793477
0.25,0.75,0.6604122805512763,0.5413571717684077,0.4347864570609068,0.6515704803425757,0.5318850240851265,0.423892063377838
0.0,0.0,0.5180262155844374,0.4369589701114617,0.38927296625720786,0.5527370982768092,0.4708584703332124,0.4253669409381645
0.25,0.0,0.0036371797917442716,0.0028902532735247677,0.002212177368783763,0.003778724359897234,0.002966494308852319,0.0022435246175556145
1.0,1.0,4.361861040647064e-05,3.9308175499686016e-05,3.603896654624794e-05,3.551671232726594e-05,3.2146025515045196e-05,2.938019252052282e-05
1.0,0.75,0.001069309265915308,0.0008716737837426436,0.0005833298251424202,0.001023975628845597,0.0008283285371737392,0.000561198073595337
0.25,0.25,0.87423571032938,0.8021475385441653,0.7117690931349143,0.8834028509832633,0.8133804235469704,0.7239453741073242
1.0,0.5,0.00033651060896167095,0.00025265037354604836,0.00019471857880593024,0.00032066423092291796,0.00024329310050408282,0.0001884877313145239
0.0,0.25,0.2969167143422642,0.2359606103252383,0.18141906580307088,0.2976997861082975,0.23654953208096918,0.18201595842699259
0.0,0.5,0.6454418337673872,0.5262967260897803,0.4182451684250239,0.634165463681497,0.51828232247858,0.4147554869383565
0.75,1.0,0.0004168680465168606,0.0003697442772415682,0.0003173668273259711,0.00043460620259727634,0.000387402147642546,0.00033632743912503926
0.75,0.0,0.0034166187899802303,0.0021868574621862757,0.0016242959424501713,0.004040134139705831,0.0025322387807871216,0.0018405442307827258
0.5,0.25,0.39247856408238924,0.26685420254667624,0.1797344610573719,0.3966390078903228,0.2722122894338306,0.18503243202738628
0.25,1.0,0.05074614116269349,0.04340389952241319,0.04235367847891136,0.04765990704108658,0.04069160229622926,0.039291119295829735
0.5,0.5,0.11596810665145485,0.0888965680481344,0.07235516754529736,0.16910463341263615,0.13341019544432142,0.11353002954642288
0.0,1.0,0.9460635618955788,0.9181116516089297,0.8750020457430114,0.9492921666320581,0.9201007437575042,0.8739244337562352
0.25,0.5,0.0010428067151679876,0.0007703501360852849,0.0006293430810540013,0.0010246179996487026,0.0007573768297377548,0.0006221050077028778
0.5,0.0,0.002506756010696165,0.0021396975233043403,0.0020511482131964076,0.0031241970755431225,0.002658232809765293,0.0025495151935523985
0.5,0.75,0.11989546047110122,0.07777834015451135,0.04520289174233327,0.14981681249470613,0.09673662385840354,0.05667015293020572
0.5,1.0,0.00862622716220851,0.005141580754833508,0.003036143244962153,0.009135963654094748,0.005461153903645544,0.0032440166308109752
1.0,1.0,0.0026431218688497404,0.0017279333995284807,0.001622498128345029,0.0016793581455727402,0.0011351229493705706,0.0010873374624412735
1.0,0.0,0.0001509280734746099,0.00010249860280764356,7.92582777995321e-05,0.0001816573226851581,0.00012181708898184596,9.297357078286161e-05
0.25,0.0,0.6556082619358732,0.5497719560746126,0.46823275591234004,0.6524872050084538,0.5461126085443075,0.46367226879782353
1.0,0.75,0.0029218704899991454,0.002281262661132044,0.0019396873621843058,0.0028121580343203334,0.002200730167211118,0.0018791684566439315
0.0,0.75,0.9819314184801565,0.9374656844190911,0.8534149697853034,0.979121584917156,0.9307010104393094,0.8424394141520686
0.75,0.75,0.009813434885511896,0.008548291487196158,0.006694084124412525,0.009754137645728411,0.008456243655575624,0.006577735212080382
0.0,0.25,0.35280577436635974,0.2881176903624214,0.2313982755609978,0.37523748589090866,0.30712526112431027,0.24691322866995458
0.0,0.5,0.8486763116236121,0.779521921572115,0.7110995101713825,0.835203542071982,0.7601096307515625,0.6847216633079782
0.25,0.25,0.23063775648750995,0.1690442210733254,0.13662648257404486,0.22210985053338594,0.16401009570463831,0.13333666272129063
0.25,0.75,0.1823974621950335,0.13512682919987484,0.09526395274427468,0.13096937930734698,0.09585044635431017,0.06502868712141696
1.0,0.25,0.004095075601284526,0.003564750445696707,0.0025865269776185196,0.0058544991676876545,0.0050656502835133566,0.0037592578244085573
1.0,0.5,0.00012175002797754075,9.950876273001619e-05,8.814868587614377e-05,0.00013082623689530948,0.00010709685185039675,9.516191723268896e-05
0.75,0.5,0.004438347454695624,0.0025968969290397492,0.0012020449978953351,0.0041330229633846916,0.0024264570045662293,0.0011322357294765162
0.5,0.25,0.00869898687782722,0.006549589181413573,0.004791705220185127,0.010936953088233059,0.008199229593156221,0.006014685261944708
0.0,1.0,0.6451923986830592,0.5278524498914391,0.4034397458038139,0.6037759485774664,0.49260247172361504,0.37373241510861643
0.25,1.0,0.07060314355395225,0.051127127346471624,0.030650635416135663,0.07437245952057481,0.0537917162398307,0.03233491801736155
0.25,0.5,0.004933807689247893,0.003560376965560108,0.0022052960310019465,0.005410046290611592,0.003910988739897592,0.002430450724314248
0.5,0.5,0.592278419199795,0.49155499203099806,0.40244995149013907,0.5667315755765499,0.4664068523567291,0.379407597426598
0.5,0.0,0.029634122898146376,0.022215227587831787,0.015346544741629886,0.049168212730772654,0.03746815530217684,0.02704199117438666
0.75,0.25,0.008937779824225167,0.006526385598489948,0.006536081550542527,0.011104959781505164,0.008133508727523386,0.008101029859679088
1.0,1.0,0.000907488373738996,0.0008275535617112695,0.0008840303524537685,0.0008816354163591056,0.0008015740204859734,0.0008506113168453844
1.0,0.75,0.001271118693282447,0.0007078343636967022,0.0005201804830565759,0.0012552674747255965,0.0007011518224973035,0.000509805137008712
0.25,0.0,0.1156655433363949,0.08085681538687162,0.0598135265437878,0.1782559340323997,0.12500739433277297,0.09220176237509548
0.75,1.0,0.00011936065500417481,9.689552447111893e-05,6.933920154916784e-05,0.00015065588981388878,0.00012423672568495636,9.242441860446426e-05
0.75,0.0,0.0008213080908046066,0.0006854431127196747,0.0006113429510891111,0.0007220056869238212,0.000599615707172596,0.0005248160667967738
0.25,0.25,0.31698849348735514,0.25099341673587794,0.20523933666704286,0.3148329196170039,0.24789634071837796,0.20151310334955896
0.0,0.25,0.21080889695634053,0.16848702769995838,0.13118399226008193,0.20812397319353704,0.1700713171926348,0.13714099971391458
0.0,0.5,0.7400298469601023,0.632888871273459,0.5214604913826063,0.7411393095392701,0.6333582895695454,0.5210041722185428
0.0,0.75,0.2951248601059955,0.2150068774077779,0.1750493454276374,0.28584809611391493,0.20775590563326496,0.16840932279536902
0.5,1.0,0.008238314361390109,0.005089820774800247,0.004082467898362863,0.0082901056747553,0.005123582682796446,0.0040936637021327105
0.75,0.75,0.09939616617661573,0.07958245256772423,0.05440368999210221,0.11814674738464492,0.0954588224414532,0.06723474407960839
1.0,0.0,0.0034899048421328516,0.0032842762022137206,0.0026486092513469117,0.00328029549123654,0.003037045894760504,0.0023826686109924555
0.0,1.0,0.4727687283921266,0.39652437400425455,0.3260783614040317,0.46717997034095315,0.39376979060194217,0.32517385564095935
0.25,0.75,0.30918694903552923,0.22814155123300295,0.1736657333758368,0.3407346470507394,0.2618975010824127,0.21206588425140904
0.5,0.0,0.6120356737358865,0.5344154832331849,0.4955493966538982,0.6147140020525159,0.5364913384405826,0.49648246617217795
0.5,0.25,0.04741121923303093,0.03689792841995365,0.02751616870641005,0.05220927008498366,0.0406838603738523,0.030258041744208874
1.0,0.5,0.00023273762559328226,0.00019297275196072938,0.00014130132238499016,9.93703963186876e-05,8.5922992424603e-05,6.168409241591455e-05
0.25,1.0,0.0019925655399744002,0.0007620809922095351,0.0004499944398027589,0.000915563091060112,0.0003567109230141474,0.00021183316358619475
0.5,0.75,0.011681501598997057,0.009477209851407764,0.008160655892381796,0.014022957292268767,0.011481660397235638,0.009952367931536421
1.0,1.0,0.007687212997443793,0.005446768794342582,0.0039893760578102455,0.006740195772541702,0.004722353232259113,0.0033712595251524924
0.25,0.5,0.2526234731300866,0.21680572917483376,0.1753154027393482,0.26644666032780695,0.230642922365895,0.18877222190017262
0.75,0.5,0.020265301214378306,0.017841343019681433,0.014935748888215805,0.015294478632310371,0.013496970521819085,0.011188339059539754
0.5,0.5,0.0014698994780120156,0.0011512254403682753,0.0009494800132427983,0.001174256439377519,0.0009369300705006633,0.0007894783151536355
1.0,0.25,0.008188295895618758,0.006299067494139443,0.005248158192348917,0.014598959710703685,0.01087951346429572,0.008941483448804188
0.0,0.5,0.0685168796254082,0.06546683214906901,0.06945590115992195,0.06503042787061164,0.062117723553478554,0.06582658988030154
1.0,0.75,0.0050712448664420595,0.004546853834417552,0.004037485768210725,0.0035896307578762165,0.0032076555986916278,0.002780615842652878
0.25,0.0,0.3921939007611631,0.33139079171805896,0.30004096171921124,0.40944982636326155,0.3464270553731962,0.3131539701447671
0.0,0.25,0.7799926900970711,0.7050852267466974,0.6453105569116089,0.7879491440370143,0.7102407590687405,0.6499741906211538
0.25,0.25,0.06908444769837419,0.05034171904720863,0.03853041016262804,0.06818477881269058,0.04984494809003537,0.03828508045816814
0.75,0.25,0.011862848711915674,0.009275659464836106,0.0058279147006248255,0.012583142155500271,0.009855643856784946,0.006210174032850069
0.0,0.75,0.19349945770162247,0.14213060979230463,0.1037299426188052,0.2010133417371387,0.1487743611485729,0.11011286164863265
1.0,1.0,5.1375356303839936e-05,4.1093688354920666e-05,3.452373241685791e-05,5.110144916598003e-05,4.066624712040223e-05,3.388929118530726e-05
0.5,0.0,0.4042287663225892,0.31585081341259114,0.29361560772397977,0.4351404300119418,0.34345912170437565,0.319223359009009
0.0,1.0,0.7987704393665458,0.7357735945469811,0.6816759741406561,0.7561086986853212,0.6853535597109999,0.6268120217741409
1.0,0.5,0.2699774651418372,0.18831419782001202,0.13443755111426214,0.22290091052517158,0.15779526051622694,0.11307277336441246
0.75,0.0,0.0029458358614105062,0.002518045018141901,0.002213989279341133,0.004710633323699476,0.004018175760120313,0.0035731213568468423
0.25,1.0,0.37412090300549994,0.27370781835047797,0.20773651816538685,0.3746299183720929,0.2743194091666905,0.20825802968069396
0.5,0.25,0.08076382389417047,0.06071656129262193,0.045670028305479504,0.08851607884675539,0.06651036438264735,0.05110669839989046
0.25,0.5,0.21610442389118356,0.16230883424793596,0.10759160428791459,0.24683337918170345,0.1876545494040487,0.12689830535784397
0.75,0.75,0.16274032280791517,0.13117769573071492,0.11536042335587415,0.16306594258670293,0.13133952399752924,0.11533050992791605
1.0,0.0,4.6140714687670226e-05,3.3250382586169636e-05,2.5854219598553385e-05,5.306261115589628e-05,3.8039119839794466e-05,2.9515098176835508e-05
0.25,0.75,0.39338881184623053,0.30414534842066665,0.22154910709161935,0.32853510330326974,0.24877549091284967,0.17543970787848573
0.5,0.5,0.11923558798115808,0.09524131445985184,0.07123288202004707,0.10690486064603377,0.08438016170790874,0.061410510072975266
0.0,0.5,0.9866797647307632,0.963814264638658,0.9201255430922757,0.9860663025115732,0.9571751833270171,0.904821863279466
0.75,1.0,0.005696355456497604,0.00465227674886004,0.0035178500148826952,0.003526289696643592,0.0028603254247576704,0.002080959675056171
0.5,1.0,0.006053836300701221,0.004311959659828224,0.002590295560317424,0.00728077686769224,0.005217335704108317,0.003202418327411083
1.0,0.75,0.004783347078909039,0.004415667878583829,0.0035875405304817143,0.0046217690009990875,0.004251063055149773,0.0034259584623872463
0.0,0.25,0.029001588879403073,0.020352002426253568,0.016157578451984733,0.03189257541311796,0.022445246045291967,0.01798092811957752
0.25,0.25,0.25125823577438755,0.16988785202134515,0.11055758664553383,0.20133682182063095,0.13610549940086702,0.08915321868230253
0.25,0.0,0.34207265699836176,0.2527112550434625,0.20996898723502389,0.3215305155522066,0.23382631610707594,0.1897485379629601
1.0,1.0,0.0002866147918175743,0.00019801761418358765,0.00012111039465811935,0.00021287829823779525,0.00014534598967419488,8.561652489902372e-05
0.75,0.5,0.30484560764718693,0.26657551468708074,0.24244526409537337,0.29861846462296815,0.260941928387578,0.2367498669659427
0.5,0.0,0.05189968714328175,0.03863399863815686,0.025787284942281996,0.050288365640446364,0.03714606156997413,0.02436939906545177
0.0,1.0,0.6478688244399988,0.5765535108438506,0.5258188062795106,0.6453500871560119,0.5739981357512689,0.5226993551713175
0.0,0.75,0.6573627523774945,0.4702282287463868,0.37045777550643466,0.6612718983228324,0.46897887326517873,0.36463610184516715
1.0,0.25,0.0002275170023799955,0.00014052571688538684,6.706054919103366e-05,0.00021331448139716436,0.0001304103469261797,6.131927947583549e-05
0.5,0.75,0.3419537960997475,0.29384863531628613,0.22717646954516102,0.3512074869910241,0.3013503324507255,0.2333418391303479
0.0,0.5,0.34746788284272,0.2393246332697908,0.18261171355369465,0.36549772174358464,0.25447491030382696,0.19629757881966314
0.25,1.0,0.007805108064700361,0.006222584238583462,0.004359679485316681,0.006066647778671053,0.004841103347307252,0.0033758302309641053
0.25,0.5,0.3502421346489386,0.2681388341796478,0.20162194549249746,0.34577211592671364,0.26461884805109537,0.19894409236588095
0.5,0.25,0.008635317780486429,0.005383925220115882,0.0038152720202588863,0.008662010502946904,0.005387584036374626,0.0037964502949233703
1.0,0.5,0.0012123836209804173,0.0008739087234956866,0.0005883538912860864,0.0008074782303342243,0.0005759671885169348,0.00037865907867340454
0.25,0.25,0.14627380802379297,0.13293483679689033,0.10626451639400813,0.1507818855052221,0.13692373865658136,0.10950726448089654
0.0,0.25,0.09149728221958342,0.06776681851057775,0.04988926305295882,0.08615032875813988,0.06360255834062167,0.04660261257018283
0.5,0.5,0.04698198960970379,0.02848873352196213,0.022473602007501037,0.04590017050285011,0.027703850869136515,0.021724079846619282
0.25,0.0,0.03572917313249446,0.029645545945846785,0.027341782410967186,0.028367553540121104,0.02361111301439922,0.021735072029130054
1.0,0.75,0.0006461663602845835,0.00040789771300531186,0.0003660195179204795,0.0006047636804793477,0.00038182359027871815,0.0003427140868336176
0.25,0.75,0.08053997592531259,0.06411507257383586,0.06004449864559125,0.08450086894569153,0.06736294102001272,0.06314249248568948
0.75,0.0,0.004262078750819409,0.003056689927435352,0.0019285665648243189,0.004209088634474889,0.0030157850387759755,0.0018969817938498945
0.75,0.75,0.0001267909356555963,7.020798194357081e-05,4.5241694282882605e-05,0.000194096753200923,0.00010849013425118237,7.210297100912477e-05
0.75,0.25,0.051311555931328856,0.03875394878694416,0.0304319141888596,0.04786890157437296,0.036086124214296356,0.02825597618079867
0.0,1.0,0.27775838756241356,0.21037313413882897,0.15421766790327174,0.31980115712878654,0.24813390930410573,0.1895914406068293
1.0,1.0,9.780325873220974e-05,7.157869812846052e-05,4.6323429217287604e-05,7.062768181609336e-05,5.171172285389769e-05,3.266921530942213e-05
1.0,0.0,0.05154020081896471,0.03706043300987272,0.027185485641165075,0.04846349032969355,0.034551715669900895,0.025025879326874945
0.5,1.0,0.544865815786435,0.47342451871929203,0.3862728584626669,0.5493728562021225,0.47770377422552923,0.390632399554952
0.0,0.5,0.8881994829145634,0.7999481141691547,0.6930960936768795,0.8564400272597927,0.7466855442116767,0.6183203719548471
0.5,0.0,0.0009745787723939303,0.0007986710617478021,0.0005620755363077157,0.0010819804515183051,0.0009076063081239205,0.0006421457322653978
0.0,0.75,0.10123742172140171,0.08088822347875968,0.06987446358297622,0.10939095868545468,0.08867478653596694,0.07697724201436673
0.75,1.0,0.02579667691925025,0.013939548056314477,0.01082599390600092,0.025529716681632397,0.013876396664223689,0.010809915215763688
0.25,1.0,0.28281685523669986,0.23268062113801125,0.18474907740825586,0.2902552797566976,0.23954559611807358,0.1910474773958558
0.25,0.5,0.41419372646221664,0.3644761744359071,0.34733402517454937,0.43694990980110426,0.38523460646164454,0.36539792467183385
0.25,0.25,0.026992235087258343,0.01953270512764338,0.019196109038220888,0.028899016343902684,0.020813262714479364,0.020303914843460724
0.5,0.25,0.01487458930681107,0.008706564952772,0.005849095207038135,0.014836656819930738,0.008723589391055997,0.0058739266386671485
1.0,0.5,0.04519902811681342,0.03634443286634714,0.030247722704421554,0.04466606389924088,0.0358818453663311,0.02979900737362462
0.0,0.25,0.5021732522594277,0.3748364951334979,0.29673492012199865,0.5366046520222698,0.40678865525100194,0.3236560676367297
0.75,0.5,0.006399165401418383,0.004045375955729735,0.0028236944859805213,0.007562932864815464,0.005000409184739318,0.0036845082487085845
1.0,0.75,0.00594412537100919,0.004735028571628774,0.003285149476217053,0.005789361722176478,0.004575967638388523,0.00307557843689521
0.5,0.5,0.004698371744493057,0.002944487760482284,0.0018136835905928628,0.004716033709711853,0.0029578521105282363,0.0018213794311303655
0.25,0.0,0.15937155430595973,0.11829654590922645,0.09471653178632877,0.16278148569487505,0.12040894489789733,0.09613700251079249
1.0,1.0,0.0007532676190834531,0.0006881830458211891,0.0006513246458652588,0.000657633971567595,0.0006130639115582426,0.0005800982740404859
1.0,0.25,0.0152845495967866,0.009403720128603354,0.008558530753679072,0.01431966233768267,0.008805552178273168,0.008016766138551734
0.25,0.75,0.1442274748794402,0.10036571270113726,0.07280160149457382,0.10312506063167237,0.07159380421707862,0.051430417587964405
0.0,0.5,0.14668775067944684,0.1065713988379573,0.07863049905307284,0.177776318851516,0.126391535694947,0.0936139497165146
0.0,1.0,0.23725888851249777,0.19899179411505585,0.17121056984081973,0.2362421680777549,0.19797424086823368,0.17008151980317765
0.5,0.0,0.0336611059616605,0.023466009574799607,0.017796958133486918,0.03400764583596705,0.02370952560640327,0.017916959470017813
0.5,0.75,0.031231712423990254,0.025064861130897453,0.02289477595548517,0.0241699358125278,0.019205366743430763,0.01716234419703433
0.0,0.25,0.8845365147733519,0.7399605916333067,0.526488455024299,0.8558424617686056,0.6939692864714302,0.46912705227873663
0.25,1.0,0.0019214592293335109,0.0015290459778505294,0.0008670627436366818,0.001999578956651926,0.0015840057905345262,0.0009096348388514253
0.25,0.5,0.04600822575003671,0.03587822849465394,0.028587278817253425,0.0337475936676257,0.026586261106460563,0.0213824360153001
0.75,0.0,0.04298034747468016,0.03281890909000584,0.021366399528341184,0.06919392601705887,0.05629355155421001,0.039872676931032136
0.75,0.75,0.0003167650089911378,0.00030722594506737977,0.00026326872837645343,0.00025058334980565533,0.00024420486316389933,0.00020906355989480652
0.0,0.75,0.2509942575140276,0.21172152478374395,0.1797542357114732,0.24492592966033777,0.20669621917960512,0.17638907457606545
0.25,0.25,0.09646321293228399,0.07534680815650874,0.06353259582844528,0.09487160260739103,0.07405008275299396,0.062313549022527615
0.5,1.0,0.1769749262286825,0.15390530366614952,0.14033298443356224,0.21500222827910642,0.18754961651891644,0.17030180117753868
1.0,0.0,0.0804372265530674,0.06965485561168716,0.05937347374873403,0.10604861132272869,0.09242330420480693,0.0809320544993356
0.5,0.25,0.06877559622444118,0.04944258537540569,0.03325396612361742,0.061384393839653884,0.04346853580029486,0.028379119939355157
0.25,0.0,0.007753478573075956,0.00813542520655608,0.008006024314485494,0.006969944239632708,0.007286362245619404,0.007154043675705157
1.0,0.75,0.0007107492838014373,0.00047276281258068487,0.00033849254225126746,0.0007200001042831916,0.00047826836172815135,0.0003418088599524971
1.0,0.5,0.16439077641974942,0.12818717060333007,0.11658710457015631,0.16643715629352207,0.12946896420296528,0.11753304565491163
0.5,0.5,0.0659311084257519,0.05027941997847818,0.038343902510480254,0.04779783831683215,0.03603975702405471,0.02651869638901827
1.0,1.0,0.0011000752349811238,0.0006261114464162221,0.0004156114153620605,0.0010568369129348998,0.0006032811150866735,0.0004006315280955519
0.5,0.0,0.0024541017026953327,0.0019148391031607037,0.0014111231481690467,0.0029001522476457264,0.002259639851908246,0.001671354352403176
0.0,0.5,0.3848442872819172,0.3165224941303282,0.24193841502957913,0.38314758422690764,0.3148028659122958,0.24012619009333547
0.75,0.25,0.00041365801853321393,0.00030767672986864447,0.00021874874338889683,0.0007693946472994151,0.0005800898327853465,0.0004285717472922723
0.75,0.5,0.025085033360395803,0.018652117845265437,0.016650767321053306,0.017262537256444555,0.012518129895123131,0.010971812882639487
0.0,0.25,0.811039740114986,0.737299999951698,0.6418732622800767,0.8124979354601389,0.7350091078332569,0.6341621114748227
0.0,1.0,0.23293444247055817,0.1538901235472322,0.08856040897693718,0.2471581370488889,0.1638373396031163,0.09471525638617151
0.75,1.0,0.15682467708652648,0.09533698822864989,0.06261408736527663,0.13834198822358568,0.0850190832020582,0.0570100199169159
0.25,1.0,0.4290220167752522,0.3753331898307476,0.3250494390856917,0.4178199748957142,0.3658579875658914,0.3167606992241595
0.25,0.75,0.11441226151186357,0.08561954444877085,0.06344281193599477,0.11184044039108931,0.08386657192060143,0.06221233924001013
0.25,0.5,0.599323174257258,0.4582798224139627,0.3666930972180259,0.6135660915742397,0.4753319796453547,0.38291128791791074
1.0,0.25,0.00341919516346445,0.0028127149883767633,0.002616297120162425,0.003412128231600642,0.0028049927170582523,0.0026148110438970473
0.25,0.25,0.1978435538434633,0.15876792988662725,0.13558320753500908,0.19849177560238584,0.16031674899851778,0.1372398581560147
1.0,0.75,0.000409813828796346,0.00036872528491183054,0.0003785707642522951,0.000311185093108568,0.0002716990167275224,0.0002695155626175616
0.0,0.75,0.1091197117061018,0.08347566806583184,0.0752356762878692,0.09137282779875278,0.06849238182132256,0.060048503562686095
0.25,0.0,0.008874194549509218,0.005604008267296567,0.0038023331292470486,0.00821564064415059,0.005196518170211606,0.0034813813555780726
0.5,0.25,0.07315670473223657,0.043800496771735364,0.023884537246749993,0.0903464728905139,0.054813440692204396,0.030555546880305373
0.75,0.0,0.10598279650804476,0.06829555744029792,0.04956271692646008,0.11921788862362859,0.07696937354196143,0.057403092117278565
1.0,0.5,0.009133411614137499,0.0054144862072643685,0.003726755801245929,0.008993903033963413,0.005317308535055076,0.0036473306940663086
0.75,0.75,0.0239585069676419,0.019179904821293947,0.01610054152159579,0.01995790332077141,0.016175828521142188,0.013627060699875071
1.0,1.0,3.598292166806516e-05,2.0778672329635484e-05,1.4943120728139192e-05,1.3492717071184046e-05,8.035257979432942e-06,5.533426887471826e-06
0.0,0.5,0.008340089699462094,0.004948390187953677,0.0032941622437090423,0.0067334370904920116,0.0037829867181746746,0.0023786783167109027
0.5,0.5,0.0938809749183066,0.07661469201604953,0.06661968327365286,0.09074296258297176,0.07373485361797427,0.0635919203810621
0.5,0.0,0.0054108405827608674,0.004232809723916486,0.003843896347245468,0.005277404853164747,0.004121983734366896,0.003731028845716078
0.0,0.25,0.6379396608177716,0.5550007872412233,0.4562160200389199,0.6594027379693781,0.5781021103328017,0.4814564030922659
1.0,0.0,0.0015157337114534153,0.0010514987828711408,0.0007495254410248009,0.0014112449769880797,0.0009683676543468245,0.0006831437722670808
0.0,1.0,0.7513476441256238,0.6579577652400133,0.5624555560045115,0.7802942148357159,0.690751019582073,0.5975888909471343
0.5,1.0,0.24112826665287457,0.19985235448542238,0.17582875294494493,0.25962968916127593,0.21550256674992996,0.19002263988887347
0.25,1.0,0.146745923045965,0.10301947129233813,0.06095857171001684,0.18513000017618597,0.1328979399917789,0.08270907275006911
0.5,0.75,0.13430466104079664,0.09196675589184755,0.07152253844850576,0.12866627672602682,0.08823681115495963,0.0686945858317638
0.25,0.5,0.14663325062002563,0.12769122394075183,0.10483094511559343,0.16181180105057236,0.14083536093143512,0.11753266577073906
0.25,0.75,0.16105060490960665,0.1236648540179448,0.08925408511603361,0.15824361681025234,0.12068481511433882,0.08606493142503469
0.25,0.25,0.04189152115910999,0.040567228636747,0.034590460793289646,0.033956636833480824,0.03267341782143762,0.02666560820056807
0.75,0.5,0.0006326790190276377,0.0003316583976035181,0.00020272523048714408,0.00043122625788660773,0.000209399223973894,0.00011719236402740751
1.0,0.75,0.0017416591765759826,0.000953678243090339,0.0005424176222866839,0.0019662025290441143,0.0010795996977862599,0.0006192062379450913
0.5,0.25,0.38197507538443265,0.2970749673792188,0.2263760328640192,0.37067792052127935,0.289434425126713,0.22370589289845266
0.25,0.0,0.00857296432457788,0.006877523725969725,0.005399983165015776,0.009335886130481863,0.00740760694918885,0.005777330307592754
0.0,0.5,0.18101938573450804,0.14532347801466072,0.14125329854664637,0.18214736038245694,0.14636895303042108,0.14247851820786073
0.0,0.25,0.786462177758046,0.7196226289886728,0.6405617648638924,0.7888767615261796,0.7217440206109351,0.6420947157609322
1.0,1.0,0.002351014992917677,0.0016963092453161632,0.0010383940032437922,0.0021557700357590637,0.0015354181283377955,0.0009231201537203138
0.0,0.75,0.9123466235329462,0.8435694516492698,0.7793399530525469,0.9097459490772467,0.8395840392272067,0.7754259961453488
0.75,0.25,0.1647749861646386,0.1141772048397438,0.0761337669394595,0.20259105556516666,0.14556761604459156,0.10228731420273418
1.0,0.5,0.0010509755727554637,0.0006591994414326674,0.0003261063200221681,0.0011699163094771592,0.0007116522077024179,0.0003462599860529769
0.5,0.5,0.49194148273600635,0.39284783889668007,0.30277160964984084,0.48033716911715874,0.3825676423789306,0.29339433210074684
0.5,0.0,0.5850287881611227,0.44751512076674194,0.31066169242694985,0.6137607818413613,0.47032247974649977,0.3261791643460902
1.0,0.25,1.153270108311677e-05,1.0528000378817737e-05,1.126528130257487e-05,3.110075408252477e-05,2.743908574687204e-05,3.0445279767699063e-05
0.75,1.0,0.6042025450711729,0.4743517424452034,0.3692968240456206,0.5843490145112742,0.4561253631466976,0.3521094020670277
0.0,1.0,0.3156971314707442,0.25225964641575715,0.20957608954562956,0.3236196617289413,0.2589611027175428,0.2152383257310828
0.25,1.0,0.08843898574085973,0.06422668065484594,0.05321906604987792,0.05947571426311227,0.043868331947043426,0.03696341032164219
0.75,0.0,0.01627236937645682,0.013152825496860365,0.010190561798089082,0.03308703423135073,0.026722734415554728,0.021375269606253133
0.75,0.75,0.002462047805358969,0.0020275894935369854,0.001624923658195665,0.0031541148028197963,0.0026337716855595605,0.0021723277131080465
1.0,0.0,0.011480199422851278,0.009344078646747467,0.006945762292731361,0.012244497367015272,0.01000457831414936,0.007445752763124869
0.25,0.5,0.10745542781127515,0.06437098261606111,0.03883492688487389,0.08691317711585989,0.0514453027764733,0.03071501778396346
0.25,0.25,0.36460050585443704,0.307028512449389,0.2634850626468621,0.3482842264549132,0.29408152338410987,0.25191743036358516
0.25,0.0,0.4232604965543133,0.3311275016681823,0.2646680237113721,0.40346731990940465,0.3212616571297938,0.2629294650636448
1.0,0.75,0.07988387685355036,0.056460261774335496,0.042689935435210824,0.07809564309119843,0.05488098739528291,0.04154011837694116
0.5,0.25,0.00016835577660812007,0.00010117606387161082,6.434653258735601e-05,0.00016596948253932986,0.00010125978505914901,6.310692725119971e-05
0.25,0.75,0.8426858521579558,0.7561592725427575,0.6726715060715306,0.8355423550639295,0.7477038569904804,0.6623046561470076
0.0,0.5,0.8453158164890469,0.7704087707883704,0.7015117625451328,0.8594105628639672,0.7808726432572541,0.7057182544657292
0.0,0.25,0.7245925609106644,0.6304378994260835,0.5636811386393148,0.7659744983882475,0.671751163735157,0.6056124862253491
0.5,1.0,0.010988443539476145,0.007581966992002309,0.005816182976032591,0.011806744928357205,0.008224229216093226,0.006418203909124065
0.5,0.0,0.01281964851284556,0.00887298839869366,0.006685403475146567,0.016322841074923433,0.011710420142478029,0.00943168912666914
1.0,1.0,4.5793678858263576e-05,3.606762044461309e-05,3.549925940993237e-05,3.211654857593338e-05,2.5493085354932887e-05,2.4886582458583106e-05
0.5,0.5,0.000187622273296828,0.00017334117366918367,0.0001740947383949143,0.00015387980324166328,0.0001390202849059774,0.00013830274129633668
0.0,0.75,0.7705623203501482,0.6591658585191191,0.5422605838844037,0.8656733128869053,0.771776282735295,0.6705552738261218
0.75,0.5,0.002503627608708703,0.0015804096979490367,0.0011903245349518254,0.0025239418119779033,0.001592317647779451,0.0011926046445482896
1.0,0.5,0.014012063866833735,0.008765779613967073,0.006856892864175457,0.014557824765716876,0.00896167341671239,0.006830258141638623
0.0,1.0,0.6116100457868933,0.4831542380046775,0.39780954457609297,0.5951349416495282,0.4661707767268328,0.3810686538388184
0.5,0.75,0.06346785695025481,0.05186235585063037,0.047615904580793345,0.0882232327991942,0.07288064401138172,0.06843525185528687
0.25,1.0,0.2870026682420608,0.1898966298525765,0.11598676795580587,0.27961345574576546,0.1832031929367608,0.11028107522017272
0.25,0.25,0.6313208473455829,0.511313360865174,0.403181087598408,0.6839347421054683,0.5683055166547701,0.46142600558932234
0.25,0.5,0.9145380208256122,0.8223253327567541,0.7247390074998064,0.915420829840522,0.8242077626502384,0.7276672699834281
1.0,0.75,0.0010537546951141508,0.0007023840794860847,0.0005413616113643105,0.0011811156688175117,0.0007989138629711512,0.0006573403993306304
1.0,0.25,0.00024507167051823764,0.0001648447114612761,0.00010091613043172742,0.0003771190346238962,0.0002525133475324015,0.0001598203526629316
0.0,0.5,0.3152927465584281,0.2803412127809487,0.23823586350517545,0.32064033031483496,0.2851884762612882,0.24278892717118528
0.25,0.0,0.2723955484596542,0.22249928056515345,0.18161745938035034,0.28794675136821923,0.23466632278159283,0.1903924610502994
0.5,0.25,0.007413093432713902,0.0058727014439398095,0.004802964262384024,0.008212560624065501,0.006582494407593731,0.005465915242205854
0.0,0.25,0.8167644315299161,0.745218195162566,0.6801456912420081,0.8353857212675461,0.7677027082907557,0.7043888413273915
0.75,0.0,0.036918443351468766,0.02373476568687083,0.015398017490037441,0.06035932304653657,0.04016029180293279,0.027090609674587873
0.75,0.75,0.0023896197974403455,0.0012553366162493251,0.0008364370014590783,0.002259060409848579,0.0011790160805287275,0.0007787006905143334
0.75,0.25,0.0010403715860640705,0.0007095568013613107,0.0004103274834694748,0.001230090814990037,0.0008328978849281299,0.00047942520054422566
1.0,0.0,0.23570335743731752,0.1681924359915229,0.1214386592979172,0.2670931427663541,0.19370896144016847,0.14275861293004843
0.5,0.0,0.013198373533867325,0.00977818147693199,0.00684813443258403,0.011607144825970916,0.008504874966990261,0.005839411939923211
1.0,1.0,0.0027284320049081323,0.0019132894357444252,0.0013616598838936955,0.002110159557558333,0.0015027005809076233,0.0010769987614760446
0.25,0.75,0.12488332746928199,0.09821319185353694,0.07391090204458495,0.14535240844711272,0.115637652671428,0.0899254449705158
0.75,1.0,0.06371716891849144,0.03856134129014288,0.02534570805997638,0.040519770166437485,0.0235920715504242,0.014518402597624824
0.5,0.5,0.03999665810073161,0.035000322690268204,0.03573363922106898,0.0413619466499775,0.03523752962354276,0.03520016030523809
1.0,0.5,0.6723570300631196,0.5625933532370153,0.48130767168025124,0.7004672518927959,0.5864526849749578,0.4993825080348344
0.0,1.0,0.4138582130013363,0.35117172340796554,0.2640602654572568,0.45660899715139025,0.3909382043670607,0.3010065982259419
0.25,0.5,0.188431009108049,0.1517321307749936,0.11127985675570762,0.20505388300920313,0.16593401597233304,0.12476213774318257
0.25,1.0,0.05047572545181844,0.03848993551474944,0.028453021876357676,0.04769389672736224,0.03619432974783332,0.026649205325227854
0.0,0.75,0.14932695731451928,0.11868207969828859,0.10153125336777258,0.15535933359748522,0.12360134553511715,0.10579533863124413
0.25,0.25,0.6845499506138263,0.6152419923807185,0.5789779571071002,0.6405210256068615,0.5708564587760226,0.5319245262788735
0.75,0.5,0.00398602719504304,0.003026078509258623,0.001911683236564543,0.0045371683733507195,0.003431276933024918,0.002179780010381105
1.0,0.75,0.008576352922790242,0.006890135255505081,0.005199572864375446,0.006222454481285888,0.005033298171934764,0.0038434086372085563
0.5,1.0,0.15077202745763585,0.09783842992629066,0.07295793991367394,0.13622622118311667,0.08772534270050913,0.06458867098220467
0.0,0.25,0.7600897104368282,0.6065659549497235,0.43032747492808254,0.7597587964424145,0.6064333964006168,0.4302227193331063
0.0,0.5,0.41305227904544073,0.28833814600134666,0.2412705343483066,0.3992122631245366,0.2740016475502971,0.22584463632600005
0.25,0.0,0.5953608990405723,0.49826025400961016,0.47419842601198714,0.6014846809973138,0.5041355959880638,0.4792670517743226
0.5,0.25,4.301199787049015e-05,2.7943309724220988e-05,1.4198346808602658e-05,4.015489339925793e-05,2.5973301703730023e-05,1.3074605806351336e-05
1.0,1.0,3.376784429320878e-05,1.950011064832946e-05,1.8953474396621317e-05,3.268638882658603e-05,1.8987016742189056e-05,1.8450480185894236e-05
0.5,0.0,0.006045692490989407,0.004346216373236178,0.0031205503587741212,0.006834471665564168,0.004913607729198799,0.0035392607436003365
1.0,0.25,0.002897355058192219,0.0020218250069972132,0.001274266292987103,0.002536884470710432,0.0017687051542618626,0.0011103697507268695
0.0,1.0,0.744573879487893,0.6576912791478384,0.5674032334692973,0.7490785717188602,0.6612020405555642,0.5705001819049481
0.75,0.0,0.008483261053679914,0.0064848212826027485,0.006109662520082937,0.008272169960212405,0.006375959047220547,0.0061020494790119395
0.5,0.5,0.0010679435889038302,0.0008996413999018404,0.0008665146995268103,0.0010782087788785422,0.0009030442070183664,0.0008930683689754026
0.25,1.0,0.0009632409696521682,0.0011651698509971276,0.0012395611007538498,0.0008882110257095732,0.0010782379939714426,0.0011128537736109223
0.25,0.75,0.041677156730260734,0.02963948063328914,0.022510502150928202,0.09252716703359076,0.06476422140431903,0.049962074199920936
1.0,0.75,4.9683946426237746e-05,5.902187171602513e-05,5.0509339529214436e-05,7.367699606930511e-05,9.227960133018076e-05,8.512864374377038e-05
0.0,0.25,0.7676700935105116,0.6568225576717105,0.5434395245637618,0.8361710766632466,0.7292869506485061,0.6142192738503439
0.5,0.75,0.01203199901341101,0.010355986520842908,0.010225945693217997,0.012916518501446372,0.011091387294734023,0.010938849573863818
0.25,0.5,0.8704015006088812,0.7844222261721293,0.6879186560205971,0.8728408290031898,0.7870218899242387,0.6908615583750429
0.0,0.75,0.5011767679010917,0.3880798507175678,0.2994790394126864,0.45919346032990915,0.3495896928020713,0.26454048875407543
0.75,0.75,0.00011010168657821229,0.00010610963488633107,0.00011907279556122585,0.00011930003186577665,0.00011511227338223406,0.00012919821976398183
1.0,0.5,0.013129730220665325,0.010729464208086847,0.00948719993397995,0.01700259379574498,0.014006309633683323,0.01268433300505023
0.25,0.25,0.09069326437269809,0.07061888389473747,0.05374417236423956,0.09075221308148462,0.07056208205828485,0.053562341496511956
1.0,0.0,0.0016008452629369119,0.0010432167780944912,0.0010126641037435657,0.001588398504404287,0.0010187308434954634,0.0009806392916086315
0.0,0.5,0.6270478901600454,0.5515033037322596,0.5208390071605182,0.6083534339724538,0.5331398114530588,0.5022668476672363
0.75,0.25,0.1032632499003715,0.08226654683601098,0.06848139772205797,0.10067453611706245,0.0801492152398301,0.06647148782781653
0.25,0.0,0.009515096432100356,0.009400053688625842,0.008440290681883678,0.010580340552177714,0.010472169761885475,0.009480161142217503
1.0,1.0,0.0061462809924303086,0.00356811823266856,0.002932658073492078,0.005780676938544227,0.0033556643541572395,0.0027830111768629706
0.5,0.0,0.271904421862713,0.2376377759612207,0.20188199055605538,0.271618246124363,0.23625004846926556,0.19930559719330065
0.5,0.25,0.008970529133393801,0.007970095770511776,0.006097743151809665,0.012968555146033678,0.011594128547646299,0.009061695212187582
0.5,1.0,2.34138758714586e-06,2.033447666249799e-06,1.9647578357595563e-06,1.6654998562515289e-06,1.4831422758820878e-06,1.4696733798835737e-06
0.0,1.0,0.8235185313714866,0.7270053297440526,0.6227292739141068,0.8035779282497615,0.6976176962332525,0.5835188207688724
0.75,1.0,0.03839649610251494,0.025403368651779723,0.01656724128412357,0.02364445597917897,0.01574980137345916,0.01005466423375867
0.75,0.5,0.001034283389967472,0.0008319444670685794,0.0005543885373533453,0.0015552878074464038,0.001242687806249032,0.0008382548260226219
0.5,0.5,0.005096666980427322,0.004455676875865899,0.003820474174770272,0.005415295867955194,0.004606907357654677,0.003824088998262365
0.25,0.5,0.0018308250257731418,0.0015743621853536727,0.0014688794768917823,0.003019166093561898,0.002641339830744105,0.0025817820809529435
0.0,0.25,0.12275337937498942,0.07648598951103669,0.04905965852841998,0.15390712042162258,0.10444148716102408,0.07321703352632736
0.25,0.25,0.48763133953978766,0.3707333722436733,0.3233978255856734,0.48530633027045145,0.361861618877499,0.30915076532159225
0.25,1.0,0.013585741033843579,0.014031008004731449,0.01495495687016557,0.014859245965207157,0.014996036487074815,0.015725460373758215
1.0,0.75,7.155698356031692e-05,4.376659421989615e-05,2.4025626969015335e-05,9.853875884713315e-05,6.144880383840423e-05,3.5085049844063576e-05
0.25,0.75,0.1120700402148922,0.07162846402278233,0.045571550742043,0.12122824181808234,0.07868922758745533,0.05179899638060359
0.0,0.5,0.4312279275610076,0.34994349132318603,0.2828953072635594,0.4260805473208147,0.3437872056935072,0.2752566298179274
1.0,0.25,0.004351950298838836,0.003960957404777643,0.003345360066167924,0.004348890515429971,0.003909758865998758,0.0033368353653048244
0.0,0.75,0.62327287808904,0.515588578395365,0.44026231797569204,0.5838673051673489,0.4731496480012991,0.39589463228785804
1.0,0.5,0.00015612457715374894,0.00012514790334894332,0.00012008119021977848,0.00014564782698611722,0.00011692624122439099,0.00011146836723763265
0.75,0.0,0.017695416528004992,0.01389050901823885,0.011846484106908028,0.02246443931441411,0.018060093907149244,0.015889138211485743
0.5,0.25,0.14233493083440618,0.11267437891274856,0.09298027926036834,0.1423852419706767,0.1140707789729547,0.09586123409576452
0.0,1.0,0.599969202815742,0.4603419887456113,0.3756799539605683,0.6117196843815509,0.4762054489190357,0.39486353018737574
0.25,0.0,0.15508046865633207,0.0953176461223606,0.055888005967591914,0.1606034472065132,0.09961281602427963,0.05917523760878329
1.0,1.0,0.010644118547280534,0.006412746183602547,0.004383271509940889,0.010175814561108387,0.006101225854441283,0.004133150639403782
1.0,0.0,0.0007472680153826072,0.000542360325274327,0.0003988707296898042,0.0007114896194413411,0.0005143448910429615,0.0003756846449103346
0.5,0.0,0.14140519427045295,0.097129317605395,0.06618131218737355,0.14032219614698116,0.09589322655760402,0.06480331085866131
0.75,0.75,0.1262657565352553,0.10325304637330812,0.07213015446690241,0.0967283999371138,0.07817065743183349,0.052237290075631826
0.0,0.25,0.7435344312626292,0.6090441109775495,0.4910484849613518,0.7492805028942845,0.6130775165173159,0.4924872417220608
0.5,0.5,0.19192857410308506,0.15408345090964226,0.15720407545006787,0.1903217546864826,0.15244675919433215,0.1551626610555944
0.25,0.5,0.25796253587041784,0.18052642522068263,0.15038196160210382,0.25027686290524165,0.17406557602834494,0.14395359923041395
0.5,0.75,0.15078257247361004,0.11636868903839104,0.0935109717315672,0.12534476682339635,0.09659315717401462,0.0771061051509001
1.0,0.75,0.010284769635584001,0.009021047401530868,0.007937956837276605,0.01009746836427805,0.008878334390448384,0.007828699063146205
0.25,0.25,0.0279053070571611,0.025945300909613334,0.0284920376300426,0.015481993101107094,0.014474177176036163,0.015527995306012565
0.25,1.0,0.4103358983863816,0.285513479770505,0.17942161333299844,0.4253875769303741,0.29215027650747905,0.18006530955890288
0.0,0.5,0.24487899029822524,0.2022134575999167,0.15689345809819333,0.23170736257870783,0.19015179162787366,0.14528889588123395
0.75,0.25,0.0012052157145245879,0.0009460670745071731,0.0008632169247327903,0.0014721112025486427,0.0011403182404352563,0.0010306106434976314
0.25,0.75,0.04989395046042566,0.033035961739736885,0.02235806456390832,0.0495190746888885,0.03275673651262456,0.022127075729177714
0.5,1.0,0.0004194316869363668,0.0003721882075971017,0.0002906441339853849,0.0002940020771065033,0.00026074345362014917,0.00019796601976929118
0.75,0.5,0.006038878840912809,0.005857318977145587,0.005285435121518578,0.007164057902796506,0.006981629919950549,0.006304312280999369
1.0,0.5,0.02534337233600714,0.019584470784284935,0.013988376510106315,0.028466964626676305,0.022374465895932394,0.016715835346207353
0.5,0.0,0.016542583368919894,0.01250855224983638,0.011778906377376996,0.022068177192340332,0.01669892629484715,0.01588970359281139
1.0,1.0,0.00037132490106883687,0.0003187584095586393,0.00023453698373931964,0.0003891559956950008,0.00033651610482110517,0.0002497387121680461
0.75,1.0,0.09572595075511026,0.07391961090606236,0.05593599549300132,0.10507867651114,0.07935141580021488,0.06015758638425006
0.0,0.75,0.1987555859977661,0.16217037121918976,0.11953897793172652,0.19158183497066827,0.15558867432039558,0.113405982980329
0.5,0.25,0.05236736588167601,0.04269997131308023,0.03385425294259159,0.05187426518652927,0.042433756550591895,0.033834264953059856
0.0,1.0,0.20067257693643759,0.12318362832266994,0.06830944182938015,0.1812031412861228,0.10903515109080275,0.05853014749331065
0.25,0.0,0.027244974835556213,0.020243041478877788,0.01566852505984917,0.021550532062969974,0.016073091433695064,0.0122682974029521
1.0,0.25,4.482564200936068e-06,3.156880378440974e-06,2.9400953414082664e-06,5.224640648782142e-06,3.614614500602187e-06,3.3474708935887776e-06
0.0,0.25,0.4326239888499942,0.29341321294800393,0.2099431460339849,0.41238828141107664,0.2766056264145713,0.19597497116214302
0.75,0.0,0.006038002244798224,0.004269299530899273,0.003745636422371912,0.004268197446409161,0.0028265752456528848,0.0021671046234998936
1.0,0.0,0.011308908340508239,0.007442406892616216,0.005218192753001838,0.012713957102444051,0.00856147661255302,0.006244520593690295
0.0,0.5,0.277021471279864,0.23326512261168653,0.1992254252679473,0.291640563940037,0.24647985044313936,0.21106026263814626
0.25,0.5,0.029036054671103262,0.017436556361360767,0.012468352929531523,0.029130859260978026,0.017405732599101165,0.01215847226182376
0.5,0.5,0.3426578774026199,0.2706546989091163,0.21592008364825876,0.35323611281959433,0.2804741283337647,0.22567071923755055
1.0,0.75,4.954392160083643e-05,3.8652571123010127e-05,3.3637937603470114e-05,3.8785500609872514e-05,3.0554225758594455e-05,2.6704040549607733e-05
0.25,0.25,0.16115307911742183,0.12924419518504549,0.09780960700692254,0.23988271041079612,0.19586921616473418,0.15426342260420978
0.25,1.0,0.5179607203599252,0.41122448137957623,0.304890699249318,0.5373503944567772,0.4270046915048723,0.3166293938816187
0.25,0.75,0.9162613254296977,0.8858672074370666,0.8570963930037317,0.9161395595470262,0.8856158907955449,0.8566643229973059
0.75,0.75,0.0046567448823037205,0.0023198647556407215,0.0015554277492154656,0.004495744898658449,0.0022209513507596146,0.0014741460068373735
0.5,0.0,0.05660785771237986,0.04501868773278028,0.03944377660690157,0.05588308907808459,0.04411581489562033,0.03850290231561937
1.0,1.0,0.0006659346999968729,0.0005881659281088414,0.00045230350395830676,0.0003658801259167621,0.00034069340851750063,0.0002764493420231995
1.0,0.5,0.0006265523650286209,0.0004635992181346582,0.0004223487510301993,0.0007243683344313467,0.0005284639925868806,0.0004764785442847863
0.0,1.0,0.7059506838953395,0.5787639342543798,0.5126170036584068,0.7539463062389506,0.6221618729471461,0.5524051833599819
0.5,0.25,0.0010946723456100038,0.0006428736262589219,0.0005750119860692404,0.0012860601759756563,0.0007677148145460722,0.0007052637356688152
0.25,0.0,0.2946992381221749,0.2563850525661353,0.21972054748172276,0.29556670002717356,0.2578581436961874,0.22174299649876017
0.0,0.25,0.05279640225915405,0.041865974552025675,0.02983210606454223,0.05132702162953917,0.04059520567538932,0.028769957821181302
0.5,1.0,0.001413740264979646,0.0010804603287876136,0.0007229728548503456,0.0013230302354138024,0.0010239611187200515,0.0006957900872691658
0.5,0.75,1.8703390272545306e-05,1.3291279144400647e-05,9.874856954139588e-06,1.732761366723956e-05,1.243459684407977e-05,9.321964085096113e-06
0.0,0.75,0.92566061438262,0.8757052473337998,0.8400363654259404,0.9227848745850127,0.8717333686459126,0.8343853417632092
0.25,0.5,0.5029837804800941,0.43826795351791914,0.37383559487803175,0.5141137654937348,0.45037938947000045,0.3891666513389751
0.0,0.5,0.5580580066279828,0.4622380111021458,0.38519220698849366,0.5461232103427485,0.44942221262179105,0.3704296670251426
0.75,0.5,0.011043478313124577,0.006908937206848487,0.0037760821455206095,0.008900543663943106,0.005431703030686186,0.002824802680620353
0.25,0.25,0.0939393668821562,0.09318776439625964,0.08117173541624412,0.08499923924260155,0.08459918460195048,0.0720870315198825
0.25,1.0,0.31105866778037117,0.23315792230477062,0.20435515783274194,0.3085646328322229,0.2314470558611189,0.20308324099374453
1.0,0.25,0.03964162887323941,0.02824418250046279,0.02117088831641445,0.0421035413881331,0.030559818804092753,0.023549576319117693
1.0,0.75,0.003960659735169569,0.002121639002653497,0.0018357079540072263,0.00373945856750868,0.00198123751636059,0.0016942471717380503
0.5,0.5,0.12792995476849645,0.10898642229316868,0.08798643478528356,0.11946115578333139,0.10305423408136649,0.08388011118253846
1.0,0.0,0.02347207865924461,0.020245640871199844,0.016773584256034924,0.020690510574752352,0.017702289352420353,0.014274659412804702
0.75,0.25,0.0004662589905661818,0.00048664092663330827,0.0005509638236547154,0.0006850133251050661,0.0007112576550794003,0.0008138024091216556
0.75,0.0,0.0005676312376754478,0.00041791469091423394,0.0003368881221516018,0.0006129244312499393,0.00045475592499122364,0.00036893975349627794
0.75,1.0,0.005279345235171151,0.003953421354473408,0.003185366087806729,0.0041938501917588855,0.0030875373648038273,0.0024660274646071123
0.5,0.25,0.015648437534004467,0.01281971866666809,0.011113131042314595,0.02448373051099173,0.01992236307878259,0.017594826360167515
0.25,0.75,0.2544892245403483,0.24810075117055286,0.22317107120890778,0.26196333615639555,0.2559349101350805,0.2305568559488318
0.0,0.25,0.7971519860392153,0.616006219290429,0.4851686049887959,0.7157365754133712,0.5462983912450153,0.4376413152001236
0.5,0.0,0.1463736160436,0.08876752108346864,0.05035886336293249,0.17286490891398465,0.10275248323027619,0.056298662195602645
1.0,1.0,0.0024007029142321112,0.0014510417030654255,0.0009632652140183495,0.0018764974437706083,0.0011888612351186323,0.0008336200878915623
0.0,1.0,0.27310639644894485,0.19862720761096753,0.1633300768268553,0.27862576425551644,0.2032757477764755,0.16691490688701505
0.25,0.0,0.05970349406697695,0.04621440472098981,0.035275556332704294,0.0625753727107663,0.04824921858039333,0.03670875940385154
0.0,0.5,0.8131418630028557,0.7244127751314888,0.6474914638181526,0.7968493700437815,0.707090244949514,0.6284355144386431
0.25,0.5,0.06547764093902053,0.05652652248687451,0.05444665170614593,0.04686757964392685,0.04020724690376776,0.038354041052360066
1.0,0.5,0.002569636502090411,0.0017361946951068852,0.001129141895728214,0.0024882956283434066,0.0016909889198264416,0.0011049720322243717
0.25,0.25,0.12043596846829441,0.09652999398225504,0.06175439472741284,0.11250608903639459,0.09220836795553333,0.05957014079284617
0.75,0.75,0.48741708655781435,0.360783986367732,0.2666639753804425,0.4719561145791008,0.3489262348607156,0.2587614247546892
0.25,1.0,0.007227012135106792,0.004782224554908732,0.004189405339132479,0.006039036998573777,0.003994415817579977,0.0034388176043921304
0.0,0.75,0.484397994460409,0.4001348545725887,0.29759499974245585,0.55903610016519,0.4712855501949663,0.36271200726978714
1.0,0.75,0.00017933320847629552,0.00010899353628046615,7.108110983700122e-05,0.0002263320299047411,0.0001369330437497318,8.951712536187095e-05
0.5,0.5,0.3889203310915057,0.3120392205903566,0.27255949161903625,0.40487302375735823,0.3230021009376739,0.2797152675817929
0.5,1.0,0.03983194223135367,0.030298790723785607,0.024988241488104523,0.03558202652865894,0.027658194568243144,0.023244386788748628
1.0,0.25,0.02081318959487133,0.015394342247073922,0.011797984053855126,0.03468760383840197,0.025564616573887533,0.019969946189549503
0.75,0.5,0.029523705602937933,0.02476377307620159,0.02054246443170127,0.02640239048046744,0.0221102206253031,0.018292104537846687
0.0,0.25,0.17102804942935712,0.13245779454139728,0.10272849232385273,0.17897000171937683,0.13888145511899852,0.10746176159281084
1.0,0.0,3.892822856954581e-06,4.5447486087812905e-06,4.260434300906724e-06,5.125169423747522e-06,5.86772898891752e-06,5.418646869426169e-06
1.0,1.0,0.0004913562808948058,0.000408938051229768,0.00033388506375908733,0.0004975299811933453,0.0004135515443539628,0.00033648510537520604
0.5,0.25,0.0006155098986128094,0.00046615356962820265,0.00043524118277049606,0.0005081064113473532,0.0003786566397645519,0.00034348029126263224
0.25,0.75,0.23858572867459782,0.17677856510942747,0.1314121704184722,0.2283681334847778,0.16826728304658234,0.12424449753822486
0.5,0.0,0.022255975146156404,0.015266155159675887,0.013497319295045163,0.025219856134884422,0.017062721122809488,0.014724780028838147
0.0,0.5,0.5000045893240119,0.37572341319561553,0.2797805985956382,0.5374334548196842,0.410370874555247,0.31028685714195237
0.0,1.0,0.3141767190079958,0.24177233472899828,0.19225588754093326,0.35118154500461474,0.2734162515353441,0.21842268267625498
0.5,0.75,0.028157311614241953,0.018620446941453705,0.012897572368619548,0.028227896832919375,0.018659009216712708,0.012884769903236393
0.25,0.0,0.45301312519148795,0.36173522195521457,0.33677511458000153,0.45284363676608863,0.3613186643979416,0.3360482204859516
0.25,0.25,0.4648125481595754,0.3933041883380388,0.3419475901725374,0.5465436063463889,0.4715145950144708,0.41755914344397604
0.25,0.5,0.275665808054978,0.18238380991063707,0.1223697825614215,0.27603926433604464,0.18297349235396343,0.12342060234221863
0.75,0.0,0.149097572370538,0.11549836062962293,0.08651265120208496,0.17256530326898145,0.13548841363308406,0.10569934873823916
0.75,0.25,0.0004160401796380331,0.00017601168917713572,6.878683117883533e-05,0.0005864859686529611,0.00025968135829246286,0.00010866324658731497
0.25,1.0,0.019505964686522215,0.014280805744619873,0.012907781219796965,0.015599889181211468,0.011479713608135711,0.010342090540443216
1.0,0.5,0.0004925582353747515,0.00029766277397158536,0.0002422875775216493,0.0004972899393859143,0.00029964219091427324,0.00024191701697418022
1.0,0.75,0.03090078709651367,0.01941763859231771,0.013085383300901587,0.025594469250081575,0.016089512221995506,0.010739833643036656
0.5,0.5,0.006974010841407474,0.004692837564840291,0.0028347698320360104,0.008665469274561577,0.0059180058521939305,0.0036773321399822256
0.0,0.75,0.8252047003623423,0.7488124228729078,0.6629147449444687,0.807836047002271,0.7322650757552691,0.645507235240383
0.75,0.75,0.05206711496777472,0.036787737792644215,0.03159549846486398,0.050608237172197645,0.03592118683265011,0.031062257328023923
0.0,0.25,0.5059758797627467,0.414439745576738,0.34933796900374414,0.4858099135497712,0.3965122194819034,0.3332541568667631
0.5,0.25,9.379197005698892e-05,0.00010425844275951945,0.00011786320065465539,9.732593845246384e-05,0.0001098289183676382,0.00012628988442198175
0.75,1.0,0.003917391709558737,0.002646696047479913,0.001412844527637569,0.0038411606621651107,0.0026786334977579873,0.001466960042974974
1.0,1.0,3.339238889288332e-06,2.5104531193864688e-06,2.09063878287008e-06,2.372906663827834e-06,1.7852869196310905e-06,1.4769902275668656e-06
0.0,0.5,0.29369309680612865,0.2658465793715261,0.24712074310437837,0.2999192950602566,0.27156070133962706,0.25205904197584506
0.5,0.0,0.024814517571589922,0.018735631784062012,0.016238566261863596,0.024340424452618414,0.018240963754294626,0.015666025908934844
0.75,0.5,0.0806107878333513,0.05830263939427294,0.05663341801005284,0.07996105194817127,0.05778748894940744,0.05603766934916765
0.0,1.0,0.12069238287975526,0.08548034637034652,0.06778299086271233,0.12654105977951535,0.08969148468828092,0.0712210983583168
0.25,0.25,0.022064394810670573,0.015308189872412115,0.012883834186402154,0.01598215815226056,0.010437908406871088,0.007963749586494262
0.25,0.5,0.5300508212072758,0.36834336429465886,0.27639981757720755,0.492224860358653,0.33028259738133825,0.23762582338324933
0.25,0.0,0.5065547951190452,0.40082865211320995,0.32879436434126585,0.5090299718037159,0.403414657387573,0.3306068861384934
1.0,0.25,0.018713417701392787,0.015078532300454084,0.012508866173088329,0.016434964141551545,0.013379286189254658,0.010687509883013702
0.25,0.75,0.6346597744951328,0.5335904849768204,0.44762672983149643,0.6277939287537935,0.5263423887677143,0.4386705980145713
1.0,0.75,0.0003629630840478182,0.00023334199158220326,0.00021149952320653753,0.00037963983709166094,0.0002423651453418163,0.00022168115688647738
0.5,1.0,0.09797505744763735,0.07396376863720322,0.04237516982343237,0.10931271149654598,0.08272414025074626,0.0484017618983712
0.25,1.0,0.24402061276607334,0.19798602828080292,0.15484492417205487,0.256557049740171,0.20931067952019355,0.16484806543266262
1.0,0.0,0.00571443502766622,0.004925951740237022,0.004109021876610441,0.00602263847586515,0.005186573294135188,0.0042965091205058314
1.0,0.5,0.016118440610026985,0.01167493131608821,0.008904294039399296,0.010274545570206683,0.007424873131618881,0.005647275200654001
0.5,0.5,0.0026604033122934467,0.002026335577861804,0.0012289564529448516,0.0025858883231754115,0.0019686612937811487,0.0011908583780764204
0.0,0.25,0.2789181005465682,0.2173802142598239,0.17658256949477813,0.2653704945751423,0.20567144124665515,0.16586030447815991
0.75,0.0,0.019172162732414733,0.015324910581073659,0.012570208795636972,0.01913330826423898,0.014939361065063661,0.011908404866197486
0.0,0.75,0.7437128607952099,0.6700358015340782,0.5937993856574117,0.7553899824638596,0.6853272111137683,0.6180676841513794
0.0,0.5,0.14729714605091992,0.11531070332135285,0.10085677743148902,0.14386464013687184,0.11232665027072186,0.09766677797933321
0.5,0.25,0.1208268176570042,0.10081936825362348,0.09354395526323145,0.11516163827427861,0.09578788354004375,0.087758173397675
1.0,1.0,0.0001003558167620433,5.800391324073395e-05,4.258267384993353e-05,8.669451499032643e-05,5.340077545978872e-05,4.089774835858151e-05
0.25,0.5,0.3669365754305969,0.3285160451604393,0.2864727961888509,0.36025942624522056,0.3222659137677024,0.28089036584105054
0.5,0.0,0.16304632838354727,0.10568651209746016,0.08522063546778602,0.20206561939868817,0.1356909763480566,0.11360518880697934
1.0,0.75,0.0007120906839187535,0.0005912429014659493,0.0005333666408569027,0.0006337483011380485,0.0005200005125755025,0.00046640459336411144
0.75,0.25,0.034751409690571555,0.026813362916941585,0.019271831990818833,0.03805291949949763,0.029278485391392106,0.02097863185504012
0.75,0.75,0.09634918540061754,0.07120249841886062,0.05874473851834683,0.0922635732329048,0.06838169251228254,0.05644369576527741
0.5,0.75,0.06286896094479566,0.05007104944588725,0.04012098705728184,0.0619108593131773,0.049681487961145354,0.040144798054463804
0.0,1.0,0.7412283664318067,0.6741541276408546,0.648219675909379,0.7423756727789443,0.6749527996953126,0.6485415146378619
0.25,0.25,0.18620927447250413,0.11566201527937214,0.06406752391672343,0.190824178157724,0.12212450102453398,0.07122747624380443
0.25,0.0,0.000909126440153285,0.0007279354642968361,0.0007209957932123867,0.001033288783118591,0.0008220972318475628,0.0008156780802293095
0.75,0.5,0.14307070707828873,0.08148706219061419,0.0559622004786422,0.14073791449453776,0.08037001925562914,0.055311661215608265
0.25,1.0,0.059023935291187324,0.04000826549463499,0.031036121693441387,0.04896100830268868,0.033408729565195694,0.026046040518886482
0.25,0.75,0.006489009874693585,0.005025323880075372,0.004440632646905529,0.006247781299406507,0.004841929075908857,0.004276195228399726
0.0,0.25,0.26083749779235066,0.2380333737056053,0.2111639657840788,0.2823043422504,0.2580927472362966,0.23021219461021825
0.5,0.5,0.00046516224667336736,0.00032680720972178,0.00025993695149595375,0.0004793596026568814,0.00033829511678606927,0.0002733413227673509
0.5,1.0,0.18549768705839909,0.1386655381680848,0.09854401190617323,0.18008211572066768,0.13591608377426434,0.09800749988662283
1.0,0.25,0.01804290068260017,0.01180052142787058,0.008005978824535909,0.01730297463718844,0.011253575553753725,0.007557635378024785
1.0,0.5,0.001294884700243637,0.0009006505009814259,0.0006749943540567127,0.0007263850745325984,0.0004987954856332522,0.00036035391968292085
0.0,0.5,0.22758375555194277,0.180998808637999,0.14950822915717354,0.23273508272290255,0.18253067105705634,0.14878892246911435
0.75,1.0,0.07369355041774983,0.04906657337193554,0.0350530050169503,0.07373000757451975,0.04911316706097424,0.0350808003946077
0.25,0.5,0.33427875656609085,0.28020813325715577,0.23727653955099137,0.305365353183057,0.2556756405916082,0.2159154139657663
1.0,0.75,1.1473149417184914e-06,9.275692754995291e-07,7.576627111260947e-07,1.0834976155171816e-06,8.772979183113705e-07,7.152904456519948e-07
1.0,1.0,0.0005255840040895299,0.00045169797330968375,0.0004196656866608528,0.00038095549023187125,0.00033332024459520326,0.0003138503883544086
0.5,0.25,0.006241884142252241,0.004002995392899722,0.00237848226872428,0.006147960015267739,0.0038502457209144136,0.0021897668943249293
0.0,0.75,0.6474067951395396,0.5087779272484154,0.38332932701401845,0.6064218943601039,0.4677051664693326,0.3454702430783094
0.5,0.0,0.4560996325119272,0.345820527138349,0.2712896210042326,0.4563078687883204,0.34601274844801555,0.27125989302684805
1.0,0.0,0.0006951246250501697,0.000802125534750564,0.0007554370423449308,0.000793162567898964,0.0009158144172226601,0.0008641259102650789
0.0,1.0,0.45993290875395043,0.3717851151560405,0.31323525354810744,0.4786066588357384,0.39332948103236576,0.33487529690033413
0.25,0.25,0.06730618141229283,0.05028513828702241,0.03552904472699525,0.0678231016597568,0.050860787450299205,0.036021203517897615
0.25,0.0,0.14058771650816615,0.10292414403076022,0.06876290513968608,0.13094087505735952,0.09614951356631452,0.06386608168004959
0.75,0.0,0.06303913344209189,0.05598271607996108,0.047798344762993494,0.06881957852569531,0.06141653221276666,0.05310294313956054
0.25,1.0,0.26471608380264877,0.22340919602816256,0.1927019127060915,0.2635289905175747,0.22225252561175735,0.19137580685307132
0.0,0.25,0.9336771142418719,0.8705916099489772,0.7729517540801806,0.9325417555044586,0.8707084648425474,0.7777317903163461
0.75,0.75,0.0012098312974132552,0.0007673240909746859,0.0005589441764168868,0.0011898921949472507,0.0007519827792943357,0.0005442732927780636
0.25,0.75,0.13211013507355462,0.11195866304149515,0.10547968485889259,0.14441982719690705,0.12261745415212,0.11569406030319596
0.0,0.5,0.812168230594222,0.6967967621403318,0.529150490737833,0.7705667600462343,0.655742920449879,0.4905733518587069
0.5,0.5,0.015041917759331724,0.011589557188850907,0.009498064881765855,0.01626620180826066,0.012485089967051444,0.010190079777358307
0.25,0.5,0.11518587667482372,0.09326980851964028,0.07375894079531242,0.09121563737170646,0.07351938530810131,0.05748610130914178
0.5,0.75,0.0759425179169404,0.057980601660480025,0.050278865690001395,0.08516645350641738,0.06441124184509128,0.05525862288321237
1.0,1.0,4.685141403726334e-07,3.4414642979818666e-07,2.6476633041561115e-07,4.3655356529725964e-07,3.224339925056441e-07,2.481206582416462e-07
1.0,0.75,0.029848213869618778,0.02372479913106995,0.021931260490396953,0.02916710834084646,0.023195342984662082,0.02140702948507689
1.0,0.5,0.0015115527499884873,0.0011293451473247673,0.0009755380554196114,0.0017385137872301115,0.001277075512817527,0.001070717379557995
0.75,0.5,0.3302611325723738,0.25574544170210245,0.19013812321438506,0.34198614308422726,0.2683707281722202,0.2037913322819086
0.0,1.0,0.11934429626329668,0.08070388456365118,0.05861144221880732,0.1151359998566609,0.07790327830664867,0.05650206128857893
0.5,0.25,0.000581077299610433,0.00043868062256158247,0.0002833610005661402,0.0005726211221099842,0.00043234091673094444,0.0002782287060842936
0.75,0.25,0.03422404032215198,0.02716966375138241,0.02100329829181713,0.03527756083387834,0.0277768301191621,0.021555050710911683
0.5,0.0,0.018701854057804335,0.014219286374733575,0.00972630898107596,0.025301874371273292,0.019388995536889664,0.013584205625985168
0.0,0.75,0.23627699246364664,0.18233827819453807,0.1251103257965016,0.23466245465898083,0.1804385186120384,0.12308517164812449
0.25,0.25,0.39953511091266325,0.33475304886446866,0.3080134970180751,0.41248464963689335,0.34550286013486986,0.31781431424111306
1.0,0.25,0.12565783996543023,0.07945439864789305,0.05023674166954639,0.0770163201041878,0.04646294670428852,0.026681552548278975
0.25,0.0,0.09752441272510748,0.08607098835277738,0.07751934688616191,0.09907026345292436,0.08782338469903717,0.07832209980099969
0.5,1.0,0.003418934652503758,0.0025604062562580854,0.002567418945395028,0.0044531123549196305,0.00329750557711761,0.003293617311367125
0.0,0.25,0.48197734076658694,0.3743255163306911,0.29680329486234336,0.5020884471499063,0.3967714662021896,0.3189562151770926
0.25,1.0,0.38989997233845164,0.29239847501600047,0.2257881533506605,0.40312977111284276,0.30300582664436626,0.23554413344428715
0.75,0.0,0.008330396130939222,0.007564629720245852,0.0075567690512525765,0.012408684099135314,0.011378025527599034,0.0117002225267262
0.0,0.5,0.7018174840272335,0.611192946038849,0.5103705145153246,0.7298955084749841,0.6369086075594148,0.530512514057268
1.0,0.0,0.16243727685449705,0.13325046887302283,0.11572453625954415,0.1675633336838358,0.13703582690435046,0.11891560301165804
0.25,0.5,0.001648214278556992,0.0010810088904764648,0.0008118291969406721,0.0015722586230710878,0.001002450052522641,0.0007380302813509987
0.75,1.0,0.007503291616813845,0.004799644898733302,0.0037000680539946984,0.007413221479432464,0.0047442928340375445,0.0036954017216874746
0.0,1.0,0.6141932665014119,0.507095082565316,0.4061102757110929,0.5918185366195328,0.48623868015457217,0.38359178460749477
0.5,0.0,0.04190087134629794,0.03587749089088643,0.03255359619093179,0.041542464444814575,0.03518083336553013,0.031556039143136094
0.5,0.5,0.003027480417979511,0.0018177312055771555,0.001164588268458444,0.0024577867297598255,0.0014859672863027917,0.0009484693302639347
1.0,0.75,0.005579288015866046,0.0029787148451683176,0.002073862074239985,0.004335217156982374,0.002430105852385789,0.0017555226719866424
1.0,1.0,0.0017737213354065418,0.0010914753974351488,0.0006822594012715344,0.0012092211028995603,0.0007570342051390622,0.00046552436049684953
0.25,0.75,0.6031131278963062,0.45717784156940233,0.3873637718165296,0.6111301894155815,0.4647192296367323,0.3954078686728103
0.75,0.75,0.006409996719627387,0.005153393759624647,0.004397871804481257,0.0071494541524667055,0.0057650310850349,0.004991900195261634
0.5,0.25,0.00011347163139818761,8.08059605290623e-05,6.789881139612763e-05,0.00012144639929168033,8.470803508175972e-05,6.893140173813705e-05
0.25,0.25,0.4002613277136662,0.365341070233963,0.33488787938418796,0.3806634206596511,0.35075443180398147,0.322060450422492
1.0,0.5,1.4270045743836057e-05,1.0268215478115295e-05,1.2474824221397895e-05,2.176899489836348e-05,1.5484113833452717e-05,1.8913980319057444e-05
0.0,0.25,0.8962234102036005,0.7370585493644293,0.5518743625269401,0.9041286393222353,0.7687134788945397,0.6081152726330257
0.25,1.0,0.1587291651581264,0.11323633071852357,0.08745796150120821,0.17453944331528748,0.12594520386064734,0.09937168376724403
0.0,0.75,0.22538295741479608,0.20314864464682203,0.1643292771188467,0.22401228072605872,0.20190067731895867,0.1630229817260085
0.25,0.0,0.09799677275459728,0.07673699461441574,0.05909636631234738,0.12470427949189122,0.09584978937376665,0.07116508246662445
0.75,0.5,0.027716269813560013,0.017857698775384012,0.010113008206066643,0.021239979725560576,0.013511426110873415,0.007340446688062996
0.0,0.5,0.37284985020499284,0.30678972562142826,0.23123752346860083,0.375872227112679,0.30887866933594754,0.23211397025096892
0.25,0.5,0.7954395046069367,0.713131859018379,0.642622164508041,0.7908986763881998,0.7136490019042563,0.6498158018912066
0.75,0.25,0.005532513640046144,0.0035427674333728953,0.003007178335236338,0.006752445433715226,0.004356164608971036,0.003836535961217691
1.0,1.0,1.4641164434503473e-05,1.1300037271344543e-05,8.13047966585767e-06,1.9634983406513484e-05,1.5103736917598809e-05,1.1044923916347926e-05
0.5,0.75,0.013710353816228205,0.010690821678656315,0.007511028188529001,0.013701662578187945,0.010685019500098702,0.007496503948934308
1.0,0.25,0.14898959034674963,0.13194321636639827,0.12011026218932452,0.13705401829762698,0.12099862773587589,0.10868530924087061
0.0,1.0,0.13506695353938092,0.10279376732346013,0.07210645825686512,0.14889106312867562,0.11135608747092107,0.07639250492527816
0.5,0.0,0.0990275308001064,0.06227503817286728,0.03423341183861073,0.14089400644157324,0.09061135630008743,0.052862457435004284
1.0,0.75,8.670165864188561e-05,6.179365145597693e-05,4.5588115000105844e-05,6.67059940773207e-05,4.7758520857366094e-05,3.4786322362423405e-05
0.5,0.5,0.03735347709451664,0.027459188454794115,0.01931129738395576,0.03852970603174999,0.028209565155674632,0.019759369663682635
0.5,1.0,0.15573991090877992,0.1220773631013563,0.09069329615969335,0.15324018256169503,0.12034470722524504,0.08943522532486348
1.0,0.0,0.0005176637401241857,0.00044831802038070023,0.00037614772851668477,0.0005053718245204841,0.0004352952213803052,0.00035706102834087705
0.0,0.25,0.7189739402794826,0.5807552820529488,0.5247836507516908,0.6311631816067214,0.4917263262217687,0.43400749715821163
0.25,0.25,0.0008272790264600705,0.0006245991976066012,0.0005284332395930624,0.000720153175611582,0.0005422935869897616,0.000452880973723091
1.0,0.5,1.265660008864522e-05,7.75714863354704e-06,5.3956826622236775e-06,1.0571632061529002e-05,6.3959620713038845e-06,4.3303658515680965e-06
0.75,0.0,0.010237908539249663,0.009217731559427733,0.00903329714406187,0.014443812433690417,0.013185838566550534,0.013268843626408233
0.25,0.75,0.041288546217091326,0.024600705659822752,0.01714494935501132,0.040631175344304715,0.02429572652508205,0.01700229043806012
0.5,0.25,0.20264286202243986,0.1693907579662055,0.1435057212415345,0.21639631304400642,0.18159027238556957,0.1547047825649739
0.25,1.0,0.0026646261931512205,0.0016850052817674044,0.0015172980031438188,0.0028394682648194003,0.0017970439795541582,0.0016117800140775795
0.75,1.0,0.11620869324251082,0.06698565180703397,0.04618323372427069,0.11133224788560914,0.063570318021266,0.043314472841388674
0.25,0.0,0.4547787989806975,0.36766975144233116,0.31302740514825933,0.5104055315160265,0.41978648656449846,0.3676576222134089
0.0,0.5,0.4427656159680481,0.37610820712935744,0.32419706596066233,0.40807549629510365,0.3488139142385476,0.30088678614417064
0.0,0.75,0.9784058006604067,0.9340754131826553,0.8747944213629708,0.968056799830003,0.9135073812376826,0.8483862998849697
0.75,0.75,0.002109009483237001,0.0010026519926230604,0.00035892869039455544,0.002107142012630958,0.0010069221565542907,0.0003647330113301095
0.25,0.5,0.38854485892949975,0.3453205761157483,0.31893995969926026,0.4012121616555906,0.3556598682207943,0.3278662914357655
1.0,1.0,0.0028215504778272837,0.0017343315447277963,0.0014490681227801172,0.002411504222923355,0.0014724641575100117,0.0012412212357473251
0.5,0.0,0.23850682343821017,0.158496038902617,0.10796575548888099,0.3333617572269737,0.23437102027216783,0.17301209195393052
0.0,1.0,0.618432905422702,0.4945382492519763,0.4211297164225528,0.6006331596454796,0.47696988405347973,0.40354002509424447
1.0,0.75,9.945468509631183e-05,7.640568213318488e-05,6.008633283416387e-05,0.0001040743519882259,8.273041350592703e-05,6.820561612175258e-05
0.0,0.25,0.6232852560175168,0.5961210722764293,0.590462199330927,0.6056707835028807,0.5766879994361086,0.5695294539556675
0.75,0.5,0.018728062242355015,0.014820532726390057,0.010815430600286335,0.01657170796868923,0.013109465108842921,0.009526413377935472
0.5,0.5,0.0008004109983281715,0.0008595483898163891,0.0008181091314343192,0.0006804880661530621,0.0007317230749099846,0.0006872542318103747
0.25,0.25,0.48718508777968295,0.39568767638386426,0.3426946648035998,0.4793031463146058,0.38741757477425476,0.33358053337877747
0.5,0.25,0.08851079090894187,0.06316534627266557,0.057569047732229706,0.06780235569923543,0.04863745191121227,0.04431157759934634
1.0,0.5,0.06933988121055878,0.05408201493195697,0.0489086852060967,0.08708612607891109,0.06826559379252917,0.06245260805695918
0.25,1.0,0.05631071711363189,0.035760590035291084,0.02140232865124525,0.051629496213144166,0.033064317172567415,0.02032694006102609
1.0,0.25,0.010509694342914822,0.00992178598251292,0.008946884179581449,0.010591128020408958,0.009974296097903568,0.00897211623239691
0.0,0.5,0.44518003113846627,0.37687343541578755,0.31262951358666147,0.45273847834439085,0.3815238842827605,0.31502081566676665
0.25,0.75,0.9507974898252537,0.9061909218694838,0.8376497177593831,0.9521594346993272,0.9061724095430849,0.830093120552652
0.25,0.0,0.10701235402877551,0.08636212403946075,0.0697648490431454,0.12866872511902516,0.10305267887715464,0.08349976568942985
0.75,0.0,0.08548806354588867,0.07491101476367434,0.07627869135898191,0.108876611496185,0.09445992018705507,0.09527603975620647
0.5,0.0,0.0650713826861784,0.054248479830778074,0.04616496584086782,0.057445952221672925,0.048781378744910286,0.04219547240925037
0.75,0.25,0.014521532805417126,0.012996651459525,0.010894596203240847,0.013635668655643252,0.012132404546765785,0.010040001501407492
1.0,0.0,0.0008658884274110878,0.0007710337545389079,0.0007167602266826556,0.0008827237097637219,0.000810338888269424,0.0007800502859038883
0.25,0.5,0.5865245657862241,0.5051771111913724,0.42090971846824543,0.6008025435475103,0.5174021094018317,0.43204049175404047
0.5,1.0,0.039116343613051496,0.03230487507700863,0.02804624140798828,0.03981737302882016,0.032810209122907996,0.028419080859494295
0.0,0.75,0.3775829851105801,0.31442004541338453,0.2696600486623466,0.38753718142056015,0.32299566110489564,0.2776320800721477
0.5,0.75,0.019790798508895646,0.015239846564956139,0.01062804517866267,0.021860772565423736,0.016842201108792754,0.011985911213473921
1.0,1.0,0.0008790856175419082,0.0005084014961466155,0.00032344808271544956,0.0005903717484900817,0.0003395490145036151,0.00021214505922828586
0.0,0.25,0.8586140221824247,0.7698727914727229,0.6539118034124851,0.8445757888804735,0.7506943667567966,0.6275497393770995
1.0,0.75,0.0046247810459063565,0.003098900010899852,0.0018249907764051887,0.004455896211381871,0.0030017612475830013,0.00176838951114755
0.25,0.25,0.2821230327350083,0.22503135235508887,0.17846783864293958,0.2789473449041633,0.2213475261980955,0.17482516104638335
0.0,1.0,0.8196773672634962,0.7205610494228696,0.6558125878735537,0.835540591702624,0.7426064597255719,0.6819136019479024
0.75,0.75,0.0012596332037388969,0.0009660905396228214,0.0006175244392911949,0.001188228797192492,0.0009175816848440155,0.0005882184108970678
0.75,1.0,0.14937555919275347,0.09942804283140194,0.06427272892057667,0.14305260851976498,0.09503565357775334,0.061203071307858514
0.25,1.0,0.43711606317038054,0.319125128333518,0.21111930145096236,0.45917326080594423,0.3343369928230855,0.22055412900129878
0.5,0.5,0.02171658220031647,0.020248804965491307,0.015378418936293325,0.021288815754955892,0.01987247124140168,0.014447474540259297
0.0,0.5,0.4103505521226605,0.3613219184900205,0.34005943384874837,0.4115220988111056,0.36248889956390606,0.3404985242972828
0.5,0.25,0.0011406084223303248,0.0009395312207395312,0.0009224915512117127,0.0008576888829873175,0.0006999000304488412,0.0006732191860642223
1.0,0.5,0.0004883511353455106,0.00039671128939633427,0.0003632720925516031,0.0004687822601547875,0.000375827821933461,0.00033692316561828584
0.25,0.75,0.01273906686534354,0.00929247971599545,0.007051781145404501,0.008281674388084692,0.006156510560179074,0.004651249475096653
0.5,0.0,0.0049618231601865626,0.0033984181863924157,0.002478167174553181,0.005161645321336672,0.0035346115404806255,0.0025800620444739186
0.25,0.5,0.1841119512895456,0.12565747860980547,0.08980141466482694,0.18338417520608263,0.12499026851971706,0.08910327176576815
0.25,0.0,0.3214884444994808,0.24063416007466742,0.1915343412949878,0.3445797061521215,0.2585838115776746,0.2055019812620522
0.75,0.5,0.32279829618222877,0.2662546166323514,0.23127032158870953,0.32440240027075773,0.2675465485450138,0.23235730055393056
0.0,0.75,0.08593841478948172,0.06954808493368303,0.059537346815360825,0.09625055984021103,0.07717402052672762,0.06517977024087773
1.0,1.0,0.06737662310973447,0.04741870450603891,0.03024632070483746,0.06190701333452053,0.04288413352527143,0.02652513149531943
0.0,0.25,0.6086912623952998,0.4777519576550828,0.37141016396091864,0.5932885465414832,0.46068847765182563,0.3523239670249798
0.25,0.25,0.8928556602090101,0.8550438050049307,0.8182461317511601,0.8962965420872123,0.8581116341691848,0.8209355228483567
1.0,0.25,0.020116740054241466,0.012359810465393695,0.008542342862580377,0.019865066321269054,0.012204580939595644,0.00843119693300498
0.75,0.0,0.05479643965794545,0.047009114000231444,0.03957701847794215,0.0623155771577355,0.05286689990154003,0.04375438929363662
1.0,0.75,0.002492912986562734,0.0017178423357994133,0.0012111941167144424,0.0022974680388945234,0.0015417747971799844,0.001071901525394936
0.0,1.0,0.7524760117044732,0.5987826195603503,0.4628768230931256,0.7460760283001848,0.6015877587850936,0.4795716774998561
0.0,0.5,0.06558928514638485,0.05266088363134236,0.04670191229267906,0.0899070348914287,0.07213289830697145,0.06493161470918918
0.25,1.0,0.10952192246984938,0.08380987784610983,0.08525818148059994,0.08239625398145223,0.06335583766962372,0.06424226220974327
1.0,0.0,0.009144041793971214,0.004846425985272851,0.003190022414176763,0.008969946711817167,0.004670522524825804,0.00299464787239323
0.5,0.5,0.033303437287482196,0.02575132854729134,0.018264418940249993,0.03299535963045952,0.02534815966499271,0.017803772390516892
0.5,1.0,0.05337179351175214,0.03982608226820872,0.029989977656500577,0.05411340916437246,0.040568035364541455,0.03067228539298239
0.75,0.75,0.008052866464787867,0.0052982986346437055,0.003323692484188623,0.010825307612753576,0.007375498019809856,0.004862942056607755
0.5,0.25,0.44712212814805796,0.30936766434688545,0.2517920582492903,0.445840200229212,0.3082088323170842,0.2505090133136547
0.75,0.25,0.0002797353557095761,0.00022229447731014762,0.00015375232582937048,0.00033225533359182435,0.00026285990787278113,0.00018040556262044483
0.5,0.0,0.25404144976993104,0.2125320216706693,0.1806466348037079,0.25517154992726465,0.213098218912674,0.18069302161652323
0.25,0.75,0.47711078614340663,0.44219581597335555,0.42612260165527593,0.4476133204798345,0.4153124907825291,0.4003885988563237
0.25,0.5,0.1750768092427668,0.1322489044650308,0.08692520680208937,0.1745018787711945,0.1309147850754645,0.08434293072608445
0.25,0.0,0.290762820128708,0.2771567325047788,0.25151066138779277,0.2824594107530397,0.2682815057008603,0.2415750566381858
1.0,0.5,0.00046718146957269724,0.0002811706196673702,0.00019913348113065332,0.0005037822156518379,0.0003041941669597037,0.00021594192574347915
1.0,1.0,0.001894756110086382,0.0014173346695816047,0.0008908235238452855,0.0017638839096529857,0.0013661546208316722,0.0009009878189760734
0.0,0.75,0.5018489928982812,0.3843636583524571,0.29300699854375223,0.4970905915193786,0.38075287770253385,0.29046188187452304
0.5,0.75,0.00028954782466550366,0.000263035526115285,0.00017572305300439517,0.0003019790548942636,0.0002740266798723079,0.00018299311302905075
0.25,0.25,0.5713484476555093,0.45448706199374134,0.3513097202237945,0.5590986973392036,0.44360622439929465,0.3414802734275212
0.0,0.5,0.4596194362476054,0.30305882586309474,0.2078564684579003,0.4050908932246957,0.26580900339401536,0.18429533538644682
0.75,1.0,0.0076273738950405345,0.005142278390067867,0.002661761795830442,0.008554759404744594,0.005726041346437283,0.0029818879782379515
1.0,0.75,0.004342308099661185,0.0035254017158747875,0.002768693507707587,0.0064218509832218995,0.005183892553091485,0.004119016334641623
0.0,1.0,0.7252723455660305,0.6178400794728341,0.5127934680373941,0.7315480607023208,0.6250604784807664,0.5207944334403414
0.75,0.5,0.00014475701633975824,8.599339879400425e-05,6.63826897543407e-05,0.00010716797336185468,6.381820747813904e-05,4.867557163956704e-05
0.25,1.0,0.049992429510170466,0.032661015188786946,0.01800281105244217,0.052891391802370125,0.032398725007860674,0.01620640888963809
1.0,0.25,0.21764828345794662,0.15575701162605038,0.09752981607890598,0.2444843647185545,0.1786059401790927,0.11532902783698418
0.5,0.0,0.3262455252338179,0.2531396495450364,0.18933300521882246,0.3310721990753066,0.2574178801399356,0.1935986357613173
0.5,0.25,0.10522806708486976,0.1000154959997176,0.09641752677926718,0.10965565699381363,0.1056166772056224,0.10192438756617461
0.75,0.0,0.014166148545175394,0.008738334835971973,0.0054676714897742285,0.014221772045592385,0.008837098810525634,0.005571142387743144
0.5,0.5,0.02381649608537395,0.016335820651491084,0.01356585437514779,0.02535092603115119,0.01799085432711678,0.015568262903817853
0.25,0.5,0.4056044781335375,0.2925508095947251,0.19903940599761527,0.4044162435992732,0.2915592246283182,0.1981932945118009
0.25,0.0,0.03714904018211185,0.028816865399194924,0.022559952267190875,0.05293417726382432,0.04238630838378077,0.03454742484627982
1.0,0.5,0.014159121164882604,0.010645488357763133,0.009062813293659655,0.014813231288357986,0.01094302454410867,0.009266802203524271
0.0,0.5,0.34439355734174115,0.2863654991794484,0.27391036830301485,0.33795099989426114,0.28184223953639054,0.27074172300146493
0.75,0.75,0.12448625836353167,0.0830459090128266,0.0596384963487524,0.09945190246599134,0.066021782719077,0.046403668779933405
0.25,0.75,0.3999220869802578,0.2987631520185834,0.24472134984788263,0.4173286904716971,0.31296261614321896,0.2581403454621435
1.0,1.0,0.00021020848748865006,0.000140140718805859,0.0001110749697882385,0.00014283065001552409,9.914251851317335e-05,8.187105663981509e-05
0.0,0.75,0.8292481839790764,0.7539471517923002,0.6868026682545556,0.8554458866088555,0.7802658609962139,0.7095937803771992
1.0,0.0,0.0011881803901743204,0.0007704131954225923,0.0004831730880254792,0.0016394202436265104,0.0010778971890674782,0.0006979880038610053
0.25,0.25,0.030588139000257586,0.028213165752948077,0.022901914353805508,0.023936483023891397,0.021531068176533052,0.01654012028259655
1.0,0.75,0.2057675388146839,0.15284297846776995,0.10710176033544849,0.3089933093739734,0.2409984709087758,0.18228154794189388
0.5,1.0,0.013876244452178499,0.009443294416844106,0.007510580365518882,0.014491350228294841,0.009867930876277242,0.007851403159817694
0.75,0.25,0.025633387082975356,0.024531711946970014,0.024346450985936352,0.02271549635233605,0.02149535349498266,0.020802684100006186
0.0,1.0,0.2871035432663357,0.22975372536211336,0.20408279928384943,0.27106774161123925,0.21522405153676338,0.1893315442190081
0.25,1.0,0.3741570101556654,0.2959348079648124,0.24478312723936657,0.35596770625856045,0.28030073577988157,0.22877661755699785
0.25,0.5,0.004063612637861591,0.00302519354865316,0.002393209836579979,0.004767812156255213,0.0035842910406962414,0.002878703437399599
0.5,0.0,0.09689236653564182,0.07497952373531513,0.05484804810712518,0.0731910007719706,0.057103930397187974,0.041527178460252445
0.5,0.25,0.0976238274228769,0.07084148772713728,0.05631207923478598,0.11646266410397033,0.08401642177350177,0.06731841185732401
0.25,0.0,0.28252599898434405,0.237782247653487,0.19027595013808996,0.2670954258288615,0.22420851343796278,0.17650570416267009
0.5,0.5,0.031039378026458952,0.027066720461735083,0.02139387075983956,0.03156040680130867,0.027215150646640374,0.02134695923902019
0.0,0.5,0.5051808710203736,0.355801772197226,0.26517989194012037,0.5179630775998787,0.3665526542330406,0.2725798095035299
0.75,1.0,0.033768178426170414,0.028404722950837957,0.021230758360027746,0.03338943137757577,0.02807343181069122,0.020940117121371227
0.75,0.5,0.027428675894617727,0.02003372631558986,0.015023059210040435,0.02348344331925567,0.017398215705722753,0.01299430546215119
0.25,0.25,0.023461541127053898,0.016634024469152853,0.013205732560514827,0.01933938161312332,0.01372044042525744,0.010947054085648444
1.0,0.25,0.0021058689611174186,0.0014957510934405782,0.0011368157999960271,0.002165007163202115,0.001571796896054467,0.0012289503072607788
1.0,1.0,0.00016277089421834479,0.00011464841109132262,7.522777555857285e-05,0.00014213636992432832,9.955673856187897e-05,6.441245385602201e-05
0.5,0.75,0.2669720516656199,0.20929637761430486,0.17496546203611185,0.2648072101691351,0.2072558012265565,0.17291493252050594
0.0,0.75,0.7729874328450884,0.6868386450257677,0.6531269355956576,0.7930834984236106,0.7035112116401756,0.662246682507764
1.0,0.5,0.005773280528444502,0.006360707046093372,0.00834293144204401,0.005333748459342091,0.005839806869816333,0.007659711538927749
0.75,0.0,0.008901258224823683,0.007896575091187241,0.007123292554071736,0.010699857543325808,0.009537418942517806,0.008761365289098766
0.25,0.75,0.1636737429323497,0.10699461973492186,0.07805489559136713,0.16258371692055595,0.10617229389808736,0.07734746333441178
1.0,0.75,0.001135101069287936,0.0014247897191894676,0.001587797232304844,0.0007588123739834529,0.0009642693779983169,0.0010642356594834368
0.0,1.0,0.602868358403345,0.4718371516565205,0.3646554231690756,0.5748240135621546,0.44953344240822857,0.35016485589576596
0.25,0.5,0.32956641579622625,0.26658344181326377,0.22157325539977224,0.31122657529858155,0.2505314736957891,0.2065233736439871
0.75,0.75,0.0001480868710319605,9.941672423230408e-05,4.761124469088163e-05,0.00016189085859985575,0.00011030475491735636,5.341947907333555e-05
0.25,1.0,0.0009412819067566858,0.0006480520439526849,0.00043710646494599104,0.0005911010457306798,0.000393067239382483,0.00024459179781644025
0.25,0.0,0.34719712666315294,0.29923963948079535,0.27524790560095524,0.3440603751339699,0.29650040117357146,0.27212331130554124
0.5,0.0,0.42767822503751274,0.34181836450874126,0.2891240452231485,0.4244636100460055,0.34091290297204224,0.29103709557894775
1.0,0.0,0.01618243078201742,0.012527344170254917,0.010033546762388768,0.01640045224496045,0.012619330049447708,0.010043724310989544
0.5,0.25,0.2749500471154438,0.2212549185160969,0.1843380479096587,0.27158047548978603,0.21832248593742576,0.18172502861974382
0.5,0.5,0.5987234395786775,0.5034244055895941,0.41673597665735873,0.6137991178576281,0.5169479177775628,0.42837823698652033
0.5,1.0,0.00041322281741351663,0.00034076265294968877,0.0002942985876830395,0.00046069551094141126,0.0003858665069964573,0.0003358802026012242
0.25,0.25,0.8094769355342706,0.6813811287921498,0.5735879973265531,0.8131358037422345,0.6892919311990158,0.5877633225807288
1.0,1.0,5.599563633995608e-05,3.7049726081872514e-05,3.032304713945777e-05,3.142323596816432e-05,2.1918275194376946e-05,1.8317494550945668e-05
0.75,0.5,0.04290985018448512,0.02286824703119561,0.01112387344219501,0.029885338376366755,0.014890865904478856,0.006520529983141232
0.25,0.75,0.9531810440812907,0.9109680043828303,0.8487662781298507,0.9547296955539806,0.9123485966286465,0.8491305691995635
0.0,1.0,0.6131801690888403,0.4961603811886871,0.3875303774008527,0.5345520109468722,0.42394241484602735,0.3198783896246794
0.0,0.75,0.5438119371157548,0.42737384615059226,0.3396365122419984,0.5433996159745645,0.4244618439012837,0.3350060798808212
1.0,0.25,0.00236870251151422,0.0023336232132290524,0.002293454784204396,0.0018454157220726408,0.0018090837591291375,0.0017553931898059982
1.0,0.5,0.017888896890524975,0.014208075217967298,0.013062593342509365,0.026146083610412596,0.02005622239237681,0.017787183499492376
1.0,0.75,4.913203170331393e-05,4.041884770766835e-05,2.9669754266659076e-05,5.1797313007417856e-05,4.2240984376884505e-05,3.078101073494821e-05
0.75,0.25,0.017740605433223866,0.013438323879633174,0.009703703800773678,0.013835196087225055,0.010354647956959617,0.007284782721516558
0.25,0.5,0.6657810682515609,0.5690259189283646,0.4595580947003749,0.5946119510392383,0.488027627172135,0.3713052552172582
0.25,0.0,0.5182672321867159,0.4104368711088645,0.2973757044497549,0.5128677684745435,0.40670747243663874,0.2960694061566418
0.25,1.0,0.16884370573514396,0.10248933649234138,0.04818317781212211,0.17549988386918047,0.10672637052697032,0.05027519271842418
0.75,0.0,0.18006242709886888,0.13236391008922055,0.10490324857979438,0.21288200988859007,0.1616836988852226,0.13146933670885952
0.5,0.0,0.08149116331497552,0.0627798708139371,0.04622085636229134,0.05870590723767011,0.04458237119523156,0.031839170215915424
0.5,0.75,0.574035930987959,0.4428997735387483,0.3171123361761,0.6087189429219766,0.46953635559743945,0.3385035313094469
0.5,0.25,0.15519767722369826,0.1291265772094149,0.11000385101332422,0.15240666566258632,0.12681268017266656,0.10799792575970801
0.5,0.5,0.09336032773860448,0.05819586785531483,0.03552652556915026,0.06600584140256849,0.03979506474257122,0.02303741298646278
0.25,0.25,0.15618945063287448,0.12308428630988044,0.09826128409289958,0.16017695129385112,0.12598763672700453,0.0997353106997434
0.75,1.0,0.058620774424851474,0.04062491135421731,0.03145081146305495,0.05785350592014171,0.0400434506317382,0.030909617948971402
0.75,0.75,0.1387695600704406,0.09633984017611397,0.05901763231313217,0.10666597620011031,0.07291920327587742,0.0430356650662469
1.0,1.0,0.0005158104293612187,0.000303030108541269,0.00019508618026786717,0.0003893492949854638,0.0002317547536082598,0.00015051359875040138
0.0,1.0,0.672882910951428,0.5673651761936496,0.4853732709923204,0.6326646314099738,0.5328036742337496,0.46141749182499303
1.0,0.0,1.6634704931961508e-05,1.5375781166171443e-05,1.4448800384481153e-05,2.405611145972486e-05,2.2035091113536964e-05,2.054546040031191e-05
1.0,0.75,0.018174228768209177,0.014344388113311402,0.011306174566011462,0.02059813329827853,0.01634657546951368,0.013074867335219897
0.25,0.5,0.040949711147198586,0.033537033038785746,0.026736114593621352,0.05300206973351329,0.043707977506474815,0.03608391650012366
0.25,1.0,0.2126529305521352,0.14147769331460924,0.08893484473952484,0.2777887837924481,0.19335327279911962,0.13001566578828094
0.0,0.75,0.918380910475317,0.8644157146525286,0.8369330601671372,0.9268267920533722,0.8752553081142791,0.8497089659770831
0.25,0.75,0.1962566514514137,0.14557989695509865,0.11423917195090061,0.134761874524858,0.10180861160233079,0.08214844649180031
1.0,0.5,0.0007283256019169349,0.0005036437022603035,0.0005556325571174359,0.0009845344317335192,0.0006957828067510885,0.0007927485828618241
0.25,0.0,0.48448027238344105,0.38771185660731855,0.29515133471131527,0.4886203412300768,0.39135752709729454,0.2983837111166734
0.5,1.0,0.07669292410141493,0.06547921421355951,0.051786200161123785,0.09482889797101124,0.08171263540211327,0.06599907736463695
0.5,0.0,0.03332015024437607,0.026196289521545957,0.02138806759656564,0.0318352406481438,0.02515289638131013,0.020759826858179453
0.75,0.5,0.020201265209385144,0.015256311898190988,0.011803001010018743,0.01797750019939981,0.013551524217616295,0.010303497387319838
1.0,0.25,0.00011812498149965656,8.308326178541048e-05,5.101144746200159e-05,0.00011530652787350437,8.093693006239189e-05,4.942887733128121e-05
0.5,0.25,0.03764239228561328,0.021755409961296768,0.010777479148666225,0.0372510789937035,0.0212450858339851,0.010320832530039015
0.5,0.5,0.0022631888440280967,0.0014277004509455349,0.0008913698519059654,0.0028230341157735594,0.0017358683966163246,0.001064756044592774
0.25,0.25,0.0021775489110270607,0.001811487183044358,0.0015923554512589089,0.0012124692770848489,0.0010256400677499666,0.0008895202637498878
1.0,1.0,1.2100958585170574e-05,8.12161287200297e-06,5.332559093185196e-06,6.474310809467809e-06,4.505244496799676e-06,2.9480847648644115e-06
0.75,0.0,0.010416494041811442,0.009238827232468605,0.009789307084500098,0.011582936358943918,0.010084686128066234,0.010460939887061649
0.75,0.75,0.022382123811178545,0.018468587646067736,0.016257484500271424,0.015477345208103843,0.012816070345178066,0.011358942443510323
0.0,1.0,0.9556177851439769,0.9144897216413257,0.8491695350127407,0.9542599606138432,0.9144849927294593,0.8521426720728575
0.75,0.25,0.36130592794654337,0.30536251690905336,0.2591249744858205,0.3604349793760022,0.30468470760439437,0.2585815174660656
1.0,0.75,0.0014720823229916746,0.0014714764093011201,0.0009241160489519284,0.001609384995956864,0.0016039437586530259,0.0010145780044497066
0.25,0.0,0.0035106112774998532,0.002825349470293337,0.0022368974141593334,0.00553447445486932,0.0043970037697329545,0.0035021703631432644
0.25,0.5,0.19534859062397048,0.1358602984052052,0.10165225895694419,0.19904607539069807,0.13908565818931506,0.10453040988947082
0.25,1.0,0.03788785074551004,0.026100799019069698,0.017465489736542272,0.034861970808448994,0.023737617017717483,0.015578874899403017
0.0,0.75,0.5571976743658068,0.45849554219215927,0.411326891356654,0.546853208284827,0.4456744283567228,0.3951735311281278
0.5,0.75,0.00888866192101212,0.008993400342476865,0.008096211978333323,0.01238090943962944,0.012718921611826639,0.011749019092973434
1.0,0.5,0.0024155348197580917,0.0014465813290615026,0.0009021388898284854,0.002663640817261226,0.0016391420419639147,0.0010511989258593646
0.75,1.0,0.020758800618136064,0.009324584052522233,0.0043528987354019,0.01838110923566716,0.008637873905077642,0.004199564273018708
0.5,0.0,0.07490233524670364,0.05663990456053525,0.040750559029785416,0.06500127260390465,0.04835534081968884,0.03372224960763481
0.25,0.75,0.7142208860040408,0.5569160400000072,0.4080712912469988,0.7123697685106309,0.5564569674400992,0.4099153265968859
1.0,0.0,0.009027941339642132,0.00536815160706583,0.004222691912208254,0.00816165291342763,0.004899828427390562,0.0038683693268826147
0.5,0.25,0.631999627097177,0.555079385504405,0.4705202876757184,0.5685672149537865,0.4936497468086999,0.41108595658969527
0.25,0.25,0.04409589954427884,0.03042809597078533,0.022914610272117386,0.0438305134652468,0.0302603787408513,0.02277488387650406
0.5,0.5,0.29610543669392975,0.21564278620861477,0.17141997773860151,0.3617474461241167,0.2671869330140805,0.21651256500288774
0.5,1.0,0.004601362394157982,0.003827612230479449,0.003459126638780896,0.004132298447007909,0.0033607228999356087,0.0029402193411869337
1.0,1.0,0.0909702369137122,0.07296329724606354,0.05929113323736379,0.1018565256159859,0.0809535281346292,0.0655822755969907
1.0,0.25,0.020987748835128106,0.012469534117271364,0.00768415863019678,0.01997014685869547,0.01201707584308942,0.007537216687942272
0.0,1.0,0.1723910709515467,0.11722159285248224,0.0830764598401329,0.1725453634487314,0.11726466913618494,0.08302034348081233
61
1.0,0.75,0.003726940238082288,0.0026558229048833093,0.0021072121515104403,0.0036433350398710207,0.002591897361124307,0.0020483931275143696
0.25,0.0,0.059942464802206,0.04006246210179609,0.032247659834516496,0.06533307198155458,0.043784911706272744,0.035353685206452656
0.25,0.5,0.3157610697562665,0.2310983197721832,0.19630046723927586,0.30426527465936903,0.22426629350434768,0.1919900608609426
0.25,1.0,0.5574483658257683,0.4676778369127661,0.3894887270501779,0.5551732707949375,0.45667863525632235,0.366641957659826
0.0,0.75,0.35605091644145337,0.30793730372281425,0.29972199223898954,0.2652441221719126,0.22622138019694493,0.21917028414694828
1.0,0.5,0.004070235822018153,0.0032635049554914364,0.002625148199825844,0.0038978619867607867,0.003214394563028966,0.002584545361743351
0.25,0.25,2.4305874519070514e-05,2.183551072998391e-05,2.1114536380872906e-05,3.5898792066335616e-05,3.1698651105527276e-05,3.078059205363637e-05
0.5,0.5,0.22935643337736022,0.18464176974779933,0.1480048094243379,0.19518668017248586,0.15798358627300502,0.12678423135059635
0.75,0.0,0.0758366318373992,0.0452648945878209,0.03235852257324834,0.05648751495261317,0.03415847401825545,0.024582200406311427
0.5,0.0,0.1731579755950654,0.1338199615360548,0.10246646647565383,0.16010615215484436,0.12362626044925862,0.09424512419715225
0.75,0.75,0.018792028542322536,0.013254217724894546,0.010684821054276261,0.020568024094245296,0.014576781564405117,0.011811232198648991
0.75,0.25,0.21325206122161244,0.14644343439865348,0.09365978254993312,0.22968256869601278,0.1631034222763046,0.10821077898742593
0.5,0.25,0.04171627292310465,0.03344225859382721,0.03073559660416003,0.03350398759381212,0.026706769199937863,0.02400619986649777
0.25,0.75,0.47266119795416994,0.33277322981141566,0.2320380476745656,0.4966581696777863,0.3621721720818919,0.2644978417659274
1.0,1.0,0.0010555322355982888,0.0008842170149863104,0.0008037771907387636,0.00103039314925224,0.000863195150772933,0.0007802724189878152
1.0,0.75,0.028307667682850535,0.021983392060548446,0.016808385123278757,0.02841271772065246,0.022049770844071892,0.016848002382646943
0.0,1.0,0.9090005941459592,0.8661413797308901,0.7954247477649204,0.9052601590167587,0.8654496086019494,0.8028138347762532
0.5,0.75,0.3864887514014981,0.33401893782026904,0.28797535868705215,0.3939999507512888,0.3419711372872194,0.29586172571240565
0.5,1.0,0.11500423842972718,0.0769570868455901,0.053169410497786784,0.08843104969533433,0.060532856434090565,0.04263526310669574
1.0,0.0,4.9735070230094713e-05,4.244806273001611e-05,4.916901642237903e-05,6.911116274688212e-05,5.815161089572918e-05,6.644067707761714e-05
0.25,0.0,0.7688892146088091,0.696099584075218,0.6488171933555629,0.7766716573131482,0.7043161017922196,0.6578000269995659
0.25,0.5,0.41206964671558943,0.32818064147820714,0.24840926643773575,0.4057445769455337,0.3224346859748659,0.24347599984666612
0.25,1.0,0.2227237863339826,0.17214465004524615,0.1310434568340525,0.23702394706437646,0.18312149014939816,0.13996164792296173
0.75,0.5,0.008552114494629115,0.006270561271219943,0.0036574672312359446,0.003928574568711762,0.0029260770635035627,0.001626199215496893
1.0,0.25,2.282665296537978e-05,1.632670443330042e-05,7.826871328608931e-06,2.163957173506592e-05,1.549664594968636e-05,7.360738754735863e-06
0.75,1.0,0.051596035250307204,0.03648383510122255,0.02916118489261388,0.03892148251793559,0.02689934001904759,0.020550509390854343
0.5,0.5,0.039815845770980296,0.025321425666684605,0.015432916439456434,0.04000400203767085,0.0254408062793261,0.01533850793553082
0.25,0.25,0.4138252266404068,0.3308153242885161,0.27662059287341945,0.4103508213957425,0.3270387827275014,0.2724665398498468
0.5,0.0,0.11897846897995201,0.07545245564595993,0.0650166080107818,0.11553097128577683,0.0725675663339782,0.061934959290042224
0.0,0.75,0.6511484636471068,0.5822343249937885,0.5339786786261491,0.5926426757626988,0.5238448612402259,0.47458432170715037
1.0,0.5,0.022064152690605687,0.01394190301117737,0.010416076253808138,0.02375148948894723,0.014778040485291077,0.01106984685855883
0.5,0.25,0.6270128280414294,0.5054836828592295,0.4256691537514915,0.6483307082886254,0.5230999305178319,0.4401935730395674
0.25,0.75,0.5946784729788837,0.48991328915046306,0.36889148320404785,0.5486845806464818,0.44517691271668336,0.3243468172425167
0.75,0.0,0.00013015191603771292,6.829104085825932e-05,3.586462645910338e-05,0.00011766577671479261,6.147972329362261e-05,3.1794493775660904e-05
1.0,1.0,3.572038418653278e-05,2.3479404908544055e-05,1.6334497381031987e-05,2.3527962958569404e-05,1.5334166105884783e-05,1.0409934993571568e-05
0.75,0.75,8.881608149824416e-06,5.607960579023796e-06,4.673023042855995e-06,8.544202617866148e-06,5.385060507734352e-06,4.452856417702655e-06
1.0,0.75,0.02472913945799715,0.01572239093845884,0.010156583287406984,0.03235366273176998,0.02101770240331069,0.014119629506240794
0.0,1.0,0.7191291985497619,0.5850444974782243,0.45542125513065435,0.7497141764446488,0.6125867861258859,0.4731142852727914
0.25,0.0,0.39978835910298294,0.3520117056938703,0.31394764306221756,0.330419184363023,0.2906426953546948,0.2597995490581875
0.25,0.5,0.006248654480280669,0.004025135322552664,0.0030365866643473627,0.012286815785447214,0.007909406704677102,0.0060279828578247985
0.25,1.0,0.027861146526463765,0.02796805868735064,0.02891664754078438,0.028996366589350453,0.02925170643378594,0.030566208132500217
0.5,0.5,0.17513099460436377,0.1315104424677347,0.10915147461508823,0.19083475008970352,0.1413391994531178,0.11520666774112309
0.5,1.0,0.5863742166348338,0.48060657590242484,0.36862117033940645,0.5742238002058117,0.47164013743182276,0.3639857743291731
0.25,0.25,0.1515893472738391,0.10140631266988709,0.06585911422616997,0.14933757427032268,0.09942657809027056,0.06417868393872683
0.75,0.25,0.05016229570378672,0.0365681040592053,0.03191854668910166,0.054820379435698285,0.04022283219413769,0.035494049663321814
0.5,0.0,0.002710830847863055,0.0021411016706182062,0.0018990986839932944,0.003730101747265735,0.0029729440065292545,0.002689864102533024
1.0,0.25,0.023084830484413787,0.015486021903737601,0.010627238430616748,0.028685189500533004,0.01914815806859027,0.013094092435191107
0.5,0.25,0.026933228122584807,0.018588702614916852,0.013694456424371282,0.030049450512007914,0.020956621614089954,0.015561143952294687
0.75,0.5,0.0006301067750175138,0.00033438488647719034,0.00012006005608311554,0.0004836078510157549,0.00026766345515394363,9.753484606456198e-05
1.0,0.0,0.04150344845195264,0.026569544972325776,0.0157277911488094,0.045686976165581594,0.0302990046768028,0.018816181129284182
0.0,0.75,0.7263559355313108,0.6314030596406508,0.5418605851324214,0.750958266923657,0.6557269187254466,0.5631621347500699
0.25,0.75,0.6690256417948373,0.5435024647986759,0.48001270859323,0.7018251344420461,0.5840145480140813,0.5273629090827077
1.0,0.5,0.006105938584315629,0.006968989932583103,0.007122551918265163,0.004757100737894815,0.005478589319674709,0.005574002697082969
0.0,1.0,0.71582389387432,0.6030847286655205,0.48200838551336544,0.7059708323076561,0.6007156956024886,0.48996441830304815
0.25,0.0,0.6801415244523272,0.5569159471690144,0.4486453889923363,0.6765762604694506,0.5567298228392141,0.4490745967868137
1.0,0.75,0.00255076734737969,0.001870447655512364,0.0016990851362284065,0.002325441339597667,0.0016861396522080963,0.001500691021430356
1.0,1.0,6.370700249114236e-05,4.856252305995845e-05,3.925367327428653e-05,6.169310807813133e-05,4.701882887025999e-05,3.7901299892784124e-05
0.75,1.0,0.004080422290759778,0.0026385730581902633,0.0020061612629667103,0.0028920225867601346,0.001949652696986992,0.0015272279036837588
0.5,0.75,0.0003341211977758718,0.00036243669235691556,0.00040466633384139694,0.00031169566336786136,0.00033802267662896845,0.00037602378155621174
0.25,0.5,0.7048350053978664,0.5950018743121503,0.5187566539521388,0.6905759332455774,0.5782259265180242,0.5000605163612146
0.75,0.75,0.007673167578298723,0.005715673033286572,0.004875100098488683,0.007641417980167153,0.0056877726270728735,0.004843481909776459
0.25,1.0,0.30827977277726726,0.23980291594650094,0.19756184549828704,0.30270439259709203,0.23484596235114163,0.1928676706601381
0.75,0.0,0.000456153414287952,0.00038252714817432754,0.0002461269727577209,0.0002854625040334957,0.00022875905902008942,0.0001364026611890834
0.25,0.25,0.4119021980070977,0.3324614726341827,0.25600882688687543,0.40498026905598816,0.32294741040163766,0.24375143966765922
0.5,0.5,0.060816577246345704,0.04355304120388581,0.03040534106813475,0.059099581676817725,0.04227776936154026,0.029222789302608354
0.5,0.0,0.019829594758583702,0.011872036043345968,0.007434861161846329,0.02131605999540831,0.012887949050123804,0.008084556978241286
0.25,0.0,0.4745798539212489,0.4141035401319837,0.37321010927745224,0.3970594090661149,0.34225259379164275,0.3057529789302529
0.5,0.25,0.3353105918287679,0.26988168272767377,0.2358210119795413,0.34416770144740405,0.2759330071206578,0.24241385930404136
0.0,1.0,0.8321099103861362,0.7394708179050139,0.6403894468618027,0.8238772605553506,0.7296427819981517,0.6289903104849445
1.0,0.5,0.013389787786053042,0.00914328962005928,0.006564656546476311,0.014685609493729324,0.010018685243976533,0.007251414593151484
0.25,0.75,0.8661385821676426,0.7498743248127719,0.5994879790054994,0.8705388384761262,0.7566436295120594,0.6082053142334681
1.0,0.75,0.00015956783494153193,0.00010885761573931063,9.664960338295892e-05,0.00011741939251597167,8.045892147234834e-05,7.196074832760413e-05
0.5,1.0,0.001400951225713043,0.0010747787119169683,0.0009499986789117676,0.0014921758703188015,0.0011495564815304782,0.001029429381645186
1.0,0.25,0.013628852512142187,0.012723342787828162,0.014037936922127514,0.014161895789393641,0.013156485074319213,0.014363584221056103
1.0,1.0,0.0005848089417261892,0.000279437271041294,0.00016606146282338585,0.0003668010286257406,0.00017187905509952195,0.00010009546189992946
0.0,0.75,0.6503467371468835,0.5665004984529209,0.4720218614738999,0.6276846135835455,0.5441731250218405,0.4508259079333816
0.25,0.5,0.002467590281781784,0.0015673108733864627,0.0013634590187883155,0.002581720181231484,0.0016265646758415464,0.0014040674309234724
0.75,0.25,0.01884629587731046,0.009481973794574827,0.005866370347517025,0.020234549179391714,0.010338260925053078,0.006567850860179858
0.25,0.25,0.15299688241533627,0.12684379126145395,0.10419379079921232,0.1504243890481196,0.12465696086295508,0.10223272138783202
0.75,0.5,0.0018319624241887045,0.001319107666211683,0.00080880893284907,0.0014565341168703005,0.0010436780980638272,0.0006139280016828064
1.0,0.0,0.0039159030797684125,0.003502670192670587,0.003821716530679531,0.0038383106979098525,0.003429581976211793,0.003740846458262337
0.5,0.5,0.08503431773790449,0.06510126025536422,0.04674460620119292,0.07020607192608463,0.05354625325275619,0.038843902232922
0.25,1.0,0.11187629756876871,0.0743809738856549,0.05517459143822678,0.12586359040798,0.08503057781180501,0.06374212294811543
0.25,0.0,0.13689874165219362,0.09679196057038819,0.07358957602199134,0.13854822213650086,0.09793442434639943,0.07443324391176231
0.5,0.0,0.029879376513942235,0.026294572080639123,0.026801175690225554,0.0255026547393975,0.02230150785617313,0.022248065111043935
0.5,0.25,0.010625382668964622,0.008452583702045047,0.007980002726625912,0.01595767150696581,0.01290105058520774,0.012524945871454585
0.75,0.0,0.01909538930088228,0.01717497952308955,0.013809213285122968,0.019958756230831987,0.01823747097836348,0.014926709933556603
1.0,1.0,0.008602112387511518,0.006196728453608857,0.0038170444400505987,0.007321308859417286,0.0052335469392505996,0.003182535794615804
0.5,0.75,0.3808656575215391,0.33229808923943327,0.28503429217285825,0.3807547358197235,0.33203241188825905,0.2843590194028358
0.0,1.0,0.6122859560106415,0.4931726611431352,0.37122393282348676,0.5887805860094653,0.4688196549989565,0.3464092540851528
0.75,1.0,0.04957370574771125,0.04469390028898146,0.036965839475571416,0.04862261985236249,0.04380224143510025,0.03613006006638664
1.0,0.5,0.01204309531257497,0.010142511560071954,0.010294784352008812,0.015578959758180022,0.013166104971918724,0.013580041451730862
0.75,0.75,4.635720716761327e-05,3.8413977148099576e-05,3.6813924521261754e-05,4.733804069601e-05,3.968010690713619e-05,3.815623432990023e-05
1.0,0.75,0.0004790993622161288,0.0003129271416878465,0.0001763714856949372,0.0005520050298131185,0.00036576133445076486,0.00021074001657095387
0.25,0.75,0.01281680444543909,0.007672496914732818,0.006066744361504783,0.007747940699069478,0.004552802588170368,0.0036021603031985983
0.0,0.75,0.5322097006927453,0.42953720678046525,0.35418444975869967,0.5500891356749731,0.45335764569514714,0.3833253626239119
0.25,0.5,0.020076849986361722,0.015598375908201678,0.013559421616630374,0.019972781858364597,0.015560197733263115,0.013763882788349169
0.25,0.25,0.025357472179970197,0.01410186182704265,0.007357525615039551,0.02997460426402554,0.017172494564651974,0.009452407294111342
0.25,0.0,0.6701041123060975,0.5883314707744193,0.5292618531600396,0.6514635186505584,0.5669403923016187,0.5033254409659798
0.5,0.5,0.6317956184893291,0.5103934135466118,0.42558688907416253,0.6197022262954623,0.4994503068385786,0.417445524351844
0.25,1.0,0.0887561833055277,0.05167250494255704,0.025148526473851573,0.08019081742254064,0.045981100335481195,0.0218910366043914
1.0,0.25,0.02068944133881756,0.018736813019525456,0.0175883680222636,0.02015829687505377,0.018327338881051314,0.017148887449588424
0.5,0.0,0.003018263811551347,0.0019461153835090839,0.0013040792644034571,0.004349298356545739,0.0027885781284007205,0.0018743825304915473
0.5,1.0,0.022251282004327244,0.011865634920042778,0.006392056612200658,0.0205154565668213,0.011204174018553115,0.006211533272075798
1.0,1.0,0.00032417051533684127,0.00020005371251285986,0.00016272662989136322,0.0003179168806004551,0.00019613799288342726,0.00015912769115300485
0.0,1.0,0.4025430653533466,0.345202940765471,0.3054371399918404,0.40233528794562456,0.3448941589829696,0.3048550818387715
0.5,0.25,0.08929018552741441,0.07190670265080246,0.05719514863658737,0.09738166743552823,0.07728639120813474,0.061504508645478406
0.75,0.5,0.1168649768215142,0.08049813581381982,0.06009775930146266,0.10537312167310875,0.0725340945848525,0.05479649039209522
1.0,0.0,0.0005692856335075547,0.0003948858712343739,0.00022849659050216964,0.0006074825576616316,0.0004185183352416466,0.00023691220944366265
1.0,0.5,9.975320125676923e-05,8.252640995176641e-05,7.30205083163682e-05,5.977055772432571e-05,5.002448291446804e-05,4.439727852267872e-05
1.0,0.75,1.7439962357923555e-05,1.1741976859935832e-05,6.9729819281993954e-06,3.94121876367004e-05,2.7659682140135367e-05,1.7725722366801477e-05
0.25,0.0,0.23847956820669158,0.17970259015836842,0.12968111792469483,0.32980307773741824,0.24520484511481233,0.1731447969644483
0.75,0.0,0.009273067706032645,0.007660435813179767,0.00631697013932353,0.011382366204199856,0.009332510084748336,0.007663398470608707
0.75,0.25,0.09322369431494737,0.06687602149871152,0.05494154848781063,0.08872281225330159,0.06298617451329536,0.051163423048191325
0.75,0.75,0.02986386835329824,0.02264384843844669,0.017462518604293042,0.02514914552857128,0.01918155108624875,0.01457076264426127
0.25,0.5,0.03702565786510903,0.02749528353656494,0.021155838893867407,0.029178612453506947,0.0214803630851641,0.016129693559804537
0.25,0.25,0.001158923109688681,0.0008110129236138519,0.0005942236639715492,0.0010814883027128186,0.0007641046533726215,0.0005634710566166934
0.25,0.75,0.6711764979678481,0.5362873820767027,0.4426500120172041,0.6692454244476029,0.534431109437199,0.44088507810158695
0.0,0.75,0.7128971329500635,0.6272969211099699,0.5273185849027725,0.6946692574774411,0.6055575871172032,0.501583672206752
0.5,0.5,0.03965910843053977,0.028637387814095083,0.02094228995680547,0.03159629925796503,0.02227891524400749,0.015601005107019894
0.25,1.0,0.18892967985137554,0.1365742383959565,0.08922106497671933,0.18423914779779538,0.13346620200925408,0.08799549982875776
0.0,1.0,0.04834989941895085,0.04063906404762285,0.03409515504942506,0.07239331484338996,0.06052904646167012,0.051012209229786665
0.5,0.0,0.06247522327121591,0.04250296289455702,0.034837834994789985,0.0885675239804603,0.06036801498379263,0.050211091707847766
1.0,1.0,0.008796639673866569,0.005260723192815675,0.003272847753810204,0.008034988753871097,0.004800210334228172,0.002905224323126787
0.5,0.75,9.881035251013692e-05,6.557363464376742e-05,4.835446159412449e-05,0.0001809473652829574,0.00012007665503077636,8.845434670678998e-05
0.5,0.25,0.00630458182749094,0.0034561449230396946,0.0025544438536361236,0.005435135794861767,0.0030087472961035644,0.002266850234865725
1.0,0.75,0.00035790361436083273,0.0002524220764212881,0.0001762959669966424,0.00044631948825912815,0.0003151527799468701,0.00022360366976925672
0.75,1.0,0.019440156533954478,0.013125440862111537,0.009131788010897979,0.015738070623276035,0.010685959931595601,0.007399692517112255
1.0,0.25,0.07268195164118008,0.05600848957672211,0.047566405086898356,0.08743543116585673,0.06807054474340368,0.058274181186764196
0.5,1.0,0.01487367177828669,0.013147673894575163,0.013031349064393405,0.016160729245098926,0.014394617606253268,0.014483805830314833
0.25,0.0,0.004737410699642175,0.0028208652571285464,0.0014178136322652302,0.0038428457897983215,0.0022948040926773494,0.001138495143642504
1.0,0.5,0.001243131296142952,0.0008541572488434124,0.0006427406950861858,0.0012957561476675261,0.0009029797320524446,0.000694087377058783
0.25,0.25,0.26096596363972824,0.22260665986427053,0.21387177800939616,0.2646894340282788,0.2246478257315867,0.21376068698704398
0.5,0.5,0.04624971816129153,0.03378467383466521,0.023261804645962503,0.03619504022394682,0.026804505312149285,0.01876935952451486
0.75,0.5,0.008995460600427219,0.006889547222314052,0.004842154697759282,0.016271177470514542,0.012698764372867544,0.009334886016076571
0.0,1.0,0.6672135742451325,0.5339449012710236,0.44765290113316414,0.6030987456315849,0.480964248810098,0.4034322989926509
0.25,0.5,0.9594859853624658,0.8932267187025626,0.752294550423613,0.9346513476225514,0.8476939424193719,0.682123659053333
1.0,0.0,0.003425342371973672,0.0029170671063974973,0.0024398522627543384,0.0033425301967212606,0.002846375289360936,0.002375679937609343
1.0,1.0,0.04718608702109006,0.024820833918331564,0.014934674195566933,0.043520224056805557,0.024690587939748432,0.015975523086364518
0.25,1.0,0.13096479889370616,0.106593289367243,0.08998393956245931,0.13850053601189405,0.11326780978766327,0.09410344438201068
0.5,0.0,0.8632075912384531,0.8112216571551243,0.7223981217927,0.8695311095047572,0.8191825737410531,0.73297607075212
0.25,0.75,0.06029705930218909,0.04021704911663215,0.031712412339220064,0.05167222669129101,0.034825303953283315,0.027727220874939063
1.0,0.75,0.0003700349382743662,0.0002985358177554076,0.0002614536975423798,0.0002665039168752159,0.00021638103096854877,0.0001879312295197666
0.0,0.75,0.6452330818705581,0.5818158991030347,0.5487300532607262,0.5791280788843426,0.5174135538859392,0.48477809963652296
0.75,0.0,0.0001682561150564421,0.00010954232361348737,0.00010317862256359334,0.00016569020882784002,0.0001071378196668693,0.0001003932522475326
0.5,0.25,0.06790325312923351,0.05158629975512219,0.04347778408336467,0.0746185998489064,0.05655203242764417,0.04755768280759454
0.75,0.75,0.2522710362437536,0.16948571261120315,0.108110531568118,0.2440267766717441,0.16022677303321942,0.09829263104014929
0.25,0.25,0.12069284308651262,0.0895759972492246,0.07223391055429584,0.13205091739746966,0.09816885500828199,0.07884049969137741
0.25,0.0,0.33104849256755964,0.26607916031722234,0.18667744655908325,0.32941718256795394,0.26443637970171263,0.1851623530718065
0.75,0.25,0.1643674322082076,0.11923450339001329,0.09555226020020668,0.16384030791569715,0.11880313594502723,0.09509240525047591
1.0,0.5,0.0004054019328569858,0.0003113886216348227,0.0002516108565439046,0.00036337402794051066,0.000276281165716874,0.00021662225155161252
0.5,1.0,0.3640925159469185,0.2676104106796626,0.17912661311359246,0.3345361531874491,0.2435615107640703,0.1600591002104692
0.5,0.5,0.06445858457552478,0.046340273215651595,0.03444598960364231,0.06244761288292988,0.046070968168976045,0.035085661135225044
0.0,1.0,0.9618088485264326,0.910149143395264,0.8228024627809131,0.942778949886416,0.8749007235917371,0.7647979558704148
0.25,0.5,0.2912253186591256,0.2340587917095337,0.19074329693079428,0.2867847880226242,0.23039974346277847,0.18755682279933095
1.0,0.25,0.038086128991538626,0.026730133083318175,0.018742572823456483,0.026881395867635605,0.018550765909451372,0.012390132404944798
0.5,0.0,0.0014573375327682214,0.0011608353845283803,0.0009001648639104243,0.001787993765816065,0.001417740520845867,0.0011103300324037946
1.0,1.0,3.868970007792072e-05,3.911202367579136e-05,2.8283647075744156e-05,3.732006970791346e-05,3.787106470909407e-05,2.7236944030839538e-05
0.25,1.0,0.7492022427687469,0.6503250241241645,0.5834225538525215,0.7502380598689797,0.6502867186369001,0.5815263275948648
1.0,0.75,8.044911640259222e-05,5.774844883521535e-05,2.5948369594130938e-05,8.171058661354813e-05,5.863592054922151e-05,2.6209905541141332e-05
1.0,0.0,4.800731019383164e-07,5.354385144151763e-07,5.109871045183567e-07,6.473054610101059e-07,6.97641647673386e-07,6.486563506324927e-07
0.75,1.0,0.0005569606328943433,0.0005012891642319772,0.0005480149032662807,0.000587846776167078,0.0005295592610146116,0.0005806252258886424
0.5,0.75,0.007664226820406128,0.0052344248562197215,0.0048483202328943875,0.0061328977404764284,0.004206170188439273,0.003866503162238244
0.25,0.75,0.9621192884064528,0.9237260653405706,0.8758090238615215,0.9592650938602596,0.9197548469037413,0.8709071462905407
0.0,0.75,0.15426946098993422,0.11546998337709169,0.09038811856239382,0.1613488493274189,0.11999673206255035,0.09338576704117552
0.75,0.5,0.0829563473243744,0.0637025906081502,0.0479046037537898,0.09550819645819686,0.07545424916119625,0.059929030028429975
0.5,0.25,0.020270331912223716,0.01595265205360541,0.013013662684199456,0.020098733605060426,0.01580569055829706,0.012872174003729087
0.25,0.25,0.4073562253155649,0.34376096154678315,0.3033366974436459,0.42300755577646176,0.3562252733115945,0.31404426118861106
0.25,0.0,0.22024152341142111,0.17865977230178498,0.16146572301765483,0.23744222719124863,0.1966753864816052,0.18021745907751807
0.5,0.5,0.39106921635598624,0.32272560104112724,0.259616034922052,0.3870359085588324,0.324473403054787,0.2661085500166199
1.0,0.5,0.11123478990749092,0.08158150037403811,0.06972402733695349,0.12020865863353403,0.08834364895279068,0.07522278153369633
0.75,0.0,0.04942058205226951,0.030021609651243564,0.022141748219033697,0.055440666496620494,0.03384505928268222,0.025036652547987703
0.75,0.75,0.00041609587003677007,0.00031662328919945804,0.00029770396219896966,0.00039817348235637873,0.0003040656252029095,0.00028647960085148583
0.25,0.5,0.002955597949495181,0.0017100795678934855,0.001219512242018217,0.002718607126473982,0.0015718068414020125,0.0011228707091130996
0.0,1.0,0.15895754847568666,0.13065106037028462,0.10940694745602442,0.17457278285798572,0.14585144744401535,0.12327136575809461
0.5,0.0,0.02670721063626258,0.026370813011935335,0.0248094519768971,0.024164593599841133,0.023866015388517736,0.02233776071192206
0.25,1.0,0.7103967013098059,0.6404931357090182,0.6027773045287732,0.682204713556927,0.6122407952917874,0.5758733271957392
1.0,1.0,0.04239891618338976,0.02790535504439262,0.01749847228701973,0.0409002996873129,0.02685688581310819,0.016769613698905617
1.0,0.75,0.05039422771963831,0.03750151362962717,0.028141656741147436,0.0639957796521815,0.04778254069614607,0.036194488150173454
0.5,1.0,0.0042652333772181805,0.0037925055575527278,0.0039795005837525155,0.004617964873014246,0.004102377056004136,0.004320468191518101
1.0,0.25,0.0033088716579723343,0.0025932165772916127,0.0024568506979832927,0.003574884104181164,0.0028445000522085984,0.002707580849824698
0.5,0.25,0.016151954181663597,0.015767879214561797,0.014563895909274871,0.015868548450392206,0.015428803839535488,0.014246692838882358
0.0,0.75,0.1391401819740068,0.0960392492912383,0.07199455749382166,0.10535289322881536,0.07143947835419773,0.05101769684919644
0.25,0.75,0.16769300112807417,0.12960853893282132,0.08248373048244595,0.19159369620407096,0.1476313249672332,0.0948459868473801
0.75,0.25,0.005737980493770389,0.002983559537833469,0.001486931318104845,0.0059478378265076515,0.003082855400765583,0.0015321345505132644
0.25,0.0,0.02258964556310239,0.021456849608602724,0.019097876016379023,0.015763133411524244,0.014819625828062843,0.012767835312676112
1.0,0.5,0.02262724265458349,0.015588444933561929,0.011490530718764158,0.015456380373699674,0.010861024372454842,0.00802825135283991
1.0,0.0,0.021912844054931102,0.013844357391083806,0.009842066784149228,0.023800992338649074,0.015070522158631583,0.010763052003565421
0.75,1.0,0.03187230646984596,0.026677563783893077,0.024505655184382746,0.02615421077152935,0.02192708474419769,0.019963086240073036
0.0,1.0,0.7994969720942857,0.6770896241159862,0.5054755616366975,0.7893753411084539,0.6639734966217488,0.48975563274522516
0.25,0.5,0.8770280296623959,0.7683943694630321,0.6628032120244918,0.8766126769718312,0.76861138502713,0.6640580307757487
0.5,0.5,0.29631141185479515,0.2562394515669877,0.1889896658921375,0.3486465534110619,0.3034674298430893,0.23127431085380334
1.0,1.0,0.002805902687330053,0.0012315214685568732,0.0009813721577816015,0.002393845654900084,0.0010062787472260304,0.0007959378167111675
0.75,0.5,0.006659121230839338,0.005978204111072194,0.0056746421445939,0.0050126777468986194,0.004532525330085857,0.004298504482472376
0.5,0.75,0.00072542241502771,0.0006820245454102203,0.0007964782893671307,0.0007117580893756248,0.0006692547882291011,0.0007813846945190495
0.5,0.0,0.005246804624950863,0.004630983561938029,0.0038927948878272334,0.004691125042609157,0.004084712275825297,0.003342887846681686
0.25,1.0,0.2650661355446695,0.1896618821312417,0.1377709960543766,0.19321531472708975,0.13881934185559508,0.10133805365521986
0.75,0.0,0.0076633837201562915,0.007646880372411902,0.006096202456478128,0.006985251225131162,0.006957973846244192,0.005440903040947909
0.75,0.75,5.4093091564233475e-05,3.986846456494053e-05,3.412078657905049e-05,3.768723029262677e-05,2.7572860546554168e-05,2.2588686781066514e-05
0.25,0.0,0.23257471779782413,0.1776325565072403,0.14357446170212318,0.2585612107278832,0.19752833181236795,0.1597992988431034
0.5,0.25,0.03433392144694736,0.021011779337160696,0.013711549772730036,0.03278890772889653,0.0193751454955432,0.012024348044437971
0.0,0.75,0.26177919487522594,0.18671205032123517,0.14730529774787537,0.368493593459736,0.26316203930716753,0.2043193693665154
1.0,0.5,0.00026066537509183973,0.00023994035342000952,0.00020466133943730647,0.00026357236745100376,0.00024120699765328713,0.0002056390992231094
1.0,1.0,0.0009743838317836095,0.0004815920107598126,0.0002102534402435019,0.0008994825024989384,0.0004514464023049891,0.00019978891423333422
0.25,0.5,0.24115052199520104,0.19876264827512835,0.1776944695263447,0.3057719800837162,0.25251166128885216,0.22597020447132032
0.5,1.0,0.3291212666304413,0.2710474945574767,0.23728192749842758,0.4443437926212672,0.3739856797643657,0.33541848842109867
0.25,0.75,0.3925982111987226,0.2974231333708437,0.2023096407646504,0.3845591093446622,0.291510725321781,0.19835366884720318
0.5,0.5,0.014845867994542017,0.013106263901597748,0.013793432434171193,0.008311842077331155,0.0075240833532620455,0.008092562137891557
1.0,0.25,0.006041730933326495,0.00451198765611327,0.0035427644967543914,0.006107874416343306,0.00455994798527426,0.0035817349290037104
1.0,0.0,0.0033882261251141355,0.0022920246863163962,0.0016310716823390026,0.003826977572756407,0.00254853591555515,0.0017860446969411026
0.5,0.0,0.02755161579556864,0.016572457156200704,0.011761183060948865,0.026126405752156967,0.015798505704967103,0.011246088446669078
0.25,1.0,0.29226000090625737,0.2109334940874198,0.171065325656804,0.2692142538759026,0.19360590560062918,0.1567449516197167
1.0,0.5,0.00025560023801041165,0.0002338534092090061,0.00017820161965043102,0.00017351387830011333,0.0001582867248364206,0.00011826364761369224
0.0,0.75,0.84272608050845,0.7867259566718653,0.722186820033109,0.8355220051703434,0.7787045805190335,0.7134319313393445
0.75,0.25,0.015828307282214515,0.011495693197181023,0.008484422666968028,0.01721059840815775,0.012495223338320205,0.00926915560273811
0.75,0.5,0.14402359718015734,0.12747129407483615,0.10326407287858619,0.14424644706020684,0.12816660801556035,0.10349570984210255
0.5,0.25,0.024475797378594732,0.018504151166555793,0.015087752578480496,0.024182636141267144,0.01810010627663372,0.014607955709685316
0.25,0.5,0.009283982744848984,0.006863460696394652,0.006409121095605208,0.00921583978023588,0.006959435827772031,0.006615385219814973
0.75,1.0,0.014551267105474497,0.009425634283559026,0.005849803543430898,0.008196493914204961,0.005113172843683511,0.002933249017120887
0.5,0.5,0.0211610566271494,0.01500224586472343,0.010967838835765908,0.02416835437195819,0.017098877616386177,0.01251834028844856
0.75,0.75,1.9338645090849482e-06,1.145668499624719e-06,7.828004130461252e-07,1.7665406821798513e-06,1.0448602321133649e-06,7.073224558284963e-07
0.75,0.0,4.373753695807725e-05,3.6520647066939915e-05,2.7665942145649325e-05,6.935431809884651e-05,5.7807794537234614e-05,4.33109660591402e-05
1.0,0.5,0.004879335129642781,0.0046421984048441445,0.0039828293701476,0.004614465159220371,0.004396124467758389,0.0037361061545253538
0.5,0.75,0.18574110722502035,0.14608696807045662,0.1051319636001089,0.19504850051304934,0.15502092916168442,0.11461665332845683
0.25,0.75,0.13864664943353733,0.09681738221489933,0.07468157172096879,0.12126934291069513,0.0859593793749166,0.06822219472252733
0.5,1.0,0.11086612567918985,0.08025603098320455,0.0586798131045968,0.11384923281976178,0.08218790100574913,0.059935479694877114
0.5,0.0,0.0004535438493979971,0.00034517771888586957,0.0002398742420482991,0.0005621057448101929,0.00042531385496158425,0.00029542501435242396
0.25,1.0,0.16613953272142656,0.13195952161714775,0.1066227172589177,0.14890074557238475,0.11988011568972057,0.09792811412486968
1.0,0.25,0.0059226210082845565,0.004231494649198253,0.0027802386604220963,0.005453648813769085,0.00389808788354562,0.002543758747243441
0.0,0.75,0.2319815944754745,0.17421908757431648,0.14671180572106657,0.311822545921553,0.2434974679606664,0.21440446693806603
0.5,0.25,0.008595730422891856,0.005990408253295554,0.004653186781246155,0.007323756461365072,0.00515109839990846,0.004001964332048136
1.0,0.0,0.0007376612079035283,0.0005234666045512704,0.00038907327613435516,0.0009323707256492231,0.0006624652040450041,0.000498383330433505
1.0,0.5,0.00023029850747857683,0.00019989109773088654,0.0001553567572976089,0.00033677535944498516,0.00029004445651426014,0.000229745584107377
0.5,0.5,0.41185418204912505,0.35485964834443273,0.29964206191942566,0.400272507290916,0.34363175273988855,0.2890767156701908
0.25,1.0,0.9832815421018529,0.9553969606290132,0.8992182638895512,0.9807038771985037,0.9511743279561278,0.893670839817486
0.25,0.75,0.07033312159039751,0.04671931675245822,0.029403604985579923,0.07200209902291732,0.04778146825353191,0.02999964578655856
0.0,0.75,0.8457284472258961,0.7471189226002871,0.639824771796817,0.8383831568451945,0.7371884902374055,0.6276406775990763
0.75,0.5,0.00290199503862687,0.0020396457132261236,0.0012037157560336187,0.003961865138436771,0.002816032161084614,0.001711493900740657
0.75,0.25,0.0009940015112916978,0.0005619484961738586,0.00036094053447233154,0.0009967715255800869,0.0005698931384726658,0.0003725556318689982
0.75,1.0,0.03717080939448292,0.02378094117113727,0.014132593149392192,0.02777899592608224,0.017962267492588335,0.010655384562508474
0.5,0.25,0.02399513190591307,0.019255828560272414,0.015419021255108079,0.02352915755467655,0.018818152223153195,0.014909991689939783
0.75,0.0,0.05009950323165546,0.04242966653729674,0.03554689318814119,0.05260623365999839,0.04520335267337694,0.03879096559309514
1.0,0.5,0.06465300005316332,0.050968363323504184,0.04105434131744268,0.06488942935460373,0.051298911892212806,0.0415101407433317
0.75,0.75,0.03725125559765097,0.03451044634811962,0.02819014656307761,0.03502290660128926,0.032337023264334186,0.026071627620985804
0.5,1.0,0.0002795852736456883,0.00020123993498721848,0.0002015751983660552,0.00018395776134005892,0.00013139316463561812,0.00012698224756668708
0.5,0.5,0.035906493922401306,0.023038730717067968,0.015635177386359556,0.03494485331199093,0.022381317480140495,0.01514345428666719
1.0,0.25,0.010079237083625348,0.007550762238511255,0.005429389887529723,0.011881042647487572,0.00881274749340566,0.00626682940387302
0.5,0.75,0.0004198037500402485,0.000236074065075087,0.00011409643119586477,0.0005499606623559083,0.00030725932996311656,0.000148527859793246
0.0,0.75,0.7115332896448037,0.5843521549375247,0.4400753026129034,0.707191688433846,0.5800286693284,0.4356587812268661
1.0,0.0,0.000118420187231294,0.00010977008452606185,0.00011290778664252432,0.00012431129251977424,0.00011460039653288234,0.00011726400596423492
0.25,0.75,0.37689919349411505,0.315059553083592,0.2427555436540052,0.3761322548980479,0.3143311184398777,0.2418392386281467
0.5,0.25,0.21090945190383847,0.17209796832657576,0.14037801826016616,0.18063977354632643,0.1471122919378267,0.11902656113884358
1.0,0.5,0.002043567529156576,0.0013764377885170376,0.0009797418070195407,0.0023396529416570555,0.0015944170442963035,0.0011460126783100488
0.75,0.5,0.026476737170055498,0.026040598904983225,0.021961626755144237,0.02714342688520388,0.026662470857910625,0.02248913715640266
0.75,0.75,0.0011734358530597344,0.0005739772127002496,0.0004565300747130241,0.001287291474402319,0.0006286720642538768,0.0005013746462422253
0.0,0.75,0.05050922322790519,0.02871586596136788,0.0172635231649374,0.052854986559826456,0.030116190726429792,0.0181517066675414
0.5,0.5,0.1180102552438117,0.06058631668094083,0.03174854835695007,0.12906270201356174,0.06612269541797944,0.03470571267837308
0.75,0.0,0.0001155795517493452,0.00010216128310425177,7.490403757048902e-05,0.00017495552840163242,0.00015465289450999897,0.00011553425587162991
0.75,1.0,7.698054029159351e-05,7.212456482519336e-05,7.366187494528553e-05,6.610991143807254e-05,6.364922420543095e-05,6.588945185348472e-05
0.75,0.25,0.0013990292887093858,0.0007454320267417103,0.0004446430444899896,0.001388178541920082,0.0007383516586316752,0.0004381640984765234
0.25,0.75,0.004896163471928117,0.00297393023579684,0.0019770523293424214,0.006848811060530036,0.0041891304493175685,0.0028175322796815117
0.5,1.0,0.05436202565664261,0.04244682011117529,0.03494950381275108,0.055487102843135516,0.04324130659725378,0.0355319663190109
1.0,0.5,0.0029797281821087873,0.002244590835065341,0.001955051100756333,0.0028834764342989816,0.002167437713236131,0.0018542628235322933
1.0,0.25,0.00040628873862080805,0.0002634518962572052,0.00018046314315711687,0.0004636169112219868,0.0003021979991528756,0.00020923494233970885
0.5,0.25,0.03573587936552036,0.025561173410409532,0.016225025450985697,0.028952302073943947,0.02063675704387835,0.012835826012413731
1.0,0.0,0.008289987367860574,0.00531071837491659,0.0032951848567074338,0.007692081249090599,0.004911084953731937,0.003014810530038603
0.0,0.75,0.3937298894274316,0.302344659453633,0.23919603198321093,0.3741973738001938,0.28649098488195623,0.22584180094962047
0.5,0.5,0.34204356324265006,0.26688482173968187,0.22585125549402563,0.322466959905956,0.25090727723220074,0.21209988472915875
1.0,0.5,0.011062582841613655,0.007511990552186321,0.0055166049064688805,0.014138898990433635,0.00975899641938216,0.007337603014375693
0.5,0.75,0.00508008710643737,0.004200227809618706,0.003346568872990785,0.004542898839992038,0.0037563291519036035,0.0029762821486065683
0.75,0.75,0.0668218801929007,0.03721927477647324,0.024079601277701146,0.07064133390240335,0.03964088721348913,0.02558047694774679
0.25,0.75,0.2509234600421193,0.18192296161363541,0.13315042505339314,0.24438737426117096,0.1784212996907868,0.13262228958093547
0.75,0.5,0.0009101709410280767,0.0007865174087613447,0.000782937690713803,0.0009560061789000152,0.0008215590838548392,0.0008181070246114919
0.75,0.0,0.13144619040706473,0.1215504332639965,0.12460569810659794,0.1429263300307584,0.1318445347966054,0.13502808547842704
0.5,0.25,0.007855377754824255,0.005403124343139831,0.004598505719870527,0.008510361502760966,0.005857913936693215,0.004996693147813702
0.5,1.0,0.23385429392331525,0.18599883333756284,0.15919035547203209,0.19351854464380547,0.1512794087320819,0.1278571423618018
0.0,0.75,0.9758890419924592,0.9266900268133011,0.8501980095074501,0.9762977909721386,0.927511647739087,0.8512769151841107
1.0,0.5,0.31671940018325306,0.22339069555565805,0.1500500386899538,0.30727773762581156,0.21479497102534684,0.14310334560691595
1.0,0.25,0.06293542350241688,0.047773116374089875,0.038026140605282865,0.0545573063714595,0.04027526388173275,0.03053614456792153
0.75,0.25,0.0027175137116740578,0.002196905655149628,0.0018354396915970517,0.0032748335794052785,0.0026560965466544406,0.0022674849647692508
0.5,0.5,0.31004370940473236,0.2603980630124123,0.21017636876823287,0.28954951877040935,0.24003855835115528,0.1887726559286771
0.75,1.0,2.184165948770911e-06,1.3602269943735479e-06,1.248422418331785e-06,1.718467818934144e-06,1.0742105490679776e-06,9.783273329233566e-07
0.25,0.75,0.28057681365256526,0.24377038717097332,0.2089374912873324,0.25601333639457635,0.22110815728718747,0.18750504228566722
1.0,0.0,1.00594562856271e-05,8.200020502724392e-06,8.382028681919174e-06,1.0168940788979342e-05,8.28511232420226e-06,8.396907072549809e-06
0.0,0.75,0.5478210523454723,0.45958047068637264,0.3735457896653547,0.5334296457364314,0.4516683591719668,0.3747068527731505
0.5,0.25,0.003796343530778512,0.0026412031505311795,0.002193127062835476,0.0055634254095138225,0.0038604674761688607,0.0031940651380137908
1.0,0.5,9.77677743982941e-05,6.241312327048831e-05,3.8546043349185766e-05,0.00010676561847466903,6.77500755552618e-05,4.180623388339022e-05
0.75,0.75,0.013241187647879848,0.007542775068443364,0.0056574975633169045,0.011587864720294161,0.00641650500985258,0.004641277186540282
0.5,0.5,0.05244088159407079,0.042572932805860386,0.036172582434894074,0.05474917979995286,0.04429590345467449,0.03873771720950081
0.75,0.0,0.02968634203563425,0.022961008048473897,0.019179785261422166,0.03358387627077042,0.02579887437452677,0.021463268392631907
0.5,0.75,0.007365540918447211,0.005164531304009512,0.0037096457722572973,0.011319839713842317,0.007945295252313578,0.005956863757909936
0.75,0.5,0.037459607198961686,0.024157573301395674,0.015452621741916861,0.025836184718742272,0.017136956071503784,0.011296287238684366
0.25,0.75,0.002624365774133275,0.0018844776216130343,0.0014445710798742795,0.002013569730893061,0.0014599419802308056,0.001115001747307609
0.5,1.0,0.006589139987233761,0.0037753803230164973,0.0018061322639473243,0.004603995034847319,0.002555011091904036,0.0011572949996799808
0.0,0.75,0.41012707242011526,0.26697198114112886,0.1679707943559765,0.3914996281517198,0.2522775613150998,0.1564522660552572
1.0,0.25,0.017185755118094725,0.011005143569497444,0.008344364422892103,0.020813678630497656,0.013374453339337844,0.010305554778560655
1.0,0.5,0.11782635875870551,0.08126968147864155,0.07485267924273742,0.12273213253970539,0.08473052235462186,0.07828886677119984
0.75,1.0,0.0017312727197397182,0.0013064155835875724,0.0009064430010339297,0.0017808430498145178,0.001336277073369141,0.0009217444782909645
0.5,0.25,1.0968655184129261e-05,8.888068530055193e-06,1.0958619324208385e-05,1.136993674988318e-05,9.250805005911467e-06,1.1375890207165895e-05
1.0,0.0,0.00461487754774037,0.0030613445200503575,0.002070723066886382,0.00695987867344261,0.004592165147910832,0.0031581516112910712
0.5,0.5,0.031264038801879446,0.024558181806679458,0.018132317569152123,0.020589965052627224,0.016063550907117086,0.011525266386937627
0.75,0.25,0.0004424338154702667,0.0003990711094226107,0.0003774628371152611,0.0008560424464314487,0.0007702961789226581,0.0007431621928242205
0.75,0.75,0.22797295601320777,0.18479893332544917,0.14633211540910251,0.23348091583445507,0.18832181790140778,0.14839046843564785
0.0,0.75,0.043567274962864166,0.026068121442057057,0.016529497603369636,0.03671149074568181,0.021692479078031845,0.01343877748041522
0.75,0.5,0.014965269812709292,0.00887144293397979,0.006399529233842793,0.015149230717515172,0.009026875510462107,0.006590972708361953
1.0,0.5,0.0019915138009569677,0.0012477770095888907,0.0007823224240166571,0.0011446422801596468,0.0007106593059197364,0.00041754108451441674
0.25,0.75,0.15196454747843524,0.10615859589273535,0.06493974718478412,0.16829366116168887,0.11294933833465803,0.06502447911025944
0.75,0.0,0.005631866432749266,0.0051848308690115585,0.005155039427275687,0.005091409228745736,0.004645835503253037,0.004540102876186891
0.5,0.5,0.0250247625837573,0.01773383925770955,0.010194697555563348,0.02358775274422531,0.016840999416904978,0.009693798509859741
0.5,0.25,0.12404005724798273,0.07906135648584289,0.05914949505783751,0.1418444216459822,0.0938749844270278,0.07046692684290479
0.5,0.75,0.6757366213348635,0.592398247490082,0.5242747916710042,0.669620032540744,0.5859973813580863,0.5176546586103372
1.0,0.25,0.03719637281772881,0.02797357706171888,0.018954881322289174,0.04410347750946508,0.03338724619635436,0.02289882139550148
0.5,1.0,0.03337924109744839,0.025781523797749006,0.020500944525397524,0.02798189169900278,0.021440187561222568,0.016848937831871025
0.0,0.75,0.4952671905772048,0.40915205179957914,0.32718321744426626,0.44353568963602374,0.36295319584646146,0.28588218118840547
1.0,0.5,0.0033062881408825184,0.0026926066168880824,0.002649571513834381,0.0030820067509267357,0.0024966222649799308,0.002443861849595552
1.0,0.0,0.003263703318893696,0.0025131355836021108,0.0019825091143803597,0.003883791624691546,0.003064556243276062,0.0025104486583689134
0.75,1.0,0.048342735291919015,0.03897108071507438,0.03042369027871117,0.04425182869219679,0.03526658826364093,0.026987918909815445
0.25,0.75,0.47304633378137706,0.37881184065332263,0.3274407709239364,0.4382790810841585,0.35169000540797,0.29902469412263044
0.75,0.75,0.2791738293207875,0.16844686479361715,0.09995635812578352,0.2415544099124578,0.1441879880715431,0.08356791439021705
0.5,0.5,0.04253139939475303,0.030701894689173836,0.022349890334932176,0.046089612218681575,0.03359260064971914,0.02557008535818317
0.5,0.25,0.0056422481577645955,0.004556316146472672,0.0035392995887970624,0.010592012075445467,0.008738883738986458,0.00720654026032963
0.75,0.25,0.12078422883501849,0.09647546467984669,0.06771199157962415,0.1163057387494959,0.09773812348268884,0.07085292570897217
0.75,0.5,0.19130890617007945,0.14297594884964016,0.10387474123196716,0.20108946005840456,0.15071530741493433,0.10987505013703802
0.0,0.75,0.4154767409986202,0.34814729722556714,0.29661204479290015,0.4132087040906488,0.3460238128216806,0.294510566915131
1.0,0.5,0.0001415232043986414,9.383113255290176e-05,7.459498579465151e-05,0.00014471806635363293,9.586498942493193e-05,7.61450443490519e-05
0.75,0.0,0.03232883184330737,0.028386910986323288,0.030081138912060434,0.04057824812917399,0.03569102853907302,0.03820646910657266
0.5,0.75,0.07430351979451688,0.058921861094711314,0.044923602395172124,0.06468635809681755,0.051241737428644685,0.03896746093506476
1.0,0.25,0.0001054067755774657,7.257507438707123e-05,4.112224784946772e-05,0.0002846534035022552,0.00019695733385916014,0.00011850718416361872
0.25,0.75,0.2289106155830989,0.1751381465213403,0.12547164557146329,0.2163132837477142,0.16569056292306206,0.11829863776118577
0.5,1.0,0.006920549477516191,0.005407926091800741,0.004080875342888035,0.006816434658596493,0.005320589637792694,0.004000433353061772
0.5,0.5,0.03524560734609894,0.03022409652801228,0.02443549694204039,0.03559141502935326,0.030505238011638625,0.024631909647222727
1.0,0.0,0.0006778382526407833,0.0005481955796091675,0.0004419190219848712,0.0008888957257505714,0.0007200478074123051,0.0005911347034248671
0.75,1.0,0.0009164697104420139,0.000864562602592045,0.0008099240954104747,0.0007490610551521559,0.0007102679136032908,0.0006630910600315953
1.0,0.5,0.0024737652220108153,0.00162499041228914,0.0013708631691407014,0.0021583002002332208,0.001419333338909201,0.0011702783489735413
0.0,0.75,0.9912207380142123,0.9752174559118257,0.9464062815222342,0.9918721320609635,0.9774159631085815,0.9518953437455683
0.75,0.75,0.08753609478286695,0.07098064126062664,0.060335432363724184,0.09104046589682957,0.07355848782924024,0.06250552439711421
0.75,0.0,0.007567212889351804,0.006196072455668666,0.00584329908030623,0.009397022109054465,0.00772972029705743,0.007235293274693522
0.25,0.75,0.41994397979840503,0.31362306928446815,0.2082130106747172,0.42046519629583146,0.30803429436127383,0.19935170490093101
0.5,0.5,0.06720320069030117,0.05364874106618278,0.04396072658671779,0.056983679712451774,0.045580258647258454,0.03711806420970665
0.75,0.5,0.01823707784421935,0.013412798616150523,0.011726531708209587,0.021922730106733734,0.01614183294344329,0.014221486135329364
0.75,0.25,0.00047836140691570606,0.0003842133049574148,0.0003586213042432451,0.0004805277390272922,0.0003858192160903773,0.0003602316027884189
1.0,0.5,0.005431642130954817,0.004623066127019015,0.004578641661577176,0.005399640293992314,0.0045742582489651795,0.004497000589021916
0.0,0.75,0.6028759019693654,0.4781728642280263,0.3628137208530231,0.6202098571203079,0.49864469210896434,0.3826335545061835
0.5,1.0,0.16721497107601002,0.10306009008287154,0.05157241878518115,0.15543496780217292,0.09559459506073875,0.04757058069938691
1.0,0.25,0.03492427269308962,0.03208883169267418,0.031108580889899207,0.03544266615873326,0.03271395489152418,0.032084486187988315
0.5,0.75,0.12730446773266413,0.09613449179319233,0.0742758713832089,0.1176305418969732,0.08852092946775025,0.0679428609364423
1.0,0.0,0.009808962259717058,0.007480187520754189,0.007813955028740271,0.007512308819351166,0.005632217205069789,0.0055935286136226114
0.5,0.5,0.0001655381203173878,0.00010831385180043451,8.941392583416974e-05,0.00017544785437428878,0.00011436721717128506,9.403915620109782e-05
0.25,0.75,0.5657966192209547,0.44684239546601945,0.3443482206762123,0.5758787937213818,0.45714446877511405,0.35470650380806723
1.0,0.5,0.0043682734497920706,0.0032637664696633095,0.002694422865944235,0.00632463458859811,0.00469283386251429,0.003998566667415271
0.75,0.75,0.021991347877362233,0.017254544299661667,0.013688000272587653,0.015069401848806008,0.011840094432318038,0.009145138455461277
0.75,1.0,0.6209020285366522,0.5184920647007442,0.4506104085344733,0.5988002185610172,0.49677472186823324,0.42921479056070866
0.0,0.75,0.6015969590565777,0.4935365804924079,0.3852848135761616,0.5184474746868595,0.4159376856638809,0.31295071097070637
0.75,0.0,0.0025797947521483122,0.0026130333027388764,0.0028598556506470585,0.0029732612135042746,0.0030253717472943364,0.003374037843054678
0.75,0.5,0.4725383455715185,0.37178712509594936,0.2966433400188613,0.4457407249373171,0.3463918416842229,0.2714093276117757
1.0,0.5,4.225641967359195e-05,4.5059059610053076e-05,6.76528790625186e-05,4.2683562342271664e-05,4.5754372753226136e-05,6.804916833114127e-05
0.25,0.75,0.3682541489764467,0.24931144608027966,0.14784734634512353,0.34322112438755903,0.2287127409835904,0.13285048406350208
0.75,0.25,0.030199133316943794,0.02351851127223492,0.01725676009099908,0.04561882384831151,0.035893240211051,0.02705819231289197
0.0,0.75,0.27787583682115846,0.1917133284835576,0.164874176164014,0.25012441379493455,0.17137173843921139,0.14693434223731672
1.0,0.25,5.7421797847068135e-05,5.26023040092749e-05,6.417697224359031e-05,7.718008987744884e-05,7.094833063048256e-05,8.744690284223644e-05
0.5,1.0,0.003465617667992804,0.0028682042157148757,0.0025651988900200484,0.00340306783394273,0.002821462671771413,0.002520314825829928
0.75,0.75,0.22530797354099175,0.15669955496240962,0.10259953927243592,0.22434505769380353,0.15589331952558738,0.10188050565237905
1.0,0.0,0.10080775061564173,0.07192215457617923,0.04438190755394256,0.11868466236033082,0.08683427277850042,0.05573670775091166
0.5,0.75,0.042516306678645366,0.0326797131095905,0.023376815986155153,0.03379447312839623,0.025771883671801943,0.018132911894816695
1.0,0.5,0.020633786389149145,0.014046233381075801,0.009285313687607322,0.02542438592065488,0.0170513390823539,0.011333983029056083
0.25,0.75,0.22534962924747837,0.18545931385957615,0.1349210569263115,0.2304153403711463,0.18884253476359214,0.13722078856300102
0.0,0.75,0.7185110402987823,0.6312021072458828,0.5638593543051251,0.7124147024871099,0.6251706649741925,0.5577247423477434
0.75,1.0,0.003537041334070845,0.001484721714020254,0.0006444085233096031,0.0031068561362830316,0.0013361870597828895,0.0005936777325856735
0.75,0.0,0.0006489968607110708,0.0005977049993455275,0.0006938059594381318,0.0009493064236899551,0.0008642261135052287,0.0010003507946292345
0.75,0.5,0.00012020858209127461,8.54217814607594e-05,8.963540676987236e-05,0.0001118471145367117,7.92573845161959e-05,8.271506453294553e-05
0.0,0.75,0.07256843875081365,0.06406236254303987,0.052117642787685714,0.07956246481427531,0.07048662098049474,0.05853473241494733
1.0,0.5,1.922941824772373e-05,1.6843832271740133e-05,1.2511105462520433e-05,8.86240182818021e-06,7.999151057536125e-06,5.729714256497154e-06
0.25,0.75,0.2270210152230312,0.15202384970842975,0.10499033948465897,0.1820265222072116,0.12483808359073267,0.08828740158437243
0.75,0.25,0.29313861411016906,0.17205937414810957,0.11853847384033944,0.25122034248509584,0.15357915482871387,0.11088316667718945
1.0,0.25,0.013712651685359623,0.010611720520239953,0.008760238195395287,0.011135745996739499,0.00842381037699158,0.0066110590397957525
0.5,1.0,0.2111547672616525,0.15340561840254985,0.11073975852857798,0.12911350597373028,0.09375902164663452,0.06737426514777245
0.75,0.75,0.0009869806403515202,0.0008214924081169084,0.000646170152878156,0.0011111125654496012,0.0009180176711485188,0.0007422004862402964
1.0,0.0,0.01532536304216603,0.012257741290592095,0.010363934519805884,0.01484928196155133,0.011998414254430267,0.01019587274163003
1.0,0.5,0.007023962578330267,0.004813713714285073,0.004207218722414252,0.007521255966866258,0.005123883673841867,0.0044771801405045775
0.0,0.75,0.2125798157421751,0.16489507858972496,0.13335535943869914,0.1858152360303571,0.1435024059095632,0.11491674855807343
0.5,0.75,0.002264009294882685,0.001813201832530864,0.0012244253322926113,0.0021019646030135952,0.0016770062569506639,0.0011295980009446982
0.25,0.75,0.07421434293691775,0.05333616729254631,0.042208529344352375,0.06306887886593449,0.045145041325393764,0.03542623817215573
0.75,0.0,0.0017344119866983254,0.0010220260516270452,0.0005648771622683846,0.001654369313349946,0.0009817194954870878,0.0005477674286030743
0.75,0.5,0.0050210568300901315,0.004431939027595533,0.003134871939977746,0.004991774706766261,0.004402904162534416,0.003103817988118207
0.75,1.0,0.0007422831939799535,0.0006429164085463013,0.0004969001224217617,0.00047019310328066943,0.00041353278584066455,0.00032288659255530483
1.0,0.5,0.0005575769550496545,0.0004700110070150476,0.00036119298693704227,0.000755171729973303,0.0006309732281858382,0.000497234672466984
0.25,0.75,0.05014188457948521,0.036210967053731835,0.030106216311955203,0.04567007951372526,0.032439010728517736,0.026320600419692752
0.0,0.75,0.9742446519907417,0.9266563159003586,0.865778553823352,0.9688447017031323,0.9143123357875333,0.8478698068770691
0.5,1.0,0.08775582904797019,0.045982429507079425,0.026916748979689764,0.08060146638506871,0.04197415651039693,0.02432744102540274
1.0,0.25,0.1671943137673766,0.12381539729310176,0.07532601238262915,0.1871527943740784,0.14059759897936652,0.08850310451477361
0.75,0.75,0.06657728377782524,0.04933890455653367,0.04193249565159041,0.0524733695389924,0.03836974001290061,0.03218903825300834
1.0,0.0,0.0060656854368055235,0.0051359986042409655,0.003923809403402867,0.004881771207538299,0.0041080756222121595,0.003006907720542018
0.75,0.25,0.047409951344303036,0.049716853832850516,0.052161405200206956,0.04626706395154301,0.04869176698367039,0.050910030098674786
0.75,0.0,0.015800001343830417,0.008876847844059177,0.005393571722862811,0.01617182620620572,0.009131734756669174,0.005626729804340758
1.0,0.5,0.0001287096679891686,8.66804504895402e-05,5.586292371662083e-05,0.00022548454011572794,0.00015328832145178328,0.00010346810020478436
0.25,0.75,0.042085382744612376,0.02820059725627777,0.020972792683256802,0.05356835947274208,0.03623276620164617,0.02770502140548703
0.0,0.75,0.3172102948395126,0.2538378348023742,0.21158169671549842,0.3288754034541489,0.2658521993506464,0.22448710532772465
0.75,0.5,5.644521914571765e-05,4.723417728358381e-05,3.54602235270729e-05,5.785795480506284e-05,4.849558642339158e-05,3.6427481383105587e-05
0.5,0.75,0.03964008466800639,0.028744731862968775,0.022615093258399166,0.03867213597440844,0.02864172950727628,0.0231078473586932
0.75,1.0,0.0007751118328152007,0.0007988396326813474,0.0007096611489817439,0.0004213455121655496,0.00044225280338316963,0.00038748082162087805
1.0,0.5,0.00214745893751056,0.001598597613560182,0.001321686174643899,0.002478497805266433,0.0018571964173390576,0.0015564328614349199
1.0,0.25,0.00037154632422531364,0.00026757894770979007,0.00018858350266937052,0.0005264436418871421,0.00037243270536246875,0.0002601599933872434
0.5,1.0,0.006888373950325599,0.004613111367851808,0.0030555583113185403,0.004843346138599269,0.0032340379498596583,0.002102862354757984
0.25,0.75,0.5599569624866028,0.45925234169271745,0.40967493738212335,0.5414750847562817,0.43961993565956425,0.38895402521740974
1.0,0.0,0.00010477608309722442,7.127673177842464e-05,3.201162936283808e-05,0.00011904598903766939,8.270345110683586e-05,3.832859054653248e-05
0.0,0.75,0.2314337188506893,0.18829267793147308,0.16407708330210813,0.22795029790749266,0.18529104070079738,0.16083194846617765
0.75,0.75,0.001554778246176003,0.0010288041847019702,0.0006265769773956542,0.00175241355142286,0.0011517059400951712,0.0007033042274016132
1.0,0.5,0.011999610212121148,0.007583981317395461,0.004655824511964335,0.008000072508711042,0.004928978236385717,0.0028801550835102496
0.75,0.0,0.003038591582200656,0.0021840352453443845,0.0014269506259592113,0.0026394286112102483,0.001899923579133489,0.0012361382764050077
0.75,0.5,0.009671818162805712,0.005904322567783393,0.0049878691858935564,0.010850780423073858,0.006904969268550221,0.006127452119191856
0.75,0.25,0.18094716388236565,0.1347818866602949,0.09663279476281561,0.18059920665810703,0.13176632450897685,0.09243723341429522
0.25,0.75,0.12923994332733724,0.10915104000027775,0.10188103682804206,0.1215428978665104,0.10142982341993756,0.09276481393631131
0.0,0.75,0.3693554287521551,0.29810849394688976,0.2532031473257502,0.36673762227029527,0.29634969924653864,0.25134817042992585
0.75,1.0,0.0011276257283614477,0.0009621868523271848,0.0008673926653965935,0.0007729181311151301,0.0006645916906022897,0.0005896025596895393
1.0,0.5,0.0004487843570053496,0.00041493017744886895,0.00044106555567557937,0.0002567045163153203,0.00023596913156920252,0.00024821790075890693
1.0,0.25,0.003719544530183194,0.0023351058933985813,0.0012084425402697496,0.006551596174589003,0.004145542628576582,0.00224903829737344
0.5,1.0,0.03342483621190118,0.020865468980282298,0.016889156842688435,0.03213909484445221,0.020035580249089247,0.016155016513304088
0.5,0.75,0.2342413572328006,0.18412727155867847,0.13885234087204124,0.2338049405925372,0.18442215451805555,0.1395516069734184
0.25,0.75,0.08084552959903812,0.047712095763854045,0.030156854772402153,0.07425946431618291,0.04319102828373689,0.02676542180672059
1.0,0.0,0.009675724919744666,0.005936085650999345,0.0035556830632776926,0.01080376291637597,0.0066464503424690236,0.0039970358007603846
0.0,0.75,0.24314389480122067,0.1743426858446966,0.12632746925650995,0.2436466864022203,0.17435768101263294,0.12587735268711653
0.75,0.75,0.0006311415562916256,0.0004618733942030051,0.00039244155396600533,0.0005809770651405977,0.0004240659741414632,0.0003562843313933417
0.75,0.0,0.0985183498969977,0.07836480252871969,0.0649273857943693,0.10340736966366781,0.0828677529675943,0.06894696195598271
0.75,0.5,0.1687991351362701,0.16051380984804575,0.15709885644920107,0.1681295571779442,0.16007653935654953,0.1568435546990471
1.0,0.5,0.001193613967458651,0.0008965753263123766,0.0007311067667052917,0.0011401986831826028,0.0008619922357033794,0.0007070455664535125
0.25,0.75,0.2235378737513467,0.15386425419562744,0.09891886039601472,0.2372524132039776,0.16491486340710626,0.10733649686619795
0.0,0.75,0.26423135497914296,0.2114972522510401,0.17015630028773077,0.26674123914092784,0.2139924803730635,0.172803748857411
0.75,0.25,0.2667819117992263,0.2435353943377616,0.21527087456394034,0.26486671474318246,0.24170810916732377,0.2133007807903866
0.5,1.0,0.02272302943984872,0.016853499441397357,0.012411798488971337,0.022264182604365024,0.016568603079745836,0.012329789184918782
1.0,0.25,0.04115898332648771,0.03483779605359316,0.02645328917493317,0.05764486379408673,0.048470433046465256,0.037295182209106104
1.0,0.5,0.001047136754034561,0.0006746126010426234,0.0004471327768487132,0.001052473384850816,0.0006862129756280977,0.0004619514059891472
1.0,0.0,2.046441588410275e-05,1.6436964916044516e-05,1.4234412868630031e-05,4.6584629227686136e-05,3.625909344961986e-05,3.064923719575674e-05
0.75,1.0,3.497266833485391e-05,2.5560644781430497e-05,2.313687873656267e-05,3.3668095961725264e-05,2.4392303407561045e-05,2.1771562623063012e-05
0.25,0.75,0.0507863201832931,0.036016833828427464,0.0219400852029612,0.0515910844055536,0.03650277759728204,0.02226998135094993
0.0,0.75,0.4128241167037817,0.31561002916773695,0.2570702791159851,0.4112441146994179,0.3145654795815157,0.2557079504806352
0.5,0.75,0.028405407402376626,0.017640771407683387,0.010052248276154807,0.02719207038836724,0.017078133461246314,0.00982888507170554
0.75,0.75,0.10334781173290186,0.07355137807086298,0.05044241274040562,0.11921418933736483,0.08529249946840578,0.059337593657500465
0.75,0.0,0.17612123060591256,0.13818555822438328,0.10345013935449543,0.19403674545040706,0.15121183607581912,0.11125586442283797
0.75,0.5,0.024839127021873297,0.01849118158997587,0.016094113691982992,0.027326830902021038,0.021393502445869017,0.01957276958649068
1.0,0.5,7.772944010209226e-05,5.164379105360162e-05,3.2244361540367805e-05,0.00010055254182694817,6.820854265865428e-05,4.43220972764502e-05
0.25,0.75,0.318676051195831,0.24503251572300244,0.19805463656012934,0.3313666547784788,0.25978448305109403,0.21510051062184277
0.0,0.75,0.8399428343120898,0.767213045433661,0.7006689030631882,0.8339823616764326,0.753108807120471,0.6739617791577427
1.0,0.25,0.004549410939329479,0.0026245011074815805,0.0016600849594111677,0.00521712267830865,0.003005280181638259,0.0018924237253755694
1.0,0.5,6.770390413013416e-05,4.888227399324485e-05,4.874553965561468e-05,6.953092151484874e-05,5.004515718298741e-05,4.9432622714173924e-05
0.5,1.0,0.29844497558407945,0.2347226667459008,0.18712047065232673,0.3093931262589905,0.23816946740416678,0.18629870075260324
0.75,0.25,0.11314743273740646,0.08611081760066108,0.07188689333681275,0.11070726336581627,0.08418031849327345,0.07006499207264905
1.0,0.0,0.011060053199497655,0.0060859333960530115,0.00338070839726079,0.012162933393651376,0.0066733926554262135,0.0037171089642430433
0.75,0.75,0.003563076491610473,0.003292609114583289,0.00294486502103819,0.0035669847177536296,0.0032945857704081982,0.0029433124767799246
0.75,0.5,0.004100822312777197,0.002252532176760802,0.0010160392331721724,0.0038817526932002355,0.0020904361454670006,0.0008995595077870844
0.25,0.75,0.03968858394727692,0.024461770259833093,0.015904534371066537,0.040274263308528235,0.024983877218545336,0.016305928366660227
0.0,0.75,0.37249909859690133,0.2589186942209114,0.1740299582752427,0.40829652425110174,0.29127988795038673,0.20198974144239146
1.0,0.5,0.22930836864988668,0.16950956486586,0.11615768527964088,0.24184875168665498,0.18008627801897015,0.12503028412824824
0.75,0.0,0.015687362185596854,0.013017751664389565,0.011419018632985112,0.02048878473557958,0.016808605038597824,0.014777615691875745
0.75,1.0,0.040028919897660886,0.02360526355287884,0.01596803032195615,0.02805385782120995,0.01661719519362248,0.011249226860719386
0.5,0.75,0.10225563580948394,0.058954462533288066,0.027989302286492657,0.09736620647408067,0.054778018008367346,0.025205950093285634
0.0,0.75,0.6830310656987575,0.5896309089977476,0.5180756359038299,0.6805842828642856,0.5878186395279132,0.5166722561104733
0.25,0.75,0.10868292888811304,0.07365681539724434,0.04137322335167959,0.09775922828523231,0.06629003222136243,0.03692797310600815
1.0,0.25,0.0024532043599767572,0.002276007304526817,0.0022337570096735426,0.0024623051772515447,0.0022761888401250374,0.0022314533248840585
1.0,0.0,0.0005333624828978145,0.0003703820264078228,0.0002816584445657355,0.0007092155251665622,0.000493660365415427,0.00037963960246079065
0.5,1.0,0.0020782573353155254,0.0018369289676454237,0.001574421623976363,0.0021552810412741596,0.0019228723683036852,0.0016948416519403375
0.75,0.5,0.00016595802258367875,0.00012832313570643183,0.00011155322655331812,0.00014958957285271524,0.00011368928471400253,9.595675961837635e-05
0.75,0.0,0.0009688130190329547,0.0007473476634938248,0.0005662289137825516,0.0006610126804844629,0.0004969821141674879,0.00035423501497544585
0.75,0.75,0.002217962495081105,0.0014345120870677963,0.0010110535776314267,0.002091281908314091,0.0013474794971546356,0.0009421196578778268
0.75,0.25,0.0616730432301712,0.04162158915631442,0.02813116225260892,0.06630055596056506,0.04419197932056074,0.029766099630197607
0.0,0.75,0.453828219390498,0.30105589410357236,0.18862289315266056,0.5256934326736231,0.35703348815373737,0.23108124948833453
0.25,0.75,0.04551005411660103,0.03723392486233812,0.025756857418912427,0.048810891002725065,0.04026347196542124,0.028316835513787497
0.75,1.0,0.2097944760869408,0.15753202338699435,0.11292834795505724,0.18355593982097163,0.13690798569928886,0.09687803676327689
0.5,0.75,0.38749191423675167,0.2969382039300743,0.21086506053068255,0.3627905345668193,0.2806795405095597,0.20062746800628561
0.0,0.75,0.16876947920714114,0.11853634057067697,0.08631878995791908,0.1586456909640166,0.11185022389880839,0.08199248530153813
1.0,0.0,2.8248375211759047e-05,2.808848610647008e-05,2.8729684129924493e-05,2.5292072139970756e-05,2.5121157029905916e-05,2.5550334470159086e-05
1.0,0.25,0.017350680226915438,0.010534948377198705,0.006694320364867279,0.02337604536925053,0.014387231580248128,0.009398482389198826
0.25,0.75,0.1585177855819988,0.1357458304463749,0.12958885471407788,0.15552505646046322,0.13316156324479422,0.12702854452116463
0.75,0.0,0.00920479044347966,0.007073601659121298,0.005318644851049159,0.012954537134620248,0.010242657396883348,0.008064694242815307
0.75,0.75,0.009502460046220462,0.007543473200243067,0.006951420960959354,0.009230189270412748,0.00731863530962884,0.006718104315907025
0.5,1.0,0.37518052337238184,0.24546641909148303,0.1425055512141422,0.3746952937396064,0.2465159290217307,0.14435048545626228
0.75,0.5,0.3354252375085238,0.2788633495215107,0.2157061002301377,0.3816249139760628,0.3171717669034033,0.24699696034663066
0.0,0.75,0.5208341814318735,0.43016610615429507,0.35885103074430424,0.5324191789033719,0.4418903021073869,0.37048232268451287
0.75,0.25,0.0029810511183195887,0.0027318484823645184,0.002776301286577576,0.002437472789011408,0.0022291925195880857,0.0022376951307592208
0.25,0.75,0.007991766058865979,0.005394212140578336,0.0034100527021683202,0.007466060222875992,0.004955794104047118,0.00309897180252805
0.75,1.0,0.11739535255007749,0.07085995600629769,0.04889835654696295,0.1017338540351519,0.06040880796351322,0.040441684034253855
0.5,0.75,0.024036493604863374,0.01756124144322646,0.015471737897446602,0.02464847671107273,0.0180077956616278,0.01574977474588357
1.0,0.0,0.17954721315631683,0.14395630463446463,0.12056684369742887,0.17716289965966292,0.14229296361162558,0.11915107538689529
1.0,0.25,0.016543304875567322,0.010409369461564122,0.006746689403627104,0.017177492174176856,0.010775995062254795,0.006993472989379024
0.25,0.75,0.11424956516459228,0.08774570801867454,0.07687529304510743,0.09824844383683629,0.07548788038762189,0.06640331229529994
0.75,0.75,0.007088565325990892,0.005631403374267929,0.003988242138550757,0.00939344260088304,0.007572555710227413,0.005620071334454302
0.75,0.0,0.021606456818840547,0.013284303620278992,0.009330686375607078,0.022008056810707943,0.014135388872693277,0.010285175740494146
0.75,0.5,0.0005055264844426866,0.0003769089825841343,0.0003952411552462509,0.00042731910970017495,0.0003112883490452578,0.00030750991291839114
0.5,1.0,0.006432742513709178,0.004569386868362946,0.002662331562243825,0.006389109324533404,0.004539838908657612,0.002642045602223253
0.25,0.75,0.08589312541682315,0.06371898759435468,0.05912358721434996,0.09352351779964918,0.06944014180093205,0.06451681571016232
0.75,1.0,0.0007935956620832574,0.00043489448351530235,0.0003491730244834512,0.0007651614658353845,0.0004263148780122572,0.00034813185815441017
0.75,0.25,0.006955470481905701,0.007882613615248113,0.008666262279914183,0.005635708149601681,0.006481730030133859,0.007030636147999925
0.75,0.75,0.0446673447259579,0.032054420846828746,0.024519345443548834,0.04554785347909163,0.03257098680810755,0.024839535697177118
1.0,0.25,0.032543741981082674,0.02638439608744436,0.02253444606173438,0.03287601302773857,0.026292242938417365,0.02216356724213986
0.75,0.0,0.0020212364798835036,0.0010820735974412798,0.0008238379682330432,0.0037547938280988458,0.002094809876408199,0.001662414108037913
1.0,0.0,0.0008561797245726366,0.0005409553368238562,0.00035694062056779163,0.000830272220878947,0.0005236266651962307,0.0003442452971585963
0.25,0.75,0.3568560465186781,0.26537023237407176,0.20355450544854314,0.3536000619285703,0.2633363364724579,0.20211177439404882
0.5,1.0,9.114969181822641e-05,8.43099477418896e-05,6.645676335603756e-05,9.81490793192652e-05,9.038121552784606e-05,7.341287978057665e-05
0.5,0.75,0.00039634470981786407,0.000319688021116038,0.0002444102713727858,0.0003089761823301673,0.000250294186779243,0.00019136807792285992
0.75,0.5,0.0011444087835890127,0.001002344880854933,0.0007259619994469668,0.0019226374674076174,0.001669190155025868,0.0012563799398384035
0.25,0.75,0.12252331427559404,0.10544552400731588,0.09270754965708305,0.11860883954506984,0.1039133005900329,0.0930819604871419
0.75,1.0,0.07181784065824082,0.044097207519167014,0.029096756129206147,0.06278129021773426,0.03787739128730372,0.024369239939012965
1.0,0.25,0.0001542511514662781,0.00011069374137329113,7.084342855989689e-05,0.0003217442130896142,0.00023878658591303115,0.00016354725534561965
0.75,0.75,0.0008067995662606187,0.0004173523289479064,0.0002281697399437732,0.0009312123149132212,0.0004875410407783054,0.0002716280109560376
0.75,0.0,0.0033316754395000814,0.0024390167021153264,0.002590717545262633,0.0037355624109272068,0.0027392050123269396,0.002917619962226947
0.75,0.25,0.06327458057713853,0.04591921729541326,0.03019115957411056,0.0756338837925189,0.05592255412957581,0.03851404934855018
1.0,0.0,0.0005329391341992729,0.00042869664347577885,0.00038550010427906845,0.0006332097971943895,0.000505426711778223,0.0004570396959506784
0.25,0.75,0.15672133909548902,0.10693530312676347,0.07097607977724785,0.1546636940520153,0.105208493479097,0.06940892623313322
0.5,1.0,0.012803115523174924,0.009416490525651633,0.007916199043950689,0.012908203747605151,0.009494603353629394,0.008012150137261642
0.75,0.5,0.005067018922159439,0.002849662903758099,0.0016235486213822536,0.005252595513183911,0.0029350156146501494,0.0016613795391134945
0.5,0.75,0.13245756825037014,0.0997919218604707,0.0656431774706201,0.15826419286041005,0.11815633870053621,0.07813888052764661
0.25,0.75,0.012073481876994419,0.007434949034007987,0.0052139702236739804,0.007405389310031096,0.004554038361704427,0.003154111371621804
0.75,0.0,0.03923349113489727,0.029870170603728097,0.024520526100493933,0.04115401228497717,0.031402357247503065,0.025806892171118756
1.0,0.25,0.02727420182517526,0.024834761494513802,0.023247545418985105,0.028407645655671554,0.025894774086590133,0.024249255931676927
0.75,0.75,0.02109244818587941,0.015787998811350068,0.012624792903499715,0.018155373457392043,0.013772780038513455,0.010899200806999465
1.0,0.0,0.033208430268786726,0.023563210057114925,0.01713283704784907,0.05890559318407118,0.0419820649674183,0.03134013146144532
0.75,1.0,0.015905899860431116,0.009927950825258436,0.008537331401607617,0.017523045085347633,0.010767146705479624,0.00915726806493189
0.75,0.25,0.01731401033480262,0.010907003116136904,0.006823684143764552,0.014982970681452601,0.009713282465115936,0.0061297507547022345
0.5,1.0,0.01388072108146643,0.011053389295126448,0.007774705141549321,0.01953663317470622,0.015387606828519806,0.010892579344195408
0.75,0.5,0.053370333173749174,0.04360389883493354,0.04084689920456297,0.04710121826283176,0.0379318649793956,0.03542194656921416
0.5,0.75,0.3708494574133032,0.30459100454145815,0.23922977915346855,0.3603947540006014,0.2953843257837022,0.23080126671092605
0.75,0.0,0.2501247784757261,0.21499416962478413,0.16985661401085428,0.22626225539763034,0.1925704025024757,0.14954135445188332
1.0,0.25,0.001770942690268451,0.001300039302714051,0.0009154120627997697,0.001764453258659926,0.0012945362438390173,0.0009095043561662131
0.75,0.75,0.002581176679461894,0.0016745948209986317,0.0010828867674578246,0.002595846675065072,0.0016983632080985744,0.0011071236609214719
1.0,0.0,0.0024047949024718074,0.0020548350880074118,0.002260235043409553,0.0025176894350105172,0.00216877165818663,0.0024081705128248254
0.75,0.5,0.13657800998659497,0.1213734712616994,0.10136657035360375,0.12294357179731219,0.10965381642436722,0.09151707625174732
0.5,1.0,0.022559381248369648,0.016351629127284384,0.011511782209346899,0.029574741400022475,0.021877447633947167,0.016061192716070982
0.75,1.0,0.0056485390228191434,0.0033886020547251317,0.001837316686862489,0.005334743009227538,0.003174806079427106,0.0017069268483960176
0.75,0.25,0.0478175187129386,0.038280999740262556,0.03183720130906753,0.0535000715831071,0.04301570496119955,0.03594496000209513
1.0,0.25,0.0038573545587976543,0.0018544268187377089,0.0007753192823912736,0.0038926461676564994,0.0018482014071378172,0.0007572130183807202
0.75,0.0,0.001016315026398984,0.0009046970851468439,0.000769757300779661,0.0010098196956642713,0.0008948187936324015,0.0007610258679409121
0.75,0.75,0.003856995750409542,0.0035940565781281686,0.0033366157798316864,0.004052975061798136,0.003858807595903735,0.003662224651632906
1.0,0.0,0.0003448394657749043,0.00020202660879142798,0.00019978773539697237,0.000263282218872396,0.00015374266063805653,0.00014969369377815234
0.5,0.75,0.00778855425342484,0.005515282023496049,0.0052498586348596055,0.00799495640283876,0.005622742525967395,0.005332529772177574
0.75,0.5,0.00039227725091306453,0.00025538772649524866,0.00016330719822721385,0.0004040834493286294,0.0002731774068297499,0.00017651362165271856
0.5,1.0,0.022501816878877867,0.013802854392530262,0.009099350443108056,0.024891631826385652,0.015526201335084089,0.01046718335659369
0.75,1.0,0.055136913605214444,0.04015712647713798,0.028537673262753804,0.05361192450297647,0.039006240263661285,0.027582586668347453
0.75,0.25,0.019121286637683754,0.01844839605466775,0.015662327804053744,0.027678656425192072,0.026802991046675162,0.023451041431612918
1.0,0.25,0.010195813467309689,0.008802405787689427,0.0076469952659448115,0.012018006905465617,0.01047905542454075,0.009298079283058147
0.75,0.0,0.15756684759435013,0.11164623607016799,0.0767645713841133,0.18481023480320735,0.13212253568342458,0.09242183888610489
0.75,0.75,0.004837427395782634,0.0039751301650696735,0.0033853235100365087,0.003957191841916563,0.0032613000467233144,0.002761616164407066
1.0,0.0,0.017088721267437212,0.013463023960863518,0.011189910925542002,0.01493932093688266,0.011775532241941278,0.009793281995932102
0.75,0.5,0.046268925334597144,0.03664766918805751,0.029487494744676712,0.04791052536592366,0.03786213952542172,0.03041504726427635
0.5,0.75,0.009260605397875432,0.007232306761255858,0.0057302733215811585,0.008527198319448037,0.006645342300502399,0.005229809181017231
0.5,1.0,0.07454646362543815,0.048312608242180755,0.027095087891147118,0.07375655540949067,0.046538779919065076,0.025002659379049885
0.75,0.0,0.28327439191896453,0.2329444364592217,0.18870837254964712,0.27391559162779366,0.22726058269969152,0.18377085323206555
0.75,1.0,0.0012063479616997164,0.0009064218311034544,0.0008304938966097186,0.0012083342058020197,0.0009142906455055222,0.0008440997950969198
1.0,0.25,0.0003784479816648645,0.00027148502187857027,0.00021945887112340134,0.0004779994596386672,0.00034883245609163005,0.0002868202981484158
0.75,0.75,0.3118351633766877,0.22456147630322298,0.15736523455708196,0.22645897082766542,0.16134286666676845,0.1112584785150863
0.75,0.25,0.00987496375360164,0.011086561141115725,0.012810961194318682,0.009738710712847598,0.010918000291560204,0.012586800333584836
1.0,0.0,0.04416139706149291,0.028730326114991045,0.018289684181098553,0.05746047887185457,0.03839882901708025,0.025646418153744577
0.75,0.5,0.0025710793418931566,0.0018231858480208807,0.0015100138914309058,0.001387788993463368,0.000983344524216001,0.0008011343909718471
0.5,1.0,0.24876594782090566,0.16714363320804226,0.1197738674945763,0.2049049308194658,0.14071267010407507,0.10342894177238737
0.75,0.0,0.007546170548850206,0.006991563882739804,0.006040997129565406,0.007630052969150647,0.007045168989639028,0.006039413440159569
0.5,0.75,0.33269874105176744,0.27439371176688576,0.207980831343751,0.3534155948239809,0.29543390836297057,0.2288021617359346
0.75,0.75,0.007552904911768743,0.005642067514442073,0.0038494025544428823,0.011334111673115821,0.008304883173489097,0.0056773192530157335
1.0,0.25,0.0008159538865701865,0.0007277342028623179,0.00063538475391689,0.0008877372102185088,0.0007805100945156296,0.0006610328554089717
0.75,1.0,0.0026306114636949207,0.0015509802848484577,0.0011745281892457937,0.0023487265165419435,0.0013936122037252474,0.0010563216448167267
0.75,0.5,0.05410640426870772,0.03382547042707529,0.02204782875172029,0.0451127453643716,0.028395526340672328,0.018590963788366666
1.0,0.0,0.005024272126588958,0.004102816824852473,0.0031231829316337167,0.005603529298488952,0.004585905513316391,0.0035344226954352465
0.75,0.25,0.06049112932312484,0.04232987018055323,0.02957296266177778,0.058879231164225776,0.04108321419253591,0.028588246302644338
0.5,1.0,0.10203175130681486,0.07565064412901257,0.056313218491865547,0.10295618434271425,0.07660505208137502,0.05793282513684683
0.75,0.0,0.4069458561188848,0.3141115130414879,0.22655271699311452,0.4046751029279846,0.31189612510853326,0.22431355855664326
1.0,0.25,0.07784278207291684,0.055724554392214465,0.037819867125771234,0.08431588273083868,0.05991211247067585,0.040377315497651445
0.75,0.75,0.010803619335899683,0.006819688508342581,0.0054255425869143,0.008440946068561272,0.0053093412498737,0.004189642343604083
0.5,0.75,0.13674164859201965,0.10456556148003349,0.07597555606377882,0.11902505645713402,0.09090146970716684,0.06582170643844043
0.75,0.5,0.002352016534110879,0.001399925931043433,0.0008626418467128083,0.0021301850324098037,0.0013104186497192583,0.0008370334878302632
1.0,0.0,0.01976433914997955,0.016357829877420182,0.014821243830936082,0.01978975588442533,0.016539989879783334,0.01509543345352704
0.75,0.25,0.00021063975209534291,0.0001160366855450512,6.988361027060463e-05,0.0003723277082274823,0.00021353641762522635,0.0001411024872163269
0.75,1.0,0.019616026088591254,0.017306283255863586,0.017859111562794516,0.017866696148195582,0.015897882261424634,0.01651675999065172
0.5,1.0,0.17905201006821025,0.12142741745539576,0.08071829379407347,0.12561553260851643,0.08105812083802055,0.04935479999864145
0.75,0.75,0.012895961973360293,0.008746267504548655,0.005616817412709363,0.012955315050404037,0.008648019669963647,0.005413696133715118
0.75,0.0,0.006861850625028754,0.004838315552881278,0.0044308187674948485,0.00967042351847014,0.006556213326995852,0.005779492609453207
1.0,0.25,0.009104093435413296,0.006931451765617047,0.005542734544596195,0.00995632026929183,0.007628556243687523,0.006153598125983817
0.75,0.5,0.00010270340962481583,9.554091952512778e-05,0.00010204775427080648,0.00011891582565248804,0.00011079475553388285,0.00011845597098936178
0.5,0.75,0.3229881977545205,0.23989562614383186,0.18716571528961778,0.3878414401855128,0.28930920221683265,0.22499320972280412
1.0,0.0,1.3258225132983803e-05,1.1213621720185252e-05,9.81654611043048e-06,1.5372797932622362e-05,1.2807024961425384e-05,1.0986200942753044e-05
0.75,0.25,0.30857967710276757,0.232737860384033,0.1800499024781823,0.28929073670786576,0.2189711765773532,0.16993293567558976
0.5,1.0,0.7244013973268908,0.6236085461100376,0.5169341578052981,0.7128154878700845,0.6079004873212297,0.499196041335663
0.75,1.0,0.0005793567931313692,0.000548835846258644,0.0005609958698635786,0.0005387890957728736,0.0005100355518860011,0.0005209584089369557
0.75,0.0,0.11813376033561807,0.10103807937745901,0.08966372043523796,0.16248388463912167,0.1377122088820668,0.12209697346865267
1.0,0.25,0.006921893262848644,0.004493470586538262,0.003591040237362675,0.006882239610392693,0.0044703128122834945,0.0035672588537676297
0.75,0.75,0.0006328980649052962,0.0005530923380810959,0.0005091083869769308,0.0006173292386965068,0.0005412323537761221,0.0005026933889102914
0.75,0.5,0.0006912207904004042,0.000522288495409029,0.0004994654967233059,0.0006644103823836289,0.0005036936815119297,0.00048070676396527734
1.0,0.0,0.0002204954797340175,0.00022631554556618028,0.00024008516166673655,0.00022779817928153534,0.0002337560745291345,0.00024786106747665126
0.5,1.0,0.04267815350689874,0.03278814132162633,0.028775940695762614,0.04601707049241577,0.03501375530242501,0.030462597921780188
0.5,0.75,0.125057093522552,0.0949462311229482,0.07635437984796922,0.13002416388344873,0.09827141418662488,0.07864694855644216
1.0,0.25,0.004836557095024618,0.003779849700859872,0.00325275075988829,0.004705834597138914,0.003660530476476964,0.0031051849564336376
0.75,1.0,0.034787346019546805,0.027635480848523963,0.025360602914173747,0.025770314515291104,0.02068258795103639,0.018883904029175724
0.75,0.75,0.5942157211243454,0.53289370024292,0.47114123523656215,0.6090038380079256,0.5454369082516909,0.48045500225912785
0.75,0.0,0.014867338733193014,0.008431852928270644,0.004432696187749996,0.016193609034410805,0.009123388936840726,0.004734107839830526
0.75,0.25,0.29919574977842744,0.23057337099419473,0.14489577852051638,0.3624762664492035,0.28965252164581934,0.1966653181852508
0.75,0.5,3.230564055867191e-05,1.5856414935511154e-05,9.434836409250025e-06,2.9471838011163598e-05,1.4238934139765291e-05,8.305341043790548e-06
1.0,0.0,0.03320656995356619,0.022586880015885602,0.013597866263497238,0.03623718102073492,0.024226526875085086,0.01434957461007813
0.5,1.0,0.04314113487116378,0.035228740267989056,0.026887214930989334,0.052462050054495,0.04244719106907335,0.032030741525088224
0.75,0.75,0.018699316354766182,0.011427032004117765,0.008477589407822506,0.018490630513755102,0.011275877763350373,0.008326116146851303
0.75,0.0,0.3050820410735974,0.22314509645483327,0.16735690260082214,0.2959250343701961,0.2162375939821567,0.16190098602343916
1.0,0.25,6.177852861655175e-05,3.887681600223125e-05,2.6190604768272507e-05,6.14311287966407e-05,3.8528921271208105e-05,2.5336566613964884e-05
0.5,0.75,0.005440040726035544,0.0036040722512149515,0.003130826364825756,0.00594763859082359,0.003943732835764102,0.0034356014093059883
0.75,1.0,0.004142388634142069,0.0031371648394770135,0.0024762221753060754,0.003742245772658137,0.002830733930037077,0.002220638668502861
0.75,0.25,0.007698705747860579,0.006757131031685293,0.004707064130226479,0.0072936795674558574,0.006378439490478005,0.00440942050976223
0.75,0.5,0.004816118117360824,0.004098487775657134,0.0032645121026725343,0.003396195768180177,0.0028389558460403252,0.0021840157292200013
0.75,0.75,0.0009457541971792383,0.0006314252956977073,0.0005825221011588333,0.0009754778420381083,0.000658875813431492,0.0006175417160778629
1.0,0.0,0.0022679608200202317,0.0017254434227309545,0.00104102665858119,0.0024976940773673295,0.0018586735757852857,0.00110032220192402
1.0,0.25,0.07860064195415783,0.05241507613380736,0.040428296530236496,0.10001140519015705,0.0696188465470633,0.05671851306273412
0.5,1.0,0.20301421045651957,0.16394180596775076,0.1304017184544033,0.194690921468877,0.15667798323548432,0.12375255457851053
0.75,0.0,0.0005220185335564897,0.00046187597788838186,0.00041469317564291064,0.0004979088045261593,0.000441198310733637,0.00039609236486126687
0.75,0.5,0.14598766783305406,0.11243169973459377,0.0848844376167488,0.14801821213501198,0.11085506575176063,0.07966699883697848
0.5,0.75,0.04221909599482654,0.03627077088578545,0.029353704181399598,0.041219007075165015,0.03545384642683247,0.028641220744713314
0.75,1.0,0.002056773646774035,0.0013198437503798566,0.001259674137658373,0.0019565328439341556,0.0012945608103862583,0.001258699917548678
0.75,0.25,0.507741248884066,0.41575168731574097,0.36585490263526155,0.5061279411515569,0.41713103898915993,0.3723266941173975
0.75,0.75,0.00689164489340377,0.005152929454024013,0.004251896245635933,0.006540689342984463,0.004888084068143894,0.004027913806831318
0.75,0.0,0.1534903615105595,0.1079895941430209,0.08061897018752617,0.12802868318111948,0.08691749649415503,0.060196564212715575
1.0,0.0,0.010185522465085084,0.007005059215107634,0.004432975920109827,0.019080415783438998,0.012997707447889306,0.008312936764106382
1.0,0.25,0.04296895967562908,0.03021678672463879,0.025841623782702383,0.042579813348510576,0.029882791823251376,0.0254557841419758
0.5,1.0,0.04193505108288953,0.03821493795556519,0.0346242464363663,0.045722626707288105,0.041503441889899184,0.037100266272532934
0.75,0.5,0.001512891442134956,0.0009722236766666059,0.0006823840673667592,0.002431218016230141,0.0015374772032548112,0.0011116656967851135
0.5,0.75,0.017726143143421136,0.011537366324321008,0.007677420034860827,0.01576251556267827,0.010250811869172205,0.006769133149695961
0.75,1.0,0.02403589880777912,0.013172539023713403,0.007272756786767198,0.02833105237362399,0.016155714241484098,0.009608928367182412
0.75,0.75,0.08325405281208254,0.06802625507229243,0.05890210572918142,0.07625970285134287,0.06325040777575075,0.05551449318644319
0.75,0.0,0.03872309271488206,0.026948278594515207,0.022060564328691412,0.036457070464689934,0.025722548725024108,0.021300887523617473
1.0,0.0,9.146548658722775e-05,9.416804592510264e-05,9.773209736319011e-05,0.00014396320690202025,0.00014802629412324908,0.00015350817355086477
1.0,0.25,0.0015100090856848825,0.001290097782104871,0.0012186861109543257,0.0016358997908447748,0.0013781095779443753,0.0012890456086940283
0.75,0.25,0.0011697034148687724,0.0011256263435165392,0.001144644001642381,0.0011985147585675815,0.001153901695297721,0.0011744077697617428
0.5,1.0,0.5751671901511899,0.4078994501637947,0.34681327760748604,0.5226882987191606,0.36615606922866517,0.3121146969515286
0.75,0.5,0.003725759912612814,0.00221165905734666,0.0014375325690237917,0.0037402607554499756,0.002211090491125889,0.001425141086365933
0.75,0.75,0.06057513357541067,0.04669049260350355,0.03588934816116507,0.05225205380371578,0.04080210491784253,0.03169098567833417
0.75,1.0,0.07546783624114739,0.05391841590214275,0.04098262945856379,0.07183010154848157,0.05162916683401764,0.03985083110666032
1.0,0.0,0.0015799135802183617,0.0012532608495601227,0.0011135197610803171,0.0015071692084556165,0.00122656993064707,0.0010681472071748521
0.75,0.0,0.004086412654299654,0.0027747331391141383,0.0014307722214201846,0.0035163770106981795,0.0023927182504787092,0.0012173119262262055
0.5,0.75,0.028340119739045044,0.022623491869919077,0.019724035841816034,0.028113652035337222,0.02224676993443575,0.019228612042125004
1.0,0.25,0.11301629094990817,0.07917103265440273,0.05514297892470177,0.10398565425140971,0.07235759351453419,0.04976762058933759
0.5,1.0,0.0002792681201717606,0.0002970835106059777,0.0003215067184936249,0.00032172511213868216,0.0003409344876469378,0.00037139863800805806
0.75,0.25,0.048302085036361464,0.035520427910795904,0.026012475656923995,0.056923770822162156,0.041103575270535986,0.02938283756937854
0.75,0.5,0.004190836686511545,0.003516351231913295,0.0037964294368089124,0.0038924416189569655,0.003319568437365139,0.0036216562064848024
1.0,0.0,1.3599415054077468e-05,1.604699415791444e-05,1.72087977092783e-05,1.448144741711399e-05,1.703420358079022e-05,1.821549515679255e-05
0.75,0.75,0.0008651871573567282,0.0008414004853891655,0.0008888767331655112,0.0008603473267616568,0.0008364496103905328,0.000882783109889762
0.75,0.0,0.050213971182031525,0.030040276710933456,0.021876681746752613,0.051592223494470346,0.031159860928452465,0.022880316359579878
1.0,0.25,0.00039452879108470285,0.0002908617576299344,0.00024403314726262337,0.0003907319732820991,0.0002948598607128705,0.00025384575402076504
0.75,1.0,0.07709534787302852,0.04650980122816384,0.03422090454656823,0.07592490716883737,0.045664074888958295,0.03341545424514547
0.5,0.75,0.22924916919783778,0.15386581850248204,0.14809118791283238,0.21374776627461078,0.14199928102598458,0.13555977339600978
0.5,1.0,0.06132020745302702,0.04451660967373239,0.03752038410260394,0.056199073680619493,0.04166318113055412,0.03557886312432634
0.75,0.5,0.05112805681796184,0.042281389991197016,0.03406918182691321,0.06183595559481048,0.051303588403600164,0.04206512972764753
0.75,0.25,0.0004087138243695776,0.00033671937992263423,0.0003776305823444126,0.0004837455817334746,0.0004002562782050578,0.0004545444594483694
0.75,0.75,0.010435093383122762,0.0089714114768914,0.007495680516317549,0.009084072870086057,0.007840560013541165,0.0065562779625750744
1.0,0.0,7.87456742084025e-05,7.258035487656134e-05,6.432344570406201e-05,9.298293073756181e-05,8.469111262765505e-05,7.377573641309532e-05
0.75,0.0,0.05182646519445344,0.03706078499196064,0.023506823261254417,0.0405362969013201,0.02857911408780134,0.017504774005247747
1.0,0.25,0.00516386019827042,0.004326041508728284,0.004044399802072496,0.005137732239807846,0.004298463118781681,0.00403239859407889
0.75,1.0,0.016663934451851103,0.012577666821657507,0.009921899052792726,0.016666726864372428,0.012459769263371334,0.009697706025346253
0.5,1.0,0.03276539876562534,0.025630964655452892,0.01795056982057619,0.03629842752693646,0.028308343162356864,0.020074498893889903
0.5,0.75,0.0017868980919244493,0.0013095241878557928,0.00126078211320646,0.0017604475703298927,0.0012890946197433584,0.0012382486842478224
0.75,0.75,0.043605062859265575,0.03082979983248657,0.020932205259155512,0.03324996393593971,0.023265140202242685,0.015596931293595406
0.75,0.5,0.0033481880250781915,0.0015214905559087777,0.0006785979609864601,0.0028202028640454957,0.001261849163094464,0.0005381104842444584
1.0,0.0,0.006706189744036473,0.007375575463028472,0.008092838529602853,0.006778939505119208,0.007459040865089417,0.008159738762288038
0.75,0.25,0.09869979967465947,0.07646497131464591,0.06255821540899098,0.08537261085030345,0.06487855550838117,0.051594392773394726
0.75,0.0,0.04077813827296273,0.03463076397361686,0.029246953846810975,0.0455649200548085,0.038679451803207976,0.032802040660881326
1.0,0.25,0.00028984709006218967,0.000209014255458162,0.0001354613000915661,0.000652232886254045,0.00047920925954092475,0.00033464045178188684
0.5,1.0,0.010729191802712368,0.0075221056719338986,0.0058781011757821355,0.009574876726269554,0.006686327533328651,0.005157425583398045
0.75,0.5,0.00022953852615881232,0.00019641855182550572,0.00011666357589423804,0.00020678316080213754,0.0001804141740229248,0.00010834601503373342
0.75,1.0,0.06483721011427579,0.04821290290100899,0.03391711138925191,0.06396574214542472,0.04762628223589649,0.03356055876353925
0.75,0.75,0.03742957753537679,0.028050209333129406,0.02084750608328656,0.03784098741080766,0.028326788589455143,0.021024622427387785
1.0,0.0,0.033746470898248004,0.02538117079267055,0.021100099011168272,0.03715557348555443,0.028170890695407014,0.023659545740853494
0.5,0.75,0.04686096945935181,0.026915474547738794,0.01684072042507978,0.052107547582522895,0.03172704176634156,0.020979704509075825
0.75,0.0,0.011654826524414852,0.007902719844073758,0.007377412144729423,0.011816570595540421,0.007986744623241782,0.007419631183928743
0.75,0.25,0.031043373773379956,0.020838023101158232,0.014273090251014309,0.03221293576648021,0.021748080287432803,0.015007397477831197
1.0,0.25,5.261342984619333e-05,4.898606390613125e-05,4.855557516236786e-05,6.225827294503716e-05,5.8301897446932927e-05,5.739998873022234e-05
0.75,0.5,0.31381623542775305,0.25620719650213963,0.20848654775478148,0.32499681112695933,0.2655274366292536,0.21683364697489071
0.5,1.0,0.00013553278558708914,0.00011084693435203796,9.84778073211956e-05,4.365421890240029e-05,3.667581521471508e-05,3.259264603450163e-05
0.75,0.75,0.004315820681661253,0.003031221283325558,0.002093059319259627,0.0037752214356718827,0.002663976439897242,0.0018570706826350758
1.0,0.0,0.000850455284222007,0.0007179829776557956,0.00043679270192487074,0.0007015847637910078,0.0005712841192111462,0.00032213449076656797
0.75,1.0,0.025475010000247322,0.020288819849184847,0.018115290105724213,0.026441730691919352,0.021003414828503097,0.018672545972208576
0.75,0.0,0.004105889887997538,0.004796375092777527,0.005156114183699323,0.00445151011826439,0.005205287598085029,0.0056033519176492685
0.5,0.75,0.03900234227737598,0.038034558664038265,0.030563862088196947,0.035507738615364715,0.034496838823330656,0.02758829921079553
0.75,0.25,0.09640617052524392,0.06690237791179798,0.06111040644685206,0.09110576290645112,0.06325029708282182,0.05812482181239054
1.0,0.25,0.20906065732847012,0.1713500922816371,0.13221000141449757,0.20962895306563478,0.17214582516927768,0.13322698530910826
0.75,0.5,0.2898304366997304,0.25360165836280635,0.24749721391060997,0.2918111535007456,0.2552585094371075,0.24870561605350439
1.0,0.0,0.11555233238901941,0.09320298566719665,0.07675742948717312,0.10681984843788261,0.08628273814827958,0.0704776960138811
0.75,0.75,0.05131681620379769,0.03373905301743485,0.023730419712040485,0.049424918626757464,0.033027036474920446,0.023911720685585114
0.5,1.0,0.00252439204608923,0.0021629131516236466,0.001997582304452905,0.0024457210986940092,0.002086340757584848,0.001925121382078343
0.75,0.0,0.007340262137812026,0.005300220535251143,0.003339746145643474,0.0061903947727024455,0.00442425714577066,0.002667449298996649
0.75,1.0,0.008636983754446548,0.0078427898208564,0.006541388619825672,0.008917574223360258,0.008099156821469444,0.0067671850350311535
1.0,0.25,0.004018187692252706,0.003414368470843865,0.002187887873639549,0.004784740217085526,0.004108966337825093,0.0026928164533209786
0.75,0.5,0.06525365031975494,0.05351383372202645,0.04094263344210225,0.07241235840335514,0.05962400192498962,0.04615883728671
0.5,0.75,0.28105161417669144,0.2295692769264892,0.18259284024601352,0.2798137512654042,0.22880449348262522,0.18257521176430658
0.75,0.25,0.0020540193308512533,0.0014944976867901083,0.0010690568432614178,0.002035492602908029,0.0014808308631717448,0.0010547645397149807
1.0,0.0,0.0008083681593757941,0.000794290091743477,0.0008303902394664053,0.0007837291709442695,0.0007689257677079286,0.0008000616296468532
0.75,0.75,0.024118812192746808,0.01645487429374637,0.011912595094372036,0.021032939092422764,0.014320508263924725,0.010185076556891826
0.5,1.0,0.03472544860936955,0.02306822445028578,0.013271369752845041,0.033339516715232165,0.022212028419829277,0.012862865883626728
0.75,0.0,7.606175285601591e-05,4.7680677207617705e-05,2.3666660412646756e-05,0.00011006665947599359,7.023097655978194e-05,3.5863796747914733e-05
1.0,0.25,0.0002547353246374895,0.00020103907619017924,0.00017575744841424878,0.00042056037680937575,0.00032826114656892,0.00028009365610148773
0.75,0.5,0.0162340484123642,0.013608045938450553,0.01316280319159946,0.017813209249894824,0.014905793312076643,0.014211389683489895
1.0,0.0,0.2750405587435132,0.23045681749242686,0.1801995093473222,0.27189769491359517,0.22757196558570514,0.17728358257098775
0.75,1.0,0.0610475696012186,0.0408555394889174,0.029743162832481573,0.06330587188832393,0.0425164455456466,0.031109023920473322
0.5,0.75,0.06459093983172537,0.048885882216844534,0.034473673687075435,0.04231003275757561,0.03247364795363483,0.023365526155441074
0.75,0.75,0.01453684923439913,0.010574404467348919,0.00876105737458488,0.014410156852150857,0.010479000990162968,0.008666795418603601
0.75,0.25,0.013694896024204262,0.00946259750319367,0.00607341281431073,0.023159613209766783,0.01562484085273419,0.009806359065162584
0.5,1.0,0.09823748419193123,0.07866030651676503,0.057080180088855625,0.07882347498701525,0.06505385636662508,0.04902884293846954
1.0,0.25,0.002645158976810613,0.0017930541915245346,0.0013786960703605633,0.002871111808693927,0.0019043296547264221,0.0014382029708943644
0.75,0.0,1.2531246178171251e-05,9.808021760981944e-06,8.989841138618004e-06,1.3115331362500982e-05,1.0229048990950673e-05,9.351903547782925e-06
0.75,0.5,0.0017803136091975036,0.0012992707697185857,0.0009435360123507541,0.0019217701193332548,0.0014079416058065952,0.001039430403252939
1.0,0.0,0.0006521302949038521,0.0005487832322272901,0.00042597384747733447,0.000729704015017596,0.0006020141464212481,0.0004566505901268947
0.75,0.75,0.005251021080251217,0.003595961402616199,0.0025641941077105823,0.006786569878440285,0.00460803471223914,0.0033033511503746116
0.75,1.0,0.0036413023297570124,0.002441696274173233,0.0016925082750430809,0.0032886299127135032,0.0022198640255719493,0.0015297441300837766
0.5,0.75,0.022693245749476065,0.01650184604200078,0.010268234011625132,0.020200855836036924,0.014704396351388538,0.009247838059871838
1.0,0.25,2.654216271857912e-05,2.485061859647253e-05,2.167624926219247e-05,2.5969895867339332e-05,2.425528599281357e-05,2.0988603898541847e-05
0.75,0.0,0.024704849115133154,0.020806279137949635,0.01933819565071304,0.024456227457163915,0.02045888953270103,0.01884880438433434
0.5,1.0,0.08832185179643082,0.07131651944863737,0.06618616462269966,0.09223763689386599,0.07457998045341396,0.06934871576740798
0.75,0.25,0.000491956913447944,0.00034194772202789103,0.00019794290680785753,0.0005419666490075192,0.0003810074673354924,0.0002264203325857972
0.75,0.5,0.03479994952703458,0.024536969514451945,0.016172393369907168,0.024395798216346076,0.016932529070156188,0.01049250919005762
1.0,0.0,0.010214051156170134,0.006245216617795424,0.0049093337130994286,0.008766048988754216,0.00526359944163568,0.004057693327438772
0.75,0.75,0.001238700104374324,0.0010194931201514823,0.0009219235206874288,0.000964259600821693,0.0007940612039833983,0.0006998139161871197
1.0,0.25,0.010137409739153891,0.007456470545209148,0.0061899320234959365,0.010506311995393869,0.0076914259513838346,0.006359411574339946
0.75,0.0,0.09128687000333413,0.07590439830084772,0.06605617466465974,0.09061276451406641,0.07568634844768884,0.06515189045117298
0.75,1.0,0.0003949299531311734,0.00029904094014099325,0.0002365131476166349,0.0003562537847621172,0.0002679637742185603,0.0002127415958294021
0.5,1.0,0.05683420582760823,0.03618366639633597,0.022928048170810844,0.054199830548178674,0.03400124482444822,0.021230653948049683
0.5,0.75,0.3682453690542078,0.2924999778317592,0.23056270319304129,0.4021176811301237,0.31830085309099687,0.25156558123545414
0.75,0.5,0.017612384053397268,0.013025608897225593,0.010989213259558817,0.018437528578751805,0.013548861199287443,0.01137105087129675
0.75,0.25,0.23366578763582857,0.18548278810845753,0.15836130859278685,0.2033251229473627,0.16129226148100884,0.13906286791983924
0.75,0.75,0.0007622838687875166,0.0005110946856181631,0.00045112661882051874,0.0008176848923890923,0.0005512652890213854,0.0004888639553094487
1.0,0.0,0.12892174591362426,0.08859379648246968,0.07047826045123351,0.1284119779458317,0.08792435216388539,0.06971837578082818
1.0,0.25,0.030269157359986698,0.02490149962824506,0.019562336129809843,0.029967116000570337,0.024778011184065862,0.019565348164169327
0.75,0.0,0.029574730439198227,0.0181579430628378,0.010239216787904959,0.028991588885428854,0.0177110673359564,0.009862090737786544
0.5,1.0,0.029587797394128756,0.02247788510764126,0.017905523094063458,0.0217376864906208,0.016642889491269353,0.013217594498889707
0.75,1.0,0.00256285401365286,0.001842471128078671,0.0011370248212621004,0.002932857939942468,0.002095244105634775,0.0012967285858964672
0.75,0.5,0.10400280323420574,0.0676281849200695,0.045243981709695125,0.11835896973042992,0.0774418924153163,0.0523319187972775
0.5,0.75,0.07724302201724897,0.05276701421261443,0.038579375156587936,0.04664218649500729,0.031713730024997555,0.022074403576708646
0.75,0.75,2.504948534909346e-05,2.1134570266645447e-05,1.5596898216729826e-05,2.1421926741593822e-05,1.8115017187070315e-05,1.32730292019545e-05
1.0,0.0,0.0042104014915052,0.0037000056197020736,0.002751833874217846,0.004132539900030818,0.0036248188939798087,0.002667928224880045
0.75,0.25,0.1978240561938387,0.1484306633076703,0.10424105455189636,0.18996538038942157,0.1427132338700705,0.10037084115339401
0.75,0.0,0.05469061135452413,0.04286477916577536,0.03572269569732467,0.056729592564247144,0.0448334572638871,0.03807581060906351
1.0,0.25,0.0009018560771972828,0.0005380445617508833,0.00035175038305257367,0.0010544997872785622,0.0006132468262537438,0.00038953866194535447
0.5,1.0,0.056001909070466316,0.041682418342296135,0.037180810761949123,0.05541028617053756,0.04121404212775781,0.03665423893013475
0.75,0.5,0.04097789953890718,0.031021791214524752,0.023635301759265426,0.04190627920015921,0.03198924833514749,0.024534524871784535
0.75,0.75,1.679961859513135e-06,1.5827791188804952e-06,1.7303849249028502e-06,9.268451113264575e-07,8.859542374173301e-07,9.534305276392985e-07
0.75,1.0,0.004510428783775944,0.0025918921743164347,0.0012580920837886866,0.004325929629832581,0.002537129706966512,0.001262322079915501
1.0,0.0,7.757415538822698e-07,7.258391091502503e-07,7.342941584775886e-07,1.190569874798264e-06,1.0962088516919266e-06,1.0977403038792133e-06
0.5,0.75,0.003759087281041573,0.0022902324064739688,0.0012652672604899218,0.0035915391585071843,0.0021827429850221902,0.0011999745667806705
0.75,0.25,0.006712887111986698,0.005036361832979619,0.0032285598160897155,0.008516019375612194,0.006361490360793032,0.00409751548575632
0.75,0.0,0.00045501297737160495,0.00042208241590868667,0.0004062679610919995,0.0007807559028961686,0.000714725907822289,0.000699430062875539
1.0,0.25,0.0010341351411299327,0.0009951746413159324,0.0010705117790883456,0.0013204325077302848,0.0012697219916943947,0.0013862462801788045
0.75,0.5,0.04579470320495993,0.03297413426653084,0.029014031755773106,0.04508410719339895,0.03368393646400314,0.031217565459017882
0.5,1.0,0.0014848004540112258,0.0006320616563403325,0.000281126351095784,0.0015971248590405107,0.0007022530271678651,0.00032278113326300595
0.75,0.75,0.00040400183151534375,0.00022637030566730054,0.000161790674799156,0.0003129633713830904,0.0001764759624099943,0.00012485611026802346
1.0,0.0,0.001981031609953776,0.0016971185309537784,0.0016114163883639288,0.0019252448244120313,0.001650999503566064,0.0015609105704410542
0.75,1.0,0.0144822063596739,0.010013822695559171,0.006629962587055727,0.013019722453481819,0.008962226987173194,0.005847755551359857
0.75,0.0,0.19204909071733667,0.15074080712460403,0.11907053336243512,0.21402867096127398,0.1663086161699372,0.12958274922430024
0.5,0.75,0.11611066618720056,0.08891625632217293,0.06790072695611071,0.11093002519413397,0.08520239869323887,0.06519336220651473
1.0,0.25,0.00791284960402483,0.0044823008431905675,0.0032574332511509096,0.006901266634745329,0.00389743410438137,0.0027867804219668946
0.75,0.25,0.023356568845702252,0.017419637278592526,0.012184765087315919,0.026154026710700995,0.01926670992357038,0.013455500289862754
0.75,0.5,0.026925529112211022,0.021323342021246305,0.013961545875736503,0.041126531155591284,0.032821813355011775,0.022443242708426014
0.5,1.0,0.3889925529817557,0.3087116027211092,0.2285442942235878,0.3579804800401044,0.2823869542537123,0.2061956218535026
0.75,0.75,0.04089228782800858,0.03368898197394954,0.025955697030868974,0.03923794511950751,0.03245331835977461,0.02503832236090875
1.0,0.0,1.6983943710857652e-05,1.287369550240225e-05,8.039253341030062e-06,1.5165000764927328e-05,1.1267007736126544e-05,6.7617238329598095e-06
0.75,1.0,0.01938266734257099,0.014199636035391872,0.01206267208216405,0.0177854610364091,0.012946013079862095,0.010851462561726866
0.75,0.0,0.0003197516347919205,0.0002469568370278008,0.00019917147066894625,0.00032229243540449204,0.0002483554488500461,0.00019930840608228806
1.0,0.25,0.003973395962906134,0.002958600044935533,0.0020890670204931627,0.0038816192155248785,0.0028657206721872663,0.0019990057719621035
0.5,0.75,0.08927980952942671,0.06513823417260434,0.04444997599197431,0.08931745762931187,0.0651006252704669,0.04435333112642115
0.75,0.25,0.21096403716449708,0.16567660189972622,0.12378886063511785,0.23416745589745935,0.18756885805038737,0.1460342354070967
0.75,0.5,0.00412807553643213,0.0034609058556344108,0.0037084538199860795,0.0037843889235750217,0.003150038329527982,0.0033181064031582164
0.75,0.75,0.06465761385596103,0.052860856229099196,0.04274817555688337,0.06794931687403771,0.055549483362655416,0.04458507158669267
0.5,1.0,0.5371770735530437,0.39424877083308507,0.2931317731594114,0.5989519406082443,0.45398886094440727,0.34964024561998486
1.0,0.0,0.004438865691996474,0.004472200350217892,0.005094218828535446,0.004327382999449458,0.004356311060658369,0.004944887756030303
0.75,0.0,0.004992624713666238,0.0030741784224832536,0.0024314875356361565,0.0059111098067745615,0.003534012831973188,0.0027046118151199394
0.75,1.0,0.00863764774036413,0.005377160337138864,0.004024006304509831,0.00697578945953059,0.004370739065398421,0.003247614085292616
1.0,0.25,0.0006740207133154597,0.0006640859127963195,0.0006345525988402656,0.0005886563470723916,0.0005808948725206653,0.0005429381029532498
0.75,0.75,0.05467135080840102,0.04045271398538142,0.033968432241017976,0.0490068645549554,0.03575956841010597,0.029683911024733556
0.5,1.0,5.956589131261847e-05,5.1686128109018625e-05,5.279060348351017e-05,5.7382695034080555e-05,4.969796611553612e-05,5.071375411791479e-05
0.75,0.25,0.00016442490101709062,0.00015369581207536065,0.00015736333093296917,0.00010227277875873853,9.381920401840826e-05,9.175978622821823e-05
0.75,0.5,0.014755341000445954,0.011787226783878335,0.0081041217016381,0.016690093649454174,0.013333433686895102,0.009201041200309512
1.0,0.0,5.289646631245759e-05,3.838497914609995e-05,2.9264514542659548e-05,6.785049562019196e-05,4.845671894115888e-05,3.618581944553334e-05
0.5,0.75,0.034274382097065015,0.020280729303303602,0.011993310576966176,0.03543969366073296,0.020929192804818975,0.012388978680133444
0.75,0.0,0.035402893853841655,0.02584527024844452,0.024929430072402337,0.041123910455324375,0.029813220051838396,0.028549288544264084
0.75,0.75,0.0004579078292457073,0.0004125672926770241,0.00042154517245085454,0.00048608173950603906,0.0004427547130043674,0.00045575444947132393
1.0,0.25,0.0006046565701876006,0.0004486358751423225,0.00036781946450881176,0.0006331805704485882,0.00045991688657653906,0.00036541820458113605
0.75,0.5,0.008607025218422382,0.006005537964320684,0.0041993364800735344,0.014933534277791316,0.010174957905762394,0.007101350198578604
0.75,1.0,0.04163286218066231,0.03521161078355406,0.029689927365272206,0.040725930793304,0.0344629024925196,0.02900702121254284
0.5,1.0,0.00012433455360016943,0.00010334742351358894,7.570040526327926e-05,0.00019252569331951186,0.00016727066700306104,0.0001290300463496763
1.0,0.0,2.040229104327551e-05,1.57961622695435e-05,1.6310117633477894e-05,1.7922057769736988e-05,1.3845287065050726e-05,1.4175516321213166e-05
0.75,0.25,0.22231674402641788,0.1616133121652601,0.1111737477111665,0.21002027778359122,0.15094754199615512,0.10294378737610721
0.5,0.75,0.01340922943718037,0.006323787429827754,0.0033414429074465346,0.017202759274201895,0.008111235511438109,0.004347874783660499
0.75,0.0,0.02508327962364576,0.021803481761366594,0.017438775724504585,0.0247873183106746,0.021484372964474474,0.01706913248095865
0.75,0.75,4.8293694458134695e-05,3.054721953055228e-05,2.3440286832654422e-05,4.1295518263151365e-05,2.606894814349836e-05,1.978718552630987e-05
0.75,0.5,0.0690907040664821,0.0417109198903064,0.026437930425040057,0.05491801431740617,0.03231794044880232,0.019830664562517697
1.0,0.25,0.07064733404341794,0.04931556046463881,0.03883870527823341,0.07092948556715539,0.04947606776375779,0.03894243927130081
0.5,1.0,0.011279455029395313,0.008492047210742815,0.007374150496019416,0.00810715442193577,0.0060162778323746835,0.005053549185235928
0.75,1.0,0.06424150388909533,0.04509091376538732,0.036064562779418496,0.06338225049210167,0.04491020245701893,0.03619563690586913
1.0,0.0,0.0003583752329361367,0.00021889471264391336,0.00015128915861506442,0.0005974049479093857,0.0003721299626062713,0.00026778836205965106
0.75,0.25,0.013406024517990112,0.009259926093809212,0.007932712472260128,0.013928905428011396,0.009628279393016026,0.008257622727073421
0.5,0.75,0.19364333937235279,0.1438743034487069,0.09340784763342758,0.22810994522952222,0.1767687685732432,0.12209372122117546
0.75,0.0,0.00015316470316506514,0.000150331578327223,0.00012707668084455115,0.0001914825407842713,0.00018628004958376465,0.00015549061444941614
0.75,0.75,0.0001320870403367369,0.00010893058493821606,8.71701861345775e-05,6.271080825115405e-05,5.241751521112281e-05,4.1591936453366785e-05
0.75,0.5,0.19355657540824744,0.1465092673418782,0.12403206909117714,0.20093058709921063,0.1530978314832665,0.13052572299315357
1.0,0.25,0.00026546044955577663,0.00024877841935821987,0.00027626699529303966,0.00036333237030894416,0.00033939429826834733,0.0003760169308907324
0.5,1.0,0.006562728940483709,0.004445078138677783,0.003953285334826306,0.00611571972938485,0.004058348057655037,0.003695085304290857
1.0,0.0,0.0008980656790797958,0.0008598989538921575,0.0008547902206971214,0.0012386076905693821,0.0011349521032992804,0.0010964989242074896
0.75,1.0,0.10785319087765355,0.09160742501898966,0.07774525202471627,0.0862686967032168,0.07206143519713715,0.05905518626653283
0.75,0.25,0.0053887779830547045,0.003456363996842682,0.0017961760029525653,0.00438575266871033,0.002763761426488709,0.0013905653769079596
0.75,0.5,0.15878980733134018,0.14309214993163344,0.1128289355975245,0.1383071744980584,0.12510086137375653,0.09781289831412276
0.75,0.0,0.00025201014478315464,0.00019172417934110175,0.00017207364411742088,0.00028896201178363334,0.00021860119995098515,0.00019700396726618497
0.5,0.75,0.09159977205749126,0.07040164840939722,0.05681471746232514,0.09869804229617885,0.07516567987751688,0.060407983519137454
0.5,1.0,3.4488484910388806e-05,3.349757251303043e-05,3.3357694699809315e-05,3.3608718846278585e-05,3.262998790876104e-05,3.2427826140768445e-05
1.0,0.25,0.0001453583984143414,0.00012144137837566404,0.00010612714797897382,0.0001397672309035869,0.00011661221200176541,0.00010110327836931887
0.75,0.75,0.5402429494399015,0.4195642740362151,0.30917616094186073,0.47388510955830054,0.3655698974198549,0.26630318300515765
1.0,0.0,1.3428649436875162e-07,1.2516062064538147e-07,1.2066344101668847e-07,1.8749142605134494e-07,1.7544337649333386e-07,1.6989083873042432e-07
0.75,1.0,0.004005793346997799,0.002713535029794989,0.0019471567928293076,0.0034202686766431345,0.0023527640699838592,0.0016979727107520048
0.75,0.5,0.12928203165417884,0.09335873110751058,0.056658425743672636,0.17876813887405985,0.13569164485502538,0.08946523262040151
0.75,0.25,0.01117261043576634,0.010507735059755108,0.009719728960334129,0.010991485934727874,0.010341655705041086,0.009244849664207466
1.0,0.25,0.0004948904928936404,0.0003604052089960508,0.0002457622403908566,0.0004270428542377802,0.000311113460567336,0.0002098594297605949
0.75,0.0,0.08107327189370395,0.055580323587420044,0.03969240799220053,0.09086146068501488,0.0615541220610184,0.043580908151667375
0.5,1.0,0.009347505799912725,0.007533559475900509,0.006580907108197476,0.008916766396699694,0.007096516767630345,0.006061113496582227
0.75,0.75,0.016792243250636663,0.012948182545023834,0.008822760574682897,0.014281889679789606,0.011087782608605101,0.007645512172112623
0.5,0.75,0.17521414901194587,0.1469982957407603,0.12128650232170879,0.16729688774400198,0.1390135844754813,0.11311817826699455
1.0,0.0,0.014049316192291772,0.011140290491628013,0.008620422568960895,0.014418495239176599,0.011424968092872634,0.008819329558814148
0.75,0.0,0.09534426665992934,0.0657033579950137,0.04651510826144545,0.09268881942760787,0.06383717846186565,0.04506022148839717
0.75,0.5,0.0005937248160823305,0.0004881625064452333,0.00030769517549811276,0.0008319812914749924,0.0006917716976326815,0.00044865402842975133
1.0,0.25,0.0012629701942078464,0.0011327735064907696,0.001111443853837546,0.0016028657511800715,0.0014231081742859253,0.0013919871913276038
0.75,1.0,0.0007217369665293294,0.0004676727257511004,0.00029514447961365153,0.0006837788196200068,0.0004441111321338287,0.00027813749729332926
0.75,0.75,0.02255180307802851,0.015602196851432937,0.010883642282684125,0.014585604197357993,0.010361706993762598,0.007218349281283176
0.5,1.0,0.0032825362283384063,0.00239477186042536,0.001755728553716751,0.0028789190252000996,0.0021019869958218695,0.0015330270929508893
0.75,0.25,0.05110221569520024,0.04120354845238883,0.030498825188546963,0.050945516088652165,0.04111727470460913,0.030380933416848332
1.0,0.0,0.14035363028026837,0.09881357338521246,0.07371622189680982,0.14130863036447128,0.09928592310406104,0.07383898848078518
0.5,0.75,0.17503995765824687,0.13528885448717198,0.10636949867626733,0.16120981987921845,0.12361687032858659,0.09604620921500684
0.75,0.0,0.0014193735424041787,0.0009044913892521933,0.0005999196753165847,0.0016167330234326815,0.0010290984908201128,0.0006863954839451125
1.0,0.25,0.12284659008439713,0.09759481189695918,0.0892256099714469,0.12428240158728032,0.09739763583771,0.08751437771364445
0.75,0.5,0.00041186640734458546,0.0002572281623621775,0.0001664267604590819,0.00039679527919389557,0.0002464188684685453,0.00015732988643879509
0.5,1.0,0.017982785110987054,0.012757772922093458,0.009722406628745572,0.012298262826183848,0.008638908035833559,0.0064053543609932095
0.75,1.0,0.16622386935132982,0.1306138992309992,0.09938147653110285,0.1615005095744586,0.12730442105888806,0.09727304061010722
0.75,0.75,0.0008050271129268483,0.0007919273503740332,0.0006508708933945506,0.0006817820656355167,0.0006690398572102296,0.0005434196751115117
0.75,0.25,0.0004740581896081064,0.0005392217640127761,0.000499318077849642,0.0004463324848338335,0.0005069965372743734,0.000465100520193662
1.0,0.0,0.000335514749127408,0.00029182287975260124,0.000289821236506449,0.0004698976167668567,0.0004063554926954094,0.0004028255718458995
0.5,0.75,0.016828764622615844,0.009903930303697295,0.005132143929052813,0.021127907501425014,0.012664095173603118,0.006776089019595144
0.75,0.0,0.013207692645809344,0.010045340543134884,0.007978631655243595,0.014135316406068243,0.01073217036906704,0.008526518261240845
1.0,0.25,0.05248777518119829,0.03737794278996964,0.026331680893203036,0.043121754880503294,0.0314081562137668,0.02215059210163428
0.75,0.5,0.12318360599686096,0.08424592820452437,0.05524882127168396,0.13537607293154985,0.09630850946299063,0.06668530927588834
0.5,1.0,0.06617782202760436,0.045419487011264525,0.034621496748913794,0.06229159952379193,0.04272864593792591,0.03245634182803303
0.75,0.75,0.2413832389184436,0.17407216858206553,0.1437590884786779,0.23451747022668512,0.16690296600705512,0.13492309242767608
1.0,0.0,0.020478688564760206,0.017593137849481244,0.015018101167468823,0.02183118416425378,0.019069210354817345,0.01673777411358468
0.75,1.0,0.00025758281876875344,0.0001606781284472225,0.0001285229514114139,0.00021190669099535597,0.00013213694861502479,0.00010626967440419133
0.75,0.25,0.0007474814501091664,0.0005423327098392772,0.0005141818238320051,0.0008056428037429564,0.0005682897635539419,0.0005261933135678465
0.5,0.75,0.00592719213637638,0.004443005541598599,0.0048228292508503134,0.00832257018268634,0.0064790697726302415,0.0071925857792702885
0.75,0.0,0.004590188858774491,0.0037933463925756694,0.0026449714046592465,0.0055566623417215855,0.004636777064836339,0.0032871503385567546
1.0,0.25,0.0002970324327491447,0.0002608069985685635,0.00023975882545046456,0.0002994985129203265,0.0002633632870792102,0.00024162980334740958
0.75,0.5,6.006512301204303e-06,4.747716877639974e-06,3.584565397174444e-06,6.847405880305857e-06,5.377223208258286e-06,4.091333476230474e-06
0.75,0.75,0.03737330260591909,0.02522289010382206,0.021152749057069653,0.033989460675231675,0.022953473447701045,0.01916873183371237
0.5,1.0,7.9791454176803e-05,6.280320435547715e-05,5.3052485367355295e-05,6.791621525215064e-05,5.4181067076219946e-05,4.637723418987605e-05
1.0,0.0,0.00030086114515448514,0.00023163601499454067,0.00014840950824845933,0.0002807235140906972,0.00021646986413825786,0.0001371909229561652
0.75,1.0,0.00014147969479250122,6.978465946827495e-05,4.0777302187433584e-05,0.00015439156289209777,7.64480738508766e-05,4.48697551483912e-05
0.75,0.25,0.006259075297904482,0.0038550958904751687,0.0030325421419665766,0.006382645075583282,0.0038611860214395888,0.0029637568544921278
0.75,0.0,0.0017950229373960847,0.0015042291753690762,0.0012337990654207598,0.002138077954103035,0.001765061531490586,0.001417935667243353
1.0,0.25,0.0015260212409866636,0.0012000307223610784,0.0011305333952567054,0.0014577295393447542,0.0011419049784455737,0.0010695598263180672
0.5,0.75,0.10030159055886212,0.08553947282117302,0.07009935819750635,0.09683518601342245,0.08349436047840741,0.0690685003266196
0.75,0.5,0.020503939965242024,0.01305790934347728,0.008123735677766808,0.02057860956029589,0.013054139598902892,0.00806204021819168
0.75,0.75,0.0005064632753146725,0.0003453332949651111,0.00024265163490688746,0.0004955016928085421,0.0003370692340014525,0.00023565798822433592
0.5,1.0,0.019749360583125708,0.01368298895469966,0.009350354157306784,0.01854475175042314,0.0128215596939103,0.008702291929005623
1.0,0.0,0.002564448753615056,0.0016141221994823152,0.0011941451450497853,0.002529688718234002,0.0015906898987773088,0.001172951834196967
0.75,1.0,0.014900775714051795,0.010947056149428036,0.009833439043450465,0.013177312351066672,0.009748497203363682,0.008753455199128068
1.0,0.25,0.00984645413134122,0.00845561944548645,0.007185375512795966,0.010142212552050056,0.008714993801702375,0.007427684195286277
0.75,0.5,0.06484332532131742,0.05574568034016958,0.052540816956662795,0.06743488208551773,0.057747946483234225,0.054399720458569445
0.75,0.0,0.03973167776152797,0.027893625755393114,0.019209897182196567,0.03984170740787485,0.02790557568191454,0.019066106343959333
0.75,0.25,0.5070375816039541,0.4382035590037644,0.35811307257319536,0.5730939271709323,0.49809256477597297,0.41369957770332366
0.75,0.75,0.10116677499211402,0.08442059431804672,0.0757076593070316,0.0915645503404453,0.07637046940135306,0.06802377847760988
0.5,1.0,0.017438882692985214,0.010552114986424499,0.007099966760505394,0.014994648072200856,0.009169539006613325,0.00615162643717182
0.5,0.75,0.006639065020652035,0.004912606064245928,0.004454131847883014,0.006303778868096188,0.004674370942270745,0.004299186128884136
1.0,0.0,4.5389617438273966e-05,3.267142563978531e-05,2.3836704520441288e-05,3.429554360989684e-05,2.3880562785572046e-05,1.6105107357278214e-05
0.75,1.0,0.016475044930989502,0.012239509639012103,0.010100251211994982,0.016347263698687664,0.012044357717182486,0.00985698446495098
1.0,0.25,0.14821165418601645,0.10780184200341747,0.09067858782037097,0.15573360653965107,0.11387609846230462,0.09644691868190935
0.75,0.5,0.1649891309434629,0.12368669863521464,0.10368784809982556,0.1532360516817357,0.11557045560629886,0.09799460066609278
0.75,0.0,0.005726674318919711,0.00470428309663995,0.004118608580796934,0.005888667797883995,0.004845697183582409,0.0042516087660624535
0.5,1.0,0.13048579031190466,0.08741323452749716,0.060284101924516054,0.1265015024058389,0.08477887013542373,0.058304038513451895
0.75,0.75,0.10685384920873564,0.08703359656414478,0.07027400732804978,0.06389998792457396,0.051489021713695404,0.039841898357519945
0.75,0.25,0.024124016154051464,0.016209848151758743,0.012012634880631534,0.03228010938868142,0.022098491747000626,0.017060319699132687
1.0,0.0,0.44407424238457993,0.36269964316488756,0.29657988059825624,0.485567210820429,0.40746083183409654,0.34835697874237237
0.5,0.75,0.0010732608311305736,0.0008321177554042603,0.0007361906564888887,0.0010453929926195205,0.0008044827761558571,0.0007077095772529685
1.0,0.25,0.07470711662534346,0.04051981729899956,0.021358123223241487,0.07473243581007527,0.040539198694230505,0.02134972368383703
0.75,1.0,0.00250727812866125,0.0017512658388166846,0.001647602652695479,0.0020355723409980486,0.0014499739473515794,0.0013739917375783506
0.75,0.5,0.0008320592464138299,0.0005968391538176965,0.0003786308503821445,0.0008927770953821579,0.000639860282495297,0.0004069029434365934
0.75,0.0,0.02782244278538859,0.020597181095979078,0.013394001438876701,0.025196084398051655,0.018647906797180203,0.01191967837579011
0.5,1.0,0.012290320983563086,0.010931713568144708,0.00922479299206258,0.012640273835120452,0.011275362649433074,0.009587916964149512
0.75,0.75,4.956187353832853e-05,3.343831722824042e-05,2.1126695889939207e-05,4.914131344868622e-05,3.288843391757723e-05,2.0411768190342627e-05
1.0,0.0,0.00037115881510629833,0.00030455177674015843,0.00029924741604248073,0.0007640643739876829,0.0006164135211346178,0.0005994730768341672
0.75,0.25,0.02359022333082783,0.017281907378518202,0.013367434742283524,0.029665601554015097,0.02219877548877791,0.017813541511673914
0.75,0.5,0.007709792691160233,0.005679938003033458,0.004123703331623707,0.00847512266019812,0.006223670652517499,0.004511346182816234
0.5,0.75,0.03848665171345633,0.029343031690242105,0.023629666525165405,0.026562477886199032,0.02034399800122466,0.016169415198037496
1.0,0.25,0.04109301579880964,0.03022999177131669,0.023992186582092234,0.038824163243842524,0.028241381332438253,0.022066249551040196
0.75,0.0,0.027350140799142997,0.02422126001633018,0.02130998369839121,0.02728842264531761,0.024151085225925017,0.02104547284768865
0.75,1.0,0.007907055988625955,0.005830230965423899,0.0047705477561261755,0.007513192389655421,0.005532823070624415,0.0045055221797840606
0.75,0.75,0.0482366451680557,0.03977899024357412,0.036066301980796966,0.04314934019791017,0.03610632983469042,0.03327523341688454
0.5,1.0,0.002470472684967917,0.0013703225255922158,0.0009333514817291277,0.0024204557186098263,0.0013392749106522217,0.0009070229511370931
1.0,0.0,0.038710557388312083,0.023172158361065676,0.012785133288569561,0.04657162488306543,0.02867574483039248,0.01693862039411176
0.75,0.25,0.026404055425259587,0.01918439931683369,0.014031089171944955,0.028958503500933097,0.020980894187268784,0.015272114473341536
0.75,0.5,0.021507413500059247,0.0172697612007211,0.01579495977658718,0.019423133193773978,0.01560097645417724,0.01432341580168639
1.0,0.25,0.0007221139256398112,0.0006485208692228461,0.0005781953607864043,0.0008786757022951619,0.000789540279429124,0.0007073684093291677
0.75,0.0,0.02937878437099295,0.022217794747276143,0.01519273151083489,0.03133616830902175,0.023746273058552148,0.016324780294327157
0.5,0.75,0.1973961021701146,0.14864904700328996,0.1095293027528772,0.19097336152242883,0.1425482114707406,0.10300762671864849
0.75,1.0,5.9841424142836885e-05,3.776034082481061e-05,3.150039363508661e-05,6.303548835462358e-05,3.936884732425039e-05,3.241379440321879e-05
0.75,0.75,0.0276473129917707,0.020614405754449505,0.015644794947354823,0.03708786680999143,0.0281733981151554,0.02216849727522696
0.5,1.0,0.25748014168769207,0.20823695928005903,0.17738853346375505,0.24428454207553163,0.1940295259243613,0.16212571392096886
1.0,0.0,7.285649014543427e-05,5.24489188677979e-05,4.664219580652329e-05,7.440570834971183e-05,5.358407327826775e-05,4.6756835282213416e-05
1.0,0.25,0.00016231686631584807,0.00014051677429427478,0.00013794291761681787,0.00014006327174787003,0.00012039855071632743,0.00011530162791506537
0.75,0.5,0.032200033769888003,0.024034226065026143,0.020848352737882214,0.023968103771886407,0.01816784927401416,0.01580678956777004
0.75,0.25,0.06514571235493949,0.0460177711592511,0.03645216199139267,0.059192997248010526,0.041723990574460634,0.03283049043246189
0.75,0.0,0.005279161079867256,0.004810671751436013,0.00468225553598467,0.004264810648084705,0.0038644486682282153,0.00370111857556088
0.5,0.75,0.0031594841145756725,0.0023365817309637382,0.001704883520806666,0.002945507283173665,0.002180954355160969,0.0015765902024115208
0.5,1.0,0.003980378115152283,0.0033964525884957464,0.0035576703639086382,0.003252066456556957,0.002766558157494714,0.002882940453337035
0.75,0.75,0.0056325981988591955,0.00577364773279343,0.005540926794004752,0.003388518891004111,0.0034416815057484174,0.0032584348298875243
0.75,1.0,0.04691763343480648,0.030496333531153108,0.018223651648597294,0.034516086016848635,0.02385695853614045,0.015602064462517884
1.0,0.0,0.019709426094651428,0.016969723358952082,0.014198691093140203,0.01955870289914019,0.016832109446989207,0.014057960970511596
0.75,0.5,0.1481252253983747,0.08198831296525766,0.05083594749290432,0.13361070638402783,0.07381544804887441,0.04566506859561725
0.75,0.0,0.0077319255672297915,0.005520561172613125,0.0048532368138256565,0.008427246260322097,0.006033772382962765,0.005337232804119241
0.75,0.25,0.0003299099720671661,0.00026483893791418023,0.00018617959037647847,0.00036767072636934017,0.0003035399624600199,0.00021171351785498338
0.5,1.0,0.7769810420387104,0.7293696752503496,0.6777607199209035,0.7842685484500734,0.7356998505986364,0.6810248582538416
1.0,0.0,0.021169699618010185,0.0158039344490174,0.010641326810652663,0.026614041254923504,0.019933462914552225,0.013520857676346587
0.75,1.0,0.08245648944213657,0.051289847610401784,0.031321680824257014,0.07547603770643163,0.04673073039549469,0.028388822526557167
0.5,0.75,0.17412034902555995,0.1114345351827557,0.06380757150824601,0.17384550366619,0.11165743098620073,0.06420002702499794
0.75,0.75,0.0004334863080801554,0.0002933002921050587,0.00020780692323163485,0.00038733810443258854,0.0002620361065992505,0.00018628720739677362
0.75,0.0,0.04657435336889981,0.04033739497517519,0.042496728788378624,0.049291210724053736,0.042511289811483444,0.04473364485141129
0.75,0.25,0.280270765119234,0.25277898397254295,0.23934996875405434,0.27290890051386274,0.2471282619743902,0.23410547599151865
0.5,1.0,0.3565473841210075,0.2933737741773068,0.2322736803106501,0.3502977160082631,0.2882842036366585,0.22819858535903315
0.75,1.0,0.004003778529129143,0.0030281710963450115,0.0022389137130540693,0.003823249003738205,0.0028610051015827143,0.002120101843498423
1.0,0.0,0.0013686163606236867,0.0010749821281311744,0.0010725204782242592,0.0015035077708587252,0.001178539274177881,0.0011762705012099417
0.5,0.75,0.035836588383474255,0.02448860865122693,0.01695125235919026,0.03663993183068204,0.02465795216828992,0.01674052395123382
0.75,0.0,0.01954486623304863,0.013327947075210789,0.0102724872552179,0.01793833138442158,0.012300688891482059,0.009560913230447499
0.75,0.25,0.0013026584902412486,0.0010813344622799814,0.0011539280411193564,0.0013222907581713628,0.0010858100748909472,0.0011395022985473124
0.5,1.0,0.010910448279144669,0.008419002887600557,0.006455591391559157,0.009316478715866383,0.007231131768835719,0.0055684418630403965
0.75,1.0,0.039100018674080084,0.03244482292883999,0.03140234830003075,0.038164602674079395,0.03080863175718551,0.029098342500097907
0.5,0.75,0.04577448783725324,0.03720531353665857,0.02914815688341954,0.043980370559060455,0.03570779040687633,0.027819075806449822
0.75,0.0,0.03635356460800088,0.02950558821170224,0.018997619926861997,0.03847142574140361,0.03326216347716637,0.022998824216452496
0.75,0.25,0.024263377534755715,0.017302880592347192,0.012286020888167881,0.024843442104411917,0.017477137470002457,0.012309527442570856
0.75,1.0,0.005732920843326106,0.004591892471862202,0.0036645127392740395,0.006388787556038222,0.005058431952261744,0.004009147780865585
0.5,1.0,0.2899194754083445,0.22304993995726152,0.16087236622781098,0.31657607102726426,0.24716620598755445,0.1824479073204841
0.75,0.0,0.05300247678249004,0.03376290587674058,0.02665481731116648,0.05914672486390549,0.03790715905223607,0.030253758079081372
0.75,0.25,0.020981665089359502,0.017272764470665947,0.015334931871053836,0.021758811688749047,0.01758849108628935,0.015350833291143173
0.5,0.75,0.06724660882197797,0.04214890292327644,0.03385734576238464,0.06659931973244682,0.0417907128062166,0.03357222915599789
0.75,1.0,2.6446490843046178e-05,2.2601472120742372e-05,2.0721855971128633e-05,2.7313171755416477e-05,2.313284309951591e-05,2.1020849005459752e-05
0.75,1.0,0.021592870231457062,0.017005966805728967,0.014482298688865858,0.020218659426926466,0.01596055280379094,0.013576037109734873
0.75,0.25,0.002807059574287285,0.002108441080191925,0.0012549391218783512,0.0022657822712317532,0.0016634912962020243,0.0009315099095053014
0.5,0.75,0.0026590897236478117,0.002001100124336963,0.001653856502377038,0.00233768776224752,0.0017528245897239225,0.001428089170754765
0.75,1.0,0.008773574049230515,0.007654647721469399,0.006136835287451126,0.00819591746638948,0.007201258005308908,0.005846657659416499
0.75,0.25,0.027735350909972256,0.02138773129508631,0.016021292611854365,0.029250127782888935,0.02253323503794502,0.016828089301538895
0.5,0.75,0.004469365774431688,0.0028833561383928563,0.002366514477844861,0.004645091859550421,0.0029908737809360986,0.0024526742435437843
0.75,1.0,0.035507135529879386,0.02353646974096313,0.01573365102403579,0.030047433748895513,0.02020453223808305,0.013636806713742566
0.75,0.25,0.0005749807047599198,0.00038395278389047327,0.0002561691128146748,0.00044226676788627906,0.00028949128278621394,0.00018704499379362804
0.5,0.75,0.11824267707387626,0.09680700433339673,0.08332482639761529,0.11135194230789791,0.09148465034318554,0.07894559436243376
0.75,1.0,0.00851083469809466,0.0068766972623663936,0.0055581942887767966,0.007502996559698327,0.006074998106734508,0.004933094596016208
0.75,0.25,0.044217156485018894,0.0314839225643786,0.024645677976721125,0.04509871453040026,0.03210072073397752,0.025017764861324454
0.5,0.75,0.013347020232335138,0.009183797787223447,0.0056597435706069454,0.0152901894116797,0.010354582215819197,0.006338945326210155
0.75,1.0,0.008505796165811597,0.005381566988030162,0.0041009811876269175,0.006219159251437789,0.003958917097680814,0.0030262750189589127
0.75,0.25,0.035946376547543624,0.02439801668614916,0.02098167063906642,0.03388171794471884,0.022649849155252477,0.019248068943296115
0.5,0.75,0.5775090835178125,0.47918532196813657,0.39249881890944815,0.5806815204880269,0.48236578177846023,0.39575207994719186
0.75,0.25,0.14627139444821036,0.1058479438513148,0.07025120157282738,0.15031024853548636,0.10765576282446188,0.0712464367760276
0.75,1.0,0.11981722083693358,0.07221660539849539,0.04277550000236874,0.12873114097978333,0.07666961950671669,0.04389983355817573
0.5,0.75,0.1917413272379187,0.13375978657306375,0.09241362310126944,0.19008936540034171,0.13283721760847844,0.09198478469147964
0.75,0.25,0.07698719929001985,0.06475764024619368,0.051495248978327024,0.07911887135775608,0.06622231616633967,0.05208000563600068
0.75,1.0,0.02595198952495792,0.019397558682079596,0.014599051328247126,0.02260858752583561,0.016643244502384746,0.012397167479974991
0.5,0.75,0.1982657907151879,0.15638788753585875,0.1340194563557855,0.203821269592243,0.16017661834714025,0.13716677155465795
0.75,0.25,0.008237945510885414,0.005422162895179716,0.0032564534275839607,0.003247581639251207,0.002294576582562158,0.0013731820244764492
0.75,1.0,0.11273210078699725,0.0717281167119116,0.053094001643539834,0.11423571184127645,0.07252197528988258,0.05356596810205183
0.5,0.75,0.8226854007144292,0.7145799924983464,0.6072835804703403,0.8431772876398302,0.7303675602537902,0.615651304407303
0.75,0.25,0.034790875973769175,0.029500294704253416,0.023186286581062032,0.030029651338583596,0.025042835584372147,0.018993462791868976
0.75,1.0,0.0023785283398751744,0.0019468931719015536,0.0019629812198103114,0.0028218304112213044,0.0023198189953641535,0.002372108718180388
0.5,0.75,0.024386085818434378,0.012610179742995609,0.00439333059186231,0.026219731452227446,0.013700230405318758,0.0048533375513684085
0.75,1.0,0.00039513288431458626,0.0002153297970375334,0.00014414423652875374,0.00030237398022370243,0.00016810269741196482,0.00011209536307743573
0.75,0.25,0.006559686947864907,0.005117880345137049,0.0037526829206426804,0.006222645070409483,0.004811643819865985,0.0035116050424901513
0.5,0.75,0.018342554262800626,0.01210385158622529,0.007658028305577047,0.018420878007528896,0.012188490390673934,0.00778638410377841
0.75,1.0,4.7380385202133724e-05,3.9873151068126056e-05,2.8437658315061398e-05,4.0595128167009165e-05,3.434585825334846e-05,2.4224890703861135e-05
0.75,0.25,0.02111443542665592,0.015687167930477752,0.009688967229054435,0.027751146482900113,0.02070172161238515,0.012839811928093137
0.5,0.75,0.298277595472217,0.21395945508620207,0.17287812950137127,0.2846633273222793,0.2010721852403904,0.16028711822460195
0.75,1.0,1.9450546710819694e-05,1.5206328103367639e-05,1.6485226850271317e-05,1.5681771044828707e-05,1.214632123580639e-05,1.3036006434319347e-05
0.75,0.25,0.22395530133576447,0.17229391387262805,0.12617496166240094,0.2224962453532553,0.17100676814548743,0.12584439649657297
0.5,0.75,0.006739373492754996,0.005152809543380266,0.0034727739789216505,0.006656949113382549,0.005167738410454037,0.00357514882446075
0.75,0.25,7.844331749939926e-06,3.9554803114016934e-06,2.711939096844418e-06,2.1121819869129865e-05,1.0283553132373058e-05,7.185424667488505e-06
0.75,1.0,0.011757207195071229,0.008205368750846431,0.005909893260289456,0.007611911734758947,0.005364823922203721,0.0038052341876301243
0.5,0.75,0.28116460881124006,0.1914394113589828,0.1349831870879845,0.23723472051102856,0.16220180072846802,0.11435650929811836
0.75,0.25,0.00016409138857897965,0.00014068208182616004,0.00012622841845666422,0.0001742447868079422,0.00015248192481553957,0.00013754845418545436
0.75,1.0,0.2497314498478227,0.16317027713925647,0.09690088457439472,0.23465991033345535,0.15219945107408517,0.08988092008662474
0.5,0.75,0.33470872670446217,0.23341022611913065,0.18961031674260242,0.33259745192835666,0.23158778709863181,0.18782979399019173
0.75,0.25,0.0051992552195522235,0.003281621618018704,0.002253917528351135,0.0062293465864371456,0.003928917252445041,0.0026984836962370418
0.75,1.0,0.00014828468184258092,9.846578114447446e-05,7.429846962825337e-05,0.00014605688410518347,9.7488340109253e-05,7.401336693568794e-05
0.5,0.75,0.0456044649834515,0.032616488137249156,0.025697492114474363,0.04511039464678335,0.03222416858897481,0.025325292154565138
0.75,0.25,0.09458828388959395,0.07336339951778936,0.06215768795345511,0.08873745568960001,0.0690436131518376,0.05847764805521427
0.75,1.0,0.005563019711967598,0.004603796919950609,0.004168902247554729,0.005615007871239808,0.004635347730017836,0.0041835166939449
0.5,0.75,0.01966249344657034,0.012371454468365961,0.005461878343057336,0.019579665210091246,0.01262934576084307,0.005856771590879495
0.75,0.25,0.014110339857480003,0.008723440657553816,0.005505112025277148,0.015463982983377589,0.009526046392207332,0.005926797699867148
0.75,1.0,0.00022154901963333806,0.00018564634703477356,0.00015543426235997693,0.0001518488259826256,0.00012695373475035687,0.0001038148248864168
0.75,1.0,0.22969095864100075,0.18693399881659611,0.15029246587947254,0.22964989114319212,0.18779930458040417,0.1517460288111434
0.75,0.25,0.004228750432566097,0.002589952545559271,0.0019142377288017265,0.0030123691058574487,0.0018254266025292676,0.0013284701344689065
0.5,0.75,0.00650225355212819,0.005097444234312798,0.004195221162900387,0.003490771210839627,0.002731186043734013,0.002171437082478578
0.5,0.75,0.004235948269961876,0.0034673183799203144,0.003116408017767913,0.003441230231548076,0.0028508826634863205,0.002582096271965817
0.75,0.25,0.023059317407716495,0.011995304280809416,0.0066845713303520515,0.019832655396452625,0.010464968352989823,0.005924157598860669
0.75,1.0,0.001964472706877607,0.0014452668427931137,0.0013539622478933033,0.0025434454528836525,0.0018644496999911109,0.0017437316903342603
0.5,0.75,0.10568628819930193,0.08632147971466542,0.08150272627704336,0.09951540586547813,0.08205284189916373,0.07823616048346016
0.75,0.25,0.4496027642865663,0.4073684323428187,0.3642741682276558,0.4469723851180917,0.4023152354839111,0.35585891223081234
0.75,1.0,0.11659930281959519,0.10631872956475918,0.10760128447821304,0.10839783525240643,0.09830023170316649,0.09911150751940578
0.5,0.75,0.2478884758234422,0.19745969269226982,0.1544696614236778,0.22057337550680745,0.17560606751412966,0.13637148731341897
0.75,1.0,0.004961429263880657,0.003966148621778687,0.0034914170544280143,0.0055160949830318495,0.0043918516479639624,0.0038900923879716665
0.75,0.25,0.04351616944111247,0.028827942687004282,0.018818376757585353,0.04317842569356878,0.028578930920482692,0.018623167232377114
0.75,1.0,0.052712529350688486,0.03827758287452432,0.029312868320214625,0.057650481282371824,0.042285403417723355,0.032938687570308045
0.5,0.75,0.1524193071209794,0.13878403770453795,0.12624911894739865,0.1484202168487787,0.136158251208796,0.12506501786326008
0.75,0.25,0.005600440013135755,0.002640219034749758,0.001389583668043537,0.003782141190370125,0.0017478229054725958,0.0008676912951735005
0.75,0.25,0.04094637976564819,0.028330792072046362,0.023037260309269558,0.04388761602595892,0.03006901006031948,0.024418640716949658
0.75,1.0,0.0029602851741352687,0.002019182640349837,0.001402541002514579,0.002757534886613233,0.0018822032098020358,0.0012995302743000758
0.5,0.75,0.12257366476721498,0.07989607800120668,0.05017638249140388,0.07993902323697644,0.051949109643939506,0.0317907701359027
0.75,0.25,0.07933717442238475,0.06360339771138612,0.04719119981951736,0.06260879747728099,0.051009681878130264,0.037597612688317406
0.75,1.0,0.002993992337339102,0.002153004723663421,0.0016203288309470931,0.0033100786223423384,0.002373736423299855,0.0017731967067465826
0.5,0.75,0.37180511043222075,0.2978805901999674,0.2438844636801637,0.36334651798814543,0.2918775255236272,0.23944811113604636
0.75,0.25,0.07007299038653625,0.04991772804057437,0.04518141236632389,0.06920437548650415,0.049250081123288325,0.04450992934774378
0.75,1.0,0.0014211583706429387,0.0011701684135958512,0.0009620628698855382,0.0009117021273981063,0.0007639286285455738,0.0006214328972034
0.5,0.75,0.05588568681150474,0.046924883008261364,0.040519533941277386,0.058056257313306436,0.04880342502427426,0.042151074114214815
0.75,1.0,0.00468803542971552,0.003922450451957493,0.003869515409259172,0.004239553972536836,0.003561310734927936,0.0035190097124200292
0.75,0.25,0.002440080309987658,0.0019005624798886789,0.0018968810673040126,0.0011333035004938985,0.0009195006840636566,0.0009333668297875075
0.5,0.75,0.014016688655457576,0.00965164994020462,0.0075647420968140144,0.012908723887405271,0.008861036181149529,0.00693822964746138
0.75,0.25,0.3544425158689153,0.25365650796688977,0.2276861036931941,0.37454849143401836,0.26876738108635634,0.24228357744958295
0.75,1.0,0.0018215633274856202,0.0012462188060455848,0.0010251677363937173,0.0014923456377913258,0.0010273963790028429,0.0008494314981926099
0.5,0.75,0.020485746119696002,0.015159905659927864,0.012003760611166148,0.017317332267383745,0.012694036925532393,0.009908050999535623
0.75,0.25,0.03210286620073877,0.022672708927882423,0.018750945785732775,0.030308365426089723,0.021280749300312096,0.017433730792176805
0.75,1.0,0.0013861135645709677,0.0010463767763391196,0.0006528357581839783,0.001500575655128067,0.0011661671504277216,0.0007736861266529615
0.5,0.75,0.01171604282601968,0.007358718690496313,0.004668589286112912,0.014292217090212112,0.00910758501778286,0.005974371486033414
0.75,1.0,0.012423872398167557,0.007213726247813357,0.0047749670318574244,0.008361319228167297,0.004966569761098327,0.003312396708218257
0.75,0.25,0.0001447316977610802,0.00013254545726471,0.00010441440873876218,0.00014395878252204675,0.00013183673435812615,0.0001039316122833922
0.5,0.75,0.14715438850251905,0.12210460056639938,0.0986708889667034,0.14813693071424905,0.12252933578486491,0.09922260777327452
0.75,1.0,0.06195680972502027,0.05063888059189037,0.0415432758596328,0.06045608999986918,0.049368839841426815,0.04042982000467643
0.75,0.25,0.00045377373623201045,0.0003281998870439118,0.00019417494768236843,0.000493441302450881,0.0003556635086761073,0.00021078080375880326
0.5,0.75,0.03866436968442566,0.03546071082398716,0.029272539075246184,0.037214216425004,0.03420902090751454,0.028226821819645975
0.75,0.25,0.00011131714997436593,8.452423382476759e-05,7.492819806542705e-05,9.946045751119126e-05,7.549280921703705e-05,6.609723482053909e-05
0.75,1.0,0.1677869165799274,0.10962646472440596,0.07303317903308792,0.12245019541267599,0.0791904050049721,0.051311151465327054
0.5,0.75,0.08311611865630897,0.059571950592470335,0.04900591537292409,0.0668862047169484,0.047450677128112795,0.03925703473673159
0.75,1.0,0.001469526509978003,0.0010711671809691126,0.0010091240129621593,0.0013466828015966659,0.0009963927632650194,0.0009506114958659495
0.75,0.25,0.2441707544814068,0.18826452591666243,0.15315787801123315,0.2555498487267348,0.19611505400740858,0.15828655754770682
0.5,0.75,0.08469835382480828,0.07377306767270064,0.07773162633701891,0.07789496441563704,0.06764601168489703,0.07128097041486492
0.75,0.25,0.13919630032945607,0.09866509704072934,0.07756705853899315,0.18697488986191668,0.13084702270252446,0.10434688630554612
0.5,0.75,0.3010533483695752,0.2585880302498199,0.1961326861707262,0.3198048159056348,0.27589832385415314,0.21128231157943733
0.75,0.25,0.013005226222160826,0.008712658364754877,0.005954414725827251,0.01369609560511953,0.00925358180639746,0.006408355249846398
0.5,0.75,0.01225489673369784,0.007819173737626306,0.005566184174828681,0.007044613620236007,0.004703604742559042,0.003455636408142504
0.5,0.75,0.04411886115975938,0.02748192487951584,0.015711765904809383,0.041416035962263065,0.025973264454429157,0.014969945634832116
0.5,0.75,0.01877038350511573,0.012950667612699918,0.008161180948057734,0.02493792891042812,0.01733631251155532,0.01122665698674763
