0.0,0.0,0.5558606825241625,0.4340893329767944
1.0,0.5,1.6451941460271513e-06,7.987511103646483e-07
1.0,0.75,2.3030581038030462e-05,2.176839655576579e-05
0.0,0.25,0.11692051858282748,0.06834208898771676
0.0,0.5,0.35418613984554315,0.17246690413025922
1.0,1.0,0.07799844011781454,0.036648583160956094
0.25,1.0,0.07738624653222714,0.053776106997446615
0.5,0.0,0.04156782288471772,0.02643676357413627
0.25,0.0,0.21893864675564312,0.11998547428956263
0.0,1.0,0.4249470620372825,0.26726972938050697
0.5,0.25,0.0068134412769943475,0.004482566225925799
0.5,0.5,0.1744459027188231,0.1347612845945716
0.25,0.25,0.7342030712304978,0.5223272497754887
0.25,0.5,0.3889391946505415,0.2533624652718407
0.25,0.75,0.37308004907242487,0.25446691875257554
0.0,0.0,0.5545419228741926,0.2748170999546331
0.0,0.75,0.5889120339960704,0.41784283793348487
0.75,0.5,0.0002389676078345948,7.984735610433447e-05
1.0,0.25,0.03167101205428291,0.03239765554383078
0.5,1.0,0.027317072932350528,0.01716444792227123
1.0,0.0,0.0005970841824197715,0.00017060287656300854
0.75,0.75,0.10384603842940687,0.053007811814268724
0.75,0.0,0.2533691451104303,0.11832495649251984
1.0,0.5,1.2761901925451014e-05,3.105781831935772e-06
1.0,0.75,0.00011715861387773252,0.00010016726084360883
0.75,1.0,0.006021815880557835,0.0031193574985111105
0.0,0.25,0.4274498229311785,0.29881876044608036
0.0,0.5,0.7455479333698016,0.49733389529022287
0.75,0.25,0.020658683713180248,0.0117203776044571
0.5,0.75,0.003109434962329294,0.002319449757033354
1.0,1.0,6.811705167475424e-06,4.592669283431938e-06
0.0,0.0,0.19110770453385695,0.14800531506190495
0.25,1.0,0.035474815732771,0.022911837039170546
0.5,0.0,0.11578796154123516,0.11508576492607991
0.25,0.0,0.20370261286466018,0.08448785979359086
0.0,1.0,0.2756647394962335,0.1528560964471708
0.5,0.25,0.051748999159067055,0.03481432505361948
0.5,0.5,0.007519347189326009,0.0038156799005800712
0.25,0.25,0.23697682604931258,0.12981890263757823
0.25,0.5,0.04119281094494487,0.015743385406155608
0.25,0.75,0.8892656468886175,0.7620074044365127
0.0,0.25,0.21840459402014956,0.12673008235750882
1.0,0.5,0.02268812529011277,0.013540297049440042
1.0,0.75,0.016765255717438143,0.00610151542761983
0.0,0.75,0.7868202103760297,0.6574474077456074
0.0,0.5,0.9067878096717468,0.7315984178349473
0.0,0.0,0.5032989536186658,0.337422613639888
0.75,0.5,0.12681800565101675,0.08762552920391897
1.0,0.25,0.039472083785758394,0.027494548485899828
0.5,1.0,0.10143040176315687,0.05877022501796869
1.0,0.0,0.0010081290478600735,0.0005891123047971902
1.0,1.0,0.00022998233711224447,0.00014581344101816107
0.75,0.75,0.021786368212568852,0.009888700766204073
0.75,0.0,0.09179021495070916,0.05179051730428841
0.5,0.0,0.04980638609609678,0.03913129313954666
0.25,1.0,0.5648263743423602,0.4245731081667957
0.25,0.0,0.4123806642955653,0.23806172692962102
0.0,1.0,0.4218730088867989,0.17553281711122615
0.75,1.0,0.002403395087100635,0.0007791637293170783
0.5,0.25,0.04475434923573751,0.025631524234032144
0.5,0.5,0.4704569517118933,0.2922250847613935
0.0,0.0,0.6250171898353006,0.4011925777390126
0.0,0.25,0.7515811011195489,0.6382446361963395
0.25,0.25,0.8997374810245267,0.7826175969962832
0.25,0.5,0.10218615443061518,0.05410724667915778
0.75,0.25,0.013963733013501511,0.009492613162787045
1.0,0.5,0.17088783055277634,0.06638967061687406
1.0,0.75,0.0057710698226784984,0.0031615006032083004
0.0,0.5,0.040590785749941016,0.026355851222418458
0.5,0.75,0.00453077811787006,0.0020264741712292533
0.25,0.75,0.1777338614787114,0.09509557455523598
0.0,0.75,0.6494695963447641,0.4625792487796151
1.0,1.0,5.445096825873463e-05,3.810290809835859e-05
1.0,0.25,0.0007150024780938624,0.0004886130251120502
0.75,0.5,0.0056936492396109095,0.0016378580910640927
0.0,0.0,0.9804917758989427,0.8545762636523484
0.5,0.0,0.005135055755312035,0.003001550629349037
0.25,1.0,0.11351242157482189,0.07508415073678232
0.5,1.0,0.03056625096942356,0.01366141703702195
0.25,0.0,0.48371656051471235,0.19456678122637183
0.0,0.25,0.9878419397670037,0.7746487111359184
0.0,1.0,0.28159734766752087,0.15537488402115163
1.0,0.5,0.03961964747882896,0.016111611532853898
0.0,0.5,0.784931429777225,0.5702849053883068
1.0,0.0,1.4909132670215541e-05,8.730760726827214e-06
1.0,0.75,0.0001140878529476419,6.145960523196159e-05
0.75,0.75,0.0021485500306230865,0.0017502862688035803
0.5,0.25,0.0019397336881334937,0.0012383316610351525
0.5,0.5,0.2811628894910825,0.12723706344684205
0.75,0.0,0.001225766389088223,0.0009049900908175701
0.25,0.25,0.004091394853477426,0.0017792674577623568
0.25,0.5,0.15027969977842293,0.08437288955627609
0.0,0.0,0.7782186122736272,0.6149965683564242
1.0,1.0,0.14054414021283934,0.0727838886743748
0.25,0.75,0.24271578262694005,0.16079435422056676
0.75,1.0,0.050662223629344694,0.033805312978117286
0.0,0.25,0.751010732099077,0.6178831175524551
0.0,0.5,0.5982805744149687,0.41697330219264606
1.0,0.5,1.4698787991207496e-06,1.1513303621590865e-06
1.0,0.75,0.0008995333560332108,0.0005068434893645835
0.75,0.25,0.16235797243322525,0.07006211960775188
0.0,0.75,0.1863777239889366,0.15011960592120088
0.25,0.0,0.048215398638763896,0.027745265419484078
0.0,1.0,0.4893138582039064,0.3113950239150225
0.5,0.0,0.0765500202568733,0.03568579559886975
0.25,1.0,0.03944866928571433,0.019168751189452937
0.5,0.75,0.18479228963912986,0.10914499975272063
1.0,0.25,0.004058404417331074,0.0024781611638261536
0.75,0.5,0.0002109025874890147,8.762472476619987e-05
0.0,0.0,0.3880296317013505,0.2409080562737289
0.5,0.25,0.632724963955096,0.457902884915002
0.5,0.5,0.20689129014941732,0.12484714990541679
0.5,1.0,0.0001413780359528216,9.99803146247702e-05
0.25,0.5,0.5524377073597679,0.38457464153200305
0.25,0.25,0.4887733423806223,0.378950293789844
0.75,0.75,2.995976343767026e-05,9.86683876647021e-06
1.0,0.0,0.0015936226118875574,0.0013282515450036003
0.0,0.25,0.027671187935934816,0.013768130217257979
0.75,0.0,0.002312695270349052,0.0006263955864032056
0.0,0.5,0.7925840059548068,0.5676991894499831
1.0,1.0,1.8767267903840867e-05,1.1190210163047887e-05
1.0,0.75,1.130953418293501e-05,4.670358416003495e-06
1.0,0.5,0.0001731716913317971,0.00010436191918716808
0.0,0.0,0.45876785468548065,0.30813538490007664
0.25,0.75,0.5264529677177423,0.3265208297760198
0.0,1.0,0.3225130666418152,0.24502781893844205
0.25,0.0,0.19040504349438325,0.13123289108544123
0.5,0.0,0.00020395601489719972,0.00010402971821998896
0.25,1.0,0.1378554068095661,0.03934097714324791
0.0,0.75,0.860747353920081,0.7222199099298878
0.5,0.25,0.16915650856831244,0.11225072857194163
0.5,0.5,0.009448525408176534,0.006848949249107283
1.0,0.25,0.0011429295210196866,0.0009058996884935278
0.25,0.25,0.2756738485033493,0.15359680940861964
0.25,0.5,0.011781651078607736,0.007325556615682682
0.0,0.25,0.4867966892029493,0.3151517088897696
0.75,1.0,0.005376190563189498,0.0027827930350818875
0.0,0.5,0.24132259858597482,0.1514838199375269
0.75,0.5,0.0003503779328914991,0.00017907120210525207
0.0,0.0,0.2029822187790875,0.0912623759238037
1.0,0.5,0.012057618763594569,0.006446869389974186
1.0,0.75,0.0004357378532839906,0.00010908225456107701
0.5,1.0,0.000246876795914841,0.00013167659651558417
0.75,0.25,0.0685456790088097,0.07002753925624083
1.0,1.0,0.002381212534721122,0.0010388641776303276
0.75,0.75,0.06725859291969183,0.047974468337009135
0.5,0.75,0.023897925940066123,0.013755848334732645
1.0,0.0,0.044648252491225504,0.034484207615378404
0.75,0.0,0.01923769534337949,0.007591492853917359
0.25,0.0,0.08789305840575157,0.0640691307469583
0.0,1.0,0.04315280234375529,0.022818184528122565
0.5,0.0,0.2660609411026874,0.16445648400492174
0.25,1.0,0.0008262481354288642,0.000647665420008936
0.25,0.75,0.033230472301042036,0.02024140561436194
0.0,0.0,0.8865588602791697,0.6167551878717599
0.0,0.25,0.608119314800914,0.3688064610382119
0.0,0.5,0.6754423798948731,0.4831859972993826
0.0,0.75,0.281321397858751,0.1680274822159743
0.5,0.25,0.010640641371299386,0.002069798098807807
0.5,0.5,0.09126845147326224,0.05278194691034943
1.0,0.75,0.007386586821493513,0.004125936641509842
1.0,0.5,0.0008160709225528695,0.0003691858556664762
0.25,0.5,0.27095807345057155,0.15387808144715542
0.25,0.25,0.006330864428857774,0.003968759345457484
1.0,1.0,0.013336666365375227,0.007504675791725868
1.0,0.25,0.006439746077150366,0.0029296720834500745
0.75,0.5,6.900720825875339e-07,2.9836340020850116e-07
0.0,0.0,0.38301890263957716,0.2298670781133927
0.5,1.0,0.19031125948044314,0.14894902987527103
0.25,0.0,0.1868521543293733,0.11980643776477895
0.0,1.0,0.1721905729502804,0.08992673500253012
0.75,0.75,0.05018236240119234,0.01931976307572869
1.0,0.0,0.026405644075145562,0.01499394229622908
0.0,0.25,0.029224128263155458,0.015777758236265926
0.5,0.0,0.01834627328096594,0.010460539973292993
0.25,1.0,0.5495949410506868,0.35463525733942813
0.0,0.5,0.645152529580127,0.2884553630620339
0.75,1.0,0.01445038632433393,0.011779162817754929
1.0,0.75,0.0026873393049948735,0.002199989061733909
1.0,0.5,0.0006848961388017383,0.00050426048910579
0.75,0.25,0.13621508475229183,0.04475742756797063
0.25,0.75,0.07140873249648827,0.06137644792327013
0.75,0.0,2.2740867959170075e-05,1.4449298701091351e-05
0.5,0.25,0.0014322370448915933,0.0003398556944931297
0.5,0.5,0.029916481128521966,0.01481040012638657
0.5,0.75,0.0010974635093712326,0.0005804236933820706
0.0,0.0,0.3106462145866249,0.20463429575144476
1.0,1.0,4.782428574046094e-06,2.586713531815832e-06
0.0,0.75,0.944857435731493,0.8469031931167321
0.25,0.5,0.07617856874074569,0.0679679627736991
0.25,0.25,0.032624038806333244,0.01764419315037602
0.0,0.25,0.47229894298137987,0.25420404375482886
0.0,0.5,0.640296606937996,0.483722852480012
1.0,0.25,0.010522227569375375,0.007139930758204294
0.0,1.0,0.31669364695775604,0.15519349076081923
0.25,0.0,0.2724176121624511,0.1974644663244962
1.0,0.75,0.003528508928640761,0.0019358686339030484
1.0,0.5,1.792721970428346e-06,8.96949440387651e-07
0.5,0.0,0.07933194972818103,0.053427731022466673
0.75,0.5,0.08293480141408005,0.05177015263150675
0.0,0.0,0.6445666210597409,0.2853077552315266
0.5,1.0,0.21063947113978976,0.11049181823540777
1.0,0.0,0.0927334142624694,0.06070197089051732
0.75,0.75,0.024981447814007907,0.011889014350475957
1.0,1.0,0.006969723743556644,0.002903984825813888
0.5,0.25,0.08296021371630158,0.046393592027813235
0.5,0.5,0.1028453008923711,0.10016932548478985
0.25,0.75,0.07154295494351248,0.04116263570826861
0.0,0.25,0.2406121274660259,0.15109990065194
0.25,0.25,0.04288278318328864,0.024275661513393443
0.25,0.5,0.005552321864649379,0.00281297854958118
0.0,0.5,0.12456756389949408,0.0707113463039023
0.75,0.0,0.00036197996376219344,0.00032200578099472743
0.0,0.0,0.4296997655341155,0.3003775781751632
0.0,0.75,0.016512943124540325,0.014114517884951883
0.75,1.0,0.007826347094314734,0.006253692693717117
1.0,0.75,0.38246407984504716,0.15212712495903724
1.0,0.5,0.00024492747011051197,0.00020398791877196398
0.75,0.25,0.7295879613206313,0.5427956056500673
0.0,1.0,0.3822007878992615,0.22799468554802005
0.25,0.0,0.22222446247973004,0.1054201587866096
0.5,0.75,0.007669983714026829,0.005285470612181431
0.25,1.0,0.05469212111660682,0.0180876169370614
0.5,0.0,0.14197811886418488,0.07153508015491727
0.75,0.5,0.02060270525618202,0.012118945284178673
1.0,0.25,0.0036417398581143345,0.0032883827866143633
1.0,1.0,4.374131538309456e-06,6.43025056046298e-06
0.0,0.0,0.6312771200091826,0.46449784690880414
0.0,0.25,0.4571225321225675,0.33870260778049255
0.5,1.0,0.1261477155465781,0.04453272352480675
0.0,0.5,0.27281413664903886,0.18073209579161298
1.0,0.0,2.143932920639635e-05,1.4924423773043927e-05
0.5,0.25,0.026490023659069495,0.01493114210283042
0.5,0.5,0.053266183479057094,0.02725767900715359
0.25,0.25,0.035349189227215305,0.01114056032749855
0.25,0.5,0.9935909720747318,0.9435312230598093
0.75,0.75,0.05372779013712492,0.037108942565999836
1.0,0.75,0.01362629137171223,0.00693917124191934
1.0,0.5,0.0009385886942524513,0.0005428808296996657
0.25,0.75,0.3570499031871881,0.23657851199790647
0.0,0.75,0.3340859100604785,0.14093763970750428
0.0,1.0,0.6150630743750053,0.44220439519301236
0.25,0.0,0.1538366077455824,0.07992254708949575
0.0,0.0,0.7659764777257911,0.6257806838139953
0.75,0.0,0.0010868803537011917,0.0007085692115815778
0.5,0.0,0.10085659922661283,0.06045409483770314
0.25,1.0,0.16131746200589547,0.0732674284689413
0.0,0.25,0.5980350466868397,0.4266703569873227
0.0,0.5,0.9020990374102963,0.7828509026150055
1.0,1.0,0.0002663024238963585,0.00010419612915746335
0.75,1.0,0.15072285678793862,0.05819488160874309
1.0,0.75,0.0001229789369595613,6.246447859248327e-05
1.0,0.5,5.731092723726405e-07,4.84876265582912e-07
0.75,0.5,0.10076497804263307,0.057383325563828524
0.5,0.25,0.3101440273264948,0.18600792433732405
0.5,0.5,0.6800778724810865,0.5009658278719479
0.5,0.75,0.01806804341514212,0.009840896674528699
1.0,0.25,0.07145115525623869,0.042194873928757426
0.0,0.0,0.714389384874111,0.4202072810871459
0.25,0.5,0.0067207933765498495,0.005404790701951212
0.25,0.25,0.2632982319546855,0.14369435542341724
0.75,0.25,0.3098166934544775,0.24931341422800235
0.5,1.0,0.025199817364426114,0.01779181433428878
1.0,0.0,0.004213390103457337,0.0034522105395675684
0.25,0.75,0.3200811502611852,0.11611188934700079
0.0,0.25,0.46292193170034757,0.3717542618794035
0.75,0.75,8.395167833152861e-05,5.311753377357231e-05
0.25,0.0,0.7922176626865913,0.6069727890268339
0.0,1.0,0.3086301759492567,0.18576075768011013
0.0,0.5,0.7929585074540941,0.5779001236634715
0.5,0.0,0.08864335170424975,0.06919629017943185
0.25,1.0,0.03316882942765842,0.015279330527891544
0.0,0.75,0.5558490671701954,0.27260251177923545
1.0,1.0,0.007840320089830266,0.0038175440871468513
0.0,0.0,0.12078461495093062,0.08972009082046495
1.0,0.75,0.033278230484626414,0.015381132520404073
1.0,0.5,1.8754107210972037e-05,1.2393698326063074e-05
0.75,0.0,0.002779442913175667,0.0019782331134827746
0.5,0.25,0.11976169486198818,0.0823777260336992
0.5,0.5,1.5875376773832883e-05,1.3459644618074584e-05
0.25,0.5,6.669598175701452e-05,8.565106260294275e-05
0.25,0.25,0.7964149615930689,0.5715985451683421
0.0,0.25,0.32686642853841674,0.11829447334372489
0.75,0.5,0.08611513800960457,0.038560415811777715
0.0,0.5,0.8868840014765331,0.6639640160090122
0.0,0.0,0.7737629876676697,0.5794284943658032
1.0,0.25,5.058278797931415e-06,4.658573560023527e-06
0.0,1.0,0.4102780322132821,0.26688606928900493
0.25,0.0,0.1736695626917213,0.13824643491029676
0.5,1.0,0.08637710997467685,0.0682273963133403
1.0,0.0,2.9981095239661748e-05,2.6444034482375756e-05
0.25,0.75,0.653453283640659,0.3481686753448636
1.0,0.75,0.01205698559256263,0.00785812256513374
0.5,0.0,0.00784229993544261,0.004800177805473815
0.25,1.0,0.2528952020111881,0.10203578257480883
82043
1.0,0.5,0.003651899288374838,0.0036294217365703263
1.0,1.0,0.20759510936675385,0.10947334347969362
0.5,0.75,0.37633092176708327,0.21029775566128328
0.75,0.75,0.024134576554614595,0.020575049594301564
0.75,0.25,0.6964181618168128,0.4255857086638677
0.0,0.75,0.23317981534535015,0.1335071629076824
0.0,0.25,0.28782833745587333,0.15802986087423165
0.0,0.0,0.5149223165476251,0.3515482759261447
0.0,0.5,0.47910776201176863,0.25576627174514566
0.5,0.25,0.026851254268820512,0.012330833268084707
0.5,0.5,0.005325743672252248,0.004779712666996838
0.25,0.5,0.06912887186512084,0.02327844012735647
0.25,0.25,0.40492482783721384,0.2358860157822218
0.75,0.0,0.05577784103559946,0.028750899091037896
1.0,0.75,0.0014747648130235547,0.0006827044353883149
1.0,0.5,0.017986536955920007,0.011156331172663236
0.0,1.0,0.9188562496315675,0.7430793046373413
0.25,0.0,0.0011829668305780583,0.0007599569349201474
0.75,0.5,0.02079312166707248,0.010812871880017005
1.0,1.0,0.0021174767051506116,0.000761846229129115
0.25,1.0,0.3668576074993849,0.2441266293490123
0.5,0.0,0.00014925194513470963,6.471058004842156e-05
0.0,0.0,0.2504719165774417,0.15522251201385462
1.0,0.0,0.03646473864524602,0.02029997168282993
0.5,1.0,0.22070983739357963,0.15563559715838682
1.0,0.25,0.0031228910814092847,0.0022777601871646347
0.25,0.75,0.1693821520811104,0.06562319413527651
0.0,0.25,0.6887569391741725,0.40667581798178176
0.0,0.5,0.3573183305029204,0.19003563198495188
0.0,0.75,0.4782746141621733,0.2880436112428869
0.75,1.0,0.011162440076715963,0.006469869145683593
0.75,0.75,0.0007478505840841088,0.00039596090712312737
0.5,0.25,0.0027823386969522135,0.001680166511975223
0.5,0.5,0.3567294650409828,0.21034312313717962
0.25,0.5,0.057880681405685586,0.042374869694066564
1.0,0.75,0.03508608386351608,0.02869117292801615
0.25,0.25,0.35895101706691057,0.21136094064695987
1.0,0.5,0.003994730863323359,0.002822731175254223
0.0,0.0,0.697998541311684,0.4620675799228354
0.5,0.75,0.020322040659692453,0.011723096518455378
0.75,0.25,0.03722537273538995,0.040114033896359924
0.0,1.0,0.2382425980877403,0.10981122551797884
0.25,0.0,0.3095655653582058,0.2119545649330501
1.0,1.0,3.401818910719889e-05,2.456302049813619e-05
0.0,0.25,0.954660072619515,0.8343432056870004
0.75,0.0,0.05884693522276041,0.031969363290225816
0.5,0.0,0.21029136138762228,0.10831942784594917
0.25,1.0,0.009333717441566858,0.0032987749342275885
0.0,0.5,0.3114970237642898,0.18858648978829073
0.75,0.5,0.0055050459622518755,0.0028403424686228584
0.25,0.75,0.24400798709733262,0.15536699362625572
0.0,0.0,0.5253769539852371,0.34230646803647113
1.0,0.0,0.04489081482837187,0.01674184313355709
1.0,0.75,5.5614876178777806e-06,2.464463147111573e-06
1.0,0.5,0.010560555594511856,0.003948950979731136
0.5,1.0,0.049435642647512434,0.021966041686098503
1.0,0.25,0.00017416202773734568,0.00010847743070629967
0.5,0.25,0.007329716845172696,0.004506040263325906
0.5,0.5,0.0028558497547099826,0.001295351974349046
0.0,0.75,0.5910247187386093,0.4399378880345599
0.25,0.5,0.5517041175937434,0.3256579561222055
0.25,0.25,0.3279194238429466,0.1482807897801226
0.0,0.25,0.7109785554179342,0.5537183342135303
1.0,1.0,0.00028680293613803087,0.00023134880622133203
0.0,1.0,0.13181755173966236,0.032909041976059705
0.25,0.0,0.5273614348755926,0.4156587209148641
0.75,0.75,0.0017433152559871434,0.0011105540931499736
0.0,0.5,0.13054595776534428,0.07075590110134045
0.0,0.0,0.5037786657742408,0.2304176313560773
0.5,0.0,0.2163793378461022,0.130600640142027
0.25,1.0,0.4630850801254437,0.40559922020867323
0.75,1.0,0.02562988310348213,0.006901304058262392
1.0,0.5,0.021521429557002536,0.010858295649463723
1.0,0.75,0.00011813618260714254,7.157609557595368e-05
0.75,0.5,0.00024722964807999404,0.00012202062327437702
0.75,0.25,0.1326792579944951,0.06722643751395874
0.75,0.0,0.11935413306312581,0.06522314849280009
0.5,0.75,0.004253723725535119,0.0017216734696720026
0.25,0.75,0.19205204409152166,0.09148975083422706
0.0,0.25,0.5365828113684019,0.4017296103600466
0.0,0.0,0.42452030679543096,0.2855137719626617
0.5,0.25,0.14952884144299317,0.07990744446364628
0.5,0.5,0.27461003971586184,0.11189229209364626
0.0,0.5,0.8564091226630226,0.6325263466039974
1.0,0.0,0.0014278212455709482,0.0006964726067307803
0.25,0.25,0.5406238839346703,0.3826930996871859
0.25,0.5,0.33916020799995783,0.23139171144231585
0.5,1.0,0.011880889031333552,0.008219027389277711
1.0,1.0,1.8891079545113598e-07,1.3003007903744646e-07
1.0,0.25,0.03255820809841947,0.019507242136928005
0.25,0.0,0.9657735324513386,0.7618980371178824
0.0,1.0,0.3637544350106564,0.25376790578925745
0.0,0.75,0.03743003621996044,0.01740618062089183
0.5,0.0,0.02100090440846869,0.01145331163053842
0.25,1.0,4.2116866378560935e-05,9.532808536771853e-06
1.0,0.5,0.00014368778088114098,0.00016183614194642537
1.0,0.75,0.0002671962709034359,0.00018043717225879607
0.75,0.75,0.002770436897794215,0.0011447150974722708
0.0,0.0,0.545829263622601,0.2989504125669552
0.0,0.25,0.5579463817003156,0.4375980602364139
0.0,0.5,0.07751243758257642,0.0702627379146642
1.0,1.0,0.0008929181210928228,0.0005942246131893647
0.75,0.5,0.4513263866179993,0.2628997746916616
0.25,0.25,0.3221375083959178,0.21984486129902303
0.25,0.5,0.6838651093350161,0.47114147114115434
0.5,0.25,0.3660014857573164,0.28757504811904055
0.5,0.5,0.2396353656561402,0.08505248229336537
0.25,0.75,0.18004020584669234,0.09090789082063833
0.75,0.0,2.1930980741879935e-05,1.7635323463549568e-05
0.75,1.0,0.018208513857068676,0.010803181913020987
0.25,0.0,0.07070381623842548,0.04862674697966651
0.0,1.0,0.3977175637763196,0.21840263609824762
0.0,0.0,0.2757226160146238,0.18496160054652122
1.0,0.5,0.003688790861153479,0.0019180301386663157
1.0,0.75,0.0001448841897396802,0.0001115239958613401
1.0,0.0,8.398337422699242e-05,6.753741118548096e-05
0.5,1.0,0.07766616620035727,0.019697259795992905
1.0,0.25,0.027590639608110923,0.008601314878500466
0.0,0.75,0.30230872880463244,0.24139107050709763
0.75,0.25,0.11067576407872004,0.0739590690727231
0.25,1.0,0.1925675050220328,0.12753608686241857
0.5,0.0,0.5854289557839227,0.36904332943054197
0.5,0.75,0.21470312829514016,0.06678636415082373
0.0,0.25,0.4146716500395613,0.29313913143263326
0.0,0.5,0.610557135064995,0.42185507460220295
1.0,1.0,0.0004651363313099566,0.0004165404059375266
0.0,0.0,0.2610898337540244,0.18954008379373855
0.75,0.75,0.5263383657687803,0.2438986158423826
0.25,0.5,0.4533362783966737,0.3640024972694442
0.25,0.25,0.014401042325705715,0.008627310749774297
1.0,0.75,0.0001522642301434729,6.995884533333996e-05
1.0,0.5,0.13108047724325633,0.08916274517289491
0.5,0.25,3.458888622553946e-05,2.8469680479981108e-05
0.5,0.5,0.05108325680642567,0.025471835338725102
0.75,0.5,0.26047146416348177,0.14308661905748166
0.0,1.0,0.04950553475925534,0.026238569749307827
0.25,0.0,0.2558295058342327,0.1378134329307047
0.25,0.75,0.054184567467008615,0.03706116671748827
0.0,0.25,0.8361221755444963,0.6979261436787434
0.0,0.5,0.658316181697068,0.47810726501916667
0.25,1.0,0.0752823611509178,0.02426435213161726
0.5,0.0,0.018011008514286497,0.00953706085084327
0.75,0.0,0.00691029690142253,0.002931919228123414
0.0,0.0,0.6812189309114047,0.43223186662479607
1.0,0.0,0.060355365238780934,0.04054444047738859
0.0,0.75,0.5741429336056956,0.27150846265699435
0.5,1.0,2.5509648307053823e-06,9.273458123626455e-07
1.0,0.25,0.006186268754216462,0.0034470924501724953
1.0,1.0,0.08310583582661324,0.04477922786115052
0.75,1.0,0.140474159941279,0.09305876967837223
1.0,0.5,2.559227769038941e-05,1.0988170821901733e-05
1.0,0.75,0.011759245176670596,0.006141092348772026
0.25,0.5,0.014901131103643217,0.007905858460915738
0.25,0.25,0.4461672703894808,0.24967771108528247
0.75,0.25,0.4248777766201497,0.2796874092429321
0.5,0.75,0.13426748994423676,0.06682549020772588
0.0,0.25,0.5354957923969432,0.3198742558822456
0.0,0.0,0.06641796701079716,0.04176541074290496
0.5,0.25,0.35199905591598923,0.22684615234353422
0.5,0.5,0.584426727765267,0.38993161244225794
0.0,0.5,0.9540504633943153,0.7553066316959418
0.75,0.75,0.05659606922985305,0.04413505825611519
0.0,1.0,0.11859700743091295,0.061499727696530004
0.25,0.0,0.016946223601063792,0.012303492377292335
0.25,0.75,0.42777760136088316,0.3105305205827801
0.25,1.0,0.47261682043703357,0.27471929279894736
0.5,0.0,0.182513197378932,0.10204783877073342
0.75,0.5,7.136560568810069e-05,5.526047250192789e-05
1.0,1.0,0.03937439180690594,0.018600613984897763
1.0,0.5,0.0021431332115964263,0.0009571382877713308
1.0,0.75,0.09267499106458421,0.051387753937823244
0.0,0.0,0.27405018310822515,0.11813414438365477
0.0,0.75,0.33486416055170287,0.23609395082801043
0.75,0.0,0.012466204206857734,0.004576750104971827
0.0,0.25,0.005352903008273402,0.002654032347828572
1.0,0.0,0.0973669141244422,0.04471982374906247
0.5,1.0,0.07156852760276067,0.040386105071251954
1.0,0.25,0.00010942326951846049,8.141619934154409e-05
0.0,0.5,0.6790059229520474,0.46237684082813557
0.25,0.25,0.5302444989836452,0.38437552333775016
0.25,0.5,0.10295669207469205,0.06004584294447879
0.5,0.25,0.06258569055925911,0.04570511308703573
0.5,0.5,0.045071577194709,0.027745978082266642
0.0,1.0,0.9919446923992239,0.9217400333286931
0.25,0.0,0.1026526643971134,0.06198250429926144
0.0,0.0,0.007749834646990972,0.003951797826822867
0.25,1.0,0.17719767901361716,0.03978026091256126
0.5,0.0,0.034638260808966814,0.02476908008646228
0.75,1.0,0.21546774708519012,0.09131545727000967
1.0,0.75,0.0005971071115794535,0.0003474544131389923
1.0,0.5,0.0042193907004957065,0.0019918800803343517
0.75,0.75,0.08339557794294694,0.05009182900481646
1.0,1.0,0.000674583165955922,0.0002674900700172511
0.25,0.75,0.4178206714682924,0.1650339996831235
0.5,0.25,0.010803835223010427,0.005835925996929392
0.5,0.5,0.007916378452637929,0.005565633169166806
0.25,1.0,0.40829726979258085,0.1444972462473353
0.5,0.0,0.001742241938379352,0.0009705841907126089
1.0,1.0,0.012892460953225271,0.012957025986968795
0.25,0.25,0.042539497160597906,0.03280762639145851
1.0,0.5,0.04394994667165375,0.024353047903139302
1.0,0.75,0.00024876620580505104,8.386207236399379e-05
0.0,0.25,0.9329742744090469,0.7821269392743528
0.0,0.5,0.13361140165814733,0.052520513661364676
0.0,0.0,0.39111554294022155,0.18026992505907646
0.5,0.75,0.16431481639609602,0.10026292290999494
0.75,0.0,2.8489870419257102e-05,1.8881027378792048e-05
0.5,1.0,0.005500741603767678,0.003166199637774536
0.75,0.5,0.1428103647559491,0.09793230180469892
0.75,0.75,0.015397518689319933,0.006295876670631917
0.75,0.25,0.025310245720874258,0.011523988806505958
1.0,0.25,4.336097645940562e-06,2.9132901205874973e-06
1.0,0.0,0.2813972285164055,0.1853562607179302
0.25,0.5,0.5477894125088232,0.39353001511497765
0.0,0.75,0.8503914165121736,0.7357511816579203
0.0,1.0,0.038448885785845155,0.026045853522180362
0.25,0.0,0.18197538742471409,0.10573623664133969
0.75,1.0,0.008322336944907471,0.0023209732239450886
0.0,0.0,0.38855480884863947,0.24099007489893798
1.0,0.75,5.0315170700643286e-05,3.822597433555952e-05
1.0,0.5,0.0004652317641071768,0.00021743386992900682
0.0,0.25,0.9463486054563742,0.8136846098555395
0.0,0.5,0.7144728858601646,0.5640311691861244
1.0,1.0,0.0003018290136989066,0.00015841787113757277
0.25,0.25,0.9494196626596382,0.789279144729401
0.5,0.0,0.01403589898042612,0.012221450398132161
0.25,1.0,0.724462209786589,0.5858989367658769
0.5,0.25,0.3754782759056914,0.24264527387410428
0.5,0.5,0.21924887477947552,0.12591371494718984
0.25,0.5,0.23563764864005,0.17594300294216803
0.25,0.75,0.1470093536726862,0.09660764638551067
0.0,1.0,0.9176093550330565,0.8121804274772247
0.25,0.0,0.06234900699263779,0.022628595547409702
0.0,0.0,0.5260343819870277,0.38179136122675417
0.0,0.75,0.5717326402131423,0.3036081080084425
0.75,0.5,0.060172708113089834,0.044796130047495275
1.0,0.25,0.0003002733294477089,0.00022443905658953156
0.5,1.0,0.016416942587263783,0.010263389204443252
1.0,0.0,5.416007361969122e-05,5.6966516073897466e-05
0.75,0.75,0.13022720674087152,0.08541703648931642
0.75,0.0,0.0006700005879367588,0.00044822601372707105
1.0,0.75,0.0006371852459351457,0.00045067548711785754
1.0,0.5,8.367584244384219e-06,3.5642433343641144e-06
0.0,0.25,0.5908167563699889,0.45122605387437253
0.75,1.0,0.06487799605312983,0.04130750128214
0.0,0.5,0.5810758339079264,0.318220873652719
0.75,0.25,0.46512727859192804,0.2575752521155378
0.5,0.75,0.1914466004060933,0.12326267282381109
1.0,1.0,0.010872757112076803,0.004589869540090219
0.25,0.25,0.02157665854326507,0.008650338887614684
0.5,0.0,0.2990051118711661,0.1617177867189311
0.25,1.0,0.19246458980647985,0.07360684307666543
0.0,0.0,0.013425554069942391,0.011633467686094412
0.25,0.5,0.015423721432065607,0.013704061184350413
0.5,0.25,0.22453949513175508,0.18332928958386696
0.5,0.5,0.02248532157781169,0.01424347114456992
0.0,1.0,0.8911098137823574,0.6726851363819826
0.25,0.0,0.005685557651969986,0.003821128357159198
0.25,0.75,0.00973446516119636,0.004109385146063849
1.0,0.75,7.720518222509298e-07,6.469974989098404e-07
1.0,0.5,2.6861543472422866e-05,1.255867058125304e-05
0.0,0.25,0.4840069417574825,0.26373658274852785
0.0,0.5,0.2724925927573425,0.16242854926874817
0.0,0.75,0.6048274558742972,0.4776192919704745
0.75,0.5,0.141261729876618,0.05548427931141364
0.0,0.0,0.3903443817128416,0.3244079288575542
1.0,0.25,0.05063026292731154,0.03708142178653029
0.5,1.0,0.013175348335760173,0.012837830997208033
1.0,1.0,0.008061155880051518,0.0037311381143043665
1.0,0.0,0.00024367450028006665,0.00011336798817551674
0.75,0.75,0.0022869995154755074,0.0006864067786409578
0.25,0.25,0.4371486570060531,0.28322557677496174
0.75,0.0,0.025811641921959172,0.01612093503552503
0.25,0.5,0.00046739519731353596,0.00026537758561862024
0.5,0.0,0.0026506578830871597,0.0014239250337653164
0.25,1.0,0.18725016077090073,0.09254844323416367
0.5,0.25,0.2294026647306212,0.08552355939562861
0.5,0.5,0.23173116543919126,0.10393334427154932
0.0,0.25,0.49194684705256353,0.26125676902533557
0.0,0.0,0.2679976076388858,0.12380123901072282
1.0,0.75,0.002153918528826848,0.0009509893419230586
0.25,0.0,0.11556447958595861,0.060894673901358276
1.0,0.5,0.020087638056319523,0.007983898615123275
0.0,1.0,0.7432219727288509,0.5701878584538154
0.0,0.5,0.2679878863663362,0.11565662142539224
0.5,0.75,0.0016884601517926923,0.001022365691968674
0.75,1.0,0.019928299941609162,0.0072662982302791335
0.75,0.25,0.007218099774310982,0.006661848057267217
0.25,0.75,0.12236490713466841,0.06880056901476506
1.0,1.0,0.143656990830907,0.09006730490730153
0.0,0.75,0.8386517602325587,0.6320502983978047
0.25,0.25,0.768134641132975,0.5938025748525881
0.25,0.5,0.1593760027399681,0.10063548311778192
0.75,0.5,0.017205512738291295,0.008476995903381579
0.0,0.0,0.9506626610176014,0.7918422704357617
1.0,0.25,0.04956884924214788,0.03311040859773673
0.5,1.0,0.11443488528404311,0.05648490366927761
0.5,0.0,0.21429273105504731,0.11281450712820984
0.25,1.0,0.460633136509369,0.34314095944654
0.0,0.25,0.9805059680138779,0.892112443223531
1.0,0.0,0.039215974689814415,0.017709950069128122
0.0,0.5,0.4313326091224785,0.2537035938666077
1.0,0.75,1.9417054837878034e-05,9.385266617201182e-06
1.0,0.5,0.0001443482301658472,0.00012102114517231755
0.5,0.25,0.0010091288152297428,0.0006185366068576226
0.75,0.75,0.04136812340100304,0.01902850483966323
0.5,0.5,0.08190017407790862,0.03684957218126206
0.75,0.0,0.001060817290034155,0.0002906708583819695
0.25,0.0,0.019267152706710977,0.008974151907902184
0.0,1.0,0.4609937547705554,0.279421615327653
1.0,1.0,3.36786292076674e-06,1.742253286418638e-06
0.0,0.0,0.6575138360765564,0.5032651686204435
0.25,0.75,0.2823762476339312,0.1837646463478575
0.25,0.25,0.052250672429037914,0.019025670532153982
0.0,0.75,0.03475796119625252,0.009304572638217379
0.25,0.5,0.003839319667470975,0.0024098970891754945
0.0,0.25,0.8586067992402642,0.6973565218777167
0.0,0.5,0.46414595082326604,0.3017469104194046
1.0,0.75,3.4657344618604924e-06,2.4578548480924667e-06
1.0,0.5,0.02017667271862056,0.01747178983785158
0.5,0.0,0.02874264901959278,0.012183557102147358
0.25,1.0,0.06762203563156444,0.03222065010558861
0.75,0.25,0.05964945561242141,0.03549559470182029
0.5,0.75,0.1478134143473312,0.11243777653825049
0.75,1.0,0.0017854285349928611,0.0010857245956317207
0.75,0.5,0.15519927458657423,0.13834647924008248
0.0,0.0,0.6245944491123269,0.4718359717586684
0.5,0.25,0.028422358659934477,0.016664714888179777
0.5,0.5,0.15019201266282334,0.08901267330609508
1.0,0.25,5.355692946906743e-07,3.733722290233388e-07
0.5,1.0,0.0990836687455543,0.0454373821817049
0.25,0.0,0.46767069590581467,0.3372365270295714
0.0,1.0,0.2967841065219179,0.1410406709545552
1.0,0.0,0.002208852639211889,0.00148390103727003
1.0,1.0,0.005022345878189394,0.0008120800191753208
0.75,0.75,0.009124972137580345,0.0029777957728424065
0.75,0.0,0.019745291556476086,0.010644541419836395
0.0,0.25,0.35434833346537886,0.2127292412954408
0.0,0.5,0.6112389496697531,0.3825472263215438
0.25,0.25,0.024247562619444052,0.009525953629260009
1.0,0.75,0.0007188852139139446,0.0004464531707024655
1.0,0.5,0.17207825557062706,0.10209764648378028
0.25,0.5,0.06949086280542516,0.029495572023916283
0.0,0.0,0.24445074360792673,0.16217303455481247
0.25,0.75,0.08731253097506209,0.06518963336901651
0.0,0.75,0.34315976112684987,0.31986810957830847
0.5,0.0,0.0309536576716265,0.018538652915871423
0.25,1.0,0.7382704218712065,0.5253016326052572
0.5,0.25,0.08154730693691792,0.05157412581090903
0.5,0.5,0.021479712348341007,0.011184707001770322
1.0,1.0,0.019829445889706365,0.014499399411046054
0.0,1.0,0.6072838110263663,0.39035196095717317
0.25,0.0,0.2462495509405217,0.13437093295125713
0.0,0.0,0.011605003034174,0.00950910542815786
0.75,0.5,0.09701863040294234,0.04857254657235954
0.0,0.25,0.29616056792116263,0.15651228225489155
0.0,0.5,0.6008389233395366,0.324432701053349
1.0,0.25,0.0006931483287084816,0.0004896113501168253
0.5,1.0,0.011900879151378274,0.008243543916084395
1.0,0.5,6.70006499048359e-06,5.093145562184986e-06
1.0,0.75,0.06495234341291878,0.032266666060076
0.5,0.75,0.029704652055477232,0.005912458901363493
1.0,0.0,0.00015184589478756116,9.248460274691173e-05
0.25,0.25,0.510008134085173,0.2964229612897754
0.75,1.0,0.388567968626767,0.28011211942419867
0.75,0.75,0.004689070521935457,0.003064942594578013
0.25,0.5,0.4209456322360513,0.27506372083594155
0.75,0.25,0.008222913379386187,0.006673267566449592
0.75,0.0,0.0422476619401817,0.016966888546411374
0.5,0.0,0.4923002818217004,0.29213376004644864
0.25,1.0,0.033936749664531196,0.005411007506480159
0.25,0.75,0.8589983818299383,0.533430846422061
0.0,0.0,0.5103318309859074,0.31108164513262104
0.0,0.75,0.19719656844046496,0.1451891309254817
0.5,0.25,0.45598046511985835,0.19890480462373172
0.5,0.5,0.0147332793451187,0.00474283666135511
1.0,1.0,0.0008336574196364799,0.0005284624857042619
0.0,0.25,0.8169196721892784,0.6561624969967983
0.0,0.5,0.5597944169397947,0.3447588882157172
1.0,0.5,2.063471175350884e-05,1.1660160813775633e-05
1.0,0.75,0.008745351796264567,0.004161072387073084
0.0,1.0,0.7850222950594083,0.5906192725271877
0.25,0.0,0.17797821075049947,0.08456996760252378
0.25,0.25,0.07679855709075523,0.058662220528184594
0.0,0.0,0.7178944494663362,0.6064503626645599
0.75,0.5,0.006287343012776336,0.0030874546685697446
0.25,0.5,0.012137663948670996,0.0037315370888917343
0.5,1.0,0.6359804989214312,0.5222006276583786
1.0,0.25,0.15862887715431562,0.10911063635147378
1.0,0.0,0.12739735385742623,0.09223259733731393
0.5,0.0,0.21731759651901417,0.13890003482259816
0.25,1.0,0.028931555464443814,0.02102471290191832
0.0,0.25,0.028268516804106913,0.016231751856612853
0.0,0.5,0.9341757504995527,0.8356384817612014
0.75,0.75,3.262142102000709e-07,1.8563631831725047e-07
1.0,1.0,0.01777610713809752,0.014048899949677507
1.0,0.75,0.00980805573775334,0.003497997979865497
1.0,0.5,0.004564219752394072,0.0030730102738044662
0.25,0.75,0.6058728514426764,0.38737992175291724
0.5,0.25,0.007707085258585655,0.004366816708479604
0.5,0.5,0.4675441826163349,0.3034047748828814
0.75,0.0,0.04057326093637226,0.024938287366427336
0.0,0.0,0.5742899515018687,0.38037976590779354
0.0,0.75,0.12628869841286827,0.08630135286363161
0.5,0.75,0.00482521325372931,0.0038758627495663056
0.75,1.0,0.0011747723530394216,0.0007116511139484416
0.75,0.25,0.3273327130473882,0.21521198853729473
0.25,0.0,0.04411071108166631,0.031968573920554855
0.0,1.0,0.573494820345599,0.371893025095529
0.25,0.25,0.40269531677294623,0.2790533467036552
0.25,0.5,0.47210282515949453,0.26275372378040074
0.0,0.25,0.9928251129103949,0.9068422317158288
0.0,0.5,0.5952720889251819,0.34366083369937706
0.5,0.0,0.6452313267767187,0.44938771982342973
0.0,0.0,0.8497275602028336,0.6756680953609643
0.75,0.5,0.038671339372704505,0.027582167607095642
0.25,1.0,0.1255973124222165,0.0901673034845979
1.0,0.5,0.01578873904669087,0.01053381346782023
1.0,0.75,0.00024715714838552394,0.00013362405587424853
0.5,1.0,0.007558398878291239,0.005339995018406096
1.0,1.0,0.0963622930313528,0.061638339194053704
1.0,0.25,0.22377774874671696,0.12434534552902399
1.0,0.0,4.589661021070501e-05,3.0179936744145763e-05
0.5,0.25,0.018122597272347107,0.00901912926434123
0.5,0.5,0.004820333237335106,0.0026055074485096252
0.75,0.75,0.08409137903403319,0.04115110730485849
0.25,0.75,0.12676013773566663,0.05579771095457797
0.0,0.75,0.40516201302002675,0.24287552993685113
0.25,0.0,0.40630650495726384,0.30392575700375324
0.0,1.0,0.3935339437856772,0.2564890819539154
0.0,0.0,0.728824805125503,0.5058914074696341
0.25,0.25,0.4718287154719095,0.33069805765947535
0.25,0.5,0.718346795933931,0.49834228584078655
0.0,0.25,0.7594283822057394,0.5128364138480972
0.0,0.5,0.6928889922531138,0.5518033608576318
0.75,0.0,0.06005495738972777,0.029955203866407376
1.0,0.75,0.0004397705463456969,0.00036591828743304244
1.0,0.5,0.013005969745580659,0.009581731658752202
0.5,0.0,0.13824430113628994,0.11206130452611751
0.5,0.75,0.03756236285207937,0.02367630772443996
0.25,1.0,0.13152155784635688,0.08533098330288635
1.0,1.0,0.012060593852539436,0.00345590696128395
0.75,1.0,0.30086502090652223,0.2138876225800561
0.75,0.25,0.04506874765704949,0.02611741460992345
0.75,0.5,0.0036374079334516862,0.0018854442898990076
0.0,0.0,0.9225812884462652,0.812325162102262
0.5,0.25,0.04551215670623354,0.01985325244713143
0.5,0.5,0.18594762447009194,0.0905405792265116
0.5,1.0,0.0029068136735621586,0.001596802393725838
1.0,0.0,7.845885506418959e-05,4.853765718659808e-05
1.0,0.25,0.001271944840967043,0.00028852523815747766
0.0,0.5,0.39119215607439906,0.28574818815581127
0.0,0.25,0.17542304079802462,0.10773972744462013
0.25,0.0,0.19731929421508743,0.11346131986204644
0.0,1.0,0.7934235684852871,0.6320869884722927
0.25,0.75,0.42158780184023703,0.2692907590491249
0.25,0.25,0.14366797522271402,0.07063881631193125
0.25,0.5,0.8455892564273018,0.6219671657517185
1.0,0.75,0.00038068614206154816,0.00018271285374305002
1.0,0.5,0.030690610012030328,0.024274349855124555
0.0,0.75,0.5315278875264193,0.2997813794212667
0.75,0.75,0.00010393559305521549,3.524152842260264e-05
0.0,0.0,0.8284749453925799,0.5842882572384871
0.5,0.0,0.31384584583628305,0.219714086416829
1.0,1.0,0.0002401896864250297,0.0001581785738496988
0.25,1.0,0.01558250591046395,0.008550974232127473
0.75,0.0,0.004691563266280063,0.0021518481975870696
0.0,0.25,0.6561143774934065,0.5175311426937848
0.0,0.5,0.8333176461440901,0.6146068495984173
0.5,0.25,0.02075200850785275,0.009050192568228588
0.5,0.5,0.06852849417588924,0.042960493137982
0.75,0.5,0.0008185236051221345,0.0003941884084670555
1.0,0.75,0.02737484385937916,0.020376584663888142
1.0,0.5,0.00113740474479318,0.0009359076505570663
0.5,0.75,0.5259573003051153,0.2949461174458089
0.0,0.0,0.37686064774583095,0.12714294940405502
0.25,0.0,0.09320072116465505,0.062274071705370915
0.0,1.0,0.7337086577384113,0.6132020834199473
0.75,1.0,0.04774468133553911,0.024835677454892235
0.75,0.25,5.411941036048695e-05,3.452858185726271e-05
0.25,0.5,0.30098599159885564,0.18550307819262513
0.25,0.25,0.11771425479495301,0.051536585723703676
0.5,1.0,0.021456999345194294,0.012023587748792308
1.0,0.0,0.01828409944556897,0.008983253216377829
0.25,0.75,0.7824293665238354,0.49904242052970493
1.0,0.25,0.0009887275487742153,0.0003421295724139739
1.0,1.0,0.0028102234738989207,0.0017466044931624403
0.0,0.75,0.16156231036990543,0.11163391033508185
0.5,0.0,0.35569755163668804,0.2524102567767261
0.25,1.0,0.012415367753945916,0.0038367617302320633
0.75,0.75,0.042135321411116755,0.027967360535833374
0.0,0.5,0.949340367830096,0.823554237630766
0.0,0.25,0.5034110775482508,0.2468523726841072
1.0,0.5,2.08477039260746e-05,2.246833154073702e-05
1.0,0.75,0.00215187082403423,0.0007156762788542714
0.75,0.0,0.07306799396310071,0.0304815260146708
0.5,0.25,0.2561934862819928,0.1544632264720759
0.5,0.5,0.7586108535016797,0.534001261913469
0.0,0.0,0.5363388332174883,0.3855029520602399
0.25,0.0,0.20465799077120195,0.10666667979224065
0.0,1.0,0.5093499270730607,0.37096476244612786
0.25,0.25,0.46969325808483386,0.27636271291366965
0.25,0.5,0.8510670758858024,0.6278258237711583
0.75,0.5,0.025613723864305493,0.011651234455156811
1.0,1.0,4.952063248353511e-08,2.4323051350805258e-08
0.25,1.0,0.5015455363080581,0.301331780358585
0.5,0.0,0.24608480855895842,0.07163819648517555
1.0,0.5,0.000629075110532451,0.000511433145569451
1.0,0.0,0.0012330027777250896,0.0007444986626775618
0.0,0.5,0.610832601286298,0.39865609929463164
0.0,0.25,0.47673587407871965,0.3043717167752763
0.5,1.0,0.2635919571931914,0.2006923793848896
0.25,0.75,0.033956082735676185,0.021060707795628297
0.75,0.25,0.00833794570688795,0.004305945042454518
0.0,0.0,0.46613436089747107,0.28959500853747566
1.0,0.25,1.3954464138432598e-05,7.497683937485178e-06
0.5,0.75,0.28210548100585753,0.20719781513751856
0.75,1.0,0.0015467612931777674,0.00067757117621281
0.75,0.75,0.05938981371387131,0.040637833316855554
0.5,0.25,0.00488053491777829,0.0034754397846323837
0.5,0.5,0.026400642462551582,0.019373875963283882
0.0,1.0,0.5339309363305076,0.26234279985853615
0.25,0.0,0.338807132140994,0.19975907418844518
0.25,0.25,0.5767504110218393,0.4425130126025847
0.25,0.5,0.07398469378736006,0.052694983750064095
1.0,1.0,0.0005549962862035906,0.00032005491386843943
1.0,0.5,0.00040461727018170635,0.00014656488907671683
1.0,0.75,0.0012816433794223814,0.0004319287085415846
0.0,0.5,0.939742668851316,0.7477603393578363
0.0,0.0,0.6461309702365652,0.32712402642406924
0.0,0.25,0.3043368351654221,0.18365290122132805
0.75,0.0,0.0023526916386548136,0.0014022868326788451
0.25,1.0,0.30070208706965607,0.17782362340884839
0.5,0.0,0.1424975613501731,0.07200140859395887
0.75,0.5,0.0013832050581933375,0.0010638471685284756
0.25,0.75,0.40640975915024447,0.19972737421419906
1.0,0.0,4.125085184880639e-05,1.9461020852817867e-05
0.0,0.75,0.12939907978722842,0.10075935745162712
0.5,1.0,0.317089619345883,0.16519968237697447
0.0,0.0,0.8812794227146405,0.6472331527072773
0.5,0.25,0.5247538051842102,0.27403982632229495
1.0,0.25,0.007079791736743113,0.004449789113835201
0.25,0.0,0.05788970547278005,0.03197270484460679
0.5,0.5,0.18781180083866067,0.09739210157593958
0.0,1.0,0.38919734647516224,0.28436295949574386
1.0,0.5,0.001830581439919765,0.000858771275113579
0.0,0.5,0.8631413909868815,0.5698523136999191
1.0,0.75,0.02019316939042648,0.010702235169807173
1.0,1.0,0.03437566773362566,0.01601452118533464
0.0,0.25,0.34074491108288063,0.1564702830124357
0.25,0.25,0.8645956445452722,0.6673195178926767
0.25,0.5,0.10603302077113352,0.04881984781873161
0.75,0.75,0.004720415681484402,0.0020253591990020414
0.75,0.25,0.01583487185970678,0.012650651414349068
0.75,1.0,0.003158146979702958,0.0020997032130026794
0.5,0.75,0.33077247505936924,0.1951703083594556
0.25,1.0,0.005947045664566497,0.0018068726762763276
0.5,0.0,0.10238992210847919,0.02187561773668323
0.0,0.0,0.39033304829525906,0.2811275874214919
0.75,0.0,1.2596484396776297e-05,8.801856362872229e-06
0.75,0.5,0.006994907227625191,0.003445226909211785
0.25,0.75,0.17486879518928733,0.07279058312619913
0.0,0.75,0.4447992869206915,0.2294191621712366
1.0,0.5,0.040320366507194394,0.02235144113212839
0.0,0.5,0.6089523277029039,0.38781496123750636
0.0,0.25,0.9295304311192093,0.7483638489870714
1.0,0.75,0.0017621185553625685,0.0007798101263113422
1.0,0.0,0.00011136892693541789,4.240176551761898e-05
0.5,0.25,0.1386766461035568,0.07167975303083396
1.0,1.0,0.06353423232227495,0.0507380933313456
0.5,0.5,0.037578632062824524,0.02614052799892841
0.5,1.0,4.800684187444837e-05,2.6792223782101665e-05
0.0,1.0,0.2741996691689077,0.20069797953979196
0.25,0.0,0.20515773171609442,0.1304938108583279
0.25,0.25,0.050823253867010254,0.03416923594890664
0.25,0.5,0.33119351144057885,0.22299656677383883
0.0,0.0,0.6859702816005324,0.3764887004444313
1.0,0.25,0.022186967576166672,0.01813009907764518
0.5,0.0,0.008628086558085446,0.003918579067097694
0.25,1.0,0.30336365357323214,0.224365656914709
0.75,0.75,7.83388028539056e-05,2.9985224640149966e-05
1.0,0.5,0.27680988242628723,0.1662398124504566
0.0,0.5,0.4768419396873399,0.3521967991022168
0.0,0.25,0.5993334747196659,0.5476124090784581
1.0,0.75,0.027403250215591535,0.018504079034787457
0.0,0.0,0.6024090475458705,0.4884626786876104
0.75,0.25,0.3264492026534893,0.14497194276173608
0.75,1.0,0.4021160411309882,0.21717234946298092
0.75,0.5,0.0011208244518330357,0.0006507525731608288
1.0,1.0,0.0007813539419994076,0.00041791771679622336
0.5,0.25,0.027869876619621703,0.011974879535305627
0.75,0.0,0.11114916040716594,0.07058253340538878
0.0,0.75,0.19534835468953227,0.07448851443041593
0.5,0.75,0.009107196937845452,0.005786976455360859
0.25,0.75,0.6495018584007785,0.46905965356535173
0.5,0.5,0.48046396249118606,0.3144750313871807
0.0,1.0,0.9207193049698141,0.726275845453237
0.25,0.0,0.3665852051415187,0.23178426881178327
0.25,0.5,0.006753295869324605,0.0037376733588765365
0.25,0.25,0.9812679303644397,0.8327392012505634
1.0,0.0,0.00754516194493382,0.0034276466173646103
0.5,1.0,0.01993596860489255,0.010447544625144745
1.0,0.5,4.016673581963559e-06,4.817990081562584e-06
0.5,0.0,0.052172988708276136,0.03300231075822402
0.0,0.0,0.45428844195422213,0.3001740717738678
0.25,1.0,0.12397552076622365,0.056868028188112874
0.0,0.5,0.782760635670967,0.5472654811884332
0.0,0.25,0.3146687026480668,0.23518514824040326
1.0,0.75,7.973534543659344e-05,4.36809561066287e-05
1.0,0.25,0.0008930609370347842,0.0003474250710200355
1.0,1.0,0.0004079623080247563,0.00016199269750027945
0.75,0.75,4.886520627622737e-05,2.711852299386308e-05
0.5,0.25,0.10888674155047173,0.037327757003030815
0.0,0.0,0.9174541539222457,0.8259094746457118
0.5,0.5,0.007516225660637366,0.007058863253315728
0.25,0.0,0.08173015006237949,0.06828919017352653
0.25,0.25,0.042733701285820436,0.023131343386137537
0.25,0.5,0.07955366299007804,0.060336839921678265
0.0,1.0,0.23379290851652157,0.1826899639753491
0.75,0.5,0.037732384459512325,0.023408511933878717
0.25,0.75,0.42812886603785794,0.2878720344022927
1.0,0.5,0.020349124016138087,0.010439673663118265
0.0,0.75,0.34822519240951977,0.1631641548343622
0.0,0.5,0.40979783463883024,0.21719816276581505
0.0,0.25,0.3301831347987888,0.21009760613761974
1.0,0.75,7.95901773176233e-05,2.14047715121346e-05
0.75,0.0,0.10369318364291236,0.06988193650832764
0.25,1.0,0.002280945172594695,0.0015609172728163756
0.5,0.0,0.05939694486065583,0.03221214396956684
1.0,0.0,0.00964124412878864,0.005870268503297749
0.75,0.25,0.008743435586497261,0.00653624928215113
0.5,1.0,0.27695929454865253,0.1592298922648211
0.75,1.0,8.153218058937206e-05,4.204309916500115e-05
0.5,0.75,7.659395111048184e-06,4.448280865210208e-06
0.0,0.0,0.14015325963551872,0.05407889907603114
1.0,1.0,0.0003422805303203713,0.00028105051204874165
1.0,0.25,4.744925913380271e-05,3.8807196242274244e-05
0.5,0.25,0.07086501216142205,0.026437460093235776
1.0,0.5,0.0010965115805883219,0.0008090245969327725
0.0,0.5,0.2812547802623242,0.14893722311521718
0.0,0.25,0.7637489690128099,0.5822450888981477
1.0,0.75,0.005559194809268919,0.002894071060703496
0.5,0.5,0.013644139276839606,0.009024876205871002
0.25,0.25,0.8210926749957148,0.6116955343354841
0.25,0.5,0.8162078342489225,0.6504557465523968
0.0,1.0,0.49377710714980105,0.39923490758698843
0.25,0.0,0.2834606352226813,0.17050232864236325
0.75,0.75,0.02300281101078394,0.009025792248927855
0.25,0.75,0.04719572705530417,0.029043652376600892
0.0,0.75,0.8377595985687241,0.5481494857640723
0.0,0.0,0.39865016857018565,0.33583391553487396
0.75,0.5,0.0068528670212503195,0.005132031896468714
0.5,0.0,0.03840521545750275,0.029352316273507872
0.25,1.0,0.589105129317516,0.3258033349935723
1.0,1.0,1.4983117178735128e-05,1.87870595507178e-05
0.75,0.0,0.0029487849272785693,0.0017929264808098644
1.0,0.0,0.012119695749458925,0.00842135941667288
1.0,0.5,0.06738062544357104,0.029331778811327203
0.0,0.5,0.6822517826492966,0.46910091905587337
0.0,0.25,0.13467077469631938,0.07012506911901639
1.0,0.75,0.019760605951691268,0.013646133021548046
0.5,1.0,0.039207798976873764,0.03283587718261949
0.5,0.25,0.19720319931634278,0.13824737522815456
0.0,0.0,0.6280566402686348,0.4832616647400223
0.5,0.5,0.08936662911113502,0.04991718174573856
0.25,0.5,0.012624316483332398,0.008393985475974253
0.25,0.25,0.046663533842134064,0.02760643061566448
0.0,1.0,0.24694687474526156,0.13128061009049152
0.25,0.0,0.002746656844796469,0.002036062715419673
0.75,0.25,3.50540070537253e-05,1.6846561353034417e-05
1.0,0.25,0.0012606401830580483,0.0006143208357956009
0.5,0.75,0.004462900030339445,0.003406234528256835
0.75,1.0,0.030747301426633622,0.019446500777316356
0.0,0.75,0.3159779247812353,0.23974486400567163
0.25,1.0,0.05100854737432381,0.023534597921638367
0.5,0.0,0.769621641600598,0.6148668171329974
0.25,0.75,0.14140734955814704,0.08131672818991831
1.0,1.0,0.0010055424109348676,0.0005623455571097669
0.75,0.75,0.02078428673546595,0.00973930583351812
1.0,0.5,0.08339356841296264,0.058880215695362614
0.0,0.0,0.57945588243533,0.45853797615531655
0.75,0.5,0.0009474412373721153,0.0005145407827857884
0.0,0.5,0.164734831297226,0.1274693546057677
0.0,0.25,0.5457811555248314,0.2809677872349906
1.0,0.75,0.1658745477278767,0.07885783429968785
1.0,0.0,0.0011777716764973523,0.0008652266624297189
0.5,0.25,0.6083386040799272,0.32033885887259284
0.75,0.0,0.0019970931000374836,0.001269064477875892
0.25,0.5,0.5189455921978734,0.42947550641014476
0.5,0.5,0.001765400505409298,0.0012261292347066632
0.25,0.25,0.0004813738851983107,0.00037778175178737605
0.5,1.0,0.07504132853174683,0.021649831188962798
0.0,1.0,0.3480526311051855,0.24028216843210926
0.25,0.0,0.34485857545296517,0.24554861781809023
0.0,0.0,0.3659422427120138,0.24662425700701385
1.0,0.5,0.000828788200842423,0.0005411234675307686
0.0,0.5,0.39633612944206176,0.2631355874753474
1.0,1.0,1.8647334859567266e-06,1.6757683332091489e-06
1.0,0.75,0.016394991893025734,0.012346926575082406
0.0,0.25,0.26609532664230173,0.14309028294352855
0.25,1.0,0.09081420895162584,0.06323788909196348
0.5,0.0,0.28742368762236103,0.17820020432269057
0.0,0.75,0.015671781172468036,0.010604432185181034
1.0,0.25,0.14834209582376534,0.040709126682612284
0.25,0.75,0.7943762645857179,0.5509896109528203
0.75,0.25,0.09925587345837017,0.055338898366563916
0.75,0.5,5.963302175637786e-05,3.1631604530346635e-05
0.75,0.75,0.15858644030378022,0.06707005895318396
0.75,1.0,0.008073815912810978,0.0038497881465018313
0.0,0.0,0.4378240348727872,0.30893180819503097
0.5,0.75,0.6202415563704027,0.39627423173708554
0.5,0.25,0.011278095283846046,0.008802682513902482
0.25,0.5,0.4829426447087575,0.3438637675767433
0.25,0.25,0.46802626036601536,0.2560427312125485
0.5,0.5,0.1432203061704863,0.08987489835485107
0.0,1.0,0.9283677055209874,0.6584924436259895
0.25,0.0,0.005113855558400493,0.002710081553766397
1.0,0.5,0.0017973867732468118,0.001096877252861339
1.0,0.0,0.0158996329874197,0.008911082884197508
1.0,0.75,0.003994631248673164,0.0017689408836805143
0.0,0.5,0.8160434837370749,0.6797517416191194
0.0,0.25,0.44832219372506976,0.21200356185376434
1.0,1.0,0.0006171290013383679,0.00030377291695882214
0.75,0.0,0.0027645307569512667,0.001977587683975046
0.5,1.0,0.0032220882156173136,0.0008508126298393259
0.5,0.0,0.25626896082987727,0.11587675270023401
0.25,1.0,0.33850475547318826,0.18894784729675096
0.0,0.0,0.7586925055962794,0.618122871069099
0.0,0.75,0.8124146581050016,0.6849822227076967
0.25,0.75,0.654792538800054,0.46472512613131634
1.0,0.25,0.0030815698688828608,0.0014801910431607723
1.0,0.5,0.061167041976430525,0.02806317746074416
0.5,0.25,4.139446237694244e-05,2.8771900027146913e-05
1.0,0.75,0.0017801565357492555,0.0008272369602151386
0.0,0.5,0.46078906470744674,0.3292293198317585
0.0,0.25,0.7660955387540407,0.5893368204116118
0.25,0.5,0.19881565958446312,0.1322470831013407
0.25,0.25,0.16141359827235424,0.08490968787675013
0.5,0.5,0.001963387124574112,0.001401513683932265
0.75,0.5,0.12527145408095008,0.07879909836461108
0.0,0.0,0.5374023695303185,0.4092001032809931
0.75,0.75,0.2677293796026111,0.19716581988621518
0.25,0.0,0.11074023414756418,0.06051531380389519
0.0,1.0,0.17119178919860023,0.07332825806672338
1.0,1.0,0.0008135923700507419,0.000644247092478567
0.75,0.25,0.0037053897245340472,0.002967565191749899
0.5,0.75,0.002943787266825648,0.0017563570442504783
1.0,0.0,0.003258428895900778,0.0028246655634007745
0.25,1.0,0.04015252964098326,0.03135738494233786
0.5,0.0,0.1533643278760689,0.056071485650715736
0.75,1.0,0.021847689207102783,0.017630952549980816
0.5,1.0,0.29391738865875205,0.15949561367172782
1.0,0.5,0.001871633380395088,0.0009019426435308286
0.75,0.0,0.05047778343977949,0.03843561118836947
0.0,0.0,0.2096639106208914,0.15944072294705125
1.0,0.75,0.0010403986678936272,0.0006525650102777725
0.0,0.5,0.5094133397288347,0.3083762334211243
0.0,0.25,0.1263733536884789,0.05936656662567863
0.25,0.75,0.07141017682872663,0.044216266485118116
0.0,0.75,0.22082881745324523,0.1468922733955781
0.5,0.25,0.036071853913520746,0.019678304109212563
0.25,0.5,0.02110825139285666,0.010783443362125333
0.25,0.25,0.5223669911258138,0.2921551563863418
0.5,0.5,0.09575760994489335,0.06461094400293232
1.0,1.0,5.389047408477232e-05,1.4695458123159533e-05
1.0,0.25,0.0001334903126720688,4.608998267008335e-05
0.0,1.0,0.3740951359861575,0.211262467234703
0.25,0.0,0.5509675447050678,0.3315324244404688
0.75,0.5,0.6837768829877704,0.44728427917381974
0.0,0.0,0.7737613314039762,0.5692424938513935
0.25,1.0,0.3163533504424384,0.15423144879368067
0.5,0.0,0.03920282984480228,0.03344692934430937
0.75,0.75,0.007994837924963583,0.003963759104776532
1.0,0.5,0.012647548489179594,0.0071215007985588885
1.0,0.75,0.015799393462578193,0.005858600625865185
0.0,0.5,0.7872705707569705,0.5351117256745217
0.0,0.25,0.7959110135577415,0.534480310095463
1.0,0.0,0.0024154956221995594,0.0014001651021867678
0.5,1.0,0.1071099516330648,0.07165861663614914
0.25,0.25,0.00050766427656046,0.0003814292433370614
0.5,0.25,0.06426300752866188,0.033882362108274
0.25,0.5,0.0374971920581153,0.029130748446887234
0.0,0.75,0.6441125067025979,0.40158148232749946
0.75,0.25,0.12756125517095196,0.060799513988085474
0.5,0.75,0.1221998716507805,0.04814133354925343
1.0,1.0,0.0005805433004106852,0.00030537509097916526
0.0,0.0,0.817260737843212,0.5548747715398374
0.75,0.0,0.004017013942356762,0.002197527700976476
0.25,0.75,0.002249158286973918,0.001090197737161902
0.5,0.5,0.09366782587336264,0.06003269403315392
0.75,1.0,0.00025435318919042604,0.0001753685585155207
0.25,0.0,0.0034280535084891817,0.0016726193627921715
0.0,1.0,0.9714326650566613,0.86351345103224
1.0,0.5,0.04188058820055374,0.031523435522401666
1.0,0.75,0.017163545797312163,0.010009091931573177
0.0,0.25,0.11499751083687193,0.07730670521535865
0.0,0.5,0.6400209179662136,0.3754908567337565
0.25,1.0,0.10607757664315676,0.05906096875601252
1.0,0.25,0.07892355839556664,0.05996180831787945
0.5,0.0,0.7333333762928755,0.6074335038910523
0.75,0.5,0.2242280076526446,0.11574334184731472
0.0,0.0,0.6846723199701262,0.4999270661803976
0.75,0.75,0.15574513497549536,0.06234853742826063
1.0,0.0,0.01077470943712544,0.0049375537230740285
1.0,1.0,0.00324084385880985,0.0016830348183216604
0.5,0.25,0.05363834715789839,0.039370464579633224
0.25,0.5,0.05556762492144074,0.02888308488090585
0.25,0.25,0.04413447370265389,0.026008543822779062
0.5,0.5,0.04618190265426436,0.01984103654465308
1.0,0.5,1.6544798352446932e-06,2.26236938516422e-06
1.0,0.75,0.031187609594655274,0.010159744297616902
0.5,1.0,0.002267995172039461,0.0012350292096257043
0.25,0.75,0.0947612634737025,0.034321380068223606
0.0,0.25,0.007194454481001977,0.00598337621033429
0.0,0.5,0.5987275147553792,0.42704435192720835
0.0,0.75,0.06400367703764576,0.04110481487399742
0.25,0.0,0.05512293855526429,0.03925048155873867
0.0,1.0,0.8954735052773277,0.5187559400290958
0.0,0.0,0.13364311750713453,0.09518078339916158
0.75,0.0,0.002594525837279593,0.00143531217522197
0.25,1.0,0.31817336829419285,0.16545353776862026
0.5,0.0,0.22674626724743197,0.13163038173841968
0.5,0.75,0.02438677107003373,0.012986896625247213
1.0,0.25,0.0038843848752971866,0.0023426604223284464
0.75,0.5,0.000952746107909852,0.00050769233036152
1.0,1.0,0.001423058608275185,0.0004358345142423392
1.0,0.5,0.026806638711879494,0.015043897053390931
0.5,0.25,0.010346511435711858,0.006528064307669723
0.75,1.0,0.0034162943355309228,0.0019102676678278696
0.0,0.0,0.6347104597409765,0.4255986656953097
1.0,0.75,3.822429315958331e-06,5.07463280774445e-06
0.25,0.5,0.29901591904220504,0.12608563694552088
0.25,0.25,0.07108293698445345,0.04671272965031148
0.5,0.5,0.004811029402132627,0.00196813609377966
0.0,0.25,0.5209056908901175,0.34642867752812
0.0,0.5,0.7375007596044462,0.48732669765226944
0.75,0.75,3.949120707580356e-05,1.8642878791941264e-05
1.0,0.0,0.00047349179826317034,0.00018343367930762078
0.25,0.0,0.19245948907439636,0.11329351262946297
0.0,1.0,0.22348674881808273,0.1281506370682719
0.25,0.75,0.16869275765962255,0.1026635641210839
0.0,0.75,0.030996235654031645,0.017473019290688452
0.5,1.0,0.20967432640961614,0.11654309892002379
0.5,0.0,0.00226610057855825,0.0006508251079528904
0.25,1.0,0.842737772594901,0.6979769614680508
0.0,0.0,0.22826307466546814,0.1621643387508369
1.0,0.5,0.01444700595927717,0.004125154040018342
1.0,1.0,4.855162758388154e-06,2.9002589806426116e-06
1.0,0.75,0.020358126832539902,0.011087164329922072
0.75,0.0,0.019073861606762388,0.015516236760338087
0.0,0.5,0.7605233811863656,0.5897648385887944
0.0,0.25,0.26879974361656034,0.08650150818024704
0.5,0.25,0.22677718802473645,0.13549524736145768
0.5,0.5,0.27661484920714874,0.17101464907762454
0.25,0.5,0.8304722528841941,0.5510390575842109
0.25,0.25,0.15286645812732247,0.07419165062493627
1.0,0.25,0.004521223635925886,0.0032669022062485897
0.75,0.5,0.15831636995659382,0.10452645182468523
0.0,0.0,0.6241457825889904,0.4498017259897704
0.25,0.0,0.6454611334147335,0.4788010622293304
0.0,1.0,0.741716204130049,0.4708370302973556
0.75,0.75,0.0010775553294619655,0.0005779268772234669
0.5,0.75,0.12227433119677056,0.0381913046788418
0.75,0.25,0.013865704873146534,0.009035816374258099
1.0,0.0,0.0006564893060371224,0.0004557011055759119
1.0,0.5,0.012086412267036883,0.001331600035362146
0.25,0.75,0.18256940460174864,0.09964860490945338
1.0,0.75,0.03982927298993255,0.01591048507121573
0.75,1.0,1.7696400337330331e-06,1.317369194842044e-06
0.5,0.0,0.07395964626738338,0.02908503235999782
0.25,1.0,0.2580844625972609,0.18182217974916004
0.0,0.75,0.7350859894038897,0.4686280816745946
0.0,0.5,0.021160502788044377,0.009268899659426344
1.0,1.0,8.654982171307779e-05,3.9772750206945595e-05
0.0,0.25,0.5962676237065554,0.3893166389682814
0.5,1.0,0.06588782600784149,0.03738135291686928
0.5,0.25,0.018655512140966723,0.013961763105546865
0.0,0.0,0.017604837694028874,0.008814046504426742
0.5,0.5,0.0012371068146210806,0.0008158952943981834
0.25,0.5,0.11212302879378888,0.06246551735406558
0.25,0.25,0.018705392010922806,0.012039660525022366
0.75,0.0,0.09811975630270031,0.08833750791381523
0.75,0.5,0.0016049665939414925,0.0005674993190405431
1.0,0.5,0.1204790402380872,0.05439972864591858
0.0,1.0,0.31286944816103146,0.20609164325830076
0.25,0.0,0.5194075246838168,0.2301459942319477
1.0,0.25,0.01882587316944684,0.010248389776722266
1.0,0.75,0.002068587630906338,0.0012776566531547129
0.0,0.5,0.3052740901634243,0.19021056405804782
0.0,0.25,0.6122757416252942,0.4628908744028354
0.0,0.0,0.7385746499607999,0.6382678889549257
1.0,1.0,0.0042016051356629225,0.0015182864652639738
1.0,0.0,8.085670375335141e-05,7.48048395685652e-05
0.5,0.0,0.15281899739898885,0.07869063716039781
0.25,1.0,0.00027952429649236166,0.00020300383945515144
0.75,0.75,0.00017809211359542942,0.00015235068609698033
0.25,0.75,0.9298682228564727,0.708748648392638
0.0,0.75,0.29965234274874675,0.2059860488783708
0.5,0.25,0.0026625756961025093,0.0010858978254094653
0.5,0.5,0.04759168619448162,0.037822749372325326
0.25,0.5,0.7532049014368785,0.48191651321132756
0.25,0.25,0.09305192032083642,0.06755737020177288
0.5,1.0,0.02608381794111414,0.01243538390193033
0.5,0.75,0.09345809108702685,0.060564878542977096
0.75,0.25,0.005311216685522702,0.002726203850673903
1.0,0.5,0.006550430515002592,0.00215901773952365
1.0,0.75,0.008524579410735367,0.0056247893194208975
0.0,0.0,0.49593908888064386,0.3320805336529896
0.0,0.25,0.39779736051505254,0.3249290639203072
0.0,0.5,0.7367792146486181,0.5502589083666851
0.75,1.0,3.415937511896949e-05,1.5411504206142013e-05
0.0,1.0,0.392915456386158,0.2672468033852716
0.25,0.0,0.006886937814073013,0.004154432466220825
0.75,0.0,0.0005854309800736868,0.0002940148546823895
1.0,1.0,0.0006346594833754882,0.0003902126815459317
0.75,0.5,0.007327117876940625,0.003225628337834463
1.0,0.25,0.0003105324804052456,0.0003241313367504661
0.5,0.0,0.24542295158087835,0.1607689878817492
0.25,1.0,0.16339386505937037,0.08180936496772029
0.5,0.25,0.5372019040130449,0.3019652150332761
0.0,0.0,0.12887451474795408,0.05932347155006357
1.0,0.0,0.027854634770394737,0.016019406987772378
0.5,0.5,0.5364182160649882,0.29272971273181225
1.0,0.5,0.08286244531823184,0.0650320132815767
0.25,0.75,0.029784110259129193,0.015046057647474465
0.25,0.5,0.16680497729241495,0.10336145414078945
1.0,0.75,0.0004246346857452732,0.00020477129722862308
0.25,0.25,0.07549233510979403,0.03719229247865874
0.75,0.75,0.005553531173442261,0.004282217492171503
0.0,0.75,0.2358553164138547,0.12772220056880568
0.0,0.5,0.7046430494262451,0.4820954530323842
0.0,0.25,0.4350129482263705,0.31185715176492745
0.5,1.0,0.09336840363630439,0.050350643151422014
1.0,1.0,0.0006602084339707437,0.00039873797598044547
0.0,1.0,0.8868897428516691,0.7495550022261899
0.25,0.0,0.7550216203036639,0.5262235336563132
0.0,0.0,0.6966690596772042,0.4393545973025008
0.5,0.75,7.461974777211999e-05,3.7703938482014365e-05
1.0,0.5,3.3516833672364577e-05,1.278295651285788e-05
1.0,0.75,0.11522158864457044,0.06545045059173038
0.5,0.25,0.07234192074015489,0.04592220886329512
0.75,0.5,0.017203837471204353,0.010058236902044992
0.75,0.25,0.08001610566178852,0.03297682407842917
0.25,1.0,0.02941257700416333,0.011424613613870926
0.5,0.0,0.19648833320093528,0.15602301371982552
0.75,0.0,0.19706901539365385,0.10991964559071676
0.5,0.5,0.3215033022580369,0.16215753585162962
0.0,0.5,0.4376975942588812,0.29639694058799226
0.0,0.25,0.8740608038372147,0.7464475356353026
1.0,0.25,0.021569656193692444,0.011217988249392352
0.25,0.5,0.1543520409545195,0.1058470649341674
0.25,0.25,0.03753581520588645,0.02974211611971067
0.75,1.0,0.0033920273504687293,0.002003722083181003
0.25,0.75,0.022616750974424837,0.008228689959658753
0.0,0.0,0.15034414441034472,0.10726933735229816
0.0,0.75,0.4982820255825865,0.26456829342233346
1.0,0.0,0.0023906865531126975,0.0008188437734183429
0.75,0.75,0.05523628610883502,0.04221780909342909
1.0,1.0,0.0027596241920782028,0.0011319612930806855
0.0,1.0,0.7975600997089292,0.6341237450278718
0.25,0.0,0.7701304147195048,0.5512171512429404
1.0,0.5,0.00011463411838563697,7.285287024805243e-05
1.0,0.75,4.792004806519756e-06,3.783308542670838e-06
0.5,1.0,0.20744267784488268,0.1158857198973906
0.0,0.5,0.9918889247207059,0.9259140561874315
0.0,0.25,0.5439515515642197,0.37424952890506724
0.5,0.25,0.17683067724824786,0.10424634675991551
0.0,0.0,0.24181156699596684,0.13237561849783752
0.5,0.5,0.00558622938117137,0.003148588141314912
0.5,0.0,0.020142201200504584,0.012383372241050017
0.25,1.0,0.051280214341890895,0.023328640801419165
0.25,0.5,0.68174189116996,0.4271834175110818
0.25,0.25,0.6732347762172579,0.42922595366410776
0.75,0.5,7.754898342504646e-05,2.7338821620648268e-05
1.0,0.25,0.002704912383254987,0.0006447584509843285
0.25,0.75,0.10661755140852325,0.024887117192113006
1.0,1.0,0.0002347178078195844,8.800170978862099e-05
0.75,0.0,8.214803027306594e-05,4.3568430567630934e-05
0.0,0.75,0.7712728023665494,0.5253330174699684
1.0,0.5,0.018521427220280606,0.006933667764566165
1.0,0.75,0.0281492160226815,0.012304553204913748
0.75,0.25,0.07183230817492903,0.047289333600556316
0.5,0.75,0.005973689263531146,0.002712004577622662
0.0,0.0,0.9209429418230975,0.6867187297038476
0.0,1.0,0.17626151509497257,0.09916233097407912
0.25,0.0,0.4367765299623322,0.29418298943236665
0.0,0.5,0.8879742110494862,0.7808998982714909
0.0,0.25,0.685748226575819,0.5234289855317977
1.0,0.0,0.021879122519228744,0.010027260137127847
0.75,0.75,0.014258819449979976,0.005475051173979839
0.75,1.0,0.07203556200385108,0.04943476316672635
0.5,0.25,0.0005479530702127144,0.0003423114513705361
0.5,0.5,0.008707375484352964,0.005892060337716165
0.5,1.0,0.02955219772647355,0.020055750378794368
0.25,1.0,0.8025934858454349,0.5378820842311721
0.5,0.0,0.1358470822912976,0.07281228232771952
0.25,0.25,0.0013904767158343656,0.0010911417811729773
0.25,0.5,0.8447355499129405,0.5511640188352933
0.0,0.0,0.8592656133763049,0.6291067609891063
1.0,1.0,6.877366397650686e-05,2.3158110852739e-05
1.0,0.5,0.0048143284455595126,0.0016325216054524638
1.0,0.75,0.0007240425775179027,0.0007024285603761671
0.75,0.5,0.010471450995034326,0.005485073007472585
0.0,0.25,0.5503742892084591,0.4361704768377703
0.0,0.5,0.23230208382588047,0.15936115348482927
1.0,0.25,0.0006570618589478716,0.0003304555823419042
0.25,0.75,0.1039621794139085,0.057798047910990635
0.0,0.75,0.8948543106743149,0.7300477361431764
0.25,0.0,0.05401576765063787,0.039445547335322906
0.0,1.0,0.49941682512654395,0.3436950425849783
0.75,0.0,0.004024494654796151,0.002687572426537277
0.5,0.25,0.23808307756886182,0.2246427963763865
0.0,0.0,0.25524154496017637,0.18034756552685005
0.5,0.5,0.004852214945843425,0.00450546846747979
0.5,0.75,0.06568505264678692,0.02518287371113037
1.0,0.0,0.014904546989722989,0.007276184211824299
1.0,0.5,3.7458052418504195e-05,3.369810407249929e-05
0.25,0.25,0.3738981139748173,0.1963625253260075
0.25,0.5,0.20430363856960532,0.13828612619911218
1.0,0.75,9.076868660706783e-05,3.0310408960732005e-05
0.25,1.0,0.03946295570884739,0.02953554484253451
0.5,0.0,0.06472403096104784,0.036542479215535995
0.75,0.75,0.06191754782181624,0.03506362709932087
1.0,1.0,0.000629944119035164,0.00036522136261352145
0.75,0.25,0.08728423221852144,0.04616210272220456
0.0,0.5,0.011679448138058879,0.01007388878659865
0.0,0.25,0.2767389859526559,0.08345581863566065
0.5,1.0,0.1886493511081535,0.06446365465486414
0.0,0.0,0.9575550093011606,0.8735569763144967
0.75,1.0,0.25822517804666556,0.1517682797848412
0.75,0.5,0.009322029239942076,0.003634839313598537
0.25,0.0,0.05817540513334585,0.011352607618233757
0.0,1.0,0.8579517565123416,0.6776971603438708
0.5,0.25,0.17174620116536543,0.12322115676476109
1.0,0.25,6.221494076719125e-05,5.674652949905212e-05
0.0,0.75,0.5145988662940348,0.26545853612622883
0.5,0.5,0.020479246474617963,0.01219605903829124
0.25,0.75,0.11408844856550315,0.04635354600323338
1.0,0.5,0.04162004160660315,0.023365540347678238
1.0,0.75,7.674488555986514e-05,3.981344091241734e-05
0.0,0.5,0.33543280907214845,0.23931498665640671
0.0,0.25,0.3560667559132117,0.14311888457666821
1.0,1.0,0.00032051048070180777,0.00024935388472902
0.25,0.25,0.15051446248516331,0.04259836101665426
0.25,0.5,0.3233234167214514,0.21136554022948917
0.75,0.0,0.0028842414240559666,0.0007092268982427097
0.0,0.0,0.3510401840940739,0.19779746825013844
0.25,1.0,0.2714134357617425,0.15530171434920115
0.5,0.0,0.2560549726626098,0.13001803454998262
1.0,0.0,0.0002530060903125353,0.00019204976469833213
0.75,0.75,0.019571451634169068,0.0063167487351050156
0.5,1.0,0.007810531021248512,0.002573613643150674
0.5,0.75,0.013560298393683445,0.008844567209203236
1.0,0.5,0.10408588259268092,0.03606746406179284
1.0,0.75,0.00019432267835051142,0.00015518994299923428
0.5,0.25,0.048151832008744844,0.02004800010313801
0.0,1.0,0.04434410663542543,0.03790781647185537
0.25,0.0,0.2336183099245117,0.1067831256351558
0.0,0.0,0.5991795824577842,0.4303575709856282
0.5,0.5,0.14468611802059805,0.09751428229257342
0.0,0.5,0.5899146552864843,0.436903346140218
0.0,0.25,0.5480415539341303,0.2766347022262383
0.75,0.5,0.034880276533555854,0.028269935559500636
0.75,0.25,0.01399330807389454,0.009292894656329542
0.0,0.75,0.4289745901014538,0.25266408687242004
1.0,1.0,0.004793733663277511,0.0022385549809069705
0.25,0.75,0.02637353072520998,0.024288397459145017
0.25,0.5,0.25432859008301,0.18595706778538323
0.25,0.25,0.40543086141706963,0.3150012217772822
1.0,0.25,0.001066765197826669,0.00034471261579105406
0.75,1.0,0.0799734419733269,0.03806143352839986
0.25,1.0,0.07980257792246004,0.05736345270167997
0.5,0.0,0.055318915388726686,0.03630201229421581
0.0,0.0,0.6751851301325253,0.43639901462677966
0.75,0.0,0.00359135452852255,0.0017912280927864233
1.0,0.5,1.1255365692575126e-05,9.289193624084646e-06
1.0,0.75,0.059493134693909044,0.04037660269183496
0.0,0.25,0.30011321634066745,0.17822849252318673
0.0,0.5,0.7715800480202857,0.3935712185652469
1.0,0.0,6.43827484587689e-05,4.06672405043329e-05
0.5,0.25,0.6130970314288278,0.4231414008384503
0.0,1.0,0.6154400463453704,0.48131521498756435
0.25,0.0,0.0008563327002570897,0.0003708852936684659
0.5,0.5,0.0061266251870861765,0.0030784707157613944
0.75,0.75,0.18497735763051193,0.1406827907396333
0.5,1.0,0.00032673160360097153,0.00012485670238360225
1.0,1.0,0.0019279287294577951,0.0009352926731498457
0.0,0.0,0.8284503821322364,0.6514708095362908
0.25,0.25,0.7619542202799516,0.6391538171342024
0.25,0.5,0.35845808723433215,0.25678092286918686
0.75,0.5,0.0008944819735607901,0.0005677968367949759
0.0,0.75,0.4695033168164444,0.30670519293192944
0.25,1.0,0.1536150819606925,0.07007836679619028
0.5,0.0,0.06526802694216516,0.04726920082779307
1.0,0.5,0.04852749079743868,0.034334778037866
0.25,0.75,0.17091414830461227,0.09048048537781805
0.5,0.75,0.02072051470550207,0.012000367298475867
1.0,0.75,0.16635432441002307,0.10269369569537223
1.0,0.25,0.004043019266066317,0.003651743077893732
0.0,0.5,0.5941248762946312,0.3914098105737758
0.0,0.25,0.7978798144085253,0.6047233890360494
0.75,0.25,0.16574087234326507,0.052203367197226624
0.75,1.0,0.06323816243364777,0.029193196616698835
0.5,0.25,0.2294856224517161,0.12792805977825095
0.0,0.0,0.5556952699707336,0.39848806555613847
0.5,0.5,0.19874239706460317,0.09885824566647305
0.25,0.0,0.2377536516204073,0.19242029542995243
0.0,1.0,0.5361362251550851,0.32312673592413277
1.0,1.0,0.0014195620930069763,0.000894497583638465
0.75,0.0,0.00013226241811237216,8.76206618709574e-05
1.0,0.0,0.002819048285153003,0.0017582399837807738
1.0,0.5,0.0003977070791556514,0.00027345122784050435
0.5,1.0,0.0346392597564088,0.03559342149028222
0.25,0.25,0.287860462468593,0.21842414543045185
0.25,0.5,0.3416298114397134,0.22650109048136968
1.0,0.75,0.01805606148051142,0.00917292303914119
0.75,0.75,0.17103372664071748,0.07497757982802156
0.0,0.25,0.23231987761492123,0.07827025739962723
0.0,0.5,0.15216218847864393,0.07846310731424344
0.0,0.0,0.3776221784342947,0.23968309309423763
0.25,1.0,0.043899989525139294,0.023267875357520618
0.5,0.0,0.004040323544793001,0.002704149021502289
0.0,0.75,0.36955540564414047,0.22435848083475118
0.75,0.5,0.043000943631252175,0.02792225911311641
0.25,0.75,0.05928636163670298,0.03325941238195995
0.5,0.25,0.0038665918291488355,0.0016577671785756865
1.0,0.25,0.06408856813113029,0.031064177242204005
0.5,0.5,0.023163490180695523,0.006606318811112177
1.0,1.0,0.004215197283732208,0.0028563530570095974
0.25,0.0,0.057966582736421524,0.04799889155092796
0.0,1.0,0.29335490446889434,0.12048634941606295
1.0,0.5,0.04003114463923374,0.02411198640933354
1.0,0.75,7.356516680512293e-05,2.176200848746923e-05
0.0,0.0,0.8123085921728062,0.5655007656748064
0.5,0.75,0.5025150352875575,0.3941617655537861
0.0,0.5,0.6640595691633029,0.3827112328478822
0.0,0.25,0.8129772831756561,0.4704840424887121
0.25,0.5,0.7413486080593858,0.5001205889328341
0.25,0.25,0.14773922231521108,0.07522846374607395
0.75,0.0,0.0030329417846021167,0.0010641080809831172
0.75,0.25,0.053114327841063735,0.03570945152205918
0.75,1.0,0.008897811709937642,0.004965549857017804
1.0,0.0,0.0009278367117768749,0.00045277367869411833
0.5,1.0,0.11370197683475425,0.04949467069467195
0.5,0.0,0.055672693926284045,0.040096767329440564
0.25,1.0,0.6365391488192197,0.3814565322005441
0.75,0.75,0.6036951460534898,0.31311849617137943
0.0,0.75,0.7010794457875553,0.47154734148477695
0.5,0.25,0.6226577449187063,0.4589893142406135
0.0,0.0,0.3558847409302053,0.23326734666915838
0.75,0.5,0.006846630437764234,0.0036351642652246996
1.0,1.0,0.0009605588200185533,0.00046279575546737117
0.5,0.5,0.09328379201451042,0.043681889432052756
1.0,0.5,0.038342897788448904,0.01835324262683624
1.0,0.75,0.01416843653324984,0.008536333995008194
0.25,0.75,0.029310830024598555,0.018855887520333847
0.25,0.0,0.030608203557348723,0.024638061232696185
0.0,1.0,0.25935236639074355,0.1909099284026834
0.0,0.25,0.6517735536281473,0.47896180828423063
1.0,0.25,0.0003824779706782522,0.00011138501646179577
0.0,0.5,0.5800269305475141,0.3758717791455952
0.25,0.5,0.14008812585468045,0.09514518970043517
0.25,0.25,0.045803705194039646,0.018328644152592166
0.0,0.0,0.12855584421727873,0.10840515784730875
0.25,1.0,0.21063740992899183,0.182268309427277
0.5,0.0,0.3554469362726902,0.24932236994181245
1.0,0.5,0.0030928909230595325,0.00247930944245911
1.0,0.75,0.0013901302435469498,0.0008405228680939958
0.5,0.25,0.08396383201192514,0.036065031691708604
1.0,1.0,0.003237468966522661,0.0017271488406676028
0.75,0.0,0.00018258868216414204,9.081979925307238e-05
1.0,0.0,0.010935674747055035,0.004905883656402432
0.5,0.5,0.004727233976073997,0.00235612073240421
0.5,1.0,0.0858320417885976,0.04740409597475381
0.0,0.25,0.43227981495605783,0.20368481616853795
0.0,0.5,0.7700047306888885,0.6041948797057195
0.0,0.75,0.547963222275202,0.3179295960422335
0.5,0.75,0.13965322772744493,0.0798496001411585
0.75,1.0,0.06400610560103637,0.025541078223609626
0.75,0.75,0.003523104123100751,0.0034436124008605518
0.25,0.0,0.05741407773030538,0.03615988953025706
0.0,1.0,0.5901403682001629,0.34741723693726967
0.75,0.5,0.004423098668111858,0.002410311366908724
0.75,0.25,0.003450730871551899,0.002061720707408843
0.0,0.0,0.00730445186339268,0.004139400688167538
0.25,0.75,0.6751537934493246,0.48942816232187625
0.25,0.5,0.4856312434510375,0.2981350292533289
0.25,0.25,0.041949188803349635,0.024102838608135113
1.0,0.25,0.07583267526395987,0.03402902423600895
1.0,0.5,0.0023092416216792255,0.0013085162011911011
1.0,0.75,0.02164378820210311,0.010482445796836437
1.0,1.0,0.05684123902914606,0.029941678420306372
0.0,0.25,0.1734812016860373,0.10611053955367222
0.0,0.5,0.386791970574887,0.2561614851707702
0.5,0.25,0.008522517750355396,0.0043580177435842415
0.25,1.0,0.00014644491704274287,7.991429451559284e-05
0.5,0.0,0.09034335176314556,0.049945013815475336
0.0,0.0,0.012976999001445444,0.00968579789889401
0.5,0.5,0.0008912426312550625,0.000712629239034257
0.0,0.75,0.4729321050807671,0.27047953348771814
0.25,0.0,0.40226133727862634,0.3068259591520073
0.0,1.0,0.6960339597998704,0.45660499548127664
1.0,0.0,0.004226751729824008,0.0030017053623662138
0.5,1.0,0.12193862617036966,0.07546146095540585
0.75,0.0,0.00019807242160085892,9.489324070455218e-05
0.25,0.5,0.2226966943224482,0.11451191584474318
0.25,0.25,0.1473072491728198,0.12364626408003121
1.0,0.5,0.019916827378043345,0.011794469911850403
0.75,0.5,0.005137055445314287,0.0024036036927672644
1.0,0.75,0.0002988588912994361,0.00035451269301745025
0.0,0.0,0.8530758031111427,0.6899747177456623
0.75,0.75,0.004493284674968678,0.0024359137582619095
0.25,0.75,0.48025463952432856,0.3661078579380521
0.5,0.75,0.026391982437564576,0.0076838421553875325
0.0,0.25,0.5716609134317092,0.3771837614866299
0.0,0.5,0.17812446795117043,0.09460613920943173
1.0,0.25,0.05097958460842955,0.022735625258020198
1.0,1.0,0.0021390395287319564,0.00110198948462914
0.75,0.25,0.11137480812637057,0.0664176301307885
0.75,1.0,0.011087841347509508,0.002683600835716504
0.5,0.25,0.000518610985998702,0.0002474198795336946
0.5,0.5,0.0039800553152989915,0.002485015646041422
0.25,1.0,0.0018190607972166095,0.0006584494154378007
0.5,0.0,0.05128375280315067,0.030955048752860925
0.0,0.0,0.3098480930788674,0.18162459202640724
1.0,0.5,0.006037816830437248,0.003489693484178824
0.25,0.0,0.07131090166498055,0.04464067072459588
0.0,1.0,0.029182490511273973,0.0076032491512267875
1.0,0.75,0.00013429578462975655,5.251975394915398e-05
0.0,0.75,0.12667980088873443,0.055732603209453946
0.25,0.5,0.17233435883457826,0.06469314219582323
0.25,0.25,0.6550250391887158,0.4765573874496011
0.0,0.25,0.018646828388776293,0.00878014655578907
0.0,0.5,0.15916808561308504,0.09451522457349315
1.0,0.0,0.012870460780391113,0.009319342685133902
0.5,1.0,0.0035022105853427243,0.0015758234868914478
1.0,1.0,0.01155527464573125,0.00354239990627625
0.75,0.0,0.13710540842440555,0.08614003524642688
0.75,0.5,0.0735363403173207,0.03562118988674112
0.25,0.75,0.24575883524834174,0.11777125594324989
0.5,0.25,0.24407126366660292,0.16783924780636106
0.0,0.0,0.8194979477197322,0.6284538347719871
0.5,0.5,0.004298060645638535,0.0017124801836714276
0.75,0.75,2.349215984942532e-05,1.260619052190215e-05
0.5,0.0,0.027157351106997685,0.020140210527584634
0.25,1.0,0.3439703595446125,0.1936840470382023
1.0,0.25,0.0730806092302343,0.034892533691295524
1.0,0.5,0.015477675467363228,0.010865612493224375
1.0,0.75,0.009385988948153345,0.004972807838208859
0.0,0.25,0.9068789390367378,0.6014823844795878
0.0,0.5,0.7989024562416853,0.5535251491863054
0.5,0.75,0.0993106055206352,0.06267010858942867
0.0,1.0,0.2658397104511755,0.16532351408663215
0.25,0.0,0.10743503341492022,0.0631533131380938
0.75,0.25,0.21875172179511015,0.11857819564595151
0.25,0.5,0.006100815928701042,0.003882782368269888
0.25,0.25,0.11481560521777467,0.04081941575065173
0.75,1.0,0.12151543108486729,0.06070489761632236
0.0,0.0,0.2769740668830377,0.15351261497725077
0.0,0.75,0.8237576469460466,0.699101615721002
1.0,1.0,0.013282136547663193,0.007286525690833878
0.5,0.25,0.00043391822409377667,0.000417953432777729
1.0,0.0,0.0023433119537238367,0.0016924488527647608
0.5,0.5,0.4711796293559991,0.3097909858346397
0.5,1.0,0.36121808458843585,0.21782680835887658
1.0,0.5,0.010801771639877167,0.006429192307472409
1.0,0.75,0.00466990506409215,0.0023476297463228546
0.25,0.75,0.673314944135438,0.5068875833237979
0.75,0.5,0.014995194256599564,0.007490105978604333
0.75,0.0,0.00750434533348332,0.005665226537042822
0.5,0.0,7.378635319721383e-05,3.750285843673318e-05
0.25,1.0,0.1219614505677804,0.06525168362156242
0.0,0.25,0.027466388437717093,0.01221122689622478
0.0,0.5,0.5628882030653388,0.3865967260455515
0.0,0.0,0.9548764255219802,0.804961667528663
0.75,0.75,5.474065667421257e-08,3.432240047729351e-08
1.0,0.25,0.014392555530193252,0.0096677673106782
0.0,1.0,0.07700610667217245,0.04485614131309823
0.25,0.0,0.37936201222291066,0.2739771224299461
0.25,0.5,0.013130359162549898,0.006792616599148316
0.25,0.25,0.15461654893491616,0.07661644156460157
1.0,1.0,0.08765562737883592,0.039940794243048194
0.0,0.75,0.6803421956756533,0.5810954594871744
0.0,0.0,0.27429913454012467,0.10675504530211388
0.5,0.25,0.027849625967140468,0.017254753121573874
1.0,0.5,0.0003413846775897067,0.00019645425934766703
1.0,0.75,0.12304058181677535,0.07192800613802786
0.5,0.5,0.014878162925828997,0.007635584972778275
0.0,0.25,0.3432288759721861,0.15606388173765706
0.0,0.5,0.06072933138036496,0.04368030856839089
0.5,0.75,0.0006314907103979195,0.0003730667982986269
0.75,0.25,0.0017686393907906384,0.001026073316257703
1.0,0.0,0.0024649687721529645,0.001569297484046217
0.5,0.0,0.019533790365889536,0.01375790950305067
0.25,1.0,0.24454416962098935,0.12083978208094526
0.75,1.0,0.13176455338080517,0.08064529078543581
0.25,0.75,0.03890223804389925,0.012161525193537637
0.5,1.0,0.00014053199039365527,7.512826183808663e-05
0.75,0.5,0.015100130858547889,0.012113857289219543
0.0,0.0,0.7240818805328294,0.5001275749053018
0.0,1.0,0.32381316995517195,0.23374915902973425
0.25,0.0,0.22461562425042547,0.12217786070867398
0.75,0.0,0.011115451924463171,0.00467898749468465
0.25,0.5,0.014457079868133604,0.007694294035483162
0.25,0.25,0.5531227119592288,0.37096540748736073
1.0,1.0,1.0959032246238287e-05,1.7868467289128276e-06
0.75,0.75,0.0064482232778230175,0.0031961332263037434
1.0,0.5,0.23286756468120196,0.16873061408819545
1.0,0.75,0.0005157754186604357,0.00041316336134511467
0.0,0.5,0.8793441427477774,0.8055840213821426
0.0,0.25,0.36379765857392554,0.21308723071083924
0.0,0.75,0.8807787846298656,0.5813051590274485
1.0,0.25,0.0010398767880186455,0.0007197397775889902
0.5,0.25,0.026197715764096352,0.009430826636434464
0.5,0.5,0.047279866313852614,0.040941133734818225
0.0,0.0,0.17648781588894136,0.10133014510604821
0.5,0.0,0.38938614032890884,0.25397454153698895
0.25,1.0,0.1756932812722205,0.13070441357100182
1.0,0.0,0.0037040177223358617,0.0027111025067475536
1.0,1.0,0.0006449533855951151,0.00017765866607577507
0.25,0.75,0.07007357617011467,0.04118715173154075
0.0,1.0,0.7153576165027797,0.5791498264543173
0.25,0.5,0.42320875937168667,0.26493651824352815
0.25,0.0,0.15022925100165596,0.07521719320598796
1.0,0.5,0.003229763645357764,0.0009824056480643995
0.25,0.25,0.8376722474765842,0.6066303934951597
1.0,0.75,0.011557989795225598,0.00613672639331142
0.5,1.0,0.16035693381123295,0.08805513412860522
0.0,0.5,0.2038130555829919,0.15223871021594415
0.0,0.25,0.3063162316919077,0.21167759268265463
0.75,0.5,0.000762328670914747,0.0006360102306046667
0.5,0.75,0.007028904662704116,0.003451156278267975
0.75,1.0,0.01992197549284358,0.005722119443993368
0.0,0.0,0.7003434933088161,0.46691577121929184
0.5,0.25,0.21339561308026866,0.1736845391541425
0.75,0.0,0.042702324729208097,0.02302929428359146
0.75,0.75,0.004721682400017135,0.0025833156819430325
0.5,0.5,0.11775278471311668,0.04844743792123851
0.0,0.75,0.2898762855015662,0.11579896056927852
0.75,0.25,0.20116374384197944,0.10283236891033842
1.0,0.25,0.01675819756305863,0.010746529061930077
0.5,0.0,0.10879604639547469,0.07104047945190661
0.25,1.0,0.022348052725024825,0.01364296512015506
1.0,0.5,0.0012968100344568079,0.00045264978502812525
1.0,0.75,3.151451435368102e-07,8.295959197379688e-08
1.0,1.0,0.0018544577491561576,0.0007274087049879974
0.0,0.5,0.24949572850156787,0.11995264397521166
0.0,0.25,0.5357938431701603,0.3374044040982841
0.0,0.0,0.10516211801955078,0.06530925299057211
0.25,0.5,0.38556186393205993,0.26808430016702745
0.25,0.25,0.00299676532043347,0.0025850356622842963
0.25,0.0,0.31488292548268537,0.2660061740358465
0.0,1.0,0.18448221198103554,0.11589932898748467
0.25,0.75,0.12110975487736719,0.06042466501266752
1.0,0.0,0.002676404334881699,0.002488731806979061
0.5,0.25,0.09174417361230791,0.06409799258433746
0.5,0.5,0.01497270148718266,0.008594624086338487
0.5,1.0,0.0004132051685502569,0.00028416178800827474
0.75,0.5,0.002220071909530552,0.001645150730758771
0.0,0.0,0.8349782322393948,0.6367106219965648
0.75,0.75,0.002783762327637329,0.0009158724911877414
1.0,0.75,0.03781274917898636,0.01824493753528522
1.0,0.5,0.006311438466256258,0.003640650286879099
0.0,0.75,0.2904846446814502,0.27164913258753143
0.75,0.0,0.1563739976716909,0.08120519171396856
0.0,0.25,0.5238773919872874,0.399828496998752
0.0,0.5,0.536230393281497,0.27925409392505207
1.0,1.0,0.00036914889445816,0.00013790701807692152
0.5,0.75,0.0417812415199702,0.018091893553116467
0.5,0.0,0.012444578799963413,0.003923024755178028
0.25,1.0,0.21149698011429585,0.14943518692052793
1.0,0.25,7.38899585450703e-06,5.636717084200882e-06
0.25,0.5,0.4900347796146517,0.28212498890892146
0.25,0.25,0.049581883255285786,0.03471580387418638
0.75,1.0,0.00902705727271591,0.006094842666131028
0.75,0.25,0.19258300779265425,0.10157598396572654
0.25,0.0,0.4702466215683513,0.2810107272612986
0.0,1.0,0.22825685518954875,0.14094644017108138
0.0,0.0,0.8362099917672452,0.5367765178318209
0.5,0.25,0.23309842314961426,0.18469518372946392
0.25,0.75,0.24947408187418885,0.14718069817737367
0.5,0.5,0.0141412448038436,0.00887476843799484
1.0,0.75,0.0003922462967511642,0.00038602518261543484
1.0,0.5,0.003555117710028699,0.001864270269833046
1.0,0.0,0.1140969264718954,0.05860721170583605
0.0,0.5,0.850022891101429,0.6477529735017797
0.0,0.25,0.7870079879351788,0.5671299021751057
0.5,1.0,0.02143624292795876,0.016076564931276405
1.0,1.0,0.013582006727352991,0.007956816762950236
0.75,0.5,0.002723772668655977,0.0009646677155744632
0.0,0.75,0.9515219175283299,0.749500232561666
0.0,0.0,0.7878798451051024,0.5456212613808146
0.25,1.0,0.22570190334425067,0.15811276109052486
0.5,0.0,0.019865108552564514,0.01192524332247169
0.75,0.75,0.05559514154966805,0.029884830718636124
0.25,0.25,0.08993838865961334,0.03296780638189245
0.25,0.5,0.16780888038437247,0.11376807608881723
0.75,0.0,0.014539385967499374,0.0050319672615606326
0.25,0.0,0.10938187064788496,0.048805109230444566
0.0,1.0,0.2877066699265787,0.18703833445353002
0.5,0.25,0.061587840435138874,0.03790250515463789
1.0,0.25,0.0007026224810358084,0.000419315778035001
0.5,0.5,0.43894253803702354,0.19249220312741233
1.0,0.5,2.4447673977023854e-05,1.21468795422075e-05
1.0,0.75,0.00398506193707493,0.002154004329853021
0.0,0.25,0.3895385432949461,0.2652905058806566
0.0,0.5,0.21092841847683141,0.11786955328367943
0.25,0.75,0.6664701451575314,0.5511142608498638
0.0,0.0,0.04878133010096675,0.0402546499553903
0.5,0.75,0.0011907410369709215,0.0005981010950508736
0.75,1.0,0.006320698562641058,0.0030355080821766744
1.0,1.0,0.18221182117676404,0.12045926172940113
0.75,0.25,0.0010346361995794418,0.0006833534161865273
1.0,0.0,0.004516924862254079,0.0024691632359148397
0.0,0.75,0.17304444884277215,0.09428955453888632
0.5,1.0,0.1513139014472813,0.08422743854703763
0.5,0.0,0.11986946370263218,0.08397507961200978
0.25,1.0,0.26973463202143155,0.14183097045504534
0.75,0.5,0.011538552188735562,0.003889660946632789
0.0,1.0,0.40376775446662494,0.2503952500450509
0.25,0.25,0.49632299518892276,0.48051002566733714
0.25,0.5,0.3725383335181548,0.26810224520261716
0.25,0.0,0.4862189866575033,0.3095223226794733
1.0,0.5,0.0002458293076457174,0.00011710599362846352
1.0,0.75,0.13692807600250645,0.0641841390413036
0.0,0.25,0.6986433297885297,0.5731010256798362
0.0,0.5,0.6869485228747814,0.4696245614201423
0.0,0.0,0.32831674337095285,0.22378245696312404
0.5,0.25,0.7818781430662236,0.560180294043123
0.75,0.75,0.32968757479483557,0.23972300249330747
0.5,0.5,0.09369112832163129,0.06104795101791116
0.75,0.0,0.0906501497121196,0.07402552925207917
1.0,1.0,0.0018872182029032736,0.001284825182066851
1.0,0.25,0.03812193453810009,0.019908200167684242
0.25,0.75,0.2337959064430255,0.1487403286273825
0.0,0.0,0.8635880350841018,0.70193368908566
0.0,0.25,0.265654358875823,0.14901556847538344
0.0,0.5,0.7562342742329318,0.5096421994140734
1.0,0.5,0.004358071479906522,0.0019767931733680744
1.0,0.75,0.006300110836765738,0.00488401626232049
0.5,0.0,0.328981978212626,0.26950511037357505
0.25,1.0,0.9008526352682352,0.6942999995353571
0.0,0.75,0.5277596403526987,0.4117559184949463
1.0,0.0,8.975431589064442e-07,1.0959108932562245e-06
0.25,0.0,0.4929544511658558,0.4045710440589214
0.0,1.0,0.1666992796714648,0.07063099531239159
0.25,0.25,0.02689993102735655,0.02154655239173786
0.25,0.5,0.3614126066878074,0.30454662136910515
0.5,0.25,0.08373697212338149,0.05045082923241495
0.5,0.75,0.021836021743262934,0.00925990910634078
0.5,0.5,0.005200439320024897,0.0034354855957541286
0.5,1.0,0.15135155104354503,0.09110794829631952
0.75,1.0,0.0026798750983075825,0.0015653673352533648
0.75,0.5,0.038991523208382506,0.023042448836331886
0.75,0.25,0.017182399382071223,0.006674985453840598
1.0,1.0,0.0007431969964646346,0.0005398724120658782
0.75,0.75,0.012834881011027921,0.008014658695446042
0.0,0.0,0.5595907897038469,0.2621425146044978
0.0,0.5,0.9340375661488584,0.7246094807409807
0.75,0.0,0.0004169124471524732,0.00036514549732402646
0.0,0.25,0.45031244514819,0.2711952431659116
1.0,0.75,5.9433225136573675e-05,3.503182986008824e-05
1.0,0.5,0.008602477005362208,0.003398191463631295
0.25,0.75,0.9437829221320071,0.8293831206104016
1.0,0.25,6.820909254612317e-05,4.131901002879523e-05
0.25,0.0,0.0009606861432354119,0.0006172221296871783
0.0,1.0,0.36900517256269816,0.21177253869985857
0.5,0.0,0.0019375750014885007,0.0015645243459586622
0.25,1.0,0.05365846203150659,0.017580680306321428
0.0,0.0,0.8205049269119197,0.600330096482619
0.5,0.25,0.157934098655108,0.10727608196097327
0.25,0.25,0.06064530484264863,0.03613076823489614
0.25,0.5,0.1461539799806213,0.07239211608144447
0.5,0.5,0.1072316473141508,0.07102406097591074
0.0,0.75,0.11456429688242908,0.06537413600087771
1.0,0.0,0.01724998112386178,0.010179805366211658
1.0,1.0,0.00017379267861006298,4.44964096923961e-05
0.5,1.0,0.007176938166578939,0.00442289252479422
0.0,0.5,0.8484193474390238,0.5593713094706974
0.0,0.25,0.14931327045065335,0.06893288943771347
1.0,0.5,0.03771455662173817,0.02775272734498868
1.0,0.75,0.04108233753246027,0.01657800986175939
0.75,0.5,0.010367859771302501,0.007290469595696569
0.75,0.75,0.0008001316093647626,0.0003588281686375261
0.0,0.0,0.2070596467969923,0.11393687149614595
0.5,0.75,0.15622706707979994,0.06397630499667761
0.75,0.25,0.0037380345957241934,0.0014590027677717776
0.25,0.75,0.029617847005521836,0.014757277150916126
0.75,1.0,0.05235531072240185,0.03171270773492618
0.0,1.0,0.4838613405891995,0.34071488745112066
0.25,0.0,0.04016717712660267,0.019515882697312525
0.5,0.25,0.1443166535697209,0.06997636079216729
0.75,0.0,0.002130032381946423,0.0009414745442273276
0.5,0.0,0.0009278952656859296,0.0004499310972287951
0.25,1.0,0.475255550030089,0.29041579460350464
0.5,0.5,0.024724225697238422,0.01303894354951407
0.25,0.25,0.08742315439440751,0.04199234394600826
0.25,0.5,0.08518592878524689,0.041455068483702284
1.0,1.0,0.0005885424661782324,0.00026607972405989777
1.0,0.25,0.01680547719470027,0.008487835056063542
0.0,0.75,0.5272346667849913,0.3552325084016845
0.0,0.25,0.6452345006746623,0.45902211499363343
0.0,0.5,0.12205252905543518,0.06698311631269127
0.0,0.0,0.43822750268931576,0.255137110130629
1.0,0.5,0.007443012880297251,0.0023590302207958658
1.0,0.75,0.008362085938931063,0.002203208250143529
1.0,0.0,0.06438154124485762,0.03056540949680686
0.5,1.0,0.172193466067599,0.12115802253779773
0.75,0.75,0.0027562825459744866,0.0022910566136311594
0.75,0.5,0.04049717600234071,0.03863146707508591
0.0,0.0,0.4384921217324741,0.28576084942418767
0.25,0.0,0.24441627762068718,0.1674543890187049
0.0,1.0,0.02788384898995222,0.011539656562756018
0.5,0.25,6.267165095552585e-06,7.521964646595158e-06
0.5,0.5,0.16481850473421011,0.07238904925626821
1.0,1.0,0.0005761893259901285,0.00032265568116129906
0.0,0.25,0.3046916564458807,0.16653024391075477
0.0,0.5,0.164896554506754,0.10830936828873361
0.25,1.0,0.1649145921422286,0.06109135636801777
0.5,0.0,0.07687968102841558,0.04767641278673096
0.25,0.25,0.03779401618460487,0.013743925605300578
0.25,0.5,0.3009707776972709,0.18664735431110813
1.0,0.75,1.761431486002607e-06,8.863444609374937e-07
0.25,0.75,0.5783013761718802,0.3697946207200482
1.0,0.5,0.00150155328912982,0.00113352848556858
0.5,0.75,0.045948402943623234,0.021017694146207022
0.75,0.0,0.017824784413588812,0.012168782108612719
0.75,0.25,0.016243534879369914,0.01099907748369966
0.0,0.75,0.7525274475114142,0.66119649939601
1.0,0.25,0.0016881421053204226,0.0010679740652578262
0.0,0.0,0.7774889501758613,0.5496505725593033
0.75,1.0,0.1362433521789128,0.08722498647375576
1.0,0.0,0.00029290073527932226,0.0002352272904390107
0.0,0.5,0.8622109567239906,0.6884347455870271
0.0,0.25,0.3839814567442207,0.23119294725203476
0.25,0.0,0.06322468113996993,0.03812511076160241
0.5,0.25,0.1107780205147797,0.056000165642246635
0.0,1.0,0.6745832969960992,0.5268224275383138
1.0,0.75,0.0012311487298540813,0.0007071019879603124
1.0,0.5,0.0005811599731195827,0.0004656072668725031
1.0,1.0,0.001654035318093161,0.0003523877143354337
0.5,0.5,0.001553952884219112,0.0008581099891661337
0.5,1.0,0.5694211946640064,0.3387613518164181
0.75,0.75,0.04136695819195335,0.021602314226070174
0.25,0.5,0.13734010581122535,0.09934486971441037
0.25,0.25,0.6039831768725852,0.4730857991514792
0.25,1.0,0.21645942339925273,0.1262807296402637
0.5,0.0,0.000213196973027463,0.00021191844114198943
0.75,0.5,0.198286944359655,0.13418583458328748
0.0,0.0,0.33533285246758904,0.2114805869379418
0.25,0.75,0.46142095935558336,0.3186558847713411
0.0,0.75,0.38547439716176835,0.2903906276367354
0.0,0.25,0.8440694207740467,0.6714794236092534
0.0,0.5,0.9282521535924758,0.7817051020467016
0.75,0.0,7.991751658331658e-05,6.929805779121168e-05
1.0,0.5,0.0001276994587451341,9.033964194815614e-05
1.0,0.75,0.0019664055219875687,0.0013812987287160627
1.0,0.25,0.0840682547413909,0.0543233527579553
0.0,0.0,0.060617100831173554,0.025969453621076832
0.5,0.25,0.01047322449020971,0.006058296334239599
1.0,1.0,0.026215998124945017,0.015877548181083223
0.0,1.0,0.8089172983095514,0.5659176180842456
0.25,0.0,0.18007130653061088,0.09795666073693132
0.5,0.75,0.02401524810223732,0.012343525318657345
1.0,0.0,0.006434836646274755,0.004912575275731523
0.5,0.5,0.32770811159467095,0.18816436739199238
0.75,0.25,0.0007958304636848101,0.0006147840231995882
0.75,1.0,0.22848491372448398,0.09092802121955612
0.25,0.5,0.055858414154512204,0.028801106977844437
0.25,0.25,0.2514915361896901,0.19120785671071328
0.5,0.0,0.17827580443741198,0.11108321615431815
0.25,1.0,0.07916809485109422,0.017107571757047357
0.5,1.0,0.12286589485991839,0.04952424468591832
0.75,0.75,0.008359197618917014,0.0038668345364971657
0.75,0.5,0.39778295372436245,0.2729466410729495
0.0,0.0,0.8838531563286511,0.6683008501664813
0.0,0.25,0.5238225634999019,0.33063035754808245
0.0,0.5,0.7405013983181974,0.5154189116263073
0.25,0.75,0.06736982037897965,0.022195953336940022
1.0,0.5,0.010631099664323962,0.005647527347295123
1.0,0.75,0.00031023915186023654,0.00010276441165979477
0.0,0.75,0.02433659441993208,0.00734235001425787
1.0,1.0,0.00016184417341846835,9.332294669084362e-05
0.5,0.25,0.05372637437033245,0.02956715610485028
0.0,1.0,0.8942154803525012,0.6900112780986867
0.25,0.0,0.00035701160456802494,0.0002307699542440922
0.5,0.5,0.0058897647535316455,0.002079307733900082
0.75,0.0,0.02969805787348756,0.007456487507123688
1.0,0.25,0.012069035385774862,0.007167078790462855
0.0,0.0,0.34772746648361685,0.2486427880592582
1.0,0.0,0.001775496858186898,0.0014603652729829886
0.5,0.0,0.01202942441331667,0.005055998816063889
0.25,0.5,0.13797026735117357,0.0782182021243738
0.25,0.25,0.2526834835219236,0.12995749526381917
0.25,1.0,0.03356727205121024,0.02211343974343194
0.0,0.25,0.6545761639894347,0.5468382448026649
0.0,0.5,0.06496257402563999,0.03793766767421103
1.0,0.75,0.00421790175967196,0.002239915657042957
1.0,0.5,0.0003499159746649383,0.00041385683253847283
0.5,0.75,0.12396345512403428,0.05971169232574336
0.75,0.25,0.1778842254150581,0.1268682800092814
0.5,1.0,0.00030636245511428406,9.502113704606963e-05
0.75,0.75,0.0006079257465508858,0.0005806692859089413
1.0,1.0,1.5528882599813443e-06,1.0491412960611513e-06
0.25,0.75,0.14262461206990795,0.07551986067321048
0.0,0.0,0.9493826384049138,0.8784510091927364
0.5,0.25,0.4443925764547778,0.25343265882669375
0.75,0.5,0.19598168820697492,0.09221380510898858
0.0,1.0,0.3454881254066686,0.23091591294696312
0.5,0.5,0.004002369913446158,0.0024626156538312127
0.25,0.0,0.0879361429567076,0.05951826155301854
0.0,0.75,0.9350224634426947,0.7864741468855911
0.75,1.0,0.000656011649981525,0.0003868144190299905
0.0,0.25,0.2678409242450487,0.16062714629587393
0.0,0.5,0.480502545212511,0.3599081637420687
1.0,0.75,0.0007615590089314894,0.00024258335992222158
1.0,0.5,0.002890530119813217,0.0017578716606316824
0.25,0.5,0.05016197691795643,0.027741441566409786
0.25,0.25,0.0846015501883397,0.02671910199672589
0.5,0.0,0.3198209596153838,0.15084734090672125
0.25,1.0,0.1931840912337609,0.10167506525212888
0.0,0.0,0.9136271651131642,0.7357567325448696
1.0,0.0,5.9808060382304795e-05,3.629542574157263e-05
0.75,0.0,0.05123607354335036,0.025144519989996006
1.0,0.25,3.4602798887117814e-05,1.8326195384665844e-05
1.0,1.0,0.0004413286010183093,0.00025487771148957616
0.5,0.25,0.12065575335198364,0.08256006095102708
0.5,0.5,0.11502681008196458,0.076399983029798
0.0,1.0,0.36215375299953845,0.309432776625
0.5,1.0,0.3247249330283589,0.13682309848585117
0.25,0.0,0.5633038554336381,0.2766940383721279
0.0,0.25,0.8641898854702011,0.6686758295175994
0.0,0.5,0.8671728848333072,0.5458446215848517
0.75,0.75,0.0029024066092483425,0.0017564680310926395
0.25,0.75,0.08259348302316294,0.054492437414467965
0.0,0.75,0.4264466999598372,0.19601046758668572
0.0,0.0,0.4693359141106537,0.25917513344849286
1.0,0.75,0.008532538669979162,0.0036143729053206286
1.0,0.5,0.0004451871799565632,0.00016009305817044073
0.75,0.5,0.19905966285296162,0.1381017257843138
0.5,0.75,0.24363493288970273,0.17123741824658834
0.75,0.25,0.02061672618110566,0.013264510229408888
0.25,0.5,0.788676772320755,0.5611957757645867
0.25,0.25,0.6463349614251117,0.35824527128851225
0.5,0.0,0.3124811773283235,0.17903800336747666
0.25,1.0,0.4991073272162797,0.32991067220080494
0.75,1.0,0.07152088293426218,0.03574853550844437
1.0,1.0,5.464622553907894e-06,5.9474274116677606e-06
1.0,0.0,0.00010680012956687523,9.465076719816778e-05
0.0,0.25,0.2321755655877632,0.1480006317421022
0.0,0.0,0.2808274259312089,0.11924894397485097
0.5,0.25,0.13033351815793293,0.03674940536610727
0.0,0.5,0.6809410224634848,0.39602775829919845
0.5,0.5,0.02206768871555409,0.013900045803906025
1.0,0.25,0.0003685252766861824,0.0002099097211067935
0.0,1.0,0.12197785595595545,0.07882363134411297
0.25,0.0,0.2776818298055572,0.20114668503254007
0.75,0.0,0.026875683116687532,0.013990308517156436
1.0,0.5,0.0003863035803324255,0.0003337705529391499
1.0,0.75,0.00012628864589236954,0.00011300863587448973
0.0,0.75,0.8528277990791068,0.7423680340012464
0.25,0.75,0.23827275668847236,0.14283539285273295
0.5,1.0,0.06582481779506022,0.0325191479361957
0.75,0.75,0.0035564564264581877,0.00389697645521625
0.75,0.5,0.057745193894757296,0.02585632210916511
0.0,0.0,0.6194453948548483,0.38669645624668525
0.25,0.5,0.014887693455582829,0.0065592259725235635
0.25,0.25,0.20103729559631778,0.1356951987369569
1.0,1.0,5.698812504117967e-07,2.379865844392981e-07
0.5,0.0,0.001830475080807581,0.0010684962375497875
0.25,1.0,0.3374760031309111,0.21037887201717198
0.0,0.25,0.6368114474199323,0.4691526862465818
0.0,0.5,0.0409146388023256,0.021201530515303046
0.5,0.25,0.12629872495950167,0.0580424209101722
1.0,0.5,0.006372643365004538,0.005786842443967766
1.0,0.75,1.659497223349682e-05,1.1908264544668867e-05
0.5,0.5,0.007828002876417828,0.005816049578391103
0.0,1.0,0.4680324336367915,0.311119751565465
0.25,0.0,0.03129627075958985,0.02026854720332527
0.75,0.25,0.0014952461821808871,0.0009881475977120413
0.5,0.75,0.10354515788914376,0.05161964851318801
1.0,0.0,0.031967508586871474,0.019561920093217777
0.0,0.0,0.1476891313305606,0.08145033336326424
0.75,1.0,0.1117911116997593,0.07251695094456334
1.0,0.25,0.06449426408636516,0.02511692520320441
0.0,0.75,0.18292843968832073,0.09856516671381244
0.75,0.0,0.018943330944680925,0.010798333186739617
0.0,0.25,0.40054669608999083,0.23269565558708616
0.25,0.75,0.0045255541655908615,0.002076094940172135
0.0,0.5,0.6651762702344017,0.3994282561800485
1.0,1.0,0.012590948276211433,0.004597904294760369
0.5,1.0,0.06786508620616338,0.0440243233060259
0.25,0.5,0.003762884369698738,0.0023138731232559273
0.25,0.25,0.14200158903989335,0.06320379978577306
0.5,0.0,0.33931291818052456,0.21904246813352768
0.25,1.0,0.01204735019182579,0.005295491654067508
1.0,0.75,0.0005449136771599195,0.00018148972461884405
1.0,0.5,0.02586896078642542,0.01582825417155509
0.75,0.75,0.05643116531468628,0.03837606198840837
0.75,0.5,0.0031464430072221106,0.002214557198870315
0.0,0.0,0.8492864797270885,0.6589790388933223
0.5,0.25,0.20219901083913527,0.10326342628881413
0.5,0.5,0.029588498680196085,0.018595566910138195
0.0,1.0,0.6186455806333732,0.43732259247016514
0.25,0.0,0.43068032631240594,0.22919608895120747
0.0,0.25,0.25600402160901814,0.17258548726235312
0.0,0.5,0.3801425832797739,0.2313686594994837
1.0,0.0,0.06265477948228848,0.024944059175212474
1.0,1.0,0.021168334690498614,0.009665420836530658
0.0,0.75,0.5712765476095114,0.4593680552492163
0.0,0.0,0.21353567656401284,0.12174435155653685
1.0,0.75,0.022644411707549383,0.012690166515377022
1.0,0.5,0.00045662975448435006,0.00044693981575749664
0.25,0.5,0.021829786168105825,0.019707000408832887
0.25,0.25,0.14162683653958608,0.1124624716864715
0.75,0.25,0.004285167884240826,0.002470835725797982
1.0,0.25,0.01604364112634371,0.013032346630820757
0.25,0.75,0.18727342685957304,0.16031881684267435
0.25,1.0,0.030883110335391484,0.019887286031492257
0.5,0.0,0.005581178206870097,0.005577374439885596
0.75,0.0,4.8015670746304195e-05,2.2807784661904584e-05
0.5,0.25,0.10519711467974813,0.062201478702266555
0.5,0.75,0.05252513954649918,0.049151246310254026
0.5,1.0,2.4123726642955035e-06,7.056901998314657e-07
0.5,0.5,0.001242040517389409,0.00043306169642876036
0.75,1.0,0.24470218071426242,0.11775483503652195
0.75,0.5,0.3556896535481435,0.21402599514316734
0.0,1.0,0.6204696915915487,0.43666387462176726
0.25,0.0,0.2620704775495214,0.16523061083512447
0.0,0.25,0.5011601083392447,0.3189700348609332
0.75,0.75,0.00016661000012985205,7.784403846844423e-05
0.0,0.0,0.10339425454069806,0.0525037080714813
0.0,0.5,0.12748038585217536,0.07548049772437726
1.0,1.0,6.646588472714043e-06,1.4657316680377619e-06
1.0,0.5,4.121144887347938e-06,3.884938268527982e-06
1.0,0.75,0.006372795590190217,0.0034700759894197297
1.0,0.0,2.219612477150079e-05,1.3054566753156749e-05
0.25,0.5,0.002676428626815275,0.0013686624314033224
0.25,0.25,0.4332019927616837,0.34626326857771106
0.0,0.75,0.5353758764489077,0.39689031679720765
0.0,0.0,0.3844238476642693,0.195398736865671
0.5,0.25,0.004149234809831537,0.0014986925132048912
0.25,1.0,0.3797168148740432,0.2606670563263085
0.5,0.0,0.03729990172516506,0.027066695713257927
0.0,0.25,0.18263825863105865,0.14056410006635134
0.5,0.5,0.0665454917032341,0.022204969070689806
0.0,0.5,0.14919196273028046,0.0613189466984424
1.0,0.25,0.057820598581762805,0.03425704447737665
0.25,0.75,0.06374684121104446,0.021109546597769535
0.0,1.0,0.4498203672611333,0.2637054752667807
0.25,0.0,0.15394163153983753,0.08088523334892561
0.75,0.0,0.009018387387749405,0.006623070720214064
0.5,1.0,0.06450379129294515,0.018038643298492474
1.0,0.5,0.006269396158124274,0.003482808915872715
1.0,0.75,0.00011983227177259081,6.514507460919639e-05
0.75,0.25,0.004826058860995408,0.0034117430074220856
1.0,1.0,3.1098207369906206e-05,3.139673231200568e-05
0.75,0.5,0.5067299605042512,0.29447583499517915
0.5,0.75,0.012115131567536075,0.00731224129831598
0.75,0.75,0.023498533694097712,0.01691980337099619
0.0,0.0,0.25529739275013685,0.17696811631398757
0.75,1.0,0.47999467708168775,0.24133138140833288
0.0,0.25,0.7080409951456161,0.5801109400091002
0.0,0.5,0.794587800776059,0.474963542864
0.25,0.5,0.011542837640293402,0.007334591861467343
0.25,0.25,0.5111132095954769,0.3107949115213269
0.5,0.25,0.08589751543689772,0.05514669427869212
0.5,0.5,0.03319070797098722,0.021060019926337326
0.25,1.0,0.4173670726549876,0.2244358066228921
0.5,0.0,0.1114530474211044,0.04570831390317309
0.0,0.75,0.30898763250173167,0.12284508131102434
1.0,0.0,0.00015086127594710064,5.91337311992568e-05
0.25,0.0,0.724391911700589,0.5340072784393921
0.0,1.0,0.8214982005632965,0.5625202601829622
1.0,0.75,0.010542987724687203,0.00814612166410511
1.0,0.5,0.004824735720891704,0.004354160110100702
0.0,0.0,0.5874390448012698,0.4152498395611709
0.25,0.75,0.2108142281502754,0.07217936918702528
1.0,1.0,0.014408537786976039,0.007509214207322312
1.0,0.25,0.0038646917296241146,0.0035165427059328236
0.0,0.25,0.007567739117097849,0.004015523466560644
0.5,1.0,0.22476279453357062,0.1322930508987209
0.75,0.0,0.15745891493983755,0.11052262547480918
0.0,0.5,0.7513964680675561,0.5114688012144306
0.75,0.5,0.00411014092857509,0.0024654387518020515
0.0,0.0,0.6076861045550584,0.40261539581361383
0.5,0.25,0.006350863143234964,0.0023760090525933864
0.25,0.5,0.09841914088883197,0.05850023421907269
0.75,0.75,0.03345746426465046,0.017405119489972365
0.25,0.25,0.006254913886516444,0.004461800828527318
0.5,0.5,0.03521887844858784,0.01609237697164545
1.0,0.5,0.027907662542125067,0.015817002457656604
1.0,0.75,0.05102690146444899,0.02746603507631218
0.5,0.75,0.0004777013771759542,9.941694678550217e-05
0.25,1.0,0.0858821783275645,0.061956658886927585
0.5,0.0,0.09031105235572023,0.037832621653184684
0.75,0.25,0.0009241278912193174,0.0004974901566077161
0.0,1.0,0.20972068864481264,0.10324435600746706
0.25,0.0,0.2281854456690725,0.1687539437579859
0.0,0.75,0.5396834444675694,0.32588151304723745
1.0,1.0,0.005084666198616805,0.004245306264788806
1.0,0.0,0.008981212865041943,0.005584457690386513
0.0,0.25,0.6371586626152244,0.5264045222128786
0.0,0.5,0.21809989706491772,0.09996242098850816
0.75,1.0,0.04607664193049521,0.022539188595622428
0.0,0.0,0.21383852899637568,0.09239252620045812
0.25,0.75,0.13507000020569604,0.07529521048176802
1.0,0.25,0.0005522084339083522,0.0003222762696935
1.0,0.5,0.029977332738733153,0.014304578870157014
0.5,0.25,0.5180826743772067,0.30918049383670376
1.0,0.75,0.02466522924686776,0.014141539684316196
0.5,1.0,0.13008731403849016,0.07105306560309288
0.75,0.5,0.01394709728528587,0.0072526367599971
0.5,0.5,0.0884106118069774,0.059581976036227724
0.25,0.5,0.7395974036490587,0.4420605879035797
0.25,0.25,0.717729456907165,0.5284954300994706
0.75,0.0,0.39715094122689176,0.30364180548077024
0.0,1.0,0.9180511368365518,0.7686959237567863
0.0,0.0,0.35056034786758117,0.2695649985108788
0.25,0.0,0.013318169768974042,0.009275988766070054
0.25,1.0,0.10976277425007763,0.07257574670692157
0.5,0.0,0.029026340726207578,0.01508608502356712
0.0,0.25,0.5527274487135918,0.2903195889808088
1.0,1.0,0.013513733394397653,0.006690894509209011
0.0,0.5,0.9413233255028404,0.7053019681418788
0.75,0.75,0.00568987538830279,0.0021208725363371927
0.0,0.75,0.7244461599160572,0.5536862568828084
1.0,0.0,0.0196631422796405,0.012019217885882005
1.0,0.75,1.782420226414949e-05,6.253839669012606e-06
1.0,0.5,1.6592009799198948e-05,1.558185802108536e-05
0.25,0.75,0.12101802145438056,0.06225025074321089
0.0,0.0,0.5167323794797808,0.3595524678621438
0.75,0.25,0.0047509816267911065,0.003740426453463064
0.5,0.25,0.010753734457039088,0.0071961044154962295
0.5,0.75,0.0008393653798735023,0.0004485851676274688
0.5,0.5,0.36515822960984934,0.2745738479712623
0.0,0.25,0.08647018867089051,0.03965664744021624
0.25,0.5,0.31660424146209465,0.22269606907510564
0.25,0.25,0.2487362239758264,0.1754413161296864
0.0,0.5,0.6342481313344257,0.36191714911311146
1.0,0.25,0.0576387983004617,0.025834556892020633
0.0,1.0,0.8525977683435838,0.7441104519619273
0.25,0.0,0.8252001488988994,0.7469449025109915
1.0,1.0,0.009917178977926988,0.003600392145958753
0.5,1.0,0.0009910810928188685,0.0009759448749750987
0.75,0.5,0.006253692647411713,0.0015376790007260999
0.75,1.0,0.20724367058655413,0.10745170888986744
0.5,0.0,0.00024450005385578955,0.00016538301847490722
0.25,1.0,0.3271089170759516,0.16624799110660993
0.0,0.0,0.8741657056998373,0.6695775023613781
0.75,0.0,0.00033829083600778187,0.0001989820095245065
1.0,0.5,0.010556470791403205,0.005508861490821193
1.0,0.75,0.02919852139598733,0.019059595593964085
0.0,0.75,0.9457047095610468,0.7541965709761889
0.75,0.75,0.11309327468688823,0.08096655757448845
0.0,0.25,0.641384211444523,0.4493539979323399
0.5,0.25,0.2736238826842887,0.15890324673640988
0.0,0.5,0.6498902492305672,0.43237318129389024
1.0,0.0,2.5234302700960498e-05,1.4492966500245785e-05
0.5,0.5,0.01589988039116319,0.007137303497383285
0.25,0.75,0.15096916163086183,0.06866970448100163
0.0,0.0,0.34303136780552235,0.17880719592019334
0.25,0.25,0.6134317978419899,0.5206929984580826
0.25,0.5,0.13230380493503557,0.08463166963981383
1.0,1.0,0.002171188722267847,0.0010273012711241591
0.0,1.0,0.32334962230365516,0.22631837616667627
0.25,0.0,0.012674474514568268,0.005809477711836375
1.0,0.75,0.000930459640266279,0.00045456381395858614
1.0,0.5,0.0003086360351406414,8.821699551886386e-05
0.5,0.0,0.15770888943466832,0.10606527639138419
0.25,1.0,0.292290122106309,0.1938177173672393
0.5,1.0,0.00020273434194550966,8.880384654619267e-05
0.75,0.5,0.0015703405061056053,0.00046640214466286967
1.0,0.25,0.011595032007855277,0.007921576933973551
0.75,0.25,0.14104317743216266,0.1191337078010124
0.5,0.75,0.012769554780893144,0.011123293086517938
0.0,0.25,0.010831730086851898,0.009882126536096658
0.0,0.5,0.13209140509311523,0.059661807788808696
0.75,1.0,0.2979466241833808,0.18563615166440295
0.0,0.0,0.5605680050375305,0.2346044822954365
0.5,0.25,0.0504474805798929,0.018739339939231936
0.0,0.75,0.36410328644973977,0.2086592795153931
0.75,0.0,0.013144261645565147,0.006514882594980342
0.5,0.5,0.5264042335308778,0.30218803456566323
0.75,0.75,0.0008278876185764394,0.00041332940675586904
1.0,1.0,0.00034467579164076945,0.0003098041357723069
0.25,0.75,0.5298874264932535,0.2999343279298945
0.0,1.0,0.32257689946622947,0.18959660204810436
0.25,0.0,0.16487674370519767,0.08011640286777344
0.25,0.25,0.18814502569023495,0.11821713716627236
1.0,0.0,4.969947954180931e-06,3.6429913679025816e-06
0.25,0.5,0.23539160646875334,0.08986896154942547
1.0,0.5,2.9528542000667457e-05,1.053972862885555e-05
1.0,0.75,0.0001087818658985773,5.203631008621201e-05
0.0,0.25,0.4414438490619512,0.274330173725566
0.5,0.0,0.0009351762774474359,0.000883727804069645
0.25,1.0,0.7094787273240629,0.5065068830024203
0.0,0.0,0.5219173669533366,0.3379873413310037
0.0,0.5,0.6304170590624882,0.4882328809534183
0.75,0.5,0.0008053806641967753,0.0005574900422642415
0.5,1.0,0.5498402998205509,0.4081474127708028
0.5,0.25,0.005265994868945745,0.0041920480774342295
1.0,0.25,0.0005420467125083483,0.0002541869109137229
0.5,0.5,0.009139828438713304,0.0027246472290171075
0.0,0.75,0.5454755268598983,0.38630614288927834
1.0,0.5,0.00011860025588972256,6.771452452625226e-05
1.0,0.75,0.0006140333552471233,0.00019895593550844914
1.0,1.0,0.004771613851210832,0.0029983555100546733
0.0,0.0,0.8494793031337128,0.7072091173593236
0.75,0.25,0.05806452058645806,0.027271019080610914
0.0,1.0,0.3503731745393779,0.17410025693537778
0.25,0.0,0.5098605249115042,0.34579210016106654
0.0,0.25,0.8731478602765258,0.6461415640599866
0.25,0.25,0.007989786796278264,0.006562714872461961
0.25,0.5,0.2518744520833667,0.12127004425594468
0.75,0.0,0.012471202270443404,0.00921785886344817
0.0,0.5,0.8499507452277429,0.6137298700374874
0.5,0.75,0.008274178612034833,0.0037000091464121088
0.75,0.75,0.013431670138396745,0.0072992398130322655
0.25,0.75,0.15200897269756442,0.08134825005525104
0.75,1.0,0.20125636275048286,0.0666845348466032
1.0,0.0,0.0015058174556030757,0.0010107611261915839
0.25,1.0,0.20189409875243414,0.14145397806699256
0.5,0.0,0.02040843838307116,0.010928990021481955
0.0,0.0,0.5955618909827706,0.44770942747112563
0.5,0.25,0.0016755148019385047,0.0012642487143432746
1.0,0.75,0.0007820516554366552,0.0007645456635436698
0.5,0.5,0.3481170852408326,0.21608700278208293
1.0,0.5,0.0017968313732724672,0.0005843658680113606
0.0,0.25,0.4384216115424999,0.22251888334132897
0.75,0.5,0.09039756110152108,0.06516919487374406
1.0,1.0,0.0005437076910488337,0.00013504759776961084
0.0,0.5,0.33198935734290247,0.06323097973092184
0.5,1.0,0.27093638951544086,0.16834976868973694
0.0,1.0,0.9760757641820093,0.849889698397336
0.25,0.0,0.3127449065046727,0.20130789100141377
1.0,0.25,0.06422734518737383,0.0386360009437301
0.0,0.75,0.7330033582043289,0.5628334616145793
0.25,0.5,0.369968433373389,0.2511883118997533
0.25,0.25,0.2818078155401714,0.17019739001047918
0.0,0.0,0.3901494545735942,0.28596325649761134
0.25,1.0,0.09069400771489966,0.056129890907051116
0.5,0.0,0.005750513493560705,0.00473879061500293
0.25,0.75,0.03754422067091823,0.027946899797313907
0.75,0.0,0.039351416443505594,0.03468154810164481
1.0,0.5,0.17176142558626784,0.13351780063090835
1.0,0.75,6.481500698085618e-05,2.9231445874744466e-05
1.0,0.0,0.0021131345782626765,0.0011569735800487368
0.75,0.75,0.004597971062458628,0.0028528586740494966
0.5,0.25,0.3238212014065227,0.2610311519404406
0.0,0.25,0.135036254940057,0.07947653040548497
0.5,0.5,0.17538015238535265,0.07254825489425298

0.0,0.5,0.8037103922863451,0.49732847879753594
0.5,0.75,0.005923677985179232,0.004389724141881768
1.0,1.0,0.0005334029643998539,0.00015328928476354697
0.75,1.0,0.025547073764669914,0.01696131882845009
0.0,0.0,0.4823400833472298,0.2788400210035673
0.0,1.0,0.25666971169927255,0.19967562848328257
0.25,0.0,0.353134648959886,0.22882318192562334
0.75,0.5,0.0011095495808621791,0.0008432256208720235
0.25,0.5,0.8706162663251089,0.6528992073946875
0.25,0.25,0.5522247730677166,0.28343642411787084
0.5,1.0,0.010808202407804224,0.005656290527576435
0.0,0.75,0.23601459786951817,0.13492858250223072
1.0,0.75,0.28127081940037635,0.19446312847227387
1.0,0.5,0.05372527710890518,0.01838940784456411
1.0,0.25,0.0061557190057870415,0.0026840184998765393
0.0,0.25,0.08481590021391927,0.06570526874875848
0.25,1.0,0.007360353286034793,0.005123734849477035
0.5,0.0,0.16893489166291897,0.13223545134600168
0.0,0.5,0.059121312629205836,0.04468807476169934
0.0,0.0,0.03481970221830133,0.014717054304058341
0.5,0.25,0.0002500911615617163,6.163385868529492e-05
0.5,0.5,0.15251795468315832,0.11396143881447052
0.25,0.75,0.6943137052622127,0.42119157297409604
1.0,1.0,0.002947912515862239,0.0008798386766818433
1.0,0.0,0.011990069356406119,0.007323310423515861
0.75,0.0,0.00539915843826988,0.002960602682455127
0.75,0.75,0.0024348871092200186,0.000990034825725239
0.0,1.0,0.5805119834595686,0.4257681199102248
0.25,0.0,0.05569861948144994,0.03195326719866709
0.75,0.25,0.014976335072857339,0.011030394543465327
0.0,0.0,0.7567916778107304,0.5091660268415129
1.0,0.75,0.001995346842881829,0.0012332925455296184
1.0,0.5,0.0018047652958113058,0.0008099067029500029
0.0,0.25,0.20192221872690874,0.11825261674093823
0.25,0.5,0.49699298253023494,0.34385905308795706
0.25,0.25,0.2124174918779318,0.13132499699596645
0.5,0.75,0.02353541340996279,0.012887256528963054
0.0,0.5,0.26343886567801755,0.1537485848966189
0.75,0.5,0.011024231096992132,0.005046561053305365
0.0,0.75,0.8292353501884633,0.5337297741502437
0.5,1.0,0.11192917504112221,0.045300282106947476
0.5,0.25,0.029697227558056927,0.019122058163995037
0.25,1.0,0.02883774545952611,0.01087112117764244
0.5,0.0,0.22571267212799073,0.13440093660883634
0.75,1.0,0.0030749491953804275,0.0019420974675047331
0.5,0.5,0.16095957558253282,0.15160160048453175
1.0,1.0,0.0025093834681326754,0.001431520228868166
1.0,0.25,6.118427749224331e-06,7.99256240491264e-06
0.25,0.75,0.22810128613239966,0.13980586384461424
0.0,0.0,0.34955669542459633,0.18802703799484322
0.0,1.0,0.32690739959607995,0.23475511120638348
0.25,0.0,0.003367171675156433,0.001642612813617994
0.0,0.25,0.7571442680281699,0.3758569223753967
1.0,0.5,0.013566722476267667,0.009585071548734003
1.0,0.75,0.09779366299750969,0.07131987270082951
1.0,0.0,0.0002818472806073169,0.00020895343712923342
0.0,0.5,0.5234457381357013,0.36331631249196517
0.75,0.0,0.03392584891363204,0.012888002070099103
0.25,0.5,0.9614612836003201,0.8603196264944307
0.75,0.75,0.0005208800264662194,0.00023242575107196295
0.25,0.25,0.7075262391672631,0.5805607089737219
0.0,0.0,0.3611543928055946,0.1843035337953437
0.5,0.25,0.7731689472530361,0.5530377613688766
1.0,1.0,1.017506176004268e-05,6.880235419837177e-06
0.5,0.5,0.0019098531411614328,0.0008203128540292814
0.5,0.0,0.4734232343405339,0.25154233304351936
0.25,1.0,0.3428599221539457,0.18510187971690129
0.0,0.75,0.7075562415453287,0.4681615716443077
0.75,0.5,0.16757270578079098,0.06397431580009327
0.0,0.25,0.11089548954307371,0.07688768370304633
0.75,0.25,0.09078300097430048,0.04541095976590914
0.5,1.0,0.0033215691735866137,0.0030549625935856195
1.0,0.75,0.01887631773478371,0.015501814348439114
1.0,0.5,0.036615386667268046,0.01842981436052682
0.0,0.5,0.11540626124689479,0.08582789829876114
0.25,0.75,0.15760581607689128,0.10253162732634957
0.0,1.0,0.5046759795724719,0.37078668527193837
0.25,0.0,6.947445524585483e-05,5.8294321251706194e-05
0.5,0.75,0.35725389953210884,0.17847693839037027
1.0,0.25,0.0013928244116796495,0.001502699176435529
0.0,0.0,0.8070745193697164,0.5747803555057553
0.25,0.5,0.3658197351230611,0.2023088117039944
0.25,0.25,0.34627663359284144,0.1575981243587936
0.75,1.0,0.04191146577676863,0.018426215001400736
1.0,0.0,0.0033632454254788335,0.002174890228095583
0.5,0.25,0.09995589427843599,0.03780658253373914
1.0,1.0,0.001572780417291808,0.0008790410464244447
0.5,0.5,0.013941255250316309,0.006991618546185574
0.75,0.75,0.2883956502939724,0.12284770126641908
0.0,0.25,0.38865162987067925,0.22530807236658168
0.75,0.0,0.5158880011394555,0.3424459507217704
0.25,1.0,0.00013463138218849924,1.7109165272977123e-05
0.5,0.0,0.0018573949251918798,0.0012765157052285758
0.0,0.5,0.2327910862720166,0.1261027433045272
1.0,0.5,0.03814720386115544,0.02468230097623514
1.0,0.75,0.004314198641675038,0.0029994316342794036
0.0,0.0,0.8359693613239093,0.728046655594141
0.0,0.75,0.2836227843983128,0.23275786384022323
0.75,0.5,0.05464150043534588,0.03556323975132458
0.0,1.0,0.4289434583580539,0.27586374451582085
0.25,0.0,0.0003281894859619161,0.00018036161628010028
0.5,1.0,0.00029389131756918374,0.00020355431514629263
0.25,0.75,0.02395559483215426,0.007946271788926595
0.25,0.5,0.11584531237708262,0.0777673690663152
0.25,0.25,0.004092146816590425,0.0016138912996865873
0.0,0.25,0.6612013845643291,0.43216184185891016
0.0,0.0,0.13557479788204096,0.0711971813874237
1.0,0.25,0.009395587552516904,0.003382004232897029
1.0,1.0,0.00619553302122422,0.0020389847704088693
0.0,0.5,0.9422942684448048,0.7937820489852758
0.75,0.25,0.003016165590452813,0.001412759813315012
0.5,0.25,0.0016335244983003427,0.0012418577484593074
1.0,0.5,0.00415492995220923,0.0009629823174788221
1.0,0.75,0.032093788380325394,0.022224647137220943
1.0,0.0,0.034692336988203065,0.028716243053133583
0.5,0.5,0.14152539046426038,0.07416959513626531
0.5,0.75,0.450161956560718,0.26103087898192123
0.25,1.0,0.007468320341132095,0.0006240003485649126
0.5,0.0,0.005513048266858833,0.002435198866508337
0.75,1.0,0.004075538849811933,0.003333531428993286
0.75,0.75,0.037579161214829515,0.02102134202253947
0.75,0.0,0.001322321332792753,0.0007921709651936837
0.0,1.0,0.3063983296613073,0.18447552995605876
0.0,0.75,0.11589113874029455,0.07923666335486312
0.25,0.0,0.454862499968241,0.17980241225856686
0.0,0.0,0.22090276779900098,0.1324038488926782
0.75,0.5,0.025176210400687404,0.016045739971675355
0.0,0.25,0.3548300953498065,0.22646743008952885
0.25,0.5,0.0032371493181730937,0.0018224968587057244
0.25,0.25,0.09544775978705122,0.0428230657857358
0.0,0.5,0.4037452687095755,0.2246863940802417
1.0,0.75,0.00012518162995256432,4.361297303523415e-05
1.0,0.5,0.0001349594724165959,8.108360710012974e-05
0.25,0.75,0.8957678405744315,0.6579046904760588
0.5,1.0,0.4896255056079506,0.3491917647105065
1.0,1.0,0.016015012050760724,0.012096847635612251
0.5,0.25,0.2063076648839024,0.12880502051280862
0.5,0.5,0.011564884296541567,0.0072257888912129475
1.0,0.25,0.00011334448048661017,0.00012200792909711211
0.5,0.0,6.316880029688665e-05,6.0376857648369864e-05
0.0,0.0,0.5506740517451063,0.2950736799341789
0.25,1.0,0.05080979357799631,0.038607987017646894
1.0,0.0,0.03897792684433221,0.022832170586782885
0.0,0.25,0.011923304735579232,0.008994668206315337
0.0,1.0,0.20816288551505502,0.11176606616418527
0.25,0.0,0.37144566135864476,0.23337282857484865
0.0,0.5,0.5962361570706689,0.44619617990524196
0.75,0.25,0.004401641461988737,0.003576906612943187
1.0,0.5,0.24231610794744407,0.12916854035577796
1.0,0.75,0.00046790656408401965,0.00016283446327025608
0.75,0.75,1.423998633287571e-05,1.4171710358890088e-05
0.25,0.5,0.3447774251414186,0.21412529997120355
0.25,0.25,0.5755749608232394,0.4103819095163531
0.0,0.75,0.5837670519669161,0.4581754959587737
1.0,1.0,0.010983166066027228,0.005470362940330764
0.75,0.0,0.6440118908031432,0.5412352429110565
0.0,0.0,0.24592186307765473,0.21561834695350846
0.5,0.75,0.0006012004471969146,0.0005282791589396041
0.75,0.5,0.0010616153319256139,0.0006657984968169162
0.5,0.25,0.2156585159307003,0.08819216421765275
0.25,0.75,0.08863881193818801,0.05421789876641503
0.75,1.0,0.04617281778027715,0.017119928482708158
0.5,0.5,0.001393410648834581,0.0008753398140954882
0.5,1.0,0.3787797270236014,0.1752052150989778
0.5,0.0,0.02739386420525336,0.010594138401694098
0.25,1.0,0.016026910846732134,0.010410118046788819
0.0,0.25,0.27564061361460424,0.1755345169400102
0.0,0.5,0.608278155959241,0.2351194691528069
1.0,0.75,0.017951973571979418,0.00608470479862655
1.0,0.5,0.0006115610422503526,0.0002909768754881803
0.0,0.0,0.6990735996822043,0.4520907597257037
0.0,1.0,0.45174415810481694,0.2586244360125127
0.25,0.0,0.009634281399437894,0.003613350195225795
1.0,0.25,0.010603545202857334,0.0052270101359925825
1.0,0.0,0.015325115002540857,0.008762978915713093
0.25,0.5,0.3474898052309702,0.1931413650531425
0.25,0.25,0.8501502834890897,0.6811892677930668
1.0,1.0,0.0018694170420954226,0.0010108966183035584
0.5,0.25,0.09089285294816796,0.060932646661678636
0.0,0.75,0.05047183598108573,0.04734748751699225
0.5,0.5,0.01782093501140869,0.008419976277389996
0.0,0.25,0.37177258647326694,0.13843270316897283
0.75,0.75,0.030357072924656947,0.011221573399271212
0.0,0.5,0.8771631105360271,0.65884964900269
0.0,0.0,0.7190450069559927,0.4150712880809674
0.75,0.5,0.004533202193689911,0.002035968033254898
0.75,0.0,0.011030038361345751,0.0047458099416679556
0.25,0.75,0.00769707386651608,0.003201617004828905
0.5,0.0,0.001153055110683976,0.0005431809366241991
0.25,1.0,0.0023265867898549786,0.0014905901206488936
0.75,0.25,0.00561193825833306,0.004889891341785524
1.0,0.75,0.001334193777563275,0.0011456542086872856
1.0,0.5,0.008776770783503807,0.00262988420154342
0.5,1.0,0.0006075907965557015,0.00040955492837646545
0.0,1.0,0.4734029866138444,0.2961035538542057
0.25,0.0,0.07258005135258716,0.045362504576326845
0.75,1.0,0.0018670323269592837,0.0005908662824680722
0.5,0.75,0.012921166039578158,0.0066493284760293925
1.0,1.0,0.0003598765422386796,0.00028146323663913453
0.25,0.5,0.5282006127564753,0.37981639205059947
0.25,0.25,0.07527653057835859,0.03447793565809132
0.0,0.0,0.03786543462704106,0.01953170316755426
0.0,0.25,0.3985630955588134,0.3028302165516761
1.0,0.0,0.00427680511994788,0.0017776916681268018
0.5,0.25,0.0677372517116901,0.03226951149504509
1.0,0.25,0.0020333603879560957,0.001336995719654066
0.0,0.5,0.3721127974198494,0.2253639725099994
0.5,0.5,0.0021095246781451804,0.0012334029912115518
0.0,0.75,0.803838086608343,0.5033563095456365
1.0,0.75,0.0001245062993189272,8.401803358670801e-05
1.0,0.5,0.0004963300534078785,0.00029007033243044766
0.5,0.0,0.20106956122365816,0.13033248608713932
0.25,1.0,0.9181042943665834,0.7442040330017616
0.75,0.75,0.0016118649370283622,0.0010777696577319862
0.0,0.0,0.3642637252918658,0.20733163796518062
0.75,0.5,0.02068680266117795,0.013410186389534617
0.25,0.75,0.025401435005268147,0.012909163663592294
0.0,1.0,0.8805028211379767,0.7961121115836658
0.25,0.0,0.012576167392637005,0.008843387990416618
0.75,0.0,0.002302903492865882,0.000895754829838391
0.0,0.25,0.45033027374778245,0.330556613447057
1.0,1.0,0.04119431890592651,0.024366546098727793
0.0,0.5,0.14072551284927437,0.06985660585657749
0.5,1.0,0.00024977769519363147,0.00016027214314129345
0.75,0.25,0.11016620387515985,0.0634109535566727
0.25,0.25,0.3960669848908501,0.22632503122349823
0.25,0.5,0.008341345304079262,0.006016213178060559
0.5,0.25,0.17162370617393186,0.13197298181832662
0.5,0.5,0.0002447082640109066,0.00021033620327282065
1.0,0.75,0.3353367637491339,0.1917843624237383
1.0,0.5,9.15183953120735e-06,6.908253471382686e-06
0.0,0.0,0.5690613713420625,0.3844455895515557
1.0,0.0,0.0012048563199844597,0.0006680706456705376
0.5,0.75,0.21264136685962565,0.10324620410249075
0.75,1.0,0.013829012665591334,0.006893085233571572
1.0,0.25,0.0002746721260833418,0.00019131309740161306
0.0,0.75,0.3877739171686998,0.24814139653125666
0.5,0.0,0.0005629981878525481,0.0005377308989534813
0.25,1.0,0.15486597467466223,0.08394946765427591
0.0,0.25,0.6543388306561377,0.4611324201774678
0.0,0.5,0.9544844444523966,0.8669149596068306
0.0,1.0,0.1577482504779848,0.10102815160062595
0.25,0.0,0.001059789932384425,0.0004749762253974943
1.0,1.0,0.0001725598766401104,6.504695718922981e-05
0.25,0.75,0.38441247658560795,0.2022998190240417
0.75,0.75,0.0001637593624430611,0.00010906903199758844
0.75,0.5,0.0033348420613004137,0.001425120284865411
0.0,0.0,0.26971082786603673,0.1949995356269414
0.25,0.5,0.007491542549679542,0.005954242587133174
0.25,0.25,0.6722993982209331,0.5098808348852755
1.0,0.75,0.0002571496695504827,0.00012072253448414116
1.0,0.5,1.3749133225493537e-05,3.59556662776761e-06
0.5,0.25,0.21130848950316417,0.19015087479793347
0.5,0.5,0.2761649726674127,0.11778921962562072
0.75,0.0,0.018169384547371936,0.01185006469634986
0.5,1.0,0.2670325820331575,0.14891132891707737
0.0,0.25,0.0824382093749092,0.030063385129437403
0.0,0.5,0.3108336495627958,0.15532369590514306
1.0,0.0,0.0017085231525573175,0.001344398972409011
0.0,0.0,0.7411324954373747,0.5999682777531476
0.75,0.25,0.09444191478226438,0.05388551053155022
0.5,0.0,0.10906663511506309,0.0654148532769997
0.25,1.0,0.34931999687617155,0.15126757137936142
0.0,0.75,0.6508458014709588,0.48116906629875
1.0,1.0,0.0001647165961284891,5.45301978887025e-05
0.0,1.0,0.7087705667205763,0.6132424758355254
0.25,0.0,0.011426341683126173,0.004608557396397095
1.0,0.5,0.0512095142423038,0.04615566056748488
1.0,0.75,7.876645671145432e-06,4.047465494316782e-06
1.0,0.25,0.002030010080770417,0.0010654189598835462
0.25,0.5,0.4130962556116894,0.2330944614009265
0.25,0.25,0.2273951126261644,0.06410897334556809
0.5,0.25,0.12402006159466916,0.04853208721380797
0.25,0.75,0.001014581986427121,0.0005608306136162255
0.5,0.75,0.08861086997103973,0.05659725991363207
0.5,0.5,0.2825587085416905,0.2107222755026792
0.75,1.0,0.020742787653923456,0.008305359104229249
0.0,0.0,0.04092919245947846,0.02283090760589246
0.0,0.25,0.3962572490320738,0.24491595025161828
0.75,0.5,0.15884597915524012,0.08104979309100235
0.75,0.75,0.0031191124907858914,0.0018815097345961096
0.0,0.5,0.045402463237765645,0.030851930739899114
0.5,1.0,0.0024627332697289006,0.001115781709681185
0.75,0.0,1.0451346580397924e-06,9.146675097326806e-07
1.0,0.75,0.0030273908813714945,0.002247983051157032
1.0,0.5,0.02335472600369759,0.012835466905874116
1.0,1.0,0.0030588860660398787,0.001789016606108973
0.5,0.0,0.10733089400334372,0.050894863861773
0.25,1.0,0.11714577263471182,0.07349050123228018
1.0,0.0,5.935073163376714e-06,3.815091690340111e-06
0.0,1.0,0.47968858994038077,0.36291698672157313
0.0,0.0,0.2868149250761922,0.14429141170501147
0.25,0.0,0.7765312943717351,0.5200575064659003
0.0,0.75,0.975808974288514,0.8639402004211121
0.5,0.25,0.04260626927536293,0.035873224088404654
0.25,0.5,0.16224786565406257,0.09856708287372329
0.25,0.25,0.21196372943605657,0.1323317739978188
0.0,0.25,0.21653260654156703,0.16619385038391432
0.5,0.5,0.07808695555418099,0.045498352923282415
0.0,0.5,0.5777930604872845,0.47625523399613334
0.75,0.25,0.1577993670198039,0.09021683346904807
1.0,0.25,0.0029856822791211046,0.0011081909731983641
0.25,0.75,0.5951274345306679,0.3278261832649688
1.0,0.75,0.0014145629064221676,0.0006643749401782362
1.0,0.5,0.0041007357771402075,0.0028484017515995053
0.75,0.5,0.08536501510776917,0.04768824303627639
0.0,0.0,0.7123742728729645,0.4931897269612915
0.5,0.75,0.44547032569773604,0.36895223721560033
1.0,1.0,0.0004487647691820973,0.00026234163044092096
0.75,0.75,0.014050550475187773,0.010217109294059945
0.75,1.0,0.03490487413744614,0.02391152974064792
0.5,0.0,0.05849315593651272,0.022280034064501297
0.25,1.0,0.00749385166831118,0.006186673475248372
0.0,0.25,0.2770856591033086,0.18369598662372044
0.5,1.0,0.008140558506068873,0.004442471076783749
0.0,0.5,0.27603279859765784,0.09495060826175317
0.0,1.0,0.10126479202600991,0.05317235720447555
0.75,0.0,0.14838773265921723,0.07358486189999569
0.25,0.0,0.014098473325639627,0.008208607912543853
0.5,0.25,0.24748686316053814,0.10586970142277785
0.25,0.5,0.12278118705266394,0.0848730272012157
0.25,0.25,0.4058905500470317,0.2767747973476108
0.5,0.5,0.3474770962678886,0.2764429653281575
1.0,0.0,9.201789809165639e-05,4.365196270361693e-05
0.0,0.75,0.48355082235608193,0.2725700392280015
0.0,0.0,0.8703676432591831,0.7432727736269569
1.0,0.75,0.0004213503738706992,0.00014089265452255084
1.0,0.5,0.0018989887103992853,0.001380733413264279
0.25,0.75,0.22635676631386703,0.17813406062254478
1.0,0.25,0.044374620919119256,0.02728956547870054
1.0,1.0,0.005105499346556908,0.00455181342558153
0.0,0.25,0.06233503403073193,0.02887527138875723
0.0,0.5,0.3671408851532295,0.282628048501408
0.75,0.5,0.10488164752036722,0.05082472800759452
0.75,0.25,0.004281372062097333,0.0025287191560420252
0.0,0.0,0.49834219427495574,0.28515228376354995
0.5,0.0,0.08025710066209968,0.049397386457609826
0.25,1.0,0.0301168613459587,0.018678693259870816
0.5,0.25,0.0013393708327269493,0.0006679735246640783
0.25,0.0,0.9793384096086354,0.8571346651531208
0.75,0.75,0.003596886737325722,0.0017877302078945778
0.0,1.0,0.8310917994900919,0.6918932084957055
0.5,0.5,0.0009843889697642716,0.0005987732175092297
0.25,0.25,0.26883238059576986,0.1290237549923685
0.25,0.5,0.03953485920962341,0.022979452721554883
0.5,1.0,0.047365028960673405,0.03063774627344018
1.0,0.75,0.0012126838701809195,0.0007465792841804264
1.0,0.5,0.02857182698628835,0.011271390722041419
0.5,0.75,0.0021070120607917797,0.002228478445868265
0.75,0.0,0.009510578803987757,0.0060125354422577715
0.0,0.75,0.501597492058643,0.3570957944793356
1.0,0.0,0.014174198804249749,0.00927969992951927
0.0,0.25,0.8008990487254326,0.5271742180943509
0.0,0.0,0.35865329914609423,0.19330451765547352
0.0,0.5,0.6027238862077546,0.33269122554321373
0.75,1.0,0.020562643754891252,0.010371237953543111
1.0,1.0,1.0020647711606046e-07,9.257708155629985e-08
0.25,0.75,0.0036494690684752973,0.0010704953818725382
1.0,0.25,0.008654480204612569,0.005060500221785058
0.5,0.25,0.061372385313725686,0.028023309634752414
0.25,1.0,0.6915137025630318,0.46616390936079277
0.5,0.0,0.70908688368921,0.5539206972809472
1.0,0.75,0.0039631472413310664,0.0011776327079369153
1.0,0.5,0.0013752979949528399,0.0008642578969398906
0.0,1.0,0.5982496595472807,0.45872931201125866
0.25,0.0,0.4196463008833834,0.2416698432973473
0.5,0.5,0.11005435896136606,0.05961167003695245
0.75,0.5,0.06494515416085145,0.038286990519830644
0.25,0.5,0.0029132606188225774,0.0020360194884644356
0.25,0.25,0.07588479871224374,0.057513269596473404
0.0,0.0,0.14806637455271854,0.06306107354648416
0.0,0.25,0.6206592881857695,0.4944969699604841
0.0,0.5,0.7813032238741776,0.6044201586309917
0.75,0.75,0.012486276576282318,0.013831480825042708
0.5,1.0,0.01292996002482849,0.005106048929257367
1.0,1.0,5.951011769655956e-05,3.400058137659201e-05
0.75,0.25,0.004185139238716218,0.0022341927579916376
0.0,0.75,0.7116507632998617,0.5729479082063136
1.0,0.0,0.00028555609496005996,0.00010885726762599468
0.75,0.0,0.0905547923075718,0.05251078531320352
0.0,0.0,0.5431708266736044,0.3306449266053393
0.25,0.75,0.3592329509822857,0.24096177567970323
1.0,0.75,0.0031597434730177287,0.0015985463718076742
1.0,0.5,0.0026163240688523715,0.0017157224568784546
0.5,0.25,0.022501479931694046,0.015853783373396713
0.5,0.75,0.008472117681375346,0.007292684765542012
0.5,0.5,0.0003073653329341841,0.0001314388629456431
0.25,1.0,0.14264362178833478,0.08334439582156461
0.5,0.0,0.2915966438840639,0.20113165435529134
0.0,0.25,0.4311806040619902,0.2683909038034986
0.0,1.0,0.7121279880452609,0.492035659184769
0.25,0.0,0.18808884107860524,0.13264888161370703
0.25,0.25,0.48796186677928444,0.3159903820600468
0.25,0.5,0.29796125108825877,0.18197461911102608
0.0,0.5,0.13273700420901813,0.08675305577189552
0.75,1.0,0.00025775951857776036,5.603908006113212e-05
1.0,0.25,0.01985644023017874,0.010218509409065213
0.75,0.5,0.002527566586851049,0.0017957733084994487
1.0,1.0,0.06310807544317243,0.02991806831343602
0.0,0.0,0.17588688831217913,0.1154545985397667
1.0,0.75,0.1630807644621649,0.12279304400595481
1.0,0.5,0.012046568524699985,0.005463091072448245
0.5,1.0,0.6521384835907618,0.40913852004292806
0.75,0.75,0.0010056235339147568,0.0007157370315848954
0.0,0.75,0.9864570359043421,0.9079113032978832
0.0,0.25,0.8240855321814555,0.599948066982962
0.5,0.25,0.003633760807064901,0.0022129964986982165
0.0,0.5,0.6326063004450407,0.40570108623923107
1.0,0.0,0.05191888973652392,0.025702597128706595
0.5,0.5,0.008932265526532701,0.0032419143443279674
0.25,0.75,0.3297520168410496,0.20345359271374008
0.25,1.0,0.00013837369235014663,0.00011043721947112672
0.0,0.0,0.027896338018776,0.015217682712420189
0.5,0.0,0.004195378706853159,0.0020894040765151445
0.75,0.0,0.0005848366315412967,0.00033556535441925384
0.25,0.0,0.0741092338022804,0.044439521286908645
0.0,1.0,0.10465677564732412,0.07937486307968
0.25,0.25,0.009450561838056926,0.007329623416670206
0.25,0.5,0.16191648770766487,0.12632103949506313
0.75,0.25,0.004662488905301965,0.0019638503307410904
1.0,1.0,0.060689661142884654,0.04211697049945895
1.0,0.75,0.0008095074293337223,0.0004752892790536034
1.0,0.5,0.030588635681116583,0.02240558330528475
0.75,0.5,0.0008403957548751562,0.0007417743428492773
1.0,0.25,0.001264124327123195,0.0008257249308554204
0.0,0.25,0.03339217182638754,0.00738752439560697
0.5,0.75,0.17564594571468173,0.11746949862098788
0.0,0.5,0.15031632780136905,0.09857343415664577
0.0,0.0,0.3134144051181974,0.18637331902896337
0.75,1.0,0.0011903432338774556,0.0001786069911854371
0.0,0.75,0.5035462413842025,0.25064161015138064
0.5,0.25,0.014299970573963816,0.006054155638174907
0.5,0.5,0.006907503070091248,0.002019193752117232
0.5,1.0,0.05368399918592348,0.04518932574868262
0.75,0.75,0.0014161405426801332,0.0009915572312371168
0.25,0.0,0.5205136854310686,0.3003191243411847
0.25,0.25,0.6929677655118551,0.5976587544907099
0.25,0.5,0.07373941491637581,0.03106700658502004
0.0,1.0,0.7852254357517316,0.5098810673412262
0.25,1.0,0.41457070054544687,0.2661374068761383
0.5,0.0,9.861268165045622e-06,6.104383736937891e-06
1.0,0.0,4.676630290889605e-05,3.348622663468248e-05
0.25,0.75,0.18988765969729304,0.09950894189431314
1.0,0.75,0.00018163775449375752,6.216282541604556e-05
1.0,0.5,0.010891673808633207,0.006078651431983939
1.0,1.0,0.004577528254807839,0.0027894150799809836
0.0,0.0,0.6613157780181849,0.45892222831585194
0.0,0.25,0.776449237863511,0.49889846985128106
0.0,0.5,0.6414348632686236,0.45882535366736577
0.75,0.0,0.0011109006846454772,0.0007691686615445281
0.75,0.5,0.1628910790180429,0.09857070792315914
0.5,0.25,0.6452546773786939,0.4462609113543936
0.75,0.25,0.026216853602985757,0.015906037876753043
1.0,0.25,0.0034134161346049963,0.0013214711037511373
0.5,0.5,0.3326358207662441,0.20944550469083012
0.0,0.75,0.3662997890634101,0.25271722796624285
0.0,0.0,0.6240560912718431,0.47288402329599444
1.0,0.75,0.00018542407536148442,7.429016590265736e-05
1.0,0.5,6.690654130392382e-05,3.8028382052135434e-05
0.25,0.25,0.1292722832130827,0.06303979728761766
0.25,0.5,0.30628299501645695,0.16265649105867275
0.25,0.0,0.11135525125964008,0.04273696659672843
0.0,1.0,0.38285697490611037,0.1963945266964786
0.5,0.0,0.43354544312298304,0.3098389557955584
0.25,1.0,0.09058701108821843,0.07566302844085127
0.0,0.25,0.2069737806079993,0.15182320579746378
0.5,1.0,0.10017141610425384,0.055478681676991215
1.0,1.0,3.0905903571909477e-06,2.6739003469167244e-06
0.0,0.5,0.8529838701650585,0.5377193215521067
0.5,0.75,0.03150161971876264,0.015485496271899768
0.25,0.75,0.0323045380546374,0.017358050178362228
0.75,0.75,0.06095025589606573,0.03007806762605103
1.0,0.0,0.00801822588511425,0.003250022416844023
0.75,1.0,0.005187616011119278,0.004237631354277571
0.0,0.0,0.34345234570779604,0.21757415622080445
0.5,0.25,0.013573098672794881,0.006919272943095578
0.75,0.0,0.15021491937260367,0.11731632672549619
0.5,0.5,0.12576619855211968,0.07719933376207544
1.0,0.75,7.646301238062314e-06,2.949876023450315e-06
1.0,0.5,0.004191243459055416,0.002066757844401579
0.0,0.25,0.09188098315069038,0.04404469405483846
0.75,0.5,0.0739856782919226,0.025262805723800685
0.0,0.5,0.6979280587334239,0.49916335573735404
0.25,0.25,0.7917745692661191,0.6138418079969434
0.25,0.5,0.0775345335729225,0.03407371833497064
1.0,1.0,0.0021896865796156018,0.0007594758859961193
0.0,0.75,0.6526262465100285,0.48841014483706335
0.0,1.0,0.47370565074239823,0.3039168552839835
0.25,0.0,0.001137516781679171,0.0006432445930870667
0.5,0.0,0.03678666506100925,0.02091934740570256
1.0,0.25,0.019122131925874197,0.018343863436872
0.25,1.0,0.00019094903569316646,9.062958694738832e-05
0.0,0.0,0.013786254703196166,0.008756868283867902
0.75,0.25,0.0009285923049160427,0.0003159319730068333
0.5,1.0,0.01184937163623967,0.005405377118194776
0.25,0.75,0.11214622504701377,0.06072673964981756
1.0,0.0,0.00010086946576992606,6.302721903772568e-05
1.0,0.75,7.569884097335944e-08,6.525597529005722e-08
1.0,0.5,0.0031965457483538184,0.002396634643542672
0.5,0.25,0.0048923081350698006,0.0025056039126687413
0.0,0.25,0.9011373336417845,0.7540339756028734
0.75,0.75,0.0003039361963296239,0.00018676857885513432
0.5,0.75,0.5135520936389769,0.31866274076409695
0.0,0.5,0.13498685418652367,0.059312208273678335
0.5,0.5,0.343984041952927,0.2174169051808159
0.0,0.0,0.0048023791632902935,0.0024352510913319136
0.25,0.25,0.1049139858069752,0.043315625310220596
0.25,0.5,0.007490583077277679,0.00463496020537757
1.0,1.0,0.026960896448255722,0.01552576742930567
0.75,1.0,0.021811945294700763,0.011313323004270015
0.75,0.0,0.03121579021254317,0.014358029133225925
0.0,1.0,0.23865125603452908,0.1683077230960529
0.25,0.0,0.2397418381489057,0.12784104723044853
0.75,0.5,0.25775746241418385,0.20273435177325694
0.5,0.0,0.3222445614254752,0.15879605994704904
0.25,1.0,0.1473799772466029,0.11363659977483775
0.0,0.75,0.7045946365547049,0.5281994762100279
1.0,0.75,0.0006371701431159282,0.000351211364735704
1.0,0.5,0.10560943079821872,0.049540152779634306
0.0,0.25,0.6159007652385108,0.39889910991830846
1.0,0.25,0.003692517675280893,0.002296003523180379
0.0,0.0,0.5529949139310191,0.2796188111994008
0.0,0.5,0.5851443493716126,0.4646455220630942
0.25,0.75,0.012147928254102491,0.006530740436284432
0.5,0.25,0.0604012567103851,0.015047043222679024
0.5,0.5,0.0734689064921944,0.03694349616333814
0.5,1.0,6.826280148586328e-05,4.921094065735154e-05
1.0,0.0,0.00022272789974842055,0.00016200737479343807
0.75,0.25,0.002526758564808995,0.0015004711835688855
0.75,0.75,0.10027323881486483,0.040756880061111334
1.0,1.0,1.154787444279659e-05,7.685392762968313e-06
0.25,0.25,0.30701159363892216,0.28327067207455703
0.25,0.5,0.026272205857909903,0.02190040275791061
0.0,0.0,0.8149178174492705,0.5989389653068213
0.0,1.0,0.03685268706506162,0.021038719733652234
0.25,0.0,0.15998943138503874,0.07543354372687316
0.5,0.0,0.2147260786472358,0.16491527865493327
0.25,1.0,0.008807036151805003,0.005307286092814278
0.0,0.25,0.9376646569754842,0.6991962712732505
0.5,0.75,0.0012818302705965845,0.0006218677939312522
1.0,0.75,4.059232027420201e-05,3.479220441859887e-05
1.0,0.5,0.053913873238062515,0.027412395894808705
0.0,0.5,0.3508990884927591,0.1429170612875308
0.75,0.5,0.0008457556655567799,0.0005419156448993601
0.75,0.0,0.041529652525305494,0.01851445590360712
0.0,0.75,0.5554465976643139,0.32960993996896426
0.5,0.25,0.08774602258661846,0.035500340840233346
0.5,0.5,0.010153718760720576,0.005984584167110896
0.25,0.75,0.8655407347721448,0.6977697238683678
0.75,1.0,0.010403992258222194,0.007800677139200518
0.0,0.0,0.584897729891823,0.3910455019993313
1.0,0.25,0.000427844602296501,0.00021368246141562075
1.0,1.0,0.00010896902282886423,4.9846549111665084e-05
0.5,1.0,0.5108531372348301,0.3546794141731653
0.25,0.5,0.4082615137360689,0.2696841692586459
0.25,0.25,0.6992090558710918,0.5672916770826542
0.0,0.25,0.5280173114825946,0.2910957425406814
1.0,0.75,0.0031852987414537903,0.0019080840066557636
1.0,0.5,6.108194921350396e-05,3.0355708665719128e-05
1.0,0.0,0.0013479199355661553,0.0005660821219073409
0.0,0.5,0.7454735212064643,0.4970578422161409
0.0,1.0,0.6096260810160755,0.4375237243695521
0.25,0.0,0.3246312211066248,0.17784558766138958
0.5,0.0,0.1766960642299048,0.06411898403922656
0.25,1.0,0.04518028175409339,0.029297955867808145
0.75,0.75,0.004345183483377202,0.0036915524810636757
0.0,0.0,0.39871578442322986,0.20873951672786206
0.5,0.25,0.08173236187014199,0.03722083618061789
0.75,0.25,0.06301417095013573,0.04762069474845121
0.5,0.5,0.19986065798212882,0.09518424564349237
0.75,0.5,0.00019838319260545578,0.00015585023811282017
0.0,0.75,0.7320573860486257,0.6281609169608313
0.0,0.25,0.4646847836117346,0.3751421924846232
0.75,0.0,0.00938597419055287,0.005751787436274247
1.0,1.0,0.005984446110418595,0.0035797556008690945
0.0,0.5,0.2649360266880455,0.14282381713260217
1.0,0.5,8.287881497537342e-06,3.672934578813347e-06
1.0,0.75,0.03356400018172989,0.023540728706033853
0.5,0.75,0.0010716192144563097,0.0009453321757338928
0.25,0.75,0.008655290125950676,0.004462588995273409
0.25,0.5,0.1396059301449244,0.07603335431769598
0.25,0.25,0.3186523754849693,0.17029518815941636
0.0,0.0,0.7334735545938363,0.505051204153022
1.0,0.25,0.011856558941485185,0.005932384200853846
0.0,1.0,0.8678705268685186,0.5377837072989853
0.25,0.0,0.3626382254842261,0.24104787176371612
0.5,1.0,0.09549593048958294,0.06243191632696232
1.0,0.0,0.039959211082156054,0.02841978044988036
0.25,1.0,0.83983317471045,0.6416316641463041
0.5,0.0,0.050119116743313596,0.027009750324887172
0.75,1.0,0.09768265117904362,0.04842244807346385
0.5,0.25,0.05987179050068425,0.03252077462791547
0.5,0.5,0.00021712174483923263,8.934521217274227e-05
0.0,0.25,0.2466150701439518,0.1721505756186401
0.75,0.75,0.0004980225325356136,0.0005186832810324393
0.0,0.5,0.2330341412405369,0.13470434639030993
0.0,0.0,0.3261963627226462,0.2568745680911375
1.0,0.75,0.00212967832001254,0.001062299505943054
1.0,0.5,0.2433801856245278,0.17724368926607248
1.0,1.0,0.0031276230871593036,0.002715874561116993
0.0,0.75,0.11459674575500967,0.06331385236934528
0.75,0.5,0.149763193648752,0.11649263177758074
0.25,0.5,0.4068302695469451,0.24822847624207156
0.25,0.25,0.14948813308961895,0.0846033778372528
0.25,0.75,0.6450573215933744,0.4494276346347733
0.75,0.0,0.050966036765324074,0.03092563393102299
0.0,1.0,0.1502669809489714,0.06466671317655026
0.25,0.0,0.01132765377538103,0.010653806789813203
0.75,0.25,0.00017940187419607234,7.244275832141156e-05
0.0,0.0,0.8494284171549098,0.7110311453052819
0.0,0.25,0.04329430630881048,0.013270913283534802
0.25,1.0,0.0018287179484839378,0.0009620373124388237
0.5,0.0,5.161152963184534e-05,3.425124291100978e-05
0.0,0.5,0.7654177873909924,0.5174595203739436
1.0,0.25,5.4677812541759074e-05,2.07896123650686e-05
0.5,0.25,0.08075730258450964,0.06521858883080944
0.5,1.0,0.029639415987199436,0.008186324486213259
1.0,0.5,0.010481080884160221,0.005161142295588728
1.0,0.75,0.0010139506713122692,0.0005364860364597268
0.5,0.5,0.1276003874757865,0.07334355798013092
1.0,0.0,0.004926035568671772,0.004839773476934317
0.5,0.75,0.05677219407634626,0.033740510756859576
1.0,1.0,0.0015889721171555848,0.0009105978924253133
0.75,0.75,0.044321678123134145,0.026023020085302995
0.0,0.75,0.4046647659344039,0.20260935303717698
0.0,0.0,0.4046219052758928,0.21123939827228755
0.25,0.25,0.019674270052120968,0.015813571523720538
0.25,0.5,0.04185749150877838,0.020355502443895834
0.75,1.0,0.15839455783309486,0.09603486395715588
0.75,0.5,0.012092141619644114,0.007957389581596197
0.0,0.25,0.23283969507584645,0.12441077247328847
0.0,0.5,0.38982636334203735,0.20785267389193685
0.0,1.0,0.2689666492993016,0.17725467930072436
0.25,0.0,0.3915920874292419,0.37232392772422485
0.25,0.75,0.03832125284019394,0.013550755912708823
1.0,0.5,0.01170830422202318,0.004163704862444884
1.0,0.75,0.18914619425598045,0.087788578952955
0.5,0.25,0.03307973988944535,0.01607415365463205
0.5,0.0,0.26597884185505527,0.18728600896236025
0.25,1.0,0.32328133600072195,0.148846762935546
0.5,0.5,0.0013174604445482796,0.0008406805032389331
0.75,0.0,0.00011487155320033526,9.61347065536744e-05
0.0,0.0,0.24810632990322878,0.12305206693942972
1.0,1.0,0.024575660627599527,0.012509085304290624
1.0,0.25,0.05677025218689735,0.033172771023655345
0.5,1.0,0.379211908872781,0.23155498876014002
1.0,0.0,0.026634307871086005,0.020707388986881292
0.75,0.25,0.0003285676958163508,0.00020777082429423999
0.0,0.25,0.01604490012436166,0.011430204759952156
0.25,0.25,0.5897813738030107,0.41067985867729195
0.25,0.5,0.38562811160635835,0.24607166055892493
0.0,0.5,0.50632713468479,0.21730410364263109
1.0,0.75,0.020596830452475956,0.015138044335889944
1.0,0.5,0.00035134279028214976,9.006527008548204e-05
0.0,0.75,0.15740712455004113,0.12039301373017464
0.0,1.0,0.38203269111943217,0.2391451317316695
0.25,0.0,0.12603683079461525,0.08101000090346755
0.0,0.0,0.25821421770589525,0.10609592284879088
0.75,0.75,0.0017137326348521942,0.001410594985599145
0.5,0.75,0.23111631317990255,0.11605071764804742
0.5,0.25,0.20839386773556723,0.15900958139451593
0.75,0.5,0.28091259548947445,0.13934801921558648
0.25,0.75,0.5138306836116824,0.34021641007951686
0.5,0.5,0.3191104793995575,0.22848055131026257
0.5,0.0,0.04222080054730937,0.017169945628293215
0.25,1.0,0.6169270146531394,0.4530674968748256
1.0,1.0,0.010299074571316624,0.004708184917174396
0.75,1.0,0.07913908396153291,0.04318089884545051
0.0,0.25,0.7796624202151621,0.5316346083495136
0.0,0.5,0.9127208609246511,0.6393935248830076
0.0,0.0,0.8233027555944681,0.4656920777397908
0.75,0.0,0.022553086441474135,0.01363507274505249
0.25,0.5,0.003271947032461364,0.002945131771006748
0.25,0.25,0.23065052369656724,0.14534043686045628
1.0,0.75,0.0003052838111894385,0.00019636972265235642
1.0,0.5,0.012048389166820384,0.008688529017880864
0.5,1.0,0.015937975894649847,0.009217055373939909
1.0,0.25,3.052967444172605e-05,2.414863658439792e-05
1.0,0.0,0.011919801367471283,0.006819861917836678
0.0,1.0,0.48343395354129415,0.25101094667605006
0.25,0.0,0.5517734006721897,0.3322201771010058
0.5,0.25,0.0063932773309542945,0.0026303764011091912
0.0,0.75,0.24951477419246304,0.2048392094815793
0.5,0.5,0.08612476695328775,0.05968686402261025
1.0,1.0,0.0011188157172492552,0.00044367881154050437
0.75,0.25,3.254936297847344e-05,1.0012551766469535e-05
0.0,0.25,0.3158719219170816,0.22788071312089775
0.0,0.0,0.35657309429753037,0.2769777221470877
0.5,0.0,0.24122533035624016,0.17551874678787427
0.25,1.0,0.008074633398912456,0.003931807146194899
0.75,0.75,0.24093804565336996,0.13329251305534895
0.0,0.5,0.017848053540853726,0.009615229590874241
0.25,0.75,0.0750410496235322,0.0471354316562721
0.75,0.5,0.0001382833174314868,0.00010600264606863696
1.0,0.75,0.032013557424613315,0.02373101325203497
1.0,0.5,0.037108504307842294,0.026450963832044372
0.5,0.75,0.030309862595594206,0.012434356682494707
0.25,0.5,0.7671389459766889,0.5063810736935084
0.25,0.25,0.8219593379762381,0.6739724498772703
0.75,1.0,0.0344341765962366,0.021900551452455175
0.0,0.0,0.45577337223118386,0.25470225232597865
0.75,0.0,0.0022676776479733096,0.0012520873389094689
0.0,0.25,0.05035837259988418,0.02966153896850099
0.5,0.25,0.018649697547956423,0.0077940985504947324
0.0,1.0,0.024053482698597417,0.013726670992658563
0.25,0.0,0.663307536104235,0.4769965908488655
0.0,0.5,0.6019314422152857,0.4074301455071252
1.0,0.0,0.02209477229594725,0.011951027657781221
0.5,1.0,0.0007207606214494344,0.00037923001798545464
1.0,1.0,0.3423161113968183,0.2082282789865887
0.5,0.5,0.0023970116060649804,0.0016792074270681745
1.0,0.25,0.2158865435612356,0.17328291806292906
0.0,0.75,0.3719263876394685,0.2621961512796238
0.5,0.0,0.05828960017413787,0.04619998712110229
0.25,1.0,0.698567293099221,0.5090032423483818
1.0,0.5,0.0006257711170040148,0.0003774502541070701
1.0,0.75,0.00030703117316277506,0.00023627209653143133
0.25,0.75,0.3156756105738129,0.19194478988350827
0.0,0.0,0.32537562172476076,0.20732688833748414
0.75,0.5,0.0030512419553001546,0.0023409234730766837
0.75,0.75,0.07822000213138547,0.03832520447863652
0.25,0.5,0.4666556526089336,0.24418960685009172
0.25,0.25,0.7766009560388771,0.4992743145475914
0.0,0.25,0.6957629720208764,0.41153588748935777
0.75,0.25,0.00282024208259235,0.00131934034887915
0.0,0.5,0.21247553510602302,0.0430750204385969
0.5,0.25,0.0006015345923253701,0.00016663605158118155
0.0,1.0,0.7032154006435134,0.47035868971587746
0.25,0.0,0.0018227782241595492,0.0007641899102727168
1.0,1.0,0.025904491326923296,0.01377300555897587
0.5,0.5,0.16811923198138212,0.06947113885570078
1.0,0.5,0.11633718689682637,0.09461218251107162
1.0,0.75,0.005579963907606289,0.002726371414501827
0.0,0.0,0.4431027093051183,0.2659957259655161
0.5,0.75,0.0021255002557961644,0.0021165211423843644
0.75,0.0,0.07810225334505438,0.03551351351326815
1.0,0.0,7.759533246942674e-06,5.5235694389477175e-06
0.5,0.0,0.08477884274430258,0.09011244033492993
0.25,1.0,0.054713251557616194,0.024884763417402533
0.5,1.0,0.0004009885995199802,0.0003139126974154305
1.0,0.25,0.021888738762638305,0.006949369124367943
0.0,0.75,0.8825477340657082,0.7401320911689797
0.75,1.0,8.486934298668203e-07,9.367963199613527e-07
0.0,0.25,0.27359327646487497,0.22555375150426415
0.0,0.5,0.39475861321685357,0.1580524660510152
0.25,0.5,0.00018455328983890684,5.689876520187376e-05
0.25,0.75,0.13414984311964973,0.08581744411645098
0.25,0.25,0.2615095645205493,0.11918038751703164
0.0,0.0,0.12189745076323188,0.07981673945421996
0.75,0.5,0.01644600290035103,0.014494474647131939
0.5,0.25,0.3930116616057362,0.2464690372002174
1.0,0.5,0.009511540538076568,0.0048335925677187586
1.0,0.75,0.002017799972910961,0.0005542719087217041
0.75,0.75,0.000663872744731675,0.00039904724283790216
1.0,1.0,1.3336631117022435e-05,8.749305737465463e-06
0.5,0.5,5.460570002480125e-05,5.98784864380697e-05
0.0,1.0,0.6283249727094316,0.4440485849399588
0.25,0.0,0.7958972152521203,0.6287124406639771
0.0,0.25,0.6038147462535675,0.3512306972595327
0.5,0.0,0.26386460160899816,0.17420125019242805
0.25,1.0,0.1886837744451655,0.09055016884485578
0.75,0.25,0.0001640032712102446,0.00015208426587554058
0.0,0.5,0.6086768226310939,0.457019265381859
0.0,0.0,0.10403366767723632,0.05763630545959697
1.0,0.0,0.0002572764556252327,0.0001738637276124111
0.5,1.0,0.1075856774852505,0.0432981078221496
0.25,0.5,0.4118773226700466,0.22029929127223213
0.25,0.25,0.040685832306772585,0.017270352520090126
0.0,0.75,0.43548645762550653,0.2567227516639963
0.75,0.0,0.001784969252400348,0.001235565049162335
1.0,0.75,0.0003367702711405407,0.00033198362877073784
1.0,0.5,0.036406917257129745,0.022877580920960483
1.0,0.25,0.000685898595115364,0.0005406101817703179
0.25,0.75,0.036176490477349166,0.009307087524145219
0.5,0.75,0.029824897843237164,0.011243277425412979
0.5,0.25,0.0013872744220495559,0.0008017448156107942
1.0,1.0,0.0003293771527060896,0.00018623543149487443
0.5,0.5,0.1269431770009113,0.0626387986496324
0.75,0.5,0.0005276623423120519,0.00039251386741767647
0.0,1.0,0.4152463356112943,0.23531241893446486
0.0,0.0,0.542439642053036,0.39538460886611104
0.25,0.0,0.039748949685486146,0.020864238667094748
0.75,1.0,0.009409014133091365,0.007420990830636853
0.0,0.25,0.9820103041368036,0.9323042755550157
0.0,0.5,0.4678681889390577,0.2539587648257805
0.75,0.75,0.004536238332738751,0.002326856315344239
0.5,0.0,0.017757092251315276,0.012287861953542256
0.25,1.0,0.2290294776818338,0.12847295006211157
1.0,0.75,0.00676829258103917,0.0058471760300249365
1.0,0.5,0.00014260695416101754,7.29601008215841e-05
0.25,0.25,0.11125737628188814,0.04878750951373745
0.25,0.5,0.036387093561672246,0.04255565767325575
1.0,0.0,0.00033150977727158804,0.0001641637500329196
0.0,0.75,0.3901838428952523,0.16690993835093115
0.5,0.25,0.011361722042609768,0.00629464383145395
0.5,1.0,0.07974329734205188,0.06404264089621792
1.0,1.0,0.00029320402964416736,0.0002259680310956469
0.0,0.25,0.8157455441866488,0.6035642020038205
0.5,0.5,0.1203150408585203,0.06310801062441351
0.0,0.5,0.8423523648849197,0.7020132921146838
0.75,0.0,0.40240930739689795,0.2719107788885172
0.75,0.25,0.0745493047240613,0.03800402067996378
0.0,1.0,0.7513308766467149,0.5985798316230292
0.25,0.0,0.1198837027577635,0.07117330769803765
0.25,0.75,0.004119428309841355,0.0023172861318285776
1.0,0.25,0.11916824570261253,0.05936154436078067
0.75,0.5,0.01789359917458544,0.009895614579444212
1.0,0.75,0.376175396398017,0.22479198253682542
1.0,0.5,0.014777088809575956,0.008675492183797817
0.5,0.0,0.2708794127007983,0.17859155482353284
0.5,0.75,0.002335758798965082,0.0018647131267547357
0.25,1.0,0.1910367560504891,0.09981051411849773
0.75,0.75,5.714866254624695e-05,6.609388078016032e-05
0.25,0.25,0.4271697362334982,0.25252944156135093
0.25,0.5,0.19425072215085115,0.07419044214840609
0.0,0.25,0.12711212743082534,0.06603604752906189
0.75,1.0,0.1559581441508393,0.08423893406261551
0.0,0.5,0.6489127032727982,0.4850297655297642
0.5,0.25,0.40913189358385615,0.24220201583492407
1.0,1.0,0.0011264983188014055,0.0007722696154470743
0.5,0.5,0.6509366836364502,0.4738909738670045
0.0,0.75,0.025469848525326078,0.00934502620817046
1.0,0.0,2.5451426356459805e-06,2.128967860892672e-06
0.0,1.0,0.5702995130163284,0.38352264630979827
0.25,0.0,0.18892771403778685,0.0981709166459458
0.5,1.0,0.02141286100102535,0.01434373986313675
1.0,0.75,0.004095927016446788,0.002613878744828879
1.0,0.5,0.016329981610335387,0.013191228686865286
0.25,0.75,0.55040729787585,0.4127155818258733
0.75,0.0,0.13513916146235783,0.06555546733362383
1.0,0.25,0.0011389701849193745,0.0005949518215341287
0.0,0.25,0.0397074053488371,0.01584538722728346
0.75,0.5,0.003940544609771779,0.0012736162374474835
0.5,0.0,0.366936015169432,0.28896043935275895
0.25,1.0,0.8634007842959772,0.7136807007374837
0.0,0.5,0.39351403978375976,0.22548568436989447
0.25,0.25,0.7621677363221945,0.5406567952830138
0.25,0.5,0.00155575086733728,0.0006518228519121205
0.75,0.25,0.4179374282883581,0.25255511100587413
0.5,0.25,0.11601198744551044,0.07077233809789307
1.0,1.0,0.00019309994530680719,6.20404367526195e-05
0.5,0.5,0.08297771533859133,0.056474562772513615
0.75,0.75,0.0005894891226845278,0.00023889733322823847
1.0,0.5,0.0034607080896904563,0.0027499145540266223
1.0,0.75,0.00032846012094012167,0.00019997910189051282
0.0,0.75,0.5007368618776915,0.3023028471977983
0.0,1.0,0.5513325276474812,0.26369418704132164
0.25,0.0,0.059081048988231744,0.024422220752760238
0.5,0.75,0.06350066158494005,0.05129743320439706
0.0,0.25,0.15072442268723696,0.07369451452542386
1.0,0.0,0.0011191174232103585,0.0006793585611049036
0.0,0.5,0.9395541297900789,0.7959066442555545
0.5,1.0,0.04130612813888035,0.02099320307057806
0.75,1.0,0.011647740689513686,0.004424514000771151
0.25,0.75,0.12394732323262792,0.06436081543351813
0.5,0.0,0.03522568449441743,0.023045943626860632
0.25,1.0,0.05168790300722392,0.030881543535880462
0.25,0.25,0.3234363372565652,0.20254898392348275
0.25,0.5,0.8116170079589154,0.6381953310890545
0.5,0.25,0.16563472173395533,0.09631616659758035
0.75,0.5,0.009936803680011597,0.005219970222474113
1.0,0.25,0.00011457182080287787,0.00011786790700285543
1.0,1.0,0.008690820425760415,0.007482496169642028
0.5,0.5,0.000165905889953466,9.24009979539342e-05
1.0,0.75,0.02409136423279057,0.014014187356551577
1.0,0.5,0.028686659244483548,0.010762017180753425
0.75,0.0,0.42576858589990474,0.27250144275450316
0.0,0.25,0.30944684008949896,0.14751499261700673
0.0,0.5,0.7616181392741403,0.559257148582101
0.0,1.0,0.3251208328112307,0.22561425682196778
0.25,0.0,0.08942784826751704,0.04376926391998137
0.0,0.75,0.27524373513531575,0.25721731572726336
0.75,0.75,0.05131439520408232,0.022142953710698077
0.75,0.25,0.001981136846788356,0.0008016353907958074
1.0,0.0,0.004994157660148102,0.0015579990596670257
0.25,0.75,0.19779405718189502,0.10952143019720051
0.5,0.0,0.3364654834020958,0.25174313632414513
0.25,1.0,0.5579276324088119,0.41286689280252575
0.25,0.5,0.49507776915292945,0.4047956821450269
0.25,0.25,0.01625541218135995,0.011565839543296152
0.5,0.25,0.01599573646304564,0.007520856641075824
0.5,1.0,0.4881094010848662,0.2764960602121267
1.0,0.75,0.06877754400797864,0.031054697989260305
1.0,0.5,0.002485144799786898,0.000904498303563317
1.0,1.0,0.07009393731324476,0.04208679645014557
0.5,0.5,0.09950669892104191,0.07928935144219951
0.0,0.25,0.7034775864328373,0.46647803049506265
0.5,0.75,0.01272928966355047,0.005810517250259162
0.0,0.5,0.11183701232847243,0.057489411694739534
0.75,0.5,0.0236615258593752,0.01802306544000576
0.75,1.0,0.009553940955995488,0.004904785360525077
1.0,0.25,0.0002592076794324383,0.00020681814073952864
0.0,1.0,0.6773471672943064,0.47231126400059575
0.25,0.0,0.05896607551711075,0.025755950953384787
0.75,0.0,0.08080223282866339,0.040093562749839995
0.0,0.75,0.2782212171903069,0.1337054527628444
1.0,0.75,7.6160324316010275e-06,4.078744705315884e-06
1.0,0.5,0.0008837894259725587,0.00045270474040548514
0.75,0.75,0.012502572128870737,0.005836891993276971
0.0,0.25,0.7926202489826901,0.5826743574238797
0.25,0.5,0.5670077559689913,0.33898235601618576
0.5,0.25,0.015893412549286334,0.013311687195900701
0.25,0.25,0.0818054267170727,0.049225456792034494
0.0,0.5,0.09422768371442014,0.05649495944587579
0.5,0.0,1.3493177577039717e-05,5.6296203788663846e-06
0.25,1.0,0.05752144450665786,0.018162444595830052
1.0,1.0,0.0020345608956777728,0.00036336044081430874
0.5,0.5,0.04492563948592454,0.029324899696828055
1.0,0.0,0.0015519206106413552,0.0005489362043499257
0.25,0.75,0.014392974633457789,0.007002117876984126
0.5,1.0,0.09965273259770724,0.0283801772038087
0.75,0.25,0.05241997983289348,0.03555638230532843
0.0,1.0,0.17752810502388083,0.06814615506941746
0.25,0.0,0.001899606022044198,0.0011869092504855905
0.75,0.5,0.5959933995396325,0.38536660519722665
1.0,0.75,0.00027184655948542247,0.0001010644457583032
1.0,0.5,0.003689955269931211,0.0020652790447274194
0.5,0.75,0.029345631311374465,0.025750879159395
0.0,0.25,0.8605601311713297,0.5233140669626233
1.0,0.25,0.003051472316236925,0.0024111399356839813
0.0,0.5,0.19868973785442268,0.19427610369357173
0.0,0.75,0.7893799795057882,0.5355483466140749
0.5,0.25,0.003768115164301644,0.00300841151869613
0.25,0.5,0.08554379225234132,0.05564389454257768
0.25,0.25,0.46436509568042583,0.3004366562446181
1.0,1.0,0.02867907700052086,0.016295253126165088
0.75,1.0,0.00010284843714969405,4.149614090676046e-05
0.75,0.0,0.018824794068012518,0.011261243535646503
0.5,0.5,0.048151259837002525,0.031157942009261475
0.5,0.0,0.1841312278807583,0.1091033754703723
0.25,1.0,0.00010536403791561177,6.888581405073424e-05
0.75,0.75,0.00021408748494577967,0.00017830360124959643
0.25,0.75,0.11521248984621368,0.05354111076157286
1.0,0.0,0.12654636641904726,0.06247435634716336
1.0,0.75,7.107097870440171e-06,4.922732543044539e-06
1.0,0.5,0.08359364036498529,0.047093031510647476
0.0,0.25,0.24269176448171303,0.10700164855381311
0.0,0.5,0.01306476852157712,0.0053280826156911765
0.5,1.0,0.4021076809331018,0.2438323740259697
0.0,1.0,0.11463559386938704,0.049945662623961384
0.25,0.0,0.08407106570911771,0.027754525261939667
0.75,0.5,0.0440649474002941,0.0268012995652247
0.5,0.25,0.0014244939969008108,0.0005161425538247055
1.0,1.0,0.1652981062648491,0.11327103804274052
0.0,0.75,0.7692185211793965,0.47977868508228705
0.25,0.5,0.016681167548727727,0.008867691978519443
0.25,0.25,0.02962904395916477,0.018981069741021095
0.5,0.5,0.022606180697425593,0.014704472778238165
0.75,0.25,0.314020767525129,0.1807819180085688
1.0,0.25,0.02962942883402664,0.019738631886140445
0.5,0.0,0.18794350671107984,0.16634841584800886
0.25,1.0,0.19969294931962134,0.1710225533764529
0.0,0.25,0.3193290685816429,0.1296204733274725
1.0,0.75,4.416695231768131e-08,3.234520273842634e-08
1.0,0.5,0.0013463471128537519,0.0009513163556632565
0.0,0.5,0.06043375587715771,0.04050835329893199
0.75,0.0,0.0005776856272603492,0.00025938155258209417
0.5,0.75,0.25948678157761496,0.13759668936409541
0.75,1.0,0.04947550728143857,0.032608689469991514
0.25,0.75,0.1613841454695224,0.09522318909632044
0.75,0.75,2.402914431764991e-06,2.470755490202592e-07
0.0,1.0,0.4011380596890475,0.298372641969634
1.0,0.0,0.11317034771659684,0.05566177961413021
0.25,0.0,0.06202198646780288,0.04961982199253567
0.5,1.0,0.004317188252975779,0.0016856395171844785
0.5,0.25,0.008555226233867286,0.0071606012816436415
1.0,1.0,3.363269205469699e-06,2.2056970736539228e-06
0.5,0.5,0.056775770558284755,0.040986258421568666
0.25,0.5,0.22186755895642485,0.06502262303749418
0.25,0.25,0.00036863427820788,0.00024230091758870032
0.75,0.5,0.002444448015585632,0.0014053538242229102
0.0,0.25,0.6973383432588092,0.5498284410839026
1.0,0.5,4.559785989455278e-06,4.445514566797648e-06
1.0,0.75,3.859976008202537e-05,9.293809565935618e-06
0.0,0.5,0.8267562910531198,0.7638228399709877
0.0,0.75,0.2691718420114998,0.16117087689599985
0.5,0.0,0.015695982604777003,0.010404182593235833
0.25,1.0,0.018209252083802085,0.010432910385191674
1.0,0.25,0.001204152839714867,0.000449913823567738
0.75,0.25,0.00599106860084786,0.0039152925205993006
0.0,1.0,0.393439201810453,0.18076602640906358
0.25,0.0,0.11415812657919577,0.05389892717145539
0.25,0.75,0.3990768334461743,0.2666338134497226
0.75,0.0,0.01191177947659916,0.004650964133205537
1.0,1.0,0.007854491700341582,0.004787635571354976
0.5,0.25,0.025362695430361182,0.017832560440358858
0.0,0.25,0.11835853262260687,0.04066231608537041
1.0,0.0,0.00047249644906655064,0.0002263409674050365
0.75,0.75,0.05014109961911184,0.03518511285847692
0.0,0.5,0.7988651352951012,0.6036913565452835
0.5,0.5,0.28644137866104946,0.21767031458856567
1.0,0.75,0.005553685642097128,0.0027229999037532426
1.0,0.5,0.001279675079221887,0.00047562123190547645
0.25,0.5,0.5643389940623553,0.3693800403917541
0.25,0.25,0.4737706479290481,0.29124638419174576
0.5,0.75,0.0041847044537893785,0.003379111290725767
0.5,1.0,0.5272829079260641,0.2209150758665117
0.75,1.0,8.790867619923315e-05,5.0599868997691644e-05
0.5,0.0,0.041554426642599895,0.021516606240946423
0.25,1.0,0.3358880772750814,0.24706469481642512
0.75,0.5,0.2525004581670619,0.07971480804780318
0.0,0.75,0.48244097457851987,0.39681704384226746
0.0,0.25,0.363494173893088,0.2858532109586177
0.0,0.5,0.40483020007650716,0.17641494534598534
1.0,0.25,0.16292136710302063,0.10411923521671607
0.0,1.0,0.03411438944129097,0.019382607844725452
0.25,0.0,0.3910874194983338,0.1601219884481596
1.0,1.0,0.0006925631050215264,0.00014067932278316597
1.0,0.75,0.0006722334180850886,0.00043850622208163603
1.0,0.5,0.0036229229137668684,0.001648687857161435
0.5,0.25,0.0012868327747701525,0.0006674040995574559
0.5,0.5,0.06888974479286225,0.04423409285515234
0.25,0.5,0.09740269050769368,0.046754629214306065
0.25,0.25,0.835145895745667,0.5090074977950435
0.25,0.75,0.28557982522894576,0.1081453675878512
0.75,0.0,0.24252927773132693,0.1309000957313099
1.0,0.0,0.002648278528422421,0.0016575020226592407
0.75,0.25,3.8827781537187356e-05,9.699615016733887e-06
0.75,0.75,0.03234704983936032,0.03240337064550647
0.5,0.0,0.004349684970546552,0.0031563432974563987
0.25,1.0,0.4225482378314389,0.2541283233323208
0.5,1.0,0.08978942292499814,0.05340351473342975
0.0,0.25,0.48732023229620225,0.20467145359034034
0.0,0.5,0.44488560543692934,0.29069580999884603
0.0,0.75,0.3439087778370531,0.14097522573350285
0.75,0.5,0.00020377413345773476,8.889859499217057e-05
1.0,0.75,0.0009146458682445235,0.0007601972417197178
1.0,0.5,0.0017969038115273062,0.0007840723296578256
0.5,0.75,0.024310710517260636,0.014563062784176961
1.0,1.0,0.34168301665139533,0.18856800733365153
0.25,0.0,0.03500903720396176,0.021925693829948356
0.0,1.0,0.4428198620688294,0.2667504718891819
0.5,0.25,0.029429743334794867,0.011949305906572283
0.5,0.5,0.04262080027349702,0.01866498860409449
0.25,0.5,0.31767828993493175,0.16732284576186118
0.25,0.25,0.0004373536102139086,0.0004461786876102103
0.75,1.0,0.018056328139997024,0.010462037856253548
1.0,0.25,1.1711459892316256e-05,6.965390798585602e-06
0.25,0.75,0.5283653959532228,0.33087858422983285
0.0,0.25,0.10339407842182946,0.08910313518065482
0.0,0.5,0.4023543943645631,0.2511755085817039
0.5,0.0,0.0039397540749543936,0.0024174621824727405
0.25,1.0,0.0016601061230878678,0.0023022345461827243
1.0,0.0,2.7016191738615802e-05,1.3834639493892631e-05
1.0,0.5,2.967654222585381e-06,2.391327173834057e-06
1.0,0.75,0.003573971489254646,0.002505594493898311
0.75,0.0,0.044927889884742056,0.031242463562497047
0.75,0.75,0.0016971246512411664,0.0005663324855725849
0.5,1.0,0.00043751880933107223,0.0001903079775840144
1.0,1.0,0.04551077614735899,0.029605929490012284
0.0,0.75,0.5000415078870459,0.33920090008181625
0.5,0.25,0.5139429428076947,0.4086909116205546
0.75,0.5,0.04537333508207708,0.03843909293147185
0.25,0.0,0.656320879336473,0.37304134422999957
0.0,1.0,0.12266434840661466,0.05855635973070672
0.75,0.25,0.023902609373037897,0.011804488830786553
0.5,0.5,0.004624604452046599,0.003104249355995292
0.25,0.5,0.014631283558428132,0.009889721362473902
0.25,0.25,0.1029057634489492,0.025842317516558966
0.0,0.25,0.1763348608177988,0.09848652185762208
0.0,0.5,0.6781205480679926,0.4420478354942353
1.0,0.5,0.13930755533281824,0.09023406258546929
1.0,0.75,0.0045731142366096655,0.003634172966844096
0.25,0.75,0.3304413108636186,0.23288505711208618
0.5,0.75,0.12686456787271083,0.09775659262317449
0.25,1.0,0.06423526491100628,0.03218827837164473
0.5,0.0,0.006263667024013597,0.003042602186951293
1.0,0.25,5.450012151786421e-05,4.432258052888827e-05
1.0,1.0,0.00048407615334522536,0.00023454622588214846
1.0,0.0,0.004005747746627986,0.0018561182818807032
0.75,1.0,0.0003157542188683138,0.00023827659107689136
0.5,0.25,0.04778386917494826,0.028805936790945452
0.0,0.25,0.16558440724152768,0.09201598286932511
0.0,1.0,0.6797893129790304,0.45668187846015895
0.25,0.0,0.6716162360895194,0.36198525949415383
0.75,0.0,0.027621147413297797,0.01786519168286982
0.5,0.5,0.06276803200061853,0.031345451402632896
0.0,0.5,0.357801732471986,0.20524237421426494
0.75,0.75,0.06780362135735984,0.03478020967067397
0.5,1.0,0.3793824835591213,0.23930297482172147
0.0,0.75,0.25012992695415015,0.12219226201117894
0.25,0.5,0.5739561702538885,0.29218488477039184
0.25,0.25,0.01114247912721722,0.007122983738450994
0.75,0.5,0.04323838903029442,0.016391866066191252
1.0,0.5,0.011375767223190891,0.007152633847573586
1.0,0.75,0.001979574485226898,0.0014442889256314206
0.75,0.25,0.004696258505481499,0.0018885599969722389
0.25,1.0,0.08424772216921173,0.04578157232584745
0.5,0.0,0.1419360788609263,0.06404473283042433
0.25,0.75,0.3320225730251879,0.2088133960994496
0.0,0.25,0.12062528582328391,0.07591844404031811
1.0,1.0,3.520911402576932e-05,4.8367134581228655e-05
0.0,0.5,0.2866417707824388,0.1937306676613687
0.5,0.25,0.33478708099034593,0.20532839557918825
1.0,0.25,3.76691941305074e-05,1.8653758160569467e-05
0.5,0.5,0.006462976711624324,0.0030626866365391914
0.0,1.0,0.19130907201514058,0.11133104696533191
0.25,0.0,0.1277043215592284,0.057320798609122536
1.0,0.0,0.008945521747967033,0.005504663007172672
1.0,0.5,0.010640115010670192,0.007494020450242389
1.0,0.75,3.120956547097986e-05,1.667145386519131e-05
0.5,0.75,0.13112503464872116,0.09883715587581132
0.25,0.5,0.5204581069380021,0.3186343394968635
0.25,0.25,0.02420967560937015,0.007380294042942159
0.0,0.75,0.26640459781646075,0.14056030966528732
0.75,0.0,0.00393892417506958,0.0023568351637890395
0.5,1.0,0.013879605837907372,0.007790025230397846
0.75,0.75,0.0001194275812755885,5.6456711616359456e-05
0.75,1.0,0.008064986070283497,0.0031660479948654174
0.75,0.5,0.010839597593641725,0.004819773422269247
0.0,0.25,0.10560021887372595,0.06584602992335509
0.0,0.5,0.24145518207138883,0.14001986455533977
1.0,1.0,8.220845653850173e-05,2.2713775239768808e-05
0.5,0.0,0.09843034002294582,0.07380817564879005
0.25,1.0,0.015311646542251367,0.00658361481414893
0.5,0.25,0.0018418103962741794,0.0018331110402938222
0.25,0.75,0.2100553614102556,0.155397068664493
1.0,0.75,0.000407059523340525,0.00018095159633946256
1.0,0.5,0.007016867750129108,0.0020743115854573446
0.5,0.5,0.48052548978868914,0.3090760791883388
0.0,1.0,0.09647515775285131,0.05087952189066547
0.25,0.0,0.03231181206936773,0.019808798190976473
1.0,0.25,0.0012687426401337687,0.0009026147717241528
0.25,0.5,0.20702111644888177,0.10076520582383464
0.75,0.25,0.000745917274267871,0.000401001522426947
0.25,0.25,0.334130321176184,0.18652885592860535
0.0,0.25,0.3208941538009953,0.1991131056227715
1.0,0.0,0.007329365974181101,0.005424432444359084
0.0,0.5,0.8005279220825912,0.5948846593167104
0.0,0.75,0.9566593403078975,0.8563958891433323
0.5,1.0,0.02609806950446303,0.011549424601247082
1.0,1.0,0.16215745629179734,0.05368322505506684
0.75,0.0,0.0004912124802802786,0.00018650736848235816
1.0,0.5,0.03487937315324341,0.01976397718529399
1.0,0.75,1.7982060285692825e-05,4.935349637857911e-06
0.75,0.75,0.011627714706366477,0.010619793540396438
0.75,0.5,0.07541155427794433,0.044364702268075096
0.5,0.75,0.011765534062963878,0.0028557914052503852
0.5,0.0,0.17031123211895216,0.08568494018864081
0.25,1.0,0.03616636956333119,0.021775095864188354
0.5,0.25,0.0028102285603281985,0.0013319473178403651
0.5,0.5,0.20981267218686228,0.06820905896288143
0.0,1.0,0.35130374917362284,0.14329297716854783
0.25,0.0,0.3231251641417868,0.24616475956657924
0.25,0.75,0.1457531018569599,0.08568960679016324
0.75,1.0,0.029782746094894286,0.014104773218933442
0.0,0.25,0.6068685861400942,0.32234820393175223
0.0,0.5,0.7453674415791698,0.517889513789646
0.25,0.5,0.2953025634159602,0.14730005185228157
0.25,0.25,0.7488422775894369,0.5876704869621516
1.0,0.5,0.010943252923677482,0.006063497326433298
1.0,0.75,1.474712189142302e-05,1.1327734243393728e-05
1.0,0.25,0.00010863893052170948,8.915854211788421e-05
1.0,0.0,0.00010484066431071248,4.923413030955004e-05
1.0,1.0,0.0007797023631666011,0.00045549567524827417
0.0,0.75,0.5333346538622687,0.40122391383976497
0.75,0.25,0.07068538533747837,0.03199531486980112
0.5,0.25,0.015281857706261226,0.009884288752591841
0.5,0.0,0.11205336215505202,0.06988451661683892
0.25,1.0,0.16537837356595342,0.13086448227983316
0.5,0.5,0.13654984347897126,0.06924954654125592
0.0,0.25,0.5021730156732673,0.38408718644313633
0.5,1.0,0.003794937481627958,0.0018024386803180414
0.0,0.5,0.7166105582370516,0.5165497737076062
0.0,1.0,0.06970045351731946,0.029636456625075525
0.25,0.0,0.047686248228203,0.039182365681286635
0.75,0.5,0.0007259017864011952,0.0005181866702942406
0.75,0.0,0.0029600385283459207,0.001222817598992565
0.75,0.75,0.0004196792520901882,0.00021220588686854391
0.25,0.75,0.09457290809399777,0.054652005190609754
0.25,0.5,0.3068291634672655,0.1780927106853334
0.25,0.25,0.6707484015506453,0.5927793584555248
0.5,0.75,0.004277241048446512,0.002870604482867911
1.0,0.5,1.811528491280079e-05,1.1938893674123818e-05
1.0,0.75,0.0006668206601483373,0.0005218002443720948
1.0,1.0,0.0023220718275177576,0.000860178903060338
0.75,1.0,0.036273757431177556,0.02425870892205939
0.0,0.25,0.18018263216995756,0.0875550677025414
0.0,0.5,0.40907839411616753,0.31903076256274665
0.5,0.25,0.06865672586539706,0.04602222277115553
0.0,0.75,0.6786262093739533,0.4546263799096364
0.5,0.5,0.16667998027070152,0.1210983564474093
1.0,0.25,0.0001738363170711299,0.0001576199480559648
1.0,0.0,0.0038970723385072237,0.0016704909053403272
0.5,0.0,0.006983313140424885,0.002982077454530163
0.25,1.0,0.6409659521634826,0.49991031885235115
0.0,1.0,0.2112872658460646,0.10695139823997846
0.25,0.0,0.1824894733435375,0.05955761286383354
1.0,0.5,0.018635652597118524,0.0078031115968796305
1.0,0.75,0.0017738369688915512,0.0004988610485183731
0.5,1.0,0.00014149570148558333,3.424957384012828e-05
0.75,0.5,0.5742267696075136,0.43740884934676627
0.25,0.5,0.14658868590532115,0.09708801407610135
0.25,0.25,0.3004990457677835,0.18351205888991773
0.75,0.0,0.13333743283242105,0.07562324685128996
0.75,0.75,4.304119253228933e-06,1.0324264569927522e-06
0.0,0.25,0.7844499779429686,0.5382480619080985
0.75,0.25,0.02627857784019283,0.009429152152183873
0.25,0.75,0.04251282453956007,0.027475925861681127
0.0,0.5,0.7182424740305915,0.4181924614197642
1.0,1.0,0.00021926668155747286,0.0001676562470769305
0.5,0.25,0.04407186813586672,0.0255203793779758
0.5,0.5,0.027666488182259696,0.01727199161597459
0.25,0.0,0.1614854526055136,0.07789970797478363
0.0,1.0,0.9682517500027725,0.8505855843492837
0.5,0.0,0.001696349123771368,0.0009041062513154285
0.25,1.0,0.029601717746327916,0.005468723560831168
1.0,0.75,5.785766671317916e-07,2.4556922006979676e-07
1.0,0.5,0.0223683287218972,0.01562556976174534
0.0,0.75,0.3194079055189738,0.19324566313074087
0.5,0.75,0.18973453540570895,0.0663460852187926
1.0,0.0,0.0007045794295155172,0.00033397560659020886
1.0,0.25,0.00021045024528865142,0.00021527681404165389
0.0,0.25,0.7732509927760685,0.6942402033848167
0.75,1.0,0.04928511809350089,0.023699072176575298
0.0,0.5,0.2549609776027403,0.1566774750492499
0.25,0.25,0.17921286059656394,0.10680027833535188
0.25,0.5,0.4742230420647411,0.3079871937631373
0.75,0.5,3.4772796189797006e-05,3.571381368838722e-05
0.5,1.0,0.0047690469321657325,0.0025835318432135823
1.0,1.0,0.00202264610563041,0.0011877050560789026
0.25,0.75,0.01651158834829969,0.009462678178716821
0.5,0.25,0.006696494738949621,0.0019614913680131574
0.75,0.75,0.00896525322778663,0.004071699837038256
0.75,0.0,0.021587349485632013,0.014129436837358789
0.5,0.5,0.2636578845563071,0.12734406938337406
1.0,0.75,0.017084738907620522,0.011344289460073709
1.0,0.5,0.02065174519193813,0.011860099264581758
0.0,1.0,0.3202881291517309,0.22268257182289897
0.25,0.0,0.1572578742389974,0.08356692095116514
0.5,0.0,0.7406091628014717,0.5323626563680589
0.25,1.0,0.13560991153951574,0.05931569792782487
0.0,0.25,0.48374473563658626,0.31342739721892954
0.0,0.5,0.3850279960248383,0.27560050868803754
0.75,0.25,0.0010413130984311403,0.0006054576654781485
0.0,0.75,0.4536233270286635,0.33150352716726295
1.0,0.0,0.00823433067498569,0.00528506641335702
1.0,1.0,6.348817709489474e-05,1.3944435411028522e-05
0.25,0.25,0.06553891200372608,0.03545017031532294
1.0,0.25,0.0003225298804658827,0.00018479218387124074
0.25,0.5,0.03993060036988649,0.01645762971652831
1.0,0.5,0.0022499445248769234,0.001383237329069531
1.0,0.75,0.00013744576521879104,6.863369643561601e-05
0.5,0.25,0.00016684654255239018,0.00011641314035737427
0.5,0.75,0.0017924240520904577,0.0007868872700378393
0.75,0.5,0.012237274644669949,0.0038540694771722617
0.5,0.5,0.01847714683322299,0.010793912953633189
0.5,1.0,0.05385312807783149,0.023164750238638843
0.0,0.25,0.09287604000509875,0.04729824412225525
0.75,1.0,0.010337403218624974,0.0043509996852934
0.25,0.75,0.022988471986101544,0.011957357591877549
0.0,0.5,0.4374551429029847,0.25659267421232856
0.0,1.0,0.7498671270379443,0.5128744113463255
0.25,0.0,0.023577937847512054,0.009790272719776727
0.5,0.0,0.0001913202115815249,9.573235470317076e-05
0.25,1.0,0.1703123455295802,0.1259646548457226
0.75,0.75,0.0012285708226631442,0.0008510136293724546
0.75,0.0,0.017609603157196174,0.00810226537641745
0.0,0.75,0.6256508193777921,0.36731214103511534
1.0,1.0,4.8518335089231535e-05,3.2667302220401595e-05
1.0,0.75,1.2653844806864711e-05,1.1872064417772776e-05
1.0,0.5,0.26519227336448936,0.13667391244754445
0.25,0.25,0.10115425507611508,0.06413913339898158
0.25,0.5,0.13322918673722928,0.08950771506539046
0.0,0.25,0.13365489168073186,0.0876333987489013
1.0,0.0,0.003917800600735766,0.002268077858290418
0.5,0.25,0.03369823026361163,0.027053059423281844
0.0,0.5,0.8428739317819294,0.7397786165226246
0.5,0.5,0.03183131829113672,0.018507188370252114
0.75,0.25,0.04178834504395801,0.023247081372789635
1.0,0.25,4.970455975139565e-06,3.90830786423102e-06
0.0,1.0,0.4175915186176876,0.2709044236201643
0.25,0.0,0.02506597395304111,0.015148991388049593
0.75,0.5,0.0002257961509093409,0.00012586907139877646
0.25,0.75,0.42264860111811053,0.237202315512
0.5,1.0,0.036826230031102414,0.03271037980610103
0.5,0.0,0.4020573628780444,0.25643100559747345
0.25,1.0,0.044186167195717,0.02335228957145319
1.0,0.5,0.1031203224607149,0.07309078107140587
1.0,0.75,0.0009763207538671104,0.0006678117948424322
0.5,0.75,0.04151425678577403,0.01878033948662783
0.0,0.25,0.3973287419680024,0.2990408952244894
1.0,1.0,0.009722675671691272,0.003919162732242354
0.0,0.5,0.036211798276949425,0.0208222097061721
0.75,0.75,0.45245472806207165,0.32555428844425416
0.0,0.75,0.028290972598946418,0.016146548204281852
0.75,0.0,0.022235637388445917,0.013135261771535012
0.75,1.0,0.2632383540363942,0.14043538061494099
0.25,0.5,0.21571671739284914,0.1350263053857058
0.25,0.25,0.1004902958434406,0.07111091573847428
0.5,0.25,0.02688658139763611,0.010399660221616092
0.5,0.5,0.01776916433582021,0.01303167406385941
0.0,1.0,0.7412405359834929,0.42944739724793324
0.25,0.0,0.34135467763052674,0.21723915721856701
1.0,0.0,0.006860875783745168,0.007008761747704706
1.0,0.25,0.004538758805016085,0.004145764391609186
1.0,0.75,0.0034685039327633227,0.0023579811023891617
1.0,0.5,0.0013451432067529412,0.0017549229590932969
0.0,0.25,0.142277477616914,0.06414319818648484
0.5,0.0,0.20149271349159137,0.07804838632406952
0.25,1.0,0.3551037308394115,0.2031467897846726
0.75,0.5,0.3497970738670724,0.19825147286215183
0.0,0.5,0.5222719041070051,0.3531826554759119
0.25,0.75,0.4540557559358649,0.31942021011423916
0.5,1.0,0.020565830224687054,0.011102653538811902
1.0,1.0,1.5167097460744294e-05,1.5176848499498519e-05
0.75,0.25,0.0217452167331319,0.00737596662648321
0.5,0.25,0.014910562196311927,0.005619500798581423
0.25,0.5,0.15387681594810543,0.11507620400563734
0.25,0.25,0.3021754930758709,0.09839159587941526
0.5,0.5,0.0019550093066700303,0.001232055386272024
0.0,0.75,0.5715100658831698,0.36142753074141876
0.75,0.75,0.025504983915491386,0.0129940204308302
0.0,1.0,0.5558068447853203,0.36066668181155737
0.75,0.0,0.001800089166414609,0.0007925047567676202
0.25,0.0,0.1832025273802681,0.1336803897563884
1.0,0.5,0.1048002724495295,0.0782481312539196
1.0,0.75,0.0009570050689564624,0.0005376029063820509
0.0,0.25,0.4027655980623053,0.3045376927941965
0.0,0.5,0.48485491178794615,0.2501471274697684
0.5,0.75,0.5622534800509336,0.4102413383831933
0.75,1.0,0.02874793504525308,0.008917646990336592
0.5,0.0,0.09035192015429161,0.0542918035609643
0.25,1.0,0.19692341039720618,0.13916896342786622
1.0,0.25,4.034561967913852e-05,2.403498301806195e-05
1.0,0.0,0.00020977860038895457,9.592512116884944e-05
1.0,1.0,0.007996108637803201,0.0037373922458430187
0.25,0.75,0.0008272936598388014,0.00044583543517151547
0.75,0.5,0.08327465967828784,0.043780158038404515
0.5,0.25,0.3105790638034214,0.1467198384207138
0.5,1.0,0.174062856648175,0.06562951619820112
0.5,0.5,0.10000561270211938,0.054697303899529315
0.25,0.5,0.48385992001571776,0.29151619525241823
0.25,0.25,0.2938273754476568,0.1705318476387092
0.0,0.25,0.14415651954108166,0.08139025410826162
1.0,0.5,2.6170053790686154e-06,1.535826738008339e-06
1.0,0.75,0.000495668370471658,0.00022163091857407835
0.0,0.5,0.6534748114070097,0.45317679014813605
0.0,0.75,0.2799010856381856,0.07250445594975585
0.0,1.0,0.5031575046041976,0.3799959056629969
0.25,0.0,0.28582762141887197,0.14606578547452165
0.75,0.75,0.07864625795594948,0.06002161910571924
0.75,0.25,0.03185435366236122,0.018362585540552256
0.75,0.0,0.03239083825108857,0.007005839304356831
0.5,0.0,0.0035345962244883733,0.002305994582968207
0.25,1.0,0.050026929265384545,0.02568754224926384
1.0,1.0,1.5356258092902308e-06,1.0862363674091213e-06
0.5,0.25,0.5421752608837166,0.2651754966981449
1.0,0.25,0.0047566158160829985,0.0025480732868281564
0.5,0.75,0.2463358917719961,0.13273822529300805
0.0,0.25,0.7061754142057614,0.38066671457530366
0.5,0.5,0.00279632278923847,0.001245833320543066
0.0,0.5,0.1370082808258548,0.10084096318394709
1.0,0.75,0.02467851120154152,0.016201511844202043
1.0,0.5,0.00022137183786097303,0.00019289703271296865
0.25,0.5,0.27298170547634704,0.1366116490841296
1.0,0.0,0.014373251025111333,0.007320537901509883
0.25,0.25,0.0750457782471039,0.026570419945148416
0.75,0.5,0.3092698180367175,0.19448174745728575
0.75,1.0,0.0011689950424393913,0.0005559300786410759
0.25,0.75,0.7529009794257138,0.550819184691885
0.0,1.0,0.8399082635076254,0.7285192360900115
0.25,0.0,0.4925326569657239,0.2481099243650864
0.5,1.0,0.11552520590797566,0.09609829706004536
0.0,0.75,0.257013465816065,0.17441548184057565
1.0,1.0,0.002194473110319284,0.0012995671698705635
0.0,0.25,0.5520686507828547,0.3068376291860284
0.5,0.0,0.0013725426251558481,0.0008278393530296579
0.25,1.0,0.32455092593566226,0.18694755295040355
0.0,0.5,0.19223103552128995,0.12608656352905245
1.0,0.75,4.9481109656301925e-06,1.5417114633820006e-06
1.0,0.5,0.0002571388040060185,0.00011047185161072726
0.75,0.75,0.00011670059414337075,5.8572703708126284e-05
0.5,0.25,0.39754265742875416,0.267154174664772
0.5,0.5,0.7346995849190033,0.5039809380528941
0.75,0.0,0.010038551714097954,0.005582846910596073
0.75,0.25,0.008350982834557152,0.005506078417370386
0.25,0.5,0.00320379048071584,0.0018273788147245007
0.25,0.25,0.4862067162721514,0.29794881078580704
1.0,0.25,0.5284675651876589,0.4731896630333854
0.0,1.0,0.23380909385643633,0.0964044006824486
0.25,0.0,0.008803517724883858,0.006558033590257306
0.75,0.5,0.1622178581416297,0.08809012640630942
1.0,0.0,0.017728470611911407,0.01114577300470243
0.25,0.75,0.8238067301575638,0.6644630390167512
0.0,0.25,0.2710959426069286,0.13910821294076925
0.5,1.0,0.2180022021943504,0.1349141571573801
0.0,0.5,0.7472149181822011,0.43983577960185916
0.0,0.75,0.7560462049499821,0.5313934590319416
0.5,0.75,0.01140654737139879,0.006981344711233128
1.0,1.0,3.9303635751997135e-05,2.6203125629509216e-05
1.0,0.5,0.00238143807594815,0.0007993115981599352
1.0,0.75,0.012405623331129267,0.006858370891249743
0.5,0.0,0.018640616337298965,0.009843056001957451
0.5,0.25,0.0052987212983122145,0.0034464499147150995
0.25,1.0,0.3592802262716126,0.19758711359436498
0.5,0.5,0.021638506995549478,0.00528402274498363
0.75,1.0,0.14090163720251847,0.057466142164525724
0.75,0.75,0.00033247952975101747,0.00046290671842463826
0.25,0.5,0.647574288638462,0.5111928305227202
0.25,0.25,0.10702282584896317,0.07762373533834754
0.0,1.0,0.17312273915594134,0.0741686861601828
0.25,0.0,0.31233783375250945,0.2039754012638091
0.0,0.25,0.6636876055102559,0.388510870807815
0.0,0.5,0.7234925949256814,0.5486843187956648
0.75,0.0,0.04343744253955051,0.02132942091156398
1.0,0.25,0.00043104596677889795,0.0003060488815163076
1.0,0.5,2.1474483890893126e-05,1.1133976841382065e-05
1.0,0.75,0.022538223520707446,0.013306107621588681
0.25,0.75,0.2301538335691945,0.12656412128418137
1.0,1.0,0.0016449836017518038,0.0009492200608650636
0.75,0.5,0.0049329799748297765,0.004266511382228222
1.0,0.0,0.013642666003184312,0.009495937506273755
0.75,0.25,0.0593144172121024,0.03602446491883793
0.5,0.25,0.026714957371679393,0.016572416806779566
0.0,0.75,0.8819249952680083,0.6256991429455399
0.5,1.0,0.006802446561654185,0.005715131669967732
0.5,0.0,0.07609952744335091,0.039748588025913745
0.5,0.5,0.23137563650519777,0.14584745294866508
0.25,1.0,0.13300327859339045,0.0922872006597657
0.0,0.25,0.28611017252617477,0.11285297165427222
0.0,0.5,0.07504135163028813,0.03556234193958463
0.25,0.5,0.20813735250410426,0.09419320438745693
0.25,0.25,0.07512450781669999,0.045683531393297616
0.0,1.0,0.975559330976311,0.7903892293932409
0.25,0.0,0.6584900008536132,0.39918155841855885
0.5,0.75,0.1451377502168617,0.08051321531596689
1.0,0.5,8.64395000409468e-05,2.342153497036925e-05
1.0,0.75,0.008508952004735004,0.003878553190801326
0.75,0.75,0.035710989178723396,0.009171281365764061
1.0,1.0,0.0006164394813841234,0.00019160779239468795
0.75,1.0,0.003926822613185665,0.003368326738955818
1.0,0.25,0.003774318825101375,0.0021187820635403254
0.5,0.25,0.006100811283457741,0.004429029480498614
0.25,0.75,0.19667729432766945,0.0977285605810454
0.75,0.0,0.005997977074680305,0.0033537257382647567
0.0,0.25,0.4659639638610268,0.2582841680327237
0.5,0.5,0.40241634862035225,0.17086071011289028
0.75,0.5,7.164269788462185e-05,4.845468818448495e-05
0.0,0.5,0.16237219453111507,0.11334891973544858
0.5,0.0,0.21951103009817652,0.14589410486439847
0.25,1.0,0.9637536394486601,0.8584143552115411
0.0,0.75,0.8549037813961445,0.6574867192855882
1.0,0.0,0.0010039757133133431,0.0005038274642569229
0.5,1.0,0.22488775771904757,0.13493761881212207
1.0,0.75,0.0001059224398032299,5.8634550851976996e-05
1.0,0.5,0.0023184468685498727,0.001041429888557377
0.0,1.0,0.6682759707745914,0.4137763373558834
0.25,0.5,0.8180926044899139,0.6754022706251341
0.25,0.0,0.059798668695870916,0.02380819300727377
0.25,0.25,0.2524661414322361,0.13529588320363817
0.75,0.25,0.05133791142839983,0.030447107910485993
1.0,1.0,0.0004842277762984182,0.00028501715459339216
0.0,0.25,0.23453752801783434,0.10127620798511439
0.0,0.5,0.6246245271652177,0.42583738000022164
0.5,0.25,0.16551431660135796,0.07960541587324954
0.75,0.75,0.03423836795023638,0.011112649209936376
0.5,0.5,0.07080421688667249,0.03679536002778505
1.0,0.25,0.0008604085987192756,0.0006076408344579676
0.5,0.75,0.033636869242570366,0.016663689446579033
1.0,0.75,0.00903273812963179,0.003605978270101673
1.0,0.5,0.012519360861440343,0.009814943667312948
0.5,0.0,0.055340446899270423,0.026963107160430266
0.25,1.0,0.0781927447089521,0.04344186786407389
0.25,0.75,0.20875239699905057,0.17540381004434147
0.0,0.75,0.8439073308823891,0.5715113962592813
0.75,0.0,0.020076209878476692,0.011442022087346237
0.75,0.5,0.03766233142920161,0.023267133450280975
0.25,0.0,0.12302363501743963,0.04167552368248062
0.0,1.0,0.09074862095595693,0.044512218794800384
0.75,1.0,0.3891398916718436,0.23364054841234982
0.25,0.5,0.9704381552105077,0.8903039468491089
0.25,0.25,0.09160141270076427,0.07373299760887675
1.0,0.0,0.004638298036268029,0.005152220957198583
0.5,1.0,0.6348453745086541,0.38981691363474347
1.0,1.0,0.0007053839566408815,0.00035094685786374313
0.5,0.25,0.04245617756694775,0.022431984732898425
1.0,0.75,0.0035735943211774313,0.0019975454126561765
1.0,0.5,0.002011252867156199,0.0018869938933464558
0.5,0.5,0.003088591798583562,0.0022279773782274415
0.5,0.0,0.01038589424127645,0.007358054350713239
0.25,1.0,0.14272426632529456,0.11025172186434118
0.75,0.25,0.011121464451909757,0.005125337182175671
0.75,0.75,0.00327878215995292,0.0024951674969379
1.0,0.25,0.005724206309532409,0.003812543746362418
0.25,0.75,0.6824702366370863,0.45466585768539525
0.0,1.0,0.27217795188961424,0.23961744137115082
0.0,0.75,0.5499338426196391,0.2633392345840142
0.25,0.0,0.01635702573526132,0.00923689883622536
0.25,0.5,0.234707393372933,0.13631471591107736
0.25,0.25,0.06181978276887601,0.03811614498898841
0.75,0.5,0.007355528909028908,0.006496155235655832
1.0,1.0,0.0007585996398995487,0.000271568085645324
0.75,0.0,0.00607852121813901,0.002741341733759839
0.5,0.75,0.24917492967955623,0.14325051598462257
1.0,0.75,0.0018225804895055653,0.0009866980535530034
1.0,0.5,5.741249578639085e-05,3.3866908652813166e-05
0.5,0.25,0.3916317149509121,0.24268157665692602
1.0,0.0,0.00045922317562197,0.0004896674168159976
0.5,1.0,0.12565005327636947,0.08604358131277445
0.5,0.5,0.13697801602396686,0.07846085558456861
0.75,1.0,0.014428709351074653,0.008139974673142536
0.5,0.0,0.5696565046559927,0.4554498245361128
0.25,1.0,0.49454387111418185,0.32125987609882967
0.0,1.0,0.18103723828456508,0.10796390342785012
0.25,0.0,0.15891690411507553,0.12714258208510687
0.75,0.75,6.87684504099284e-05,3.135646869045772e-05
0.25,0.75,0.29137259861514453,0.20970337588755028
1.0,1.0,0.007899873284494818,0.005326300769503911
0.25,0.5,0.7271932270638757,0.41786667010018963
0.25,0.25,0.2514209283885336,0.1852744899712182
1.0,0.75,0.0022971117379326778,0.0013163129682909336
1.0,0.5,0.07126429955990654,0.03016017714837438
0.0,0.75,0.45910897922933325,0.3344321806704724
1.0,0.25,0.0011774083547737568,0.0006666664346696161
0.5,0.25,0.025048083353396255,0.017851054094637497
0.75,0.25,0.004049412000967756,0.0017539614055008812
0.75,0.5,0.0030673928693570884,0.002629476436623368
0.5,0.5,0.04436360735868661,0.021263447258990098
0.75,0.0,0.01780536678262057,0.010281979463506508
0.5,1.0,0.004051203698379302,0.0010445753320429407
1.0,0.0,0.006672332058255792,0.0012107874162793353
0.5,0.0,0.02495446973261206,0.014905971921019723
0.25,1.0,0.023955977326403977,0.014754088962579459
0.5,0.75,0.0913192792614077,0.04475009293782006
0.0,1.0,0.9752802609830953,0.9305169986385402
0.25,0.0,0.0005331964504299291,0.00029984930866144843
1.0,0.75,0.03483657938877227,0.021347241943405315
1.0,0.5,0.0010504368618998727,0.0011106703949791408
1.0,1.0,0.0008432018964159571,0.00039320648692275917
0.25,0.25,0.0001955096873890172,8.223372537208284e-05
0.25,0.5,0.06381891916759364,0.039984550856701384
0.75,1.0,0.0028616104246834695,0.0010725764143431071
0.25,0.75,0.12104698181997153,0.0866779817633988
0.5,0.25,0.24398491625506413,0.15820989465696977
0.75,0.75,0.00826471563199016,0.004552936119357698
0.0,0.75,0.6918044552467968,0.5926200601039928
0.5,0.5,0.057344465673037304,0.04223569861401377
1.0,0.25,0.005660942811890113,0.004447851704631467
1.0,0.75,6.065363057361495e-06,2.558129659102626e-06
0.75,0.5,0.276570211031807,0.17667901584903623
0.25,1.0,0.1603901175479756,0.08535912852725103
0.5,0.0,0.3646994752145035,0.2155768260646922
0.0,1.0,0.6740322979803006,0.3970215986051222
0.25,0.0,0.057365040236230236,0.01190817106992359
0.75,0.0,0.00010240618444301575,7.014209969236074e-05
1.0,1.0,0.001173890144727685,0.0003825363621566824
0.75,0.25,0.05691192648625554,0.02566175962534112
1.0,0.0,0.00016651917849985765,0.00013014256607435382
0.5,1.0,0.22938695038294998,0.09796357495118069
0.25,0.25,0.1452397007469598,0.08315610624630076
0.25,0.5,0.09968552526013685,0.04155836390946699
0.5,0.25,8.868551439666916e-06,4.522451284127982e-06
0.5,0.5,0.03256257008368413,0.01587517621177348
0.5,0.75,5.566919423594108e-05,4.483008631217533e-05
0.25,0.75,0.02922479639943354,0.021670643450767413
0.0,0.75,0.34159566952011367,0.17910924209559764
0.75,0.75,0.06155627607483194,0.04479979727041283
1.0,0.25,0.00026625386790968264,0.00013380894035974755
0.0,1.0,0.34955348878244763,0.20861277043947635
0.25,0.0,0.45084768168492406,0.37166958748757106
0.75,1.0,2.1349806173187602e-05,1.61474229523062e-05
1.0,1.0,0.020992698626047357,0.007940323708174879
0.5,0.0,0.2594564901321188,0.18001578742774638
0.25,1.0,0.8537515409040529,0.574793836718885
0.75,0.5,0.02006671009635086,0.011865701799068207
0.5,0.25,0.01676889086171296,0.005419720433952335
0.25,0.5,0.19668061225438516,0.1607807298969558
0.25,0.25,0.4220970582618355,0.1896956624695283
0.5,1.0,0.44522232881395196,0.3162100805289727
0.75,0.0,0.0025079478892400253,0.0020157634733228846
0.5,0.5,0.029444802575087636,0.01479580220904364
1.0,0.0,0.5414199139730845,0.43132875363005674
0.25,0.75,0.3087554765538264,0.1566355055722889
0.0,0.75,0.6338973063464685,0.5091330328639615
0.75,0.25,0.2970499153482884,0.18470878566779148
0.75,0.75,0.058744500182605575,0.038277287895123635
0.0,1.0,0.8049604582917902,0.5757953969552325
1.0,1.0,0.004080444601680444,0.0024123634124153526
0.25,0.0,0.025120436888863784,0.024221521648004396
1.0,0.25,0.000824854667503816,0.0005063701704035584
0.25,1.0,0.44210290236881067,0.3397383718242247
0.5,0.0,0.018038960463981124,0.009716265499099097
0.5,0.75,0.31432051626051827,0.16540411089353702
0.5,0.25,0.34554915558616095,0.19158780286053312
0.5,0.5,0.08624556687577045,0.059383988891712036
0.25,0.25,0.7001374410160599,0.48580732976553886
0.25,0.5,0.2994467824750049,0.242421301399121
0.75,0.5,0.07682495206489537,0.053643557328084235
0.5,1.0,0.11267332025385857,0.06796094297068267
0.75,1.0,0.00045719692808376955,0.00021599412435457932
1.0,0.0,0.0008988608614256544,0.0005765325969870894
0.75,0.0,0.08336203045821677,0.03682367616633475
1.0,1.0,0.006685842148316246,0.005157155292625504
0.0,1.0,0.5996235507964138,0.3241197658271171
0.25,0.0,0.009181866026289565,0.007335344868418359
0.25,0.75,0.14064882422066005,0.06807473142962572
0.0,0.75,0.87354549537187,0.6710367180558934
0.5,0.0,0.23002248484672094,0.09167547710333757
0.25,1.0,0.6190836672294916,0.35330811366959114
0.75,0.75,0.2506085938417546,0.17419496253538136
0.5,0.25,0.07774241836576357,0.03680851401395313
1.0,0.25,0.01271559155609503,0.007267937594949592
0.5,0.5,0.0333992350180099,0.018113189393284435
0.75,0.25,0.0041231267815979855,0.0032540005470835798
0.25,0.5,0.3813162085057604,0.2674185767739655
0.25,0.25,0.3378503485470352,0.23939455374059704
0.75,0.5,0.0016620384520866782,0.0005152191256260208
0.5,0.75,0.18881257187518108,0.1299074093361393
1.0,1.0,0.0013335599828023792,0.0007952198782044118
0.5,1.0,0.03378377705888036,0.019045703241072687
0.0,1.0,0.6222296036126712,0.4391228562384707
0.25,0.0,0.07996133469627908,0.03472755501498659
1.0,0.0,0.00047388886650279183,0.000385756322079045
0.75,0.0,0.00883420292694892,0.005882301210109908
0.25,0.75,0.05318412459099553,0.04060795466464984
0.5,0.0,0.09933205660542388,0.06382540916515278
0.25,1.0,0.3768946743788112,0.22436327087448926
0.0,0.75,0.6221013902080927,0.34892599045132644
0.5,0.25,0.04395993317519098,0.031178530802443927
0.5,0.5,2.55019554273872e-06,1.5000945295939871e-06
0.75,1.0,0.003700893184033993,0.004350748179234198
0.75,0.75,0.00010784730923529828,5.783873385012406e-05
0.25,0.5,0.9135815469454167,0.8208439618786405
0.25,0.25,0.4327667391062846,0.30174384077986205
1.0,0.25,0.04271672941318316,0.025157357594674412
1.0,1.0,1.783772952557161e-05,4.327330822451181e-06
0.0,1.0,0.2773826246322667,0.1249760917080679
0.25,0.0,0.3528440865925593,0.21003736288967279
0.75,0.5,0.023765901497350472,0.01803033408266641
0.75,0.25,0.010874527508518694,0.0076853295015435474
0.5,1.0,0.010118725480452673,0.006585973596527239
0.5,0.25,0.10329011630795248,0.06811290097496436
0.5,0.5,0.06458401223718502,0.03650130308446509
0.5,0.0,0.07054299160390254,0.028451055519202573
0.25,1.0,0.08152111676121176,0.024827235553134708
0.0,0.75,0.2908131974947944,0.16880329098610325
1.0,0.0,0.025185239003484128,0.024509884800488102
0.25,0.75,0.2473779857893751,0.15311326207717346
0.75,0.0,0.20459807455290902,0.12647772989114292
0.5,0.75,0.10540955397274199,0.04955885687084127
0.25,0.25,0.015010137177152494,0.009576271050458551
0.25,0.5,0.0006599143280120456,0.0004433987311800447
0.75,0.75,0.04742767896945965,0.03165371328944466
1.0,1.0,0.0006912936270573322,0.0003240189005438987
0.0,1.0,0.8405538255097667,0.734778028578708
1.0,0.25,0.015551003128031926,0.00887958365871544
0.25,0.0,0.2985017402527048,0.2370040388682335
0.75,1.0,0.00187882555368879,0.000999488885669253
0.5,0.25,0.008653905198132028,0.006236248934984423
0.5,0.5,0.060785472644442784,0.03714431313152844
0.5,0.0,0.3791340749071419,0.23261225671349994
0.25,1.0,0.025899731725066433,0.020422461054815932
0.5,1.0,0.0019396512527678489,0.0010307495647978726
0.75,0.5,0.0025273944107231383,0.0011191967771380096
0.0,0.75,0.03279051365790553,0.020564002906939383
0.25,0.75,0.186658471353761,0.121459812298647
0.25,0.5,0.07248638314973188,0.030423132659991414
0.25,0.25,0.24186568624183336,0.15194974064210132
1.0,0.0,6.35283354082361e-05,5.018543754120586e-05
1.0,1.0,1.4320325923966593e-05,1.608957811749523e-05
0.75,0.25,0.019060224096958622,0.008211800821841475
0.0,1.0,0.70103070109651,0.6009822682827253
0.25,0.0,0.819372801419008,0.6446589206953695
0.75,0.0,0.00021056991167789363,0.00011599844036824791
0.75,0.75,0.009888719763380571,0.004530031096988685
0.5,0.25,0.21341834778990243,0.15914625555993867
1.0,0.25,0.03023660966419317,0.01618152119296612
0.5,0.5,0.2636700017056969,0.18235451681185266
0.5,0.75,0.04884994686789246,0.029824357965589465
0.5,0.0,0.16661016222964276,0.0830512571075408
0.25,1.0,0.3654391160568643,0.19405541038720053
1.0,1.0,0.0004336557465252078,0.00019421192088087125
0.75,1.0,0.0004468060456103151,0.0003800230657912129
0.25,0.5,0.2197668734645244,0.13165035520408574
0.25,0.25,0.005094712390470324,0.0030694791033504254
0.5,1.0,0.0009816866797847101,0.0007728249893326211
0.75,0.5,0.026371454488929635,0.014216186618370763
0.0,0.75,0.5091022310172568,0.23394598461182414
0.0,1.0,0.8890349461771683,0.7201310585122512
0.25,0.75,0.2722877377433506,0.1402864535596139
0.25,0.0,0.5165366260232458,0.3899368834969237
1.0,0.0,0.14501291584367426,0.10221730570789878
0.5,0.25,0.004263929171945957,0.0035472673428180723
0.5,0.5,0.0004865796076365392,0.0004280831234683147
0.75,0.0,0.006911367483770192,0.004617945122637357
0.75,0.75,0.0045164015907717125,0.0016044124614847943
0.5,0.0,0.0031796401985355605,0.003210510128168198
1.0,0.25,0.0016082320461954236,0.0009452404124211666
0.25,1.0,0.44964957654414595,0.3301559652592114
0.75,0.25,0.0026947567868372824,0.0015342377972537014
1.0,1.0,0.002824952165566108,0.001807190388084745
0.25,0.5,0.11989539829566964,0.03774498746577881
0.25,0.25,0.023559071505060092,0.012189273991600857
0.0,1.0,0.27250103796491953,0.15745768752422729
0.25,0.0,0.7276751852165462,0.6101513495047317
0.5,0.75,0.018938432901764113,0.010505413674124942
0.0,0.75,0.548830526965295,0.3061875231641288
0.25,0.75,0.6881438940276223,0.5302998521709976
0.5,1.0,0.4104253501858782,0.2512302767443936
0.75,0.5,0.024098992267711616,0.006345990031354942
0.5,0.25,0.01667984154828195,0.010826904307669527
0.5,0.5,0.01460314230127735,0.0055429261321739975
1.0,0.0,0.005607668898282903,0.0021445554389789567
0.75,1.0,0.09844390513104906,0.054442805601686795
1.0,1.0,0.009618870093939913,0.00574935881817995
0.5,0.0,0.0004220173842626185,0.00018673657738843552
0.25,1.0,0.0009286425150563105,0.000837092395413408
0.75,0.75,4.7798664084997e-05,3.561132581375581e-05
0.75,0.0,0.00016689207278752782,0.0001202459772318143
1.0,0.25,0.032157835468906826,0.014656674022896277
0.25,0.5,0.38060346023309666,0.2801027974239425
0.0,1.0,0.7207491346082305,0.5407133774702331
0.25,0.25,0.11028957871284473,0.05238169501909207
0.25,0.0,0.8177037428215543,0.5997455473884616
0.5,0.25,0.15525249303453625,0.08173257084670915
0.0,0.75,0.4431802890565464,0.33890588891486617
0.75,0.25,0.0017261680965801052,0.0006249920687934063
0.5,0.5,0.13979221448208645,0.09464186025807275
0.25,0.75,0.6264986599625415,0.4402217806588148
0.75,0.5,0.07704126518535892,0.05102327015584407
0.5,1.0,0.03553595034588919,0.020872934040264246
1.0,1.0,0.002041759659076603,0.0007855511338129562
0.5,0.75,0.06981566981502563,0.04155202320679208
0.5,0.0,0.6063492646025994,0.38936451677186645
0.25,1.0,0.6773240152662023,0.4836721827475542
1.0,0.0,0.055237349403858715,0.030382952166205346
0.0,1.0,0.32460803249052594,0.24964428973718567
0.25,0.0,0.2505089613841127,0.13222284708976006
0.75,0.75,0.004336831632846261,0.0025700164594315567
0.25,0.25,0.5374060576606292,0.3436347649138525
0.25,0.5,0.009395089844721038,0.007907547599142806
0.75,0.0,0.004895661963921771,0.0022784804794291347
0.5,0.25,0.0009437529387336108,0.00047309911471815624
1.0,0.25,0.016401998082662184,0.007660871430975824
0.75,1.0,0.28114462349612535,0.21208383866942304
0.5,0.5,0.007383900631886986,0.003446205666710611
0.0,0.75,0.37090163193551096,0.19818562671633855
1.0,1.0,6.5578893477802325e-06,5.45860908818252e-06
0.25,0.75,0.28995244597608405,0.19869851531135307
0.5,0.0,0.007534590038301037,0.005536859167781238
0.5,1.0,0.508096474035254,0.3349560011778856
0.25,1.0,0.4118128279429649,0.2962572794187388
0.75,0.5,0.008347549031454404,0.004221937655951802
0.0,1.0,0.30610994590108453,0.12006941197861165
0.25,0.0,0.6672960117191213,0.49552037237951396
0.75,0.25,0.0001581135376114151,0.00012255508185421427
0.25,0.25,0.14360627180221253,0.0835339446425204
0.25,0.5,0.3155615655374091,0.2792153252617965
1.0,0.0,0.003684499506052985,0.002076150747822747
0.5,0.75,0.09320708149701673,0.051005325105260346
0.5,0.25,0.08145974382490362,0.04422462432883423
0.75,0.75,0.05451236731662612,0.03169564767090782
0.5,0.5,0.03604802470618784,0.023478568948778644
1.0,1.0,0.022260107625770464,0.0088479077832464
0.75,0.0,0.06258712272342659,0.03097009404026274
1.0,0.25,2.2487604803500538e-05,1.949253489441638e-05
0.0,0.75,0.419698572207736,0.24273554527140617
0.25,0.75,0.02037535048315997,0.009088800421960253
0.5,0.0,0.015257252384550002,0.00791733476530354
0.25,1.0,0.4111255550440067,0.2427484029468997
0.0,1.0,0.48596341333400583,0.28657181622771133
0.25,0.0,0.5217059751730736,0.3597257407498804
0.75,1.0,0.0979749414832769,0.04861426297520266
0.5,1.0,0.12811713820828496,0.08278699792770094
0.25,0.25,0.007747070394786393,0.003914945649120316
0.25,0.5,0.18604788741423206,0.13640919680714636
0.75,0.5,0.013245002968929942,0.009419767406486423
0.5,0.25,0.04456530094004485,0.022143210462906127
0.5,0.5,0.6812947416062536,0.5578463646862146
1.0,0.0,3.991362594935044e-05,2.384954723322341e-05
1.0,1.0,1.125052706774099e-06,7.475175028970327e-07
0.75,0.75,0.1339462213064,0.09879410255671173
0.75,0.25,0.03274851659125144,0.02672522677543321
1.0,0.25,0.08902250895658081,0.051381496464218634
0.75,0.0,0.009623953880825153,0.004778041109513853
0.5,0.75,0.04238379484078436,0.019327578794691158
0.0,1.0,0.28540138972146667,0.14237989658022165
0.25,0.0,0.13056716465523444,0.052580485941399635
0.0,0.75,0.712539563444925,0.5305389513931765
0.5,0.0,0.0354712377200781,0.026986925712266352
0.25,1.0,0.5031096063875831,0.33001933962292895
0.25,0.75,0.32113664161707933,0.23071299424025327
0.5,0.25,0.37398002227649463,0.2651701287394941
0.25,0.25,0.050347368519154,0.018942490445012283
0.25,0.5,0.23974622464463835,0.1521604479181009
0.5,0.5,0.0043046073899221104,0.00362975962310641
0.5,1.0,0.2754380857417261,0.12577263632288038
1.0,1.0,0.001034080174204477,0.0005084998635718208
0.75,0.5,0.0006758229098279278,0.00042932626664171636
0.75,1.0,0.0005945716850621618,0.00033656937231318906
1.0,0.0,0.00421854217608153,0.004272569530342052
0.0,1.0,0.3263685554440128,0.19988471749176095
0.25,0.0,0.16842792124020256,0.114547941648515
0.75,0.75,2.089374536695665e-05,2.4711224611673188e-05
0.5,0.0,0.011868842482269049,0.007025955797239858
0.25,1.0,0.39925776925389,0.2488543603780523
0.5,0.25,0.052365902613144666,0.04891998451596413
0.0,0.75,0.42376315976702494,0.3154991975146749
0.25,0.25,0.15746845111843633,0.07140726662394836
0.25,0.5,0.8101347688856315,0.5033038136731178
1.0,0.25,4.231699906653841e-05,1.635863333648846e-05
0.5,0.5,0.039224731635351895,0.027764674646083454
0.25,0.75,0.23336937239045663,0.14097565652426636
0.75,0.0,1.447601225335049e-06,1.3165000016801542e-06
0.75,0.25,0.02087485269794176,0.015857463514200032
1.0,1.0,0.00250474347860008,0.0008872796824455076
0.5,0.75,0.002121296958988106,0.0013219085349094328
0.5,1.0,0.017753959822003118,0.01855659458326242
0.75,0.5,0.21189950092859533,0.13596255469543528
0.0,1.0,0.6887624247824679,0.46828499633160237
0.25,0.0,0.14919447921486784,0.09934965671194407
1.0,0.0,5.764479138026246e-06,2.4504623489240984e-06
0.5,0.0,0.09543625552351731,0.05160730521392454
0.25,1.0,0.029369236049833658,0.023954095032479583
0.5,0.25,0.08824413747022364,0.06618413423464287
0.75,1.0,0.005805696730944776,0.004576035873860684
0.5,0.5,0.134854751101671,0.07218475657437207
0.75,0.75,0.0004896740113733422,0.0002142190436196234
1.0,1.0,0.0007087205235776217,0.0003942719500802383
0.25,0.25,0.07909169077826428,0.041882587596340115
0.25,0.5,0.46353075938167,0.3139714690732236
0.0,0.75,0.5031532800703389,0.2877662772673425
0.25,0.75,0.5306860411480568,0.29088922647759796
1.0,0.25,0.0007936431664283816,0.000613535650355157
0.75,0.0,0.12696170424095088,0.05990450700761152
0.0,1.0,0.34966790925652824,0.18893254131764792
0.25,0.0,0.21193056997490056,0.12807977805852333
0.5,1.0,0.011941535695529693,0.005038345374425712
0.75,0.5,1.5992134032583039e-06,8.020923648599521e-07
0.75,0.25,0.004657679132761161,0.0031519106120123652
0.5,0.25,0.5530809753848788,0.33241401742147647
0.5,0.0,0.34645780865012443,0.2176220505111357
0.25,1.0,0.13935455692835697,0.06887020180031467
0.5,0.5,0.006905874235667131,0.0063207291103907215
0.5,0.75,0.000249457702571676,0.0001839087304664755
1.0,1.0,5.393848141355129e-06,4.816585708500298e-06
1.0,0.0,0.00028409070778989687,0.00021309608754438436
0.25,0.25,0.5820735717202389,0.3641105071067998
0.25,0.5,0.9344022914450438,0.7176378109108565
0.25,0.75,0.30087124310183266,0.16237429819868154
0.0,0.75,0.9034217365110955,0.7671227866572692
0.75,0.75,1.200632951947611e-06,8.892213703148855e-07
0.75,1.0,0.00048256856524986347,0.00013774286848833306
1.0,0.25,0.05235732246927716,0.021306059634086383
0.0,1.0,0.18151391948662776,0.13943128752203815
0.25,0.0,0.24119011883484442,0.1272228945084165
0.75,0.0,0.03409873037257016,0.026764559215044503
0.5,0.25,0.0373151670996521,0.02079598538602978
0.5,0.5,0.24753961388311874,0.1776935876361686
1.0,1.0,0.00011997721399215067,8.022863364354205e-05
0.5,0.0,0.008850309822862279,0.004847784401017297
0.5,1.0,0.011077027991045485,0.00785620460233194
0.75,0.5,0.030167737508939863,0.01616628899218253
0.25,1.0,0.2526850692773077,0.11023579460767352
0.25,0.25,0.2971649765384683,0.1198137974828436
0.25,0.5,0.0018507615211486028,0.0020420623605296173
0.75,0.25,0.06875470001678408,0.034050180767326355
1.0,0.0,0.0012212182065176602,0.0008498743382741036
0.0,0.75,0.27079997096777064,0.1543317698929365
0.25,0.75,0.4089165979232946,0.3139371602138721
0.25,0.0,0.8908410446274032,0.7639703202450546
0.0,1.0,0.4725424419498636,0.34157092625791763
0.75,0.75,0.2603955731074028,0.1574227229694547
0.5,0.75,0.46082068423232747,0.2867179871695703
0.5,0.25,0.053267814352110254,0.03434975309076438
0.5,0.5,0.7130377196675589,0.3478421298031239
1.0,1.0,3.1091312618913847e-06,1.5581544919873735e-06
1.0,0.25,0.08846471316569393,0.05096391012904389
0.25,1.0,0.6221428697155369,0.389939716287522
0.5,0.0,0.43952815425346137,0.24389116332173721
0.75,1.0,0.005166915285216067,0.002702783006635956
0.25,0.25,0.7269014108129027,0.49862358157773057
0.75,0.0,4.224607512659517e-05,1.7663229284536897e-05
0.25,0.5,0.41660329176864397,0.29727041183353564
0.75,0.5,0.025242744255370764,0.01509199063652833
0.5,1.0,0.027078980559361532,0.01423448057745813
1.0,0.0,0.003196530296745159,0.0015765756902754724
0.0,1.0,0.20376781485481588,0.12570699748877479
0.25,0.0,0.2556896186277513,0.12316453230172542
0.0,0.75,0.693451810892669,0.4177829559328843
0.25,0.75,0.061659968739130044,0.0259175377108396
0.5,0.25,0.01222917922192146,0.007687396157012194
0.75,0.25,0.03944036141562124,0.03160113608474391
1.0,1.0,0.0001752657518678813,8.788730504538655e-05
0.5,0.5,0.18074046025657642,0.11165275800135221
0.75,0.75,0.003938371868632662,0.0024394914421401737
0.25,1.0,0.5941841709141227,0.3156951716108849
0.5,0.0,0.0807467449917505,0.06810303142655871
0.5,0.75,0.08892344512216088,0.04642988937550385
0.25,0.25,0.027215420131410095,0.019235220287320498
0.25,0.5,0.20391967902001573,0.11602275639264237
1.0,0.25,0.2639445282908097,0.18724890113448378
0.75,0.5,0.18622932308212636,0.12680647906677844
0.75,1.0,0.00035902299121470804,0.00013315821735948585
0.5,1.0,0.012256675852678756,0.0061412309260922004
0.75,0.0,0.0010373203301793366,0.00038441628567320585
0.0,1.0,0.8653141065477221,0.7227895440477488
0.25,0.0,0.05615276269385161,0.029185735069420016
0.5,0.25,0.007129596916553238,0.002759348205497947
1.0,1.0,0.0001798623764908136,8.394352645046954e-05
0.5,0.5,0.027598580594708322,0.00992458349378611
1.0,0.0,0.001012179492693055,0.000553984341787439
0.25,0.75,0.1591070275263634,0.09343789785359435
0.0,0.75,0.04639473972441788,0.022284455752742738
0.25,1.0,0.570482414494903,0.37067015468794484
0.5,0.0,0.005132474374379581,0.0018858455396297824
0.25,0.5,0.5248348328082431,0.3246483592675835
0.25,0.25,0.030890592724561627,0.02021360275063233
0.75,0.75,5.7467026286284195e-05,3.638827511875942e-05
0.75,0.25,0.00033444354711553714,0.00015772580391315572
1.0,0.25,1.5245560762711108e-05,9.233497310523475e-06
0.0,1.0,0.7481494275738045,0.5317297052840523
0.25,0.0,0.765823387914411,0.5029162822233434
1.0,1.0,0.0004172351817945952,0.00016188868729716255
0.5,0.25,0.026047124777410557,0.00914209405381572
0.75,0.5,0.021550408753748473,0.010874296917990911
0.5,0.5,0.4441445397367507,0.33019598274366335
0.5,1.0,0.02179247794304262,0.010557774109652973
0.75,0.0,0.15876313243961304,0.08117058679917288
0.5,0.75,0.20678106914658356,0.09705671758455936
0.75,1.0,0.01327792735065536,0.004080942761052864
0.25,0.75,0.7695954099625593,0.6184784899807754
0.0,0.75,0.228453708458491,0.14955427206788818
1.0,0.0,0.0001000659222170075,4.890344186536666e-05
0.5,0.0,0.011209671264628351,0.004592885826037452
0.25,1.0,0.5565883979556501,0.39027851958023363
0.25,0.25,9.766267493294123e-05,5.8442194935448555e-05
0.25,0.5,0.08446975313412208,0.061242212805599605
0.0,1.0,0.16574821543730345,0.11502518146204599
0.25,0.0,0.4212351363890269,0.2914478539372013
0.5,0.25,0.006441908965273857,0.003881386138156584
0.75,0.75,0.10890817659379781,0.06615585607177477
0.5,0.5,0.06561861119168966,0.03965792344740848
1.0,0.25,0.004250363476086649,0.0024208835925867422
0.75,0.5,0.0034853722681649213,0.0019354788730354677
0.5,1.0,0.006253644045469353,0.0025340392353080388
0.75,0.25,0.10829792500981217,0.06466150410865523
0.25,0.75,0.4084998877525291,0.19207004714765263
0.5,0.0,0.22509416163098717,0.1431409146768261
0.0,0.75,0.7295992620726865,0.5853626403072661
0.25,1.0,0.009828239637228231,0.00640245221897473
0.75,0.0,0.00028243052169518723,0.0002470370773410835
1.0,0.0,2.2471906670595843e-05,1.1536352945595851e-05
0.25,0.25,0.06974057094179875,0.04391774580388208
0.25,0.5,0.9345761201515026,0.7610064261220062
0.5,0.75,0.14828060185317615,0.057623159637839816
0.0,1.0,0.5492535241330798,0.3781711785357311
0.25,0.0,0.0027403736120534816,0.0016818563302861689
0.5,0.25,0.27262284690656524,0.1621533067325034
0.75,1.0,0.00010738750583949574,7.930546773882163e-05
0.5,0.5,0.03465198826464366,0.010385263643761578
0.75,0.75,0.021075432689102502,0.01166645734630678
0.75,0.5,0.04453630540386455,0.017482311609819945
1.0,0.25,0.0024745841637612287,0.0012410232117762154
0.5,0.0,0.007596896877507087,0.004500818382261018
0.25,0.75,0.4853290385238881,0.3451840328261515
0.25,1.0,0.46663105010802064,0.27207515260313064
0.5,1.0,0.04836804314217935,0.025679996036597652
0.0,0.75,0.29955040935259714,0.1930991627250126
0.25,0.25,0.016125862744210684,0.009291657642532258
0.25,0.5,0.21115757010584524,0.10192503533928177
1.0,0.0,0.026642573464179087,0.013563829446446407
0.0,1.0,0.4794767436525216,0.2654740621918523
0.25,0.0,0.49192474698963384,0.36211294811066086
0.5,0.25,0.1218368548259745,0.09520679466083393
0.75,0.0,0.2920352942163027,0.15967664832009243
0.5,0.5,0.19809970120214482,0.147800227950873
0.75,0.25,0.49646432124066275,0.2938357506129612
0.5,0.75,0.14861492017150923,0.07513848610078422
0.75,1.0,0.007968912332575684,0.005246478748302419
0.75,0.75,0.005627094868054017,0.003324730625772432
0.5,0.0,0.2638002209629706,0.1773186961913804
0.25,1.0,0.4403212856589449,0.31479106725106765
0.75,0.5,0.058361912365163526,0.033144554939835924
0.25,0.5,0.35499465634860106,0.27118472626301604
0.25,0.25,0.03749521655050947,0.023112888931191233
0.25,0.75,0.15084241927067188,0.08877499959406343
0.5,0.25,0.14664708752979805,0.10678987497272452
1.0,0.25,0.00809668352056847,0.006861007440765787
0.0,1.0,0.43980023589339634,0.2631021735598842
0.25,0.0,0.17756961991245546,0.15180663750172807
0.5,1.0,0.17735703042861983,0.10216383495185388
0.0,0.75,0.15350398760020323,0.0919139346219009
0.5,0.5,0.26390038911972935,0.25683683991837003
1.0,0.0,0.005588862364891312,0.0034150781774366923
0.75,0.0,0.4305246297048402,0.2949078454557069
0.75,0.25,0.15757486685430955,0.10157588559144837
0.5,0.0,0.03882951522780964,0.025885618574237212
0.25,1.0,0.07383491821662058,0.03323254353390692
0.5,0.25,0.11137087331762341,0.10224403738900878
0.25,0.5,0.554482969858438,0.2942890238367355
0.25,0.25,0.6569059289464547,0.4732918968952098
0.25,0.0,0.3888117114714661,0.23918222422477542
0.0,1.0,0.7802643657705026,0.5392157526019259
0.5,0.5,0.0804337101947864,0.04072101061539268
0.75,0.75,0.006855007713720718,0.0037128346074510876
0.75,0.5,0.0004084531800707669,0.0002476404648074082
0.25,0.75,0.26386562380006473,0.164105672488145
0.0,0.75,0.48381648091426954,0.3063348428797954
0.75,1.0,0.0004139312273927498,0.0003016279629487473
0.5,1.0,0.6825055302749333,0.6051350914766548
1.0,0.25,0.016437756416053273,0.005084838787436707
0.5,0.75,0.7312111276579094,0.5146478773906057
1.0,0.0,0.44581514245544995,0.3913638230843901
0.75,0.0,0.09951411563523949,0.05902115586688672
0.5,0.25,0.017923057560608857,0.010353903345194926
0.25,1.0,0.07004608870672424,0.04785159826155294
0.5,0.0,0.009071900616559159,0.006896632964423111
0.5,0.5,0.17289051033681924,0.08747023004332599
0.25,0.0,0.0024834509541125094,0.0011458163940041288
0.0,1.0,0.26191144682324585,0.14940526121408237
0.25,0.5,0.5954665907459601,0.3532562243805226
0.25,0.25,0.4559545226576962,0.25139940620594303
0.25,0.75,0.8997223623730508,0.7301507430716243
0.75,0.25,0.01999703148046561,0.007889818723891162
0.0,0.75,0.5707205669056362,0.35884537004902806
0.75,0.75,0.007624512273593398,0.00587340303931938
0.75,0.5,0.01265265044775199,0.004910147859932046
0.5,1.0,0.0048927566770563535,0.0032946007815648493
1.0,0.25,0.18107363799644505,0.09589454998104563
1.0,0.0,0.0010432823937976954,0.00040210556629916017
0.5,0.25,0.317911156649728,0.13624685423453897
0.5,0.75,0.011147426765999446,0.003514779380395461
0.75,1.0,0.004114910593825516,0.001498367329426542
0.5,0.5,0.4657446206155521,0.33059356702071885
0.25,1.0,0.3969009646415226,0.27530786431307896
0.5,0.0,0.02715619575756656,0.013811441965759785
0.25,0.0,0.06897830174527586,0.054230751835875
0.0,1.0,0.9207730477107254,0.6818150632523606
0.25,0.25,0.2434507063537824,0.12987816535734698
0.25,0.5,0.3952317291597529,0.2886590291290556
0.75,0.0,0.01948459001285152,0.012411660060190677
0.0,0.75,0.7249293661087135,0.5262994035844155
0.25,0.75,0.044226227692580444,0.026061390257878903
0.75,0.5,0.16275934639569922,0.08510262953080383
0.75,0.75,4.279892157232901e-06,3.804424492881431e-06
0.75,0.25,0.2251069974291926,0.14459366596531886
0.5,1.0,0.0038098219371992537,0.0014969291779742822
0.5,0.25,0.036317869206221376,0.011980625273753542
0.5,0.5,0.0027412184177814103,0.0012985617487071277
1.0,0.25,0.024766486161681422,0.011168513645043121
0.0,1.0,0.1923204417822817,0.09615575473926141
0.25,0.0,0.5699763266840661,0.27751304470765836
0.5,0.0,0.01946765432810782,0.013108322455488541
0.25,1.0,0.02445205700459052,0.020597309808976116
1.0,0.0,0.05455668356359167,0.024784489779393293
0.25,0.5,0.13859381096789636,0.06733820562703652
0.25,0.25,0.1501346296294097,0.10327172633620108
0.75,1.0,0.001435051697366574,0.0011188760576148482
0.75,0.0,0.037265423022847854,0.026826711188501995
0.5,0.75,0.02217144236113766,0.008418181370664524
0.25,0.75,0.34173976036276354,0.14963209852308013
0.0,0.75,0.05277452264720983,0.0224924086149898
0.5,0.25,0.01078160825484309,0.006491806599540739
0.5,0.5,0.09090786646111637,0.034564142343858184
0.75,0.5,0.000854115640659181,0.00038109540965780564
0.0,1.0,0.04963439295457461,0.020376653311396264
0.25,0.0,0.11764085561650084,0.04798566750751021
0.75,0.75,0.002600301679548167,0.002820863584618194
0.25,1.0,0.6963045472791636,0.4403531509787203
0.5,0.0,0.14860963688137407,0.09024608571587611
0.5,1.0,0.43957124192713404,0.23694351299804228
0.25,0.25,0.2748675737596573,0.16185587624663178
0.25,0.5,0.24572369197827193,0.12432644408209059
0.75,0.25,0.003538768696581873,0.0022510076802859658
1.0,0.0,0.005742766336866989,0.0038500779522011586
1.0,0.25,2.8776311000511257e-05,1.6968586990739887e-05
0.5,0.25,0.15716390607245934,0.09407472271137296
0.5,0.5,0.004222627944416413,0.001961336613106157
0.25,0.75,0.0009446098283139026,0.0007064443007235299
0.0,0.75,0.27635424378078277,0.19207805759595575
0.75,0.0,0.02221351508141034,0.0094632684800382
0.0,1.0,0.13412729162509396,0.0764602578284892
0.25,0.0,0.13408373796173323,0.06503338463158281
0.5,0.75,0.002833512480210243,0.002385601891856215
0.75,1.0,0.0024758745375371705,0.0017307307738978484
0.25,1.0,0.6935143520348733,0.41861950075158494
0.5,0.0,0.07881851147851116,0.04382808505996649
0.75,0.5,0.000500516441265697,0.0001608465020159766
0.25,0.5,0.24719802184253736,0.14230153492332598
0.25,0.25,0.0034190445681874237,0.0012593498841610984
0.75,0.75,0.05580799914872947,0.03149420992421126
0.5,1.0,0.024188499879502334,0.011950026768197564
1.0,0.0,0.01886149909837742,0.013097016011824003
1.0,0.25,0.0037897723450455167,0.0018476629297289326
0.5,0.25,0.059086386198410557,0.040608371192619175
0.75,0.25,0.010006848703845939,0.006139800168101228
0.5,0.5,0.08622707919980566,0.04471905479591487
0.0,1.0,0.9809538814723299,0.9201291550740438
0.25,0.0,0.014228153250790743,0.005760265761141858
0.25,0.75,0.0021244804769309233,0.001129118185157707
0.0,0.75,0.8894320240691952,0.6047663621059739
0.25,1.0,0.25240573846165737,0.14124248991086774
0.5,0.0,0.023938249124956013,0.010713786495519795
0.25,0.25,0.26353415512781697,0.13885474731557546
0.25,0.5,0.3308276361694109,0.2163515945368648
0.75,0.0,4.7531313568827116e-05,3.353206586453883e-05
0.75,0.5,0.631714762189328,0.49854117311025636
0.75,0.75,0.009283770010706682,0.005302107060633943
0.75,1.0,3.6360575430216535e-05,3.977244908615063e-05
0.5,1.0,0.09244885574069761,0.03519761641039765
1.0,0.0,6.895201385703764e-05,3.2007057308769404e-05
0.5,0.75,0.13624104250422286,0.04938691723688693
0.0,1.0,0.2609771024633274,0.15067751215239045
0.25,0.0,0.6906174608709211,0.4923039511614584
1.0,0.25,0.014238211359741682,0.006630696940701508
0.25,0.75,0.022881144230175288,0.015219769600081756
0.25,1.0,0.009614950265503741,0.005510320546942893
0.5,0.0,0.45103955853793787,0.28390854678369526
0.25,0.5,0.20289935527634495,0.10289228121726168
0.0,0.75,0.520532063300407,0.3136749538598066
0.25,0.25,0.14260040807484065,0.06458793490771175
0.75,0.25,7.963304895497458e-07,6.223478332678667e-07
0.75,0.0,0.12646635246539328,0.09305516023876614
0.75,0.5,0.026981635411647442,0.011740325337112889
0.25,0.0,0.1455453149672884,0.08401187206728478
0.0,1.0,0.47759477341999734,0.21898106491309077
0.75,0.75,0.0875826173029215,0.06056118218323214
0.5,1.0,9.289980715809776e-06,9.299591873013213e-06
1.0,0.0,0.011743172515779055,0.009261732216298668
0.25,0.75,0.04077851916746922,0.018473406756660538
0.5,0.0,0.01218224981812599,0.008495757693431027
0.25,1.0,0.14155330032114588,0.053873142315890354
0.25,0.5,0.09650404431031245,0.06332545027385206
0.25,0.25,0.3281280436064973,0.20487521321184154
1.0,0.25,0.0026374815986865974,0.0007470807350735686
0.75,1.0,0.0010537919379136618,0.0008282498492402368
0.0,0.75,0.6238088547133326,0.34526175216279276
6906
0.75,0.5,9.032392726748828e-05,2.8148997645582874e-05
0.0,1.0,0.38076392722378627,0.1892761255771389
0.25,0.0,0.16176159461061823,0.10172785768319736
0.75,0.25,0.046722214664288386,0.022210625265257966
0.75,0.0,0.09380843615491352,0.05086574994546689
0.25,0.75,0.07198681293836207,0.03714923502806
0.25,1.0,0.036405795079969994,0.03912707793882397
0.5,0.0,0.004175513845511292,0.003035656898674244
0.5,1.0,0.032234819132777814,0.015936596885829935
0.75,0.75,0.048555585940949886,0.04169122312422213
1.0,0.0,0.006726550456127023,0.003559321699721507
0.25,0.5,0.44015300313012995,0.2097214945708984
0.25,0.25,0.04616679189403594,0.027450450796741688
1.0,0.25,0.0019396349224316545,0.001430867596214469
0.0,0.75,0.6772845048760727,0.4535504063511886
0.0,1.0,0.27396071312614667,0.138640299237357
0.25,0.0,0.3557665822553163,0.24795426535770848
0.75,1.0,0.0036910549414319593,0.0019446082536471732
0.25,0.75,0.07053140387078438,0.06025206955107032
0.75,0.5,0.09388434874060092,0.06055773210533977
0.5,0.75,0.0323636558672602,0.012875989890696382
0.25,1.0,0.34884925977935044,0.23953000013171177
0.5,0.0,0.09577566604093057,0.047491083998175476
0.75,0.0,0.13984987081327005,0.0766522530275725
0.25,0.5,0.6092389151980122,0.3725247941938111
0.25,0.25,0.48114859250105446,0.38303976310057053
0.5,1.0,0.01359159109860153,0.005228881348225745
1.0,0.0,0.03339640072430594,0.02939791495605959
0.75,0.75,0.03485607408522229,0.015932745260487935
0.75,0.25,0.0194387791376055,0.013467795555209161
0.0,0.75,0.06003872862458404,0.04160599792755282
0.0,1.0,0.2865741809092306,0.14524411041120278
0.25,0.0,4.03086325376778e-05,1.4925060252357625e-05
1.0,0.25,0.0007250605642509234,0.0005606764754136906
0.25,0.75,0.8586784197035731,0.49034798693869563
0.25,1.0,0.033357333761117824,0.006722944033550005
0.5,0.0,0.007128172363587648,0.005377219310619963
0.75,0.5,0.0003534422350610633,0.0002139628307091801
0.25,0.25,0.00823730679164314,0.008304557615038899
0.25,0.5,0.6958792959030087,0.5166626691360232
0.75,1.0,0.00025427259153532056,0.00023763330376813663
0.75,0.0,0.6659676097669025,0.46980647274798704
0.5,1.0,0.05813746752403981,0.03369205468713965
1.0,0.0,0.0036819990491525623,0.0022957454393128796
0.5,0.75,0.0003034985318972616,0.00014366681451849495
0.75,0.75,0.007213713758262408,0.0061246720274878985
0.0,0.75,0.5624205117784222,0.39342362680665355
0.25,0.75,0.24734982563184438,0.17185114114261635
0.25,1.0,0.1376447233482141,0.047541564173716244
0.5,0.0,0.07309994719457302,0.02215733920858054
0.75,0.25,0.00039829230782029157,0.00018830419004189913
1.0,0.25,0.003075688001259902,0.0014080525079417372
0.25,0.5,0.5409950425183623,0.3784799827213715
0.25,0.25,0.3076411816345799,0.16868854584874615
0.75,0.5,0.03354794134455685,0.026272150949014916
0.25,0.75,0.7032955224463002,0.5179974664218259
1.0,0.0,0.0005479201468256978,0.0003363343405649033
0.0,0.75,0.6081459566410337,0.4107049610089172
0.5,1.0,0.0249097955556824,0.011677469028769982
0.75,0.0,0.9607635569815878,0.8277094090207381
0.75,1.0,0.0018827576778879251,0.0009714487578875719
0.75,0.75,0.013469227045532661,0.009800359699754346
0.5,0.0,0.001902769887592859,0.0014020330433208716
0.25,1.0,0.23216518107791528,0.1330029694583823
0.5,0.75,0.1250471914026109,0.06489645791721255
0.25,0.5,0.0930813681242526,0.056214617207821616
0.25,0.25,0.03410410121263363,0.018258926922919638
1.0,0.25,0.11923891892368643,0.09354910512284564
0.25,0.75,0.26956327854507633,0.1912923120848009
0.75,0.5,0.49485137831484893,0.3463462918946556
0.75,0.25,0.22262127106115448,0.13459590225506768
0.0,0.75,0.7160841386499135,0.49057429887817405
0.25,1.0,0.04692543138887084,0.028333655674741887
0.5,0.0,0.017409653545117587,0.007115543112121037
1.0,0.0,0.0174035863366383,0.006208960079936321
0.5,1.0,0.010067446497600718,0.00677259564431032
0.75,0.0,0.0073679328794260535,0.005531071406576271
0.75,0.75,0.006452427052727749,0.002947494578284804
0.75,1.0,0.07706176110887986,0.042265296380355366
0.0,0.75,0.6557424486087783,0.45473319760038144
0.25,0.75,0.7635704645776951,0.5162807815346405
0.5,0.75,0.1867775708534798,0.140287108669086
0.75,0.5,0.07898827523902652,0.04971801670794451
1.0,0.25,4.330772353233758e-05,3.9155865968143466e-05
0.25,1.0,0.3594506279587665,0.20637450521526435
0.5,0.0,0.20047437924849665,0.1055065021957774
0.0,0.75,0.013788325116632638,0.007370958837658814
1.0,0.0,0.004481612247154487,0.002429829658093352
0.75,0.25,0.14214724120589328,0.12090351382021458
0.5,1.0,0.4798905045692069,0.294715504169914
0.75,0.0,0.19985350437436977,0.17078832313243641
0.25,0.75,0.05211467734430131,0.023916951556608668
0.75,0.75,0.09098841884035358,0.04328043644207935
0.0,0.75,0.17608709501864395,0.12154598986963205
0.5,0.0,0.013296538063261254,0.006159243042843654
0.25,1.0,0.05981298332160856,0.04454684864858083
0.75,1.0,0.5966051949435482,0.45227312238083794
0.75,0.5,0.003496050632946446,0.0033251535740623783
1.0,0.25,0.13490646138226814,0.08273120347117047
0.5,0.75,0.01813440520862608,0.015648169230975784
1.0,0.0,0.0025871699143650284,0.0018888790652615839
0.25,0.75,0.012937551372610545,0.005340527554074992
0.5,1.0,0.0003320168420393177,0.0001980382710055073
0.0,0.75,0.7369306340358885,0.4726420233789531
0.75,0.0,0.03991647758441752,0.01771700647556862
0.75,0.75,0.09096664232928264,0.05169274325190676
0.25,1.0,0.16398909685421703,0.07800255392548539
0.5,0.0,0.14133011230209513,0.08118607010529588
0.75,0.25,0.11427082411884482,0.08688072086123833
0.75,0.5,2.4370697452424928e-05,2.2958815771634278e-05
0.25,0.75,0.10408847620416006,0.037809487888796456
0.0,0.75,0.5857649263195653,0.4479935456833751
1.0,0.25,0.09254537419259701,0.05248642979516771
0.75,1.0,0.04787069888215778,0.027727231709861466
1.0,0.0,3.0478726284144386e-05,3.3259083821679525e-05
0.5,1.0,0.44947639951556295,0.31944065367187857
0.5,0.75,0.010717730003310777,0.010199861083915684
0.25,0.75,0.043777206732987684,0.03061441236950091
0.75,0.0,0.02046578051703929,0.01186111959566405
0.0,0.75,0.7232542386295573,0.6368351898536713
0.75,0.75,0.047433166455902454,0.011313019927112533
0.75,0.5,0.1269973209722408,0.08386653040351066
0.75,0.25,0.0556436864536618,0.030013226965211803
1.0,0.25,0.0010329168167425573,0.0007544554373575263
0.25,0.75,0.3370903418507325,0.19929979037178036
0.0,0.75,0.3707550172524381,0.2082033775202583
1.0,0.0,0.057807722152265706,0.03733886598088132
0.5,1.0,0.01243057054517449,0.007128569018426845
0.75,1.0,0.5301473581713676,0.25352205893654567
0.75,0.75,0.009614189553075025,0.004948604573355442
0.75,0.0,0.02930005706610872,0.021928977375940795
0.5,0.75,0.007971151441960367,0.005227969223197904
0.25,0.75,0.08425296632636314,0.03589245539720998
0.75,0.5,0.0002961517379291845,0.00019830017750022133
0.0,0.75,0.9545702457129932,0.8395698304033605
1.0,0.25,0.00041119360842734043,0.0002579626728523854
1.0,0.0,0.07129439825777206,0.05755684695374741
0.5,1.0,0.00018155339808889615,0.00014238915419451104
0.75,0.25,0.03899387566989987,0.020691427942585605
0.0,0.75,0.46055866154455016,0.3159942566163012
0.25,0.75,0.07738213804663907,0.051877930007157014
0.75,1.0,0.01424957862198406,0.006279447101310676
0.75,0.75,0.00373479513138697,0.0013899629315025086
0.75,0.0,0.012756864084634945,0.009403106533446115
0.75,0.5,0.005742826294665493,0.002687363713188562
0.0,0.75,0.2748836732923027,0.17924261168028077
0.5,0.75,0.07344412479898854,0.03270604077047912
0.25,0.75,0.6688438505810768,0.33366827022642775
1.0,0.25,0.00031337957258248395,0.00020138825000559635
1.0,0.0,0.023201348982141656,0.014708007948205593
0.5,1.0,0.09998400750416192,0.06893723433402787
0.75,0.25,0.2797975152330492,0.16506771671467224
0.0,0.75,0.8020712799434824,0.581147565077834
0.25,0.75,0.00045394989692382204,0.00036723794005200094
0.75,0.75,0.03846873082737734,0.016475326521701805
0.75,0.0,0.008734538139176795,0.00460291148541625
0.75,0.5,0.007112064062575474,0.0036456524726097284
0.75,1.0,0.0335427295963886,0.019821784300163348
1.0,0.25,1.5785390013456357e-05,3.650718593650737e-06
1.0,0.0,0.0002536864876347966,9.327221233490501e-05
0.0,0.75,0.42671171889706805,0.25898494523944204
0.25,0.75,0.009274755134977664,0.00537843992339937
0.5,1.0,0.02587935552709897,0.014304737509676757
0.5,0.75,0.11483194240705463,0.08602657188926699
0.75,0.5,0.00027764876570457453,0.00022225000609610301
0.75,0.75,0.02851865645291174,0.017052710172402286
0.0,0.75,0.6011975155485692,0.4077180146716356
0.25,0.75,0.362992627932779,0.23685906255429434
0.75,0.0,0.07320629850026028,0.048981545030219564
0.75,0.25,0.09321977428352324,0.037225522308056314
1.0,0.25,0.022966920824197157,0.012095797723483015
1.0,0.0,0.013430513740170458,0.005237075028421856
0.75,1.0,0.00010773919499229567,7.318515200172016e-05
0.5,1.0,0.0053190937767945146,0.002233492175164331
0.0,0.75,0.3562213615480434,0.22646101375870198
0.25,0.75,0.016337595324115495,0.007459786682981306
0.5,0.75,0.06494150963282463,0.046522733548070905
0.75,0.5,0.0010321507159883891,0.0005046072079306629
0.75,0.75,0.0009953714149186776,0.0005991555246032121
0.75,0.0,9.96202472245411e-05,7.5465675683839e-05
0.0,0.75,0.05967473023187242,0.03492222723530691
0.25,0.75,0.08763121760809289,0.04382331210813817
1.0,0.25,0.00016868863539731827,6.599579736032979e-05
1.0,0.0,0.007653697062052878,0.0036850871649876105
0.75,0.25,1.3699387926058293e-05,1.0548796425147167e-05
0.5,1.0,0.000311445079159256,0.0002210775526605424
0.75,1.0,0.016023318762634964,0.008285743751165975
0.0,0.75,0.1643626687225781,0.0997410384625037
0.25,0.75,0.1716929209640362,0.11427963640968763
0.75,0.5,5.194795188345758e-06,2.6303257560922333e-06
0.5,0.75,9.273076230886801e-06,5.310296743443743e-06
0.75,0.75,0.1667252669627156,0.10068254397467458
0.75,0.0,0.14993847777798908,0.07171233801486077
1.0,0.0,1.149833569225045e-05,6.749016012497222e-06
1.0,0.25,0.1426332152754688,0.06821593483346
0.0,0.75,0.3673082518494757,0.12185992916625099
0.25,0.75,0.0987342850984011,0.03771367787839264
0.5,1.0,0.21256183733152412,0.15295801015775945
0.75,0.25,0.0008477443310448418,0.0005410443095401618
0.75,1.0,0.02325463554845153,0.017244768628592033
0.75,0.5,0.00019123588851055473,0.00016985711492667477
0.0,0.75,0.3508316572647291,0.2579715919708725
0.25,0.75,0.11461331959868681,0.04613330240891178
0.75,0.75,0.00040921693855122676,8.898062964757258e-05
0.75,0.0,0.0017136583922724435,0.0011829253609968449
0.5,0.75,0.15349693790035746,0.10605955852845594
1.0,0.0,0.007924658495735759,0.005037114133973897
1.0,0.25,0.013231074908246043,0.00725930669090058
0.5,1.0,0.001983925446311985,0.0017581640454065184
0.0,0.75,0.30473953354838534,0.18341297991050576
0.25,0.75,0.3352508243902108,0.22299846845390536
0.75,0.5,0.0736939162792869,0.04121982553147907
0.75,0.25,0.0008424809301519343,0.0007115485307523928
0.75,0.75,0.035046823144862516,0.01915340160617296
0.75,1.0,1.5611755660782656e-05,1.2573052905251458e-05
0.0,0.75,0.7321949148702382,0.5901538615949086
0.25,0.75,0.14157005195769434,0.10067821124041054
1.0,0.0,0.0027688614307117554,0.0013754587660779194
0.75,0.0,0.01139701680470595,0.010039052002629889
1.0,0.25,0.014251198646589969,0.00918521345578216
0.5,1.0,0.0991062869903897,0.05475480709098346
0.5,0.75,0.05193082073958366,0.024910623199015047
0.0,0.75,0.559942933163911,0.35986312258786357
0.75,0.5,0.04243419473212118,0.017069781119636973
0.25,0.75,0.3680513495876345,0.22813281773775163
0.75,0.75,0.0005135605394842591,0.0001241516640617668
1.0,0.0,0.006000514827722125,0.0028267951822367188
0.75,0.25,0.0002391035691819976,0.00021427169121301937
0.0,0.75,0.6316233718852988,0.49383628112312505
0.75,0.0,1.1644630735219152e-06,8.240370590328894e-07
1.0,0.25,0.0012019448342718286,0.0007534807973161861
0.75,1.0,0.09297975832914984,0.06505411575159314
0.5,1.0,0.024445779786946398,0.012821993255315522
0.25,0.75,0.5964450826742499,0.3719250360362003
0.75,0.5,0.0023639266551021,0.0014521107894472918
0.5,0.75,0.011717219451611305,0.005852116464983181
0.0,0.75,0.36654183212561475,0.23148646529664096
0.25,0.75,0.19365115352888373,0.12636806291635627
0.75,0.75,0.09263541420411359,0.06396547629837113
1.0,0.0,0.0001176681935661783,9.463905421569496e-05
0.75,0.0,0.06481226183028055,0.05035694563240933
0.5,1.0,0.025307734664981152,0.019710894355299935
1.0,0.25,0.008495323972576907,0.005820030099235374
0.75,0.25,0.048966307875433435,0.031710769421131824
0.0,0.75,0.869313130219771,0.6176326874031361
0.25,0.75,0.04809102598973736,0.035934505565867636
0.75,0.5,3.840125704956954e-05,1.9338421301973163e-05
0.75,1.0,0.00165872963694913,0.0015974658506522355
0.5,0.75,0.2203491382559718,0.0900371277501576
0.0,0.75,0.262778698942276,0.18387067592667217
0.75,0.75,0.0008341966716065574,0.0008498043797287025
1.0,0.0,5.485903783797319e-05,3.420341201065824e-05
0.25,0.75,0.01894543159207962,0.007515390769061048
0.5,1.0,0.2177034488652545,0.08855042884156039
1.0,0.25,0.02694773068017231,0.01671494737232948
0.75,0.0,0.001193419160990028,0.0007300104240067773
0.0,0.75,0.3437382099526318,0.21710404988654364
0.75,0.5,0.0031770637196363305,0.001038547849852689
0.75,0.25,0.00532058335708796,0.0027936912460750918
0.25,0.75,0.0053532752517402304,0.00545835131354766
0.75,1.0,0.01867661157095246,0.013987541735324571
1.0,0.0,0.04297770904778875,0.02308565149337194
0.75,0.75,0.054464323128470826,0.03959785360415313
0.5,0.75,0.33755841002539155,0.1257624893607987
0.0,0.75,0.3555929256915914,0.27594627787188397
0.5,1.0,0.0004789609214209678,0.00039076717500707847
1.0,0.25,0.00898907311238406,0.004651818286713683
0.25,0.75,0.8345157169441968,0.5472848007617008
0.75,0.0,0.048828900261293384,0.030011173375736666
0.75,0.5,0.0033267445823081943,0.0022961693183630727
0.75,0.25,0.0016698365390008796,0.0007832526441016174
0.25,0.75,0.09547699591514669,0.05833788829585318
0.75,0.75,0.13249633994699517,0.06093468805227875
1.0,0.0,0.0015352614979801116,0.0008523408593228421
0.75,1.0,0.042298343612232725,0.02090470373530884
0.5,1.0,0.002853175567110955,0.0005055241140409228
1.0,0.25,0.004087097318431709,0.003543667946214857
0.5,0.75,0.0012416682406717339,0.0011685526242510846
0.75,0.0,0.14556207117187825,0.07172144514084366
0.75,0.5,0.21072663043945172,0.11806545142145186
0.75,0.75,0.16514425883463968,0.0828917736151461
0.75,0.25,0.0041895988090012715,0.0018994224987797237
1.0,0.0,0.01013645809952024,0.006375701037682147
0.5,1.0,0.14569717805163174,0.08834338190632995
1.0,0.25,0.0002482632547599062,0.00013598909828682615
0.75,0.5,0.00794338778787318,0.0045119644575657425
0.75,1.0,0.009604721414509632,0.00560909796082254
0.75,0.0,0.007418965919397613,0.005236336083765503
0.5,0.75,0.05218123881031056,0.022221547017923338
1.0,0.0,0.10928274614853184,0.08067833946567671
0.75,0.75,0.08928038081524581,0.0585975140984778
0.5,1.0,0.004531599484954074,0.0032175423123617097
1.0,0.25,0.0001313429473908112,2.5982176840133597e-05
0.75,0.25,0.00594019849944738,0.005475236849975529
0.75,0.5,0.11531291204597727,0.07398762974315043
0.75,0.0,0.3703114785394396,0.27611771835564447
0.75,1.0,0.04404655743039865,0.030113555640552958
0.5,0.75,0.0209211476750899,0.015630554444449052
0.75,0.75,0.034321588374738976,0.015090498874760327
1.0,0.0,0.00017785761608357653,0.00011376557636721962
0.5,1.0,0.11250253349040851,0.0481699382631845
1.0,0.25,2.725338010045597e-05,2.0792228536903323e-05
0.75,0.5,0.00014284190449642686,7.004818649258837e-05
0.75,0.0,0.01225452958012263,0.007280907673518411
0.75,0.25,0.004115005459630394,0.0022299856386207573
0.75,1.0,0.04353144319956492,0.02776784320309389
1.0,0.0,1.3516979031624743e-06,1.1041744093498451e-06
0.5,1.0,0.10257507737882077,0.04694879530758622
0.75,0.75,0.0019734885473239316,0.0009602518430554818
1.0,0.25,0.0005723342866790215,0.0002937419751762871
0.5,0.75,0.002681183796788611,0.0022513467344926763
0.75,0.5,0.26590244115504813,0.13408421322355768
0.75,0.0,0.008403252874312428,0.0047051038788300525
0.75,0.25,0.08025233965824552,0.0466484236976723
0.5,1.0,0.26114732615912883,0.15383784943598644
1.0,0.25,0.00012559186828198232,7.548705808990697e-05
0.75,0.75,0.3540084421390758,0.26558376458109234
1.0,0.0,0.09505421308794704,0.06611608606746289
0.75,1.0,0.03263992239536506,0.015141860482231873
0.75,0.5,0.0062436163955201796,0.0021291741767154315
0.5,0.75,0.003438583398411854,0.0018934973806095101
0.75,0.0,0.0031109813060061775,0.001787476933357679
0.5,1.0,0.18504402102962703,0.14532057139568066
1.0,0.25,7.304173823108329e-05,5.574638924410458e-05
0.75,0.75,0.13142059121271177,0.05468686989397775
1.0,0.0,0.009161546454738878,0.0039697418906186055
0.75,0.25,0.1507475447681541,0.10533705571744223
0.75,0.5,6.792750388551205e-05,4.820545337580473e-05
0.75,1.0,0.01365015753366261,0.005050786851950262
0.5,0.75,0.0019477169587733822,0.0006896659897541735
0.75,0.0,0.004583982535717457,0.0025480681382572534
1.0,0.25,0.1080631745558791,0.07128909331293987
0.5,1.0,0.7866994373168235,0.7250889427483576
0.75,0.75,3.660450692533068e-05,2.805160531726969e-05
1.0,0.0,0.09806598933386335,0.05290263326186262
0.75,0.5,0.029958018160027744,0.02554805204327859
0.75,0.25,0.047711518957473054,0.02244361910575765
0.75,1.0,0.005285009034149857,0.002563200916905206
0.75,0.0,3.2052740359000964e-05,1.8242516576227885e-05
0.5,0.75,1.1006026189530616e-05,1.7598306250365958e-05
1.0,0.25,0.060928261572095854,0.023814368114182694
0.5,1.0,0.46166634179963484,0.26337403632517176
0.75,0.75,0.1710679129018069,0.09457650105688031
0.75,0.5,0.03280479054946983,0.02250122876672145
1.0,0.0,0.0023893763578900495,0.0017411351526668284
0.75,0.25,0.07082241831113989,0.04560219064754989
0.75,0.0,0.0009467013955626324,0.0007223490112685527
1.0,0.25,0.014936263832429186,0.0074543715380965825
0.5,1.0,0.20895065025820236,0.10880811377282873
0.75,1.0,0.00013174692346229477,0.00012490544670906711
0.75,0.75,0.023057559154647134,0.01100919369137121
0.5,0.75,0.0008316395058793891,0.00037532455457811587
1.0,0.0,0.24190195383653468,0.17505862509254133
0.75,0.5,0.0038484585416755923,0.0020560285073680795
0.75,0.0,0.003971544700534624,0.0029282982102020183
0.75,0.25,0.00024968160391136696,0.00015835945162234744
0.5,1.0,0.009727778549585175,0.002050785782958142
1.0,0.25,0.0033963296193996184,0.0011556515203080542
0.75,0.75,0.003411209733875209,0.002009470854305695
1.0,0.0,0.031787221761843676,0.023566239799573174
0.75,0.5,0.27242463913352144,0.1446224884607109
0.75,1.0,0.007805679749241734,0.0038036925521824916
0.5,0.75,0.06207854576013938,0.027773435151987935
0.75,0.0,0.05227893857555932,0.025932773532659992
0.75,0.75,0.00010317933176418048,4.665896367839206e-05
0.5,1.0,0.04520883594711045,0.028833650722176585
1.0,0.25,3.099484960844556e-05,1.8490911805946197e-05
1.0,0.0,5.203930604569251e-05,1.2973102346269805e-05
0.75,0.25,0.029481128595587935,0.018288493671105854
0.75,0.5,0.005893210252366332,0.002994845000564572
0.75,1.0,7.010644614957595e-05,3.815103882842674e-05
0.5,0.75,0.682158669327442,0.5927587271407796
0.75,0.0,0.031148268646224553,0.021171491095054784
0.75,0.75,0.07332780893211144,0.03411376415702594
0.5,1.0,0.021729500961196524,0.022683905297068874
1.0,0.25,4.582341709702398e-05,2.7915446466186822e-05
1.0,0.0,0.03144229911243013,0.014790265853205531
0.75,0.5,0.006714362689879794,0.0045858567369087
0.75,0.25,0.013979336455743008,0.011219324659297314
0.75,1.0,0.14519192492374278,0.08383668140639822
0.5,0.75,0.02128849193490412,0.012303685271726872
0.75,0.75,0.0001155758906604687,4.457837146309984e-05
0.5,1.0,0.004211674457134329,0.0028650911658852918
0.75,0.0,1.1218420675529472e-05,6.182325958281609e-06
1.0,0.25,0.0022198595831950385,0.0009349752666345523
1.0,0.0,0.0036652396039267288,0.00242528030526179
0.75,0.5,0.0007477217841558303,0.0005695940245348252
0.75,0.25,0.24170407652476866,0.1679190908580085
0.75,0.75,0.018922488760493517,0.012946631211503745
0.5,1.0,0.27030733625988623,0.12581954507820792
0.75,1.0,0.027563340072940035,0.016571091169567786
1.0,0.0,0.045292473477022144,0.02788792558014408
1.0,0.25,0.007019429610713113,0.005309680075058054
0.75,0.0,0.07279063515212192,0.03919025028734968
0.5,0.75,0.002639584738208578,0.0016156501107207344
0.75,0.5,0.16139171999177804,0.08319742469958691
0.75,0.75,0.0024043130570892135,0.0015108172012052723
0.5,1.0,0.22935761469188398,0.10963934475226012
1.0,0.0,3.443803213243335e-05,3.14046499053644e-05
0.75,0.25,0.0026183281722232943,0.0014666172484514295
1.0,0.25,0.00040656098815272657,0.00010312462864359162
0.75,0.0,1.515302533516838e-05,7.2360563567741565e-06
0.75,1.0,0.008089826036141279,0.0038969740351699755
0.75,0.5,0.00420125506044533,0.0018589141734481895
0.5,0.75,0.010042015971577722,0.0036601782381842085
0.75,0.75,0.020694362309551795,0.010134061486807844
0.5,1.0,0.23603147071513786,0.1155050361460177
1.0,0.0,0.0005151006648818068,0.00023848445926721862
1.0,0.25,0.029188253310511003,0.024164946584017022
0.75,0.0,0.0011980952478288787,0.00043796925137729037
0.75,0.5,0.013833695518931322,0.009071285317156619
0.75,0.25,0.02054200666553352,0.01639425609046352
0.75,1.0,0.564547409007867,0.292903701915171
0.5,0.75,0.17577565581381904,0.13425800576499936
0.75,0.75,0.014821920836111113,0.006281329523110557
0.5,1.0,0.04481140757003821,0.012601190137202956
1.0,0.0,0.00010711786988371053,0.000144042932641808
1.0,0.25,0.0030603958254464825,0.0009188673232214395
0.75,0.0,0.08173451384607722,0.07304194485653603
0.75,0.5,0.026083743300745477,0.0112862425932303
0.75,0.25,0.030402109827878387,0.01615082601779705
0.75,0.75,0.0003248863456926099,0.0001923837950281726
0.75,1.0,0.001046145831618217,0.0005391696606780183
0.5,1.0,0.04614224638184883,0.02210196099704065
1.0,0.0,0.0752552118800145,0.041632824912455235
0.5,0.75,0.0037192646832238108,0.002195803262783236
1.0,0.25,0.0043185658923794445,0.0028942530185055437
0.75,0.0,0.03823463112173853,0.015881078627127065
0.75,0.5,0.03219839857759377,0.019210189193961336
0.75,0.75,0.0026350834603052764,0.0012237882202086325
1.0,0.0,0.08565660533659036,0.05571013672604863
0.5,1.0,0.03816915556448408,0.022118309409177694
0.75,0.25,0.00020897407803621704,8.373548501927619e-05
0.75,1.0,6.469090834637647e-05,3.576133627447575e-05
0.5,0.75,0.3767028967826509,0.1900356774905504
1.0,0.25,0.00018842004428554215,0.00011259266324981088
0.75,0.0,0.06593190583444652,0.029217097344516718
0.75,0.5,0.0009000286501705812,0.0005971412799683495
0.75,0.75,0.04969606290761841,0.030360924939784484
1.0,0.0,0.006397663299906764,0.0043757588482170595
0.5,1.0,0.023080942477097022,0.011877877825475114
0.75,0.25,0.024223129745905903,0.01074358675800402
1.0,0.25,2.584793239723826e-05,1.4353926288235286e-05
0.75,0.0,0.00537952420837029,0.0024791041250549206
0.75,1.0,1.5234582560363918e-05,8.415438946141052e-06
0.5,0.75,0.26399643260821215,0.14717105830702404
0.75,0.5,0.01293402556448453,0.007592497567819989
0.75,0.75,0.00020573596516115789,4.2081361272261475e-05
1.0,0.0,3.064352272152959e-05,1.5986666851763864e-05
0.5,1.0,0.0005917310163530143,0.0003212455494712163
1.0,0.25,0.004872300896656245,0.0027410410157469034
0.75,0.25,0.2974656171058164,0.21278370300447014
0.75,0.0,0.025464924796546162,0.019341166044182456
0.75,1.0,0.004740678972428025,0.0009344610440947809
0.5,0.75,0.2117192624130837,0.13343346264287792
0.75,0.75,0.0028206938382956404,0.0012103413693882459
1.0,0.0,0.00033445868768988696,0.0001833984369441488
0.5,1.0,0.02775446956359462,0.018365737209207422
1.0,0.25,0.043706261270131,0.01479442066978831
0.75,0.25,0.00317192299297564,0.002359218412928299
0.75,0.0,0.0004076730538193907,0.00025106666153851265
0.75,0.75,0.14757612704085554,0.1046326772441547
0.75,1.0,0.17883910722444307,0.08674763856245182
0.5,1.0,0.012232918721680752,0.010410323355094953
0.5,0.75,0.02505895792505841,0.007040775863444981
1.0,0.25,0.0034209119947867794,0.0009519404730015113
0.75,0.25,0.02512076156071197,0.017624450769432976
0.75,0.0,0.13965443411362854,0.0450382174772217
0.75,0.75,0.16648619147517163,0.08276315002263179
0.75,1.0,0.08898765897690064,0.0357173349254305
0.5,0.75,0.01640501412571227,0.013237594167076261
1.0,0.25,0.0010856626380784107,0.0004648208416158095
0.75,0.25,0.03805785703236009,0.015296893009678625
0.75,0.75,0.004540477447783964,0.0024027939323507663
0.75,0.0,0.09502827114695589,0.0609139260830418
0.75,1.0,0.0324334879462449,0.01261230816884873
0.5,0.75,0.029233575091134112,0.011817074521142668
1.0,0.25,0.0991690992371056,0.024660340467721698
0.75,0.75,0.07332559748653733,0.030392658943715456
0.75,0.25,0.013320092102320658,0.009411492690310608
0.75,0.0,0.0011214449969429996,0.0006095814878728234
0.75,1.0,0.019132937182331222,0.010581699102311992
0.5,0.75,0.013184618158430639,0.011193012399820734
1.0,0.25,0.05262995259834424,0.037697602266277386
0.75,0.75,0.017330918586574873,0.007531581272578025
0.75,0.25,0.010321067330979261,0.007394455608185302
0.75,0.0,0.0022892980689761533,0.0012664117378999862
0.75,1.0,0.003255913096345875,0.0025880813265792835
0.5,0.75,0.07364938106317132,0.045175224228386934
1.0,0.25,0.17672490153529175,0.08758874027364638
0.75,0.75,0.011923299135719545,0.006147571280213038
0.75,0.25,0.5994209367177932,0.3743415905767362
0.75,0.0,0.4230886746549435,0.3177293063337645
0.75,1.0,0.0004751250182645217,0.0002528986210528217
0.5,0.75,0.016826225523450145,0.011756130174787716
0.75,0.25,0.008412840911040664,0.00337471779576648
0.75,0.0,0.0011684459802963065,0.0011877051761166602
0.75,1.0,0.03738244501182364,0.01992874637994968
0.75,0.25,0.06464957947597927,0.026349632012125146
0.5,0.75,0.48062087031927747,0.27678053676018777
0.75,0.0,0.038184161877623746,0.017119901404832993
0.75,1.0,0.001594017550969662,0.0009840572644534973
0.75,0.25,0.013496657310384852,0.007414801914839897
0.5,0.75,0.0045089711987342795,0.002437500750600008
0.75,1.0,0.011418172597345677,0.003942505417708242
0.75,0.0,0.017548823176171457,0.008754253078788521
0.75,0.25,0.0031066942013817656,0.0018976220058920523
0.5,0.75,0.23899726160970536,0.13909402271567295
0.75,1.0,0.0002665989799763846,0.00014936980476543127
0.75,0.0,4.227844308868356e-06,2.2158429747731745e-06
0.75,0.25,0.0002370580349084772,0.00016696304704966192
0.75,1.0,0.00043587837260494755,0.00046504151779602765
0.5,0.75,0.00813400995032365,0.0043876922152992215
0.75,0.0,0.03187421877176144,0.020993870068845566
0.75,0.25,0.009517113883860118,0.006158801303284722
0.75,1.0,0.0001360871100634098,3.399625314748356e-05
0.5,0.75,1.937811581864679e-06,1.458858612579661e-06
0.75,0.0,0.046056125732474085,0.028455366389363412
0.75,0.25,0.1517761061387768,0.07341045709172844
0.75,1.0,0.004660140086703679,0.002198397769605176
0.75,0.25,0.38567969433030647,0.2908655367113586
0.75,0.0,0.004159846334213846,0.0016257816727448526
0.5,0.75,0.08662265576491612,0.05245025465851083
0.75,1.0,0.0001093975447175044,6.594130001602583e-05
0.75,0.25,0.09688953956944157,0.07620353232728816
0.75,0.0,0.01871966947802961,0.009045078356679226
0.5,0.75,0.0030585890414926986,0.0015674735101149917
0.75,1.0,1.4134976893842577e-05,6.936319757233633e-06
0.75,0.25,0.12023903417145898,0.05638493743036899
0.5,0.75,0.15573456211592274,0.095131876688194
0.75,1.0,0.0010807836111017544,0.0003750183612408753
0.75,0.25,0.01981173700290073,0.005948054696739202
0.5,0.75,0.0010353818570620898,0.0006561408677369096
0.75,1.0,0.0006045415305350188,0.0002397508248263014
0.75,0.25,0.251783521232003,0.1598923253749983
0.5,0.75,0.029158957516143835,0.019291031114728074
0.75,1.0,0.0059734148841865675,0.004531178885045506
0.75,0.25,0.08328881333782978,0.035035603732451515
0.5,0.75,0.0015021757002258163,0.0005565585438580545
0.75,1.0,0.00015986196831263566,8.174672188554499e-05
0.75,0.25,0.03155878306039073,0.01665336007485929
0.5,0.75,0.26288305224530273,0.13137283682172385
0.75,1.0,0.0001971896048602595,0.00010154016831243062
0.75,0.25,0.11484145829094272,0.06543646721466212
0.5,0.75,0.08241679536127211,0.04724001842521974
0.75,1.0,0.00015819785822568377,9.906761039957246e-05
0.75,0.25,0.009661377906549973,0.007722453522047035
0.75,1.0,0.0003113332951358849,0.0001907767283806372
0.5,0.75,0.0005046511929702735,0.0004911758935013388
0.75,0.25,0.03030149628925516,0.016919543876699028
0.75,1.0,0.011976672454021786,0.0045966030268793645
0.5,0.75,0.5163273859930231,0.3320321015117338
0.75,0.25,0.02800427459636634,0.009500119342732427
0.5,0.75,6.540175233604728e-07,3.725718833447189e-07
0.75,1.0,0.003112411888668065,0.0010805070635273584
0.75,0.25,0.006232588810911599,0.003320231487579983
0.75,1.0,0.03773984950526654,0.017628674853313542
0.5,0.75,0.22295084654789799,0.12355641516000238
0.75,0.25,0.2379061160666931,0.1790634927548419
0.75,1.0,0.0002949079955927303,0.00019164089539325246
0.5,0.75,0.00876765540637836,0.004977265261342789
0.75,0.25,0.0010941533257250446,0.000886367943814026
0.75,1.0,0.002471584296328766,0.0014243528378654613
0.5,0.75,0.0015805121831932167,0.0009498864167232224
0.75,0.25,0.11378814028796558,0.09420483307160454
0.75,1.0,0.0916646274316355,0.05411343612420183
0.5,0.75,0.1486583310725329,0.09091734232563109
0.75,0.25,0.11275508709813786,0.05316183921244333
0.75,1.0,0.00029039081468495986,0.00019982378860861072
0.5,0.75,0.023828540266594977,0.019023160612188006
0.75,0.25,0.05601210450292782,0.03475515907239857
0.75,1.0,0.00576210650291864,0.0010240299998716118
0.5,0.75,0.002909771790808202,0.0018258563070210343
0.75,0.25,0.09050997430626384,0.0615039736715709
0.75,1.0,0.03748627854829112,0.03463454434363944
0.5,0.75,0.02579121839932863,0.018591989037754164
0.75,0.25,0.002002864564773388,0.000766639129489155
0.75,1.0,0.09259366348480524,0.040241913203777346
0.5,0.75,0.19164213769515004,0.14449875486090424
0.75,0.25,0.061076015946442075,0.03500133384188653
0.75,1.0,0.0003074278830996757,0.0002780386168024229
0.75,0.25,0.11075182163040098,0.06004738242054297
0.5,0.75,0.3031472717296968,0.13774278632564196
0.75,1.0,0.009418278711660677,0.0026933604833702107
0.75,0.25,0.006405540301798407,0.0042165664328559505
0.5,0.75,0.09932755104804336,0.023617515118920185
0.75,1.0,0.003726087542361367,0.0019695738572862442
0.75,0.25,0.008257049322193954,0.004794222057379449
0.5,0.75,0.008760153005292315,0.004099620139856763
0.75,1.0,0.03163100475346603,0.015701747412161127
0.75,0.25,0.01983036021241169,0.009663914145805919
0.5,0.75,0.015043961377120496,0.009935271483304087
0.75,1.0,0.0016847320350992234,0.0013040394206310646
0.75,0.25,0.426404234862662,0.213447777426085
0.5,0.75,0.0959352327200258,0.05014088744253864
0.75,1.0,0.0069259570036932505,0.00396020770958827
0.75,0.25,0.06272489358875499,0.030093887749593207
0.75,1.0,0.000203328820017612,9.784630211773226e-05
0.5,0.75,0.222784014415091,0.1278594998302811
0.75,0.25,2.313202044157414e-05,9.256554972303377e-06
0.75,1.0,0.08112108927425643,0.04491880024191908
0.5,0.75,0.37267492477314124,0.22756743876526941
0.75,0.25,0.04497118097156583,0.02912568038251062
0.75,1.0,0.060587523373416996,0.04825551793327254
0.5,0.75,0.061403248900577356,0.02666575190238296
0.75,0.25,0.16971080320794862,0.08722428416872663
0.75,1.0,0.094933713451682,0.044806344046407265
0.5,0.75,0.003850571262744462,0.001293266401164228
0.75,1.0,0.49686059461370025,0.3495441423013722
0.75,0.25,0.014571057230518214,0.010024744960563714
0.5,0.75,0.014495649496113039,0.006968097841754117
0.75,1.0,0.08059738343720757,0.0477302033677528
0.75,0.25,0.014996011836457601,0.0107459293972052
0.5,0.75,0.24062164921681528,0.1575043726255534
0.75,0.25,0.12535774287210066,0.05998554374185083
0.5,0.75,0.008893876038844062,0.005499886861367487
0.5,0.75,0.3057142935481719,0.17867161491422912
0.5,0.75,0.01679566396861254,0.010968396701773964
0.5,0.75,0.04168295782296638,0.019146613518695732
